chain,kind,block,ts,tx,sender,receiver,token,amount,to_chain_id,wid
arbitrum,unknown:0xbc7cd75a,479533237,1782974739000,0x8f0e3905dd1a15afec75609fd4971bdc8fc91ab377f49fdcf6bb48315600bf31,,,,,,
arbitrum,unknown:0x2f878811,479533237,1782974739000,0x8f0e3905dd1a15afec75609fd4971bdc8fc91ab377f49fdcf6bb48315600bf31,,,,,,
arbitrum,unknown:0x2f878811,479533237,1782974739000,0x8f0e3905dd1a15afec75609fd4971bdc8fc91ab377f49fdcf6bb48315600bf31,,,,,,
arbitrum,unknown:0x2f878811,479533237,1782974739000,0x8f0e3905dd1a15afec75609fd4971bdc8fc91ab377f49fdcf6bb48315600bf31,,,,,,
arbitrum,unknown:0x7d9b9b4f,479533237,1782974739000,0x8f0e3905dd1a15afec75609fd4971bdc8fc91ab377f49fdcf6bb48315600bf31,,,,,,
arbitrum,unknown:0xc7f505b2,479533237,1782974739000,0x8f0e3905dd1a15afec75609fd4971bdc8fc91ab377f49fdcf6bb48315600bf31,,,,,,
arbitrum,unknown:0x2f878811,479535246,1782975240000,0x882863c7f951352d06856b444d4b7ea376b07926fda4c0a1a702065dcd767797,,,,,,
arbitrum,unknown:0x2f878811,479535265,1782975245000,0xcf81c0b7e4901784b7c5ec929c58351ab4d2cbd147824f7ab9af5875a658b9cc,,,,,,
arbitrum,unknown:0x2f878811,479535283,1782975250000,0x370a759802d4f14490c591b18559e41f21afe54e6e349153fbd7857b7f194b6d,,,,,,
arbitrum,unknown:0xf6391f5c,479535295,1782975253000,0x55c02cffa94ca22fc6ad44eadf10aeada8ec11d46fa9d805fb8b13a4d6884a94,,,,,,
arbitrum,unknown:0xf6391f5c,479535304,1782975255000,0x3a38804628795af9d774ede5a7f797a001cc244a19f9ab14977921bf54827e32,,,,,,
arbitrum,unknown:0xf6391f5c,479535311,1782975257000,0x610dd8e564d6f93815b3c79be565ac9c5fbbae309570d2250ba8d16a532f9276,,,,,,
arbitrum,unknown:0x55f11f29,479648885,1783003613000,0x06658787f5fc80abf3b2f52bce2d6c0f11d66a69b1ef8632d52dd2aaa234fb46,,,,,,
arbitrum,unknown:0xeb896525,479648892,1783003615000,0xa9d4ea3ec8088f1adca87fdc93d470b97e3c0f7cf9ca3c0362afa33d969c7e42,,,,,,
arbitrum,unknown:0x830c37f6,479648898,1783003617000,0x3c1474540c205eb123c489243d58cfd9aa1e9eaf203fe70bcb65502e15ac04bb,,,,,,
arbitrum,unknown:0x830c37f6,479648898,1783003617000,0x3c1474540c205eb123c489243d58cfd9aa1e9eaf203fe70bcb65502e15ac04bb,,,,,,
arbitrum,unknown:0x830c37f6,479648898,1783003617000,0x3c1474540c205eb123c489243d58cfd9aa1e9eaf203fe70bcb65502e15ac04bb,,,,,,
arbitrum,unknown:0x6d1f7158,479648904,1783003618000,0x6eec38c96b594afab51b31d3abb78e20182cb9a0ef06f6c1e5f96753c33eb795,,,,,,
arbitrum,deposit,479659192,1783006187000,0x222a885fe76c0eb72b247cee62a6f6348bd8b813eb5034c9d3ee6dc93249feb0,0x6b898d794efaa640b8bca81214c4004340521c90,0x6b898d794efaa640b8bca81214c4004340521c90,0xfd086bc7cd5c481dcc9c85ebe478a1c0b69fcbb9,20000000,2184,
arbitrum,deposit,479808741,1783043563000,0x2968009645e6a02a4de14fe665317333d8af3a77c4cae18899091fd73f055ad5,0xc20fdd2b41313760497a21da031ee5796ffcf620,0xc20fdd2b41313760497a21da031ee5796ffcf620,0xfd086bc7cd5c481dcc9c85ebe478a1c0b69fcbb9,2000000,2184,
arbitrum,withdraw_final,479827014,1783048431000,0xa4bfb914b3104babe9cd2bdf8afc09acdc3099c60b9b198d319268f668c4278e,,,,,,1853002168139776
arbitrum,withdraw_final,479827025,1783048434000,0x9c43730e6bdce5fe6a91924c88d3a96c53ca30403e27b01d55a8a70c7d5576ea,,,,,,1853715132710912
arbitrum,withdraw_submit,479836590,1783050523000,0x12ba3660e0b9a9320456e0e974ff8cbd0bc986b1d7657affe7689bbcc974e45c,,0xc20fdd2b41313760497a21da031ee5796ffcf620,0xfd086bc7cd5c481dcc9c85ebe478a1c0b69fcbb9,1000000,,1853715132710912
arbitrum,withdraw_submit,479839564,1783051266000,0x7e18e35348f405b035fba81c3955152f13df658aee32dd6eb87cde8d40867475,,0x6b898d794efaa640b8bca81214c4004340521c90,0xfd086bc7cd5c481dcc9c85ebe478a1c0b69fcbb9,4000000,,1853002168139776
arbitrum,deposit,479902042,1783066887000,0x50d1fcf9b9c7677dd8ae5ea571346bff18d2b8d90a0de77430a7bd29f9321e1c,0x4b282e0ee9ff036cdec42065fe1902327fa724b1,0x4b282e0ee9ff036cdec42065fe1902327fa724b1,0xfd086bc7cd5c481dcc9c85ebe478a1c0b69fcbb9,17937756,2184,
arbitrum,deposit,479920438,1783071481000,0x2aec479602b7b032d1f509237e95c78f01efaa42f863a64c08d9750146b4ce55,0xe691c0923c592aa35ea520c680125cfc658ec787,0xe691c0923c592aa35ea520c680125cfc658ec787,0xfd086bc7cd5c481dcc9c85ebe478a1c0b69fcbb9,100000000,2184,
arbitrum,withdraw_final,479940859,1783076883000,0x923d0abf002a043d3ae8b54952e0f3036d00dc871702edbae3c38d2ac72e266c,,,,,,2977527689641984
arbitrum,deposit,479940893,1783076590000,0x7ebd20be0158632ac7709d23f4b9d0a1e9980867b2cc589dd1e406282be3f52a,0xe691c0923c592aa35ea520c680125cfc658ec787,0xe691c0923c592aa35ea520c680125cfc658ec787,0xfd086bc7cd5c481dcc9c85ebe478a1c0b69fcbb9,4000000,2184,
arbitrum,withdraw_submit,479945814,1783077819000,0x3750dbb754975d3d8130b9f945e416e539d91da2eb0e76a9f262368b8f687c0f,,0x4b282e0ee9ff036cdec42065fe1902327fa724b1,0xfd086bc7cd5c481dcc9c85ebe478a1c0b69fcbb9,9000000,,2977527689641984
arbitrum,deposit,480145201,1783127664000,0x0091643feb42880f84a8f1d3824161ed870b45c39e21efaee1efc2ee6e480c99,0xae264b17cbc88bd198c73882b4f8448db6ba86db,0xae264b17cbc88bd198c73882b4f8448db6ba86db,0xfd086bc7cd5c481dcc9c85ebe478a1c0b69fcbb9,10000000,2184,
arbitrum,deposit,480146083,1783127885000,0x2f652384128576efe4e27f21a7648bcee55fabf82f11a622eb453c40af9ffb62,0xb1d506b57d619f17e09b03b3cf16cf124744e532,0xb1d506b57d619f17e09b03b3cf16cf124744e532,0xfd086bc7cd5c481dcc9c85ebe478a1c0b69fcbb9,10000000,2184,
arbitrum,deposit,480148967,1783128606000,0xac9e72dbce281527cb680caebd7b112cd7818574d92d489bfc0d25e29ef465d6,0xae264b17cbc88bd198c73882b4f8448db6ba86db,0xae264b17cbc88bd198c73882b4f8448db6ba86db,0xfd086bc7cd5c481dcc9c85ebe478a1c0b69fcbb9,8000000000000,2184,
arbitrum,deposit,480149528,1783128747000,0xa998a79b1643b32b6a7ceb524629e588a12af28f2f5a845be3f4c5a26452999a,0xb1d506b57d619f17e09b03b3cf16cf124744e532,0xb1d506b57d619f17e09b03b3cf16cf124744e532,0xfd086bc7cd5c481dcc9c85ebe478a1c0b69fcbb9,2000000000000,2184,
arbitrum,deposit,480168216,1783133425000,0xa2305d268981b44511d2bc27220502faa444388e959ce63fb1a872008dfd321d,0x9e315c6d00180901e6b230f9a59f26f81675aab0,0x9e315c6d00180901e6b230f9a59f26f81675aab0,0xfd086bc7cd5c481dcc9c85ebe478a1c0b69fcbb9,17100000,2184,
arbitrum,deposit,480172710,1783134552000,0xe3bfd9d156cec57d18082cb302c1290934a01842397a8edb2016343e9645f129,0x15491f98192ae646621002355ac5bf67db0f1057,0x15491f98192ae646621002355ac5bf67db0f1057,0xfd086bc7cd5c481dcc9c85ebe478a1c0b69fcbb9,10000000,2184,
arbitrum,deposit,480173567,1783134767000,0x1b3bcef5227a3c920e773e5a5d92ce6e7b068949afe10e41cc6cddf1d01bd7fc,0x4b282e0ee9ff036cdec42065fe1902327fa724b1,0x4b282e0ee9ff036cdec42065fe1902327fa724b1,0xfd086bc7cd5c481dcc9c85ebe478a1c0b69fcbb9,9000000,2184,
arbitrum,deposit,480180443,1783136493000,0xcbe7517fddbb5cc0dd4d51a71885dc2fffa0b4926ad67623cc25192f0a0aa6df,0xa2342780e69011a9248d0e1c8375394d11402667,0xa2342780e69011a9248d0e1c8375394d11402667,0xfd086bc7cd5c481dcc9c85ebe478a1c0b69fcbb9,130000000,2184,
arbitrum,withdraw_final,480186453,1783138302000,0x34b0b82470200e9c5ed4fae98988f22be9a4fa76dffc132f952ed1611e49105d,,,,,,5703036651438080
arbitrum,withdraw_submit,480191232,1783139199000,0x4eca715571b88ddd8e94d9c179c648f9b6c143ef370a79b5e0296dd5c6c5b6ac,,0xa2342780e69011a9248d0e1c8375394d11402667,0xfd086bc7cd5c481dcc9c85ebe478a1c0b69fcbb9,4000000,,5703036651438080
arbitrum,withdraw_final,480281288,1783162073000,0x0a250c83b0aa77d5fc4ac8cdea2ae7932318d4ce6ea92b2dc0277ee88be9f90e,,,,,,6759607196188672
arbitrum,withdraw_submit,480286031,1783162959000,0x4b38ca7f5a83a8bfe0e58b473ea9f5bf62071e12a2db65afca2987e6c081a223,,0xa2342780e69011a9248d0e1c8375394d11402667,0xfd086bc7cd5c481dcc9c85ebe478a1c0b69fcbb9,12000000,,6759607196188672
arbitrum,deposit,480316271,1783170517000,0x28b75e12c38dbc6db316aee4f9bf75888f30f5e51d83767a52771e40dc48bf84,0xa2342780e69011a9248d0e1c8375394d11402667,0xa2342780e69011a9248d0e1c8375394d11402667,0xfd086bc7cd5c481dcc9c85ebe478a1c0b69fcbb9,10000000,2184,
arbitrum,withdraw_final,480318062,1783171264000,0xa26e33472a5cfca69bfc9e41a9aa13a0582d6b34d68706a23e58a7e08d303133,,,,,,7174939123646464
arbitrum,withdraw_submit,480322999,1783172198000,0xc7afdb6c7b568410fe9390b411db8b867990506340b5a244dbc7de5ad1a00eec,,0xa2342780e69011a9248d0e1c8375394d11402667,0xfd086bc7cd5c481dcc9c85ebe478a1c0b69fcbb9,9000000,,7174939123646464
arbitrum,deposit,480851207,1783304210000,0x7e402d592cbf2bc7e038dae9304627b7d8445b722167b8a0f5b155e90d9761ac,0x58f78c151e564c0cfbca5cb0a843db2bddfe1925,0x58f78c151e564c0cfbca5cb0a843db2bddfe1925,0xfd086bc7cd5c481dcc9c85ebe478a1c0b69fcbb9,30000000,2184,
arbitrum,deposit,480909049,1783318663000,0x99133d127466f0c68ba9f06bb6925b95b9232198ab6008094b76dbb94350a762,0x36e753346ebfb95610ecc9951dcb2a9c5d80afd9,0x36e753346ebfb95610ecc9951dcb2a9c5d80afd9,0xfd086bc7cd5c481dcc9c85ebe478a1c0b69fcbb9,100000000,2184,
arbitrum,unknown:0xe1002227,480923045,1783322161000,0x0df150546073019cea2e3b76c3066b2050b57765155ed20499d671c945881aca,,,,,,
arbitrum,deposit,480932315,1783324478000,0xa16ca202204eb779fd0a74c05d60967d26b58b7812eba185ea5eef841755db9f,0xc20fdd2b41313760497a21da031ee5796ffcf620,0xc20fdd2b41313760497a21da031ee5796ffcf620,0xfd086bc7cd5c481dcc9c85ebe478a1c0b69fcbb9,2000000,2184,
arbitrum,unknown:0x6c6a853c,480933529,1783324781000,0xf3a5b682709e005c7f4b810e45916c2a2545c8e8ce633c9f5074499fb2f88771,,,,,,
arbitrum,unknown:0x6c6a853c,480933529,1783324781000,0xf3a5b682709e005c7f4b810e45916c2a2545c8e8ce633c9f5074499fb2f88771,,,,,,
arbitrum,unknown:0x6c6a853c,480933529,1783324781000,0xf3a5b682709e005c7f4b810e45916c2a2545c8e8ce633c9f5074499fb2f88771,,,,,,
arbitrum,unknown:0x6c6a853c,480933529,1783324781000,0xf3a5b682709e005c7f4b810e45916c2a2545c8e8ce633c9f5074499fb2f88771,,,,,,
arbitrum,unknown:0x6c6a853c,480933529,1783324781000,0xf3a5b682709e005c7f4b810e45916c2a2545c8e8ce633c9f5074499fb2f88771,,,,,,
arbitrum,unknown:0x6c6a853c,480933529,1783324781000,0xf3a5b682709e005c7f4b810e45916c2a2545c8e8ce633c9f5074499fb2f88771,,,,,,
arbitrum,unknown:0x6c6a853c,480933529,1783324781000,0xf3a5b682709e005c7f4b810e45916c2a2545c8e8ce633c9f5074499fb2f88771,,,,,,
arbitrum,deposit,481253020,1783404644000,0x0ecf37d0391a1a9022451be68489fa59042a5b09d1fff93e73921c096ffdd569,0xb943fc592a8e67cd20d3cbf1e928dc57ee076bd8,0xb943fc592a8e67cd20d3cbf1e928dc57ee076bd8,0xfd086bc7cd5c481dcc9c85ebe478a1c0b69fcbb9,18630530,2184,
arbitrum,deposit,481307867,1783418362000,0x8dc595dcd28cbe9a397458eeb5804764714d774af56db7db7e7c5aefa5bbd62d,0xb943fc592a8e67cd20d3cbf1e928dc57ee076bd8,0xb943fc592a8e67cd20d3cbf1e928dc57ee076bd8,0xfd086bc7cd5c481dcc9c85ebe478a1c0b69fcbb9,180000000,2184,
arbitrum,deposit,481552136,1783479373000,0xb15f1d782057b54300c4a14990a890b42ae421d11932eb417ae04bfe69affd46,0x36e753346ebfb95610ecc9951dcb2a9c5d80afd9,0x36e753346ebfb95610ecc9951dcb2a9c5d80afd9,0xfd086bc7cd5c481dcc9c85ebe478a1c0b69fcbb9,10000000,2184,
arbitrum,deposit,481553099,1783479612000,0x77c30d0015a3103fbe7e5b19a9a54dd2dde8a4fef9ff638f530dcd38cb97bbda,0xa2342780e69011a9248d0e1c8375394d11402667,0xa2342780e69011a9248d0e1c8375394d11402667,0xfd086bc7cd5c481dcc9c85ebe478a1c0b69fcbb9,10000000,2184,
arbitrum,deposit,481612732,1783494497000,0x284e4bd1a7e9ab82919efa88b629c9f18267ff4966cb83b68dec90ee37e14f7c,0x8b5821beb574f53239341761d712c5b24cc0c521,0x8b5821beb574f53239341761d712c5b24cc0c521,0xfd086bc7cd5c481dcc9c85ebe478a1c0b69fcbb9,100000000,2184,
arbitrum,deposit,481927495,1783573067000,0x1d40a1906f142640da57d67d7cd0e2273e7448def085f2da91c68e5d572c022e,0xa16321dbdbc43d8e3cd9d60cb7a2174a033faabe,0xa16321dbdbc43d8e3cd9d60cb7a2174a033faabe,0xfd086bc7cd5c481dcc9c85ebe478a1c0b69fcbb9,1033396956,2184,
arbitrum,deposit,481927603,1783573094000,0x7bce7f44cc5122e48aa868ed86bb28e7100d5127a1ae10433d71f3dab9ef04f0,0xc5612c4d4ca7ece9fe482f5bbd0441116d2f4bbe,0xc5612c4d4ca7ece9fe482f5bbd0441116d2f4bbe,0xfd086bc7cd5c481dcc9c85ebe478a1c0b69fcbb9,1001000000,2184,
arbitrum,deposit,481958947,1783580920000,0x8c9249dc2338032adb671951d981ccd76b7d93ac9b622529c347bb75901c2356,0xcac7952369ce90bd14b5c7b89f3b09d5b375c0b1,0xcac7952369ce90bd14b5c7b89f3b09d5b375c0b1,0xfd086bc7cd5c481dcc9c85ebe478a1c0b69fcbb9,20000000,2184,
arbitrum,deposit,481973030,1783584436000,0xf856b697ac7f825ad06d086714da12dc83c8ff5b605c54667450e369d6b1422e,0xc2c3080d28eeaeb9bd409e98b119b9e29f36942c,0xc2c3080d28eeaeb9bd409e98b119b9e29f36942c,0xfd086bc7cd5c481dcc9c85ebe478a1c0b69fcbb9,7081678,2184,
arbitrum,deposit,482002659,1783591837000,0x5fd2ea123a718aea17d005a7c09cd2d303ebc640646e8ef7833668ac38870620,0x065db0a316efaa3c3edd7ee6db7ba2e19282f7e4,0x065db0a316efaa3c3edd7ee6db7ba2e19282f7e4,0xfd086bc7cd5c481dcc9c85ebe478a1c0b69fcbb9,150295107,2184,
arbitrum,deposit,482008467,1783593287000,0xc05b5c2d738800e4d7fead3f0c524e5148ef35097931baf603ceaa730743015d,0xb60abdd9ab0b334d49401b7c62ea86377956b18b,0xb60abdd9ab0b334d49401b7c62ea86377956b18b,0xfd086bc7cd5c481dcc9c85ebe478a1c0b69fcbb9,10850000,2184,
arbitrum,deposit,482017325,1783595499000,0x9ee0e25d46e42d90d11ddd27089bd4ec1e47ba83966121e015cb99a0c8798a98,0x011252f3d03aa9e6fc141a5ee72e75abed81bacd,0x011252f3d03aa9e6fc141a5ee72e75abed81bacd,0xfd086bc7cd5c481dcc9c85ebe478a1c0b69fcbb9,100000000,2184,
arbitrum,deposit,482045206,1783602461000,0x3061011f6bdff4aff22abd49259ce5eecedad80d82dca1e009c71899fbfa9308,0xb259aee7aa192b2ec54e7e8348a6224394b582d2,0xb259aee7aa192b2ec54e7e8348a6224394b582d2,0xfd086bc7cd5c481dcc9c85ebe478a1c0b69fcbb9,3000000,2184,
arbitrum,deposit,482065326,1783607480000,0x5159b7d500358cbf9fa8f4062b69ba41de4fc89435943426f0a3af3931fdbc8b,0xc2284095c532613fc543ba0effc8ee0b1af4820c,0xc2284095c532613fc543ba0effc8ee0b1af4820c,0xfd086bc7cd5c481dcc9c85ebe478a1c0b69fcbb9,999836791,2184,
arbitrum,withdraw_final,482240498,1783651517000,0x532308594918a244a6d99945b0eaa14a810cd8ed19e2cd5d7344e7d4b9ee37b6,,,,,,33006976950599680
arbitrum,withdraw_submit,482245395,1783652439000,0xa33a4c30cb59f088bc90daf836a11b8990a3bb9e64dd0f162cf66d0f8f1b2870,,0x4b282e0ee9ff036cdec42065fe1902327fa724b1,0xfd086bc7cd5c481dcc9c85ebe478a1c0b69fcbb9,14896556,,33006976950599680
arbitrum,deposit,482286468,1783662697000,0x6273e604a13576f8951bd0f65d333b1fbfc3ee0bd81e4b6cd2bf56d65fe58f26,0xcae1776fc92207ad387d9922b72a3679a6bf24e2,0xcae1776fc92207ad387d9922b72a3679a6bf24e2,0xfd086bc7cd5c481dcc9c85ebe478a1c0b69fcbb9,2000870360,2184,
arbitrum,deposit,482305988,1783667572000,0xaf37fccd39cdc93b680f586c50ae32e95d8951005bed012ea1cdcd9764e04fe4,0xbd1872a8cf6f252a5c39a3041dc7e94838a6fc5e,0xbd1872a8cf6f252a5c39a3041dc7e94838a6fc5e,0xfd086bc7cd5c481dcc9c85ebe478a1c0b69fcbb9,99000000,2184,
arbitrum,deposit,482315603,1783669973000,0x2b4aa2e88c5c865ed9669bea60fc5ff652c5df2bf3d97626b951a40a6222ae3a,0xcf4f8cd7d82452b641fb2efcb947aea8b73ea30d,0xcf4f8cd7d82452b641fb2efcb947aea8b73ea30d,0xfd086bc7cd5c481dcc9c85ebe478a1c0b69fcbb9,9000000,2184,
arbitrum,withdraw_final,482325041,1783672626000,0xe9371f2d266d0f4c04c6c8dd456097821b2550e1b943fee27e8f67ad88c1e3ba,,,,,,34211792603316224
arbitrum,withdraw_submit,482329980,1783673559000,0x0a1e95a08f57881f5e44ada97474db627f4303fe19c4fc4cb804ded2aed4bccc,,0xcf4f8cd7d82452b641fb2efcb947aea8b73ea30d,0xfd086bc7cd5c481dcc9c85ebe478a1c0b69fcbb9,1000000,,34211792603316224
arbitrum,deposit,482342071,1783676574000,0xb4002dd8bab6b0272a1a445f9d9f9699ece020c7aef90be432b8a65253a9d77c,0xcf4f8cd7d82452b641fb2efcb947aea8b73ea30d,0xcf4f8cd7d82452b641fb2efcb947aea8b73ea30d,0xfd086bc7cd5c481dcc9c85ebe478a1c0b69fcbb9,100000000,2184,
arbitrum,deposit,482900399,1783816070000,0xf538db79dac1556285e8eac6a0454622f4437cbfd5983fd4e24bc58049a08f66,0xa16321dbdbc43d8e3cd9d60cb7a2174a033faabe,0xa16321dbdbc43d8e3cd9d60cb7a2174a033faabe,0xfd086bc7cd5c481dcc9c85ebe478a1c0b69fcbb9,999856122,2184,
arbitrum,deposit,482915441,1783819828000,0x4212b16ebc6640e77099e68e142811aa2fabd63014f0a0f0fd2db3ef54066fe3,0x44e0753047ba3c3efc915534476d4852c5732e7a,0x44e0753047ba3c3efc915534476d4852c5732e7a,0xfd086bc7cd5c481dcc9c85ebe478a1c0b69fcbb9,41463066,2184,
arbitrum,deposit,483087886,1783862946000,0xb8ffb564e3c2c7f921c502d4d14dff29ae3a2918021ec0c58189c5d89f72f04f,0x58f78c151e564c0cfbca5cb0a843db2bddfe1925,0x58f78c151e564c0cfbca5cb0a843db2bddfe1925,0xfd086bc7cd5c481dcc9c85ebe478a1c0b69fcbb9,20000000,2184,
arbitrum,withdraw_final,483104524,1783867404000,0x6020bc3ab6b42f77c6400cf7b7dd064d99ed5663b45afb95945c532edb377d45,,,,,,45316619525685248
arbitrum,withdraw_submit,483109380,1783868319000,0x0d15e72648394e5966836e184a60b6dce1fff6a481e340dbc98a794614b5788d,,0x58f78c151e564c0cfbca5cb0a843db2bddfe1925,0xfd086bc7cd5c481dcc9c85ebe478a1c0b69fcbb9,19000000,,45316619525685248
arbitrum,deposit,483110198,1783868522000,0xe7db2a81d2cefdae6cbed31e6732e5ee8ee44fe61f2d807cb79c39c9e5a8f669,0x6f4b2eea176349f7e6230def861416b40c910493,0x6f4b2eea176349f7e6230def861416b40c910493,0xfd086bc7cd5c481dcc9c85ebe478a1c0b69fcbb9,20000000,2184,
arbitrum,deposit,483344935,1783927257000,0xd53b71e0d5d48afb0cec2a9bf78e18d269a6f34d4dd95360bbdc58b054df1fc2,0x1b8d5b8a6c49b50877b60ea2806e737b98a74cf4,0x1b8d5b8a6c49b50877b60ea2806e737b98a74cf4,0xfd086bc7cd5c481dcc9c85ebe478a1c0b69fcbb9,85000000,2184,
arbitrum,deposit,483346414,1783927627000,0x65111bb2389ee89f83579b124997c878b6e7aac0cc9dc213603b0e4e2cabad47,0xc42d0de9c870b325fb8d73b7904b9ec92d4e7f6f,0xc42d0de9c870b325fb8d73b7904b9ec92d4e7f6f,0xfd086bc7cd5c481dcc9c85ebe478a1c0b69fcbb9,15000000,2184,
arbitrum,deposit,483346814,1783927727000,0xe298665c65f65820b6fcb95a0ce45ea9a3f2b87eff077f56af64065da00fe17b,0x947d5fac7548aa1f679a8b44143f5b9d302c0b93,0x947d5fac7548aa1f679a8b44143f5b9d302c0b93,0xfd086bc7cd5c481dcc9c85ebe478a1c0b69fcbb9,9850000,2184,
arbitrum,deposit,483677812,1784010412000,0x3bca0fc114225d5dbe3765950f510ccf8c4dabb4b1e2f129e16c98eba16d3a0f,0x20f563583fda1e7fc8e27cae185ad86bf57b0f2b,0x20f563583fda1e7fc8e27cae185ad86bf57b0f2b,0xfd086bc7cd5c481dcc9c85ebe478a1c0b69fcbb9,90010471,2184,
arbitrum,withdraw_final,483746917,1784027978000,0xe0b3f07658f459304795ccb6887dcd47fe98f556d35912c1890bd35c48820c8b,,,,,,54630874565574656
arbitrum,withdraw_submit,483751722,1784028878000,0x0404647ad2f3ef2cf8f97a3ef3ded62e935140afbcacaf35e6c656ad645c822b,,0x36e753346ebfb95610ecc9951dcb2a9c5d80afd9,0xfd086bc7cd5c481dcc9c85ebe478a1c0b69fcbb9,9000000,,54630874565574656
arbitrum,deposit,483758412,1784030546000,0x610282984be1be9dd7e4b601af523604fbe386104eecee4f10e2096a8ea0b62f,0xb8d919ace1c27283a09792413f9288130113a237,0xb8d919ace1c27283a09792413f9288130113a237,0xfd086bc7cd5c481dcc9c85ebe478a1c0b69fcbb9,4900000,2184,
arbitrum,deposit,483777005,1784035181000,0x2a927c91ae547d06492b34f37d705f0b649803e76eb79c0e8e8c37e356ba70b6,0xf068ffa82085a05ad756940827789e31cd90c037,0xf068ffa82085a05ad756940827789e31cd90c037,0xfd086bc7cd5c481dcc9c85ebe478a1c0b69fcbb9,50000000,2184,
arbitrum,deposit,483979057,1784085646000,0xb7c75929648f66eeacfb8609740bec7b9986f44e49aacaddceeb4d8bc33ff6e8,0xb259aee7aa192b2ec54e7e8348a6224394b582d2,0xb259aee7aa192b2ec54e7e8348a6224394b582d2,0xfd086bc7cd5c481dcc9c85ebe478a1c0b69fcbb9,3329333,2184,
arbitrum,withdraw_final,484039061,1784100935000,0x8c10f459a077586ad2ef6d491bfe4bea9982d0733487c7acd8fc5ae98e96e88a,,,,,,58844821623668736
arbitrum,withdraw_submit,484043880,1784101839000,0x97ce2c356e1a3e9e1937341c75961df08c66e994ee344789d24ff1367172d94f,,0xa2342780e69011a9248d0e1c8375394d11402667,0xfd086bc7cd5c481dcc9c85ebe478a1c0b69fcbb9,4000000,,58844821623668736
arbitrum,deposit,484077410,1784110213000,0x2c0c1b3b1c8783a3b314b7f94b206cb39482cf392cb2e782c48e1c6b4cda3ff3,0x48ea854dbbaf0ae4fe0532dbdfaa18a46df87beb,0x48ea854dbbaf0ae4fe0532dbdfaa18a46df87beb,0xfd086bc7cd5c481dcc9c85ebe478a1c0b69fcbb9,200253400,2184,
arbitrum,deposit,484084999,1784112110000,0xc4c356df1c2eae18ebefc05d9b58c3387145333b29be7279a2f57302537da99f,0xa2342780e69011a9248d0e1c8375394d11402667,0xa2342780e69011a9248d0e1c8375394d11402667,0xfd086bc7cd5c481dcc9c85ebe478a1c0b69fcbb9,10000000,2184,
arbitrum,withdraw_final,484086733,1784112844000,0x55f364d8e40306f9ab52f1229844318d2f20db79979fb3fc1a455a39f28bd0db,,,,,,59520634727694336
arbitrum,deposit,484087254,1784112674000,0x193d29309d1cc3b090fe67a59d53f8c9cefc5c2cbc89e7c7eee3888c06dc7c8f,0xa2342780e69011a9248d0e1c8375394d11402667,0xa2342780e69011a9248d0e1c8375394d11402667,0xfd086bc7cd5c481dcc9c85ebe478a1c0b69fcbb9,12000000,2184,
arbitrum,withdraw_submit,484091671,1784113778000,0xe0541d99dbe0356f2e6ff9752bf07314882bd854334e21107e081f91eea2c354,,0xa2342780e69011a9248d0e1c8375394d11402667,0xfd086bc7cd5c481dcc9c85ebe478a1c0b69fcbb9,2000000,,59520634727694336
arbitrum,withdraw_final,484128432,1784123263000,0x6a5033947550145ce6a316a9248b2ee567ede36c8a4a8e0edce72742299bbf37,,,,,,60150929747345408
arbitrum,withdraw_submit,484133232,1784124159000,0x1763aaf29327e86c47d99639cf24e2d547348385839ebe44c961ff175b64c3ba,,0xcae1776fc92207ad387d9922b72a3679a6bf24e2,0xfd086bc7cd5c481dcc9c85ebe478a1c0b69fcbb9,1405080934,,60150929747345408
arbitrum,deposit,484156326,1784129908000,0xdab3394d7e22daec0548eb7ad1d3452499870bf9ad969c73539266d9f620babc,0x1c6d598019aa60daa5bbdd0d22f268ec15f5038e,0x1c6d598019aa60daa5bbdd0d22f268ec15f5038e,0xfd086bc7cd5c481dcc9c85ebe478a1c0b69fcbb9,119900000,2184,
arbitrum,deposit,484406937,1784192572000,0x6350a3fdfe91587cf46de712d52f3785ebc822ae81a17233f1826113d024db56,0xa2342780e69011a9248d0e1c8375394d11402667,0xa2342780e69011a9248d0e1c8375394d11402667,0xfd086bc7cd5c481dcc9c85ebe478a1c0b69fcbb9,12219229,2184,
arbitrum,withdraw_final,484407058,1784192902000,0xc5f92a76ac9ef85ddf6b546cb29fb568b7ab2083cf36809b2bbd8dfee93d97be,,,,,,64218787783639040
arbitrum,withdraw_submit,484411929,1784193819000,0xfb945efb8cfb80725033e1a0ffbcdcfdd80a91baa04c69575b2bde0f7a478e7b,,0xa2342780e69011a9248d0e1c8375394d11402667,0xfd086bc7cd5c481dcc9c85ebe478a1c0b69fcbb9,6530857,,64218787783639040
arbitrum,deposit,484419908,1784195813000,0xf94716f128efd77465f3d9544d98fc7e71615730a7949e29e56c4f3142b9900e,0xda54287681d0a61ed5ff64181e287995c695b729,0xda54287681d0a61ed5ff64181e287995c695b729,0xfd086bc7cd5c481dcc9c85ebe478a1c0b69fcbb9,14896556,2184,
arbitrum,deposit,484522343,1784221394000,0x8c632d50dbd03cd9403512ebb41018e01274b2ca8fa81ca1474e74a3728a9a91,0xc597fe7a222afa2c169c58a2366f380f7344e23b,0xc597fe7a222afa2c169c58a2366f380f7344e23b,0xfd086bc7cd5c481dcc9c85ebe478a1c0b69fcbb9,18744574,2184,
arbitrum,deposit,484656743,1784255024000,0x76c883651128dfb3b250b5550513615726a3a2eeb345751d457ceac4faf4cad9,0x7ff4f8fe1dbbba8dc27103359bf96e97a4d44114,0x7ff4f8fe1dbbba8dc27103359bf96e97a4d44114,0xfd086bc7cd5c481dcc9c85ebe478a1c0b69fcbb9,1315361616,2184,
arbitrum,deposit,484707137,1784267640000,0xf24bfc1d52fecec08a29a54ef7261c54237247266bc2e6984803f23a7e2e7593,0xa16321dbdbc43d8e3cd9d60cb7a2174a033faabe,0xa16321dbdbc43d8e3cd9d60cb7a2174a033faabe,0xfd086bc7cd5c481dcc9c85ebe478a1c0b69fcbb9,1999850000,2184,
arbitrum,deposit,484735640,1784274767000,0x1a8e1a41471a7170e204f8ae3d6a90fc9bad7579fd9e753bd960bf3d5ebfc3b0,0x176056cb00956522a68d634d36969710b6d1c525,0x176056cb00956522a68d634d36969710b6d1c525,0xfd086bc7cd5c481dcc9c85ebe478a1c0b69fcbb9,157380255,2184,
arbitrum,deposit,484737382,1784275202000,0x73168e5317d80cf48ed6c8b9d92b9a1b68f2ec619a83247d6102e34edd05ef0d,0x45c8121b222aa541f301ac61cc234e7eb323fa99,0x45c8121b222aa541f301ac61cc234e7eb323fa99,0xfd086bc7cd5c481dcc9c85ebe478a1c0b69fcbb9,200000000,2184,
arbitrum,deposit,484782373,1784286458000,0x37df4740acbe76d96c76f6654eb37f6950f00a574ac223b0cd226c7669dfc589,0x5b209340dc6b727f4a841b7b91eec5e9b13f7361,0x5b209340dc6b727f4a841b7b91eec5e9b13f7361,0xfd086bc7cd5c481dcc9c85ebe478a1c0b69fcbb9,399516022,2184,
arbitrum,deposit,484804481,1784291986000,0xa03ea6e56dbb295bd80dffdc94fcbd3f614f2c9a964c2a4e0e1d7e0593dbc045,0x58b5fa738d5c806814183649f412246a997a580a,0x58b5fa738d5c806814183649f412246a997a580a,0xfd086bc7cd5c481dcc9c85ebe478a1c0b69fcbb9,10000000,2184,
arbitrum,deposit,484804912,1784292094000,0xe6785a1e5b9dea852b94983452e234a0543b368edc2b5b0e0d54b85228ba1343,0x58b5fa738d5c806814183649f412246a997a580a,0x58b5fa738d5c806814183649f412246a997a580a,0xfd086bc7cd5c481dcc9c85ebe478a1c0b69fcbb9,100000000,2184,
arbitrum,deposit,484805304,1784292192000,0x3a7f495705cbb3f9993c0c2b5071c6903e11859e3d9ecf1959543eb6fd8f0d9b,0x58b5fa738d5c806814183649f412246a997a580a,0x58b5fa738d5c806814183649f412246a997a580a,0xfd086bc7cd5c481dcc9c85ebe478a1c0b69fcbb9,100000000,2184,
arbitrum,deposit,484820439,1784295971000,0x82b4e7c3905d4c8c9a057eb9255996a3dd937a462c505806a20f0e609b2d5248,0xc597fe7a222afa2c169c58a2366f380f7344e23b,0xc597fe7a222afa2c169c58a2366f380f7344e23b,0xfd086bc7cd5c481dcc9c85ebe478a1c0b69fcbb9,883194950,2184,
arbitrum,deposit,484872090,1784308864000,0x6ff6856a72029738fdd3ff971aab132cddf8eb02dd6965aaeb188a031ad8d2e9,0x72c5cd18a51d53db34072546a7a38a4f73600d92,0x72c5cd18a51d53db34072546a7a38a4f73600d92,0xfd086bc7cd5c481dcc9c85ebe478a1c0b69fcbb9,100000000,2184,
arbitrum,deposit,484963437,1784331708000,0x0ebec3200e669e4aec6834739a09625f6d9de9a01fbbad75213409804532419b,0xa16321dbdbc43d8e3cd9d60cb7a2174a033faabe,0xa16321dbdbc43d8e3cd9d60cb7a2174a033faabe,0xfd086bc7cd5c481dcc9c85ebe478a1c0b69fcbb9,1999850000,2184,
arbitrum,withdraw_final,485123356,1784372069000,0x8590f9842935ad65709e5c286286eca7246484539c23c1904c339dceae6705e2,,,,,,74962141660053504
arbitrum,withdraw_submit,485128201,1784372979000,0x007eab6a230375be238e554c1be70edb39d3322e23d89b9a02acd09ca8f618de,,0x176056cb00956522a68d634d36969710b6d1c525,0xfd086bc7cd5c481dcc9c85ebe478a1c0b69fcbb9,146137573,,74962141660053504
arbitrum,deposit,485174271,1784384510000,0xfc6836ce3bb092a56d8fd9adc3a8c1cc525481348d530a004658d110c5c1c825,0xdf1fc6df09ca6d017cdb784e17bee68d456b14bd,0xdf1fc6df09ca6d017cdb784e17bee68d456b14bd,0xfd086bc7cd5c481dcc9c85ebe478a1c0b69fcbb9,2142982,2184,
arbitrum,deposit,485341636,1784426396000,0x493bbb79ad889677d80ed80666e1d8d3c6a47b3e14771e43187b31f3b7ae7824,0xcde6efb11a8c7a7bc6240eb88139c0b4bdc0a11f,0xcde6efb11a8c7a7bc6240eb88139c0b4bdc0a11f,0xfd086bc7cd5c481dcc9c85ebe478a1c0b69fcbb9,14973310,2184,
arbitrum,deposit,485356802,1784430194000,0xecaa418b97182cd39131901a7ce12dda8654c6219bdea895cf2c723b83765659,0x3959c404db1bcf6832c96b088f6bc818a82589c7,0x3959c404db1bcf6832c96b088f6bc818a82589c7,0xfd086bc7cd5c481dcc9c85ebe478a1c0b69fcbb9,50981532,2184,
arbitrum,deposit,485673996,1784509575000,0x59a87dc6295514d14d1ae4538daf1a6230cc008034073667e955a240133fa7f1,0xe3c7f5b82b2040630d67475a8668698c4523d0b5,0xe3c7f5b82b2040630d67475a8668698c4523d0b5,0xfd086bc7cd5c481dcc9c85ebe478a1c0b69fcbb9,29860434,2184,
arbitrum,deposit,485702940,1784516816000,0x80c0022961309607e6bef3d0b7778e3269951c1927f2fd1346b91a2319578554,0xa2342780e69011a9248d0e1c8375394d11402667,0xa2342780e69011a9248d0e1c8375394d11402667,0xfd086bc7cd5c481dcc9c85ebe478a1c0b69fcbb9,6530857,2184,
arbitrum,deposit,485712340,1784519173000,0xbc9c3321c9d0b7e82ffd3d8e416efb1239b23641290b335108e7782ade11a89d,0xa2342780e69011a9248d0e1c8375394d11402667,0xa2342780e69011a9248d0e1c8375394d11402667,0xfd086bc7cd5c481dcc9c85ebe478a1c0b69fcbb9,49800000,2184,
arbitrum,deposit,485796720,1784540260000,0x358aab226a4939ffb9c63ef07a10029e9c00b791252d37bf589cfdbe035c4519,0x3959c404db1bcf6832c96b088f6bc818a82589c7,0x3959c404db1bcf6832c96b088f6bc818a82589c7,0xfd086bc7cd5c481dcc9c85ebe478a1c0b69fcbb9,50000000,2184,
arbitrum,deposit,485797852,1784540540000,0xc1f45016611d523f1529b4e82b79e9d67094b1c1c3068f10557fe0ca10eb1ba9,0x3d83d2742f58b067ce3dd5f88d01d7ed84137d3e,0x3d83d2742f58b067ce3dd5f88d01d7ed84137d3e,0xfd086bc7cd5c481dcc9c85ebe478a1c0b69fcbb9,50969806,2184,
arbitrum,withdraw_final,485813485,1784544747000,0x695517ca12a70a99ff447c7985868e8786447c1305a3fe0138fa4f454ddfc119,,,,,,84913804206407680
arbitrum,withdraw_submit,485818328,1784545658000,0x2fb08b2aa575ac1f8d6b840f3293819759039e5f846551a1cf36fa09ba4bea25,,0xda54287681d0a61ed5ff64181e287995c695b729,0xfd086bc7cd5c481dcc9c85ebe478a1c0b69fcbb9,4000000,,84913804206407680
arbitrum,withdraw_final,485822484,1784546998000,0xf98d4be5ca3b75a7af5316548e96af50b024f516fff4fe7392f5f9a7e724b8b3,,,,,,85046321152524288
arbitrum,withdraw_final,485822929,1784547110000,0x8bd03da196f6ed194660ad8f66d61644626e4dbfc5d7b0252dd3d23693c352a7,,,,,,85053132970655744
arbitrum,withdraw_submit,485827449,1784547939000,0x1353b22b157753a00c5064c058aa548ba93258f64f74c578ee038d80c51d64c0,,0xa2342780e69011a9248d0e1c8375394d11402667,0xfd086bc7cd5c481dcc9c85ebe478a1c0b69fcbb9,9000000,,85046321152524288
arbitrum,withdraw_submit,485827687,1784547999000,0x6d1e177bc8c6b399ca44637f1fdec09ac358ec00d8fba28253294cf4bda9fb5a,,0xa2342780e69011a9248d0e1c8375394d11402667,0xfd086bc7cd5c481dcc9c85ebe478a1c0b69fcbb9,9000000,,85053132970655744
arbitrum,deposit,485834663,1784549738000,0x74deb67bea349943751091aa4a5852bc62238666d48c09572a08ff09649c2d30,0xda54287681d0a61ed5ff64181e287995c695b729,0xda54287681d0a61ed5ff64181e287995c695b729,0xfd086bc7cd5c481dcc9c85ebe478a1c0b69fcbb9,2000000,2184,
arbitrum,deposit,485895885,1784565035000,0xdcbcb6bfbd825b0a185d3651df72e80487e001b18e4580522d7bcb0af89d3a2f,0xc597fe7a222afa2c169c58a2366f380f7344e23b,0xc597fe7a222afa2c169c58a2366f380f7344e23b,0xfd086bc7cd5c481dcc9c85ebe478a1c0b69fcbb9,1801942872,2184,
arbitrum,deposit,486096736,1784615287000,0xea54509877db380befe4697514438c4082280efb6773fa8163d51bc96d0c0903,0xf04609b350ec25cc5d1bd51d5e41f7e3e2d35737,0xf04609b350ec25cc5d1bd51d5e41f7e3e2d35737,0xfd086bc7cd5c481dcc9c85ebe478a1c0b69fcbb9,10000000,2184,
arbitrum,deposit,486121308,1784621443000,0xdda531ebcb46c82d064514cc376620fc984896e575613f6185be0761103fa212,0xa3d86979a197eb436d8084c261b6f28966dbf0f7,0xa3d86979a197eb436d8084c261b6f28966dbf0f7,0xfd086bc7cd5c481dcc9c85ebe478a1c0b69fcbb9,108160054,2184,
arbitrum,withdraw_final,486121778,1784621861000,0x48c0e0eea147c69528b235ebc8f46b631efbc5ce602d1cff14a1b39ab9958077,,,,,,89689704785510400
arbitrum,deposit,486122315,1784621695000,0x6721cb50b4b1643ed6e223c3221cc4c853873f62f395f97883c3df4e0477c61f,0x981a2b9fecb0662e5f9d37230273a1490cee20ee,0x981a2b9fecb0662e5f9d37230273a1490cee20ee,0xfd086bc7cd5c481dcc9c85ebe478a1c0b69fcbb9,3200000,2184,
arbitrum,deposit,486123645,1784622027000,0xce93e2665e6975d170063ded28f05fb5e8722751cfaabbc7289ed5f1b1581284,0xa16321dbdbc43d8e3cd9d60cb7a2174a033faabe,0xa16321dbdbc43d8e3cd9d60cb7a2174a033faabe,0xfd086bc7cd5c481dcc9c85ebe478a1c0b69fcbb9,11148317412,2184,
arbitrum,withdraw_submit,486126567,1784622759000,0x5449203863cd16f17c822959f638f759cc9acd58ab19829bc38b88da4c4daa04,,0xf04609b350ec25cc5d1bd51d5e41f7e3e2d35737,0xfd086bc7cd5c481dcc9c85ebe478a1c0b69fcbb9,4000000,,89689704785510400
arbitrum,deposit,486127318,1784622946000,0xec71d2242e589dc8cc0175ca3ed30ab9941a41ec08ad169119b52c9d7c6e0600,0xa16321dbdbc43d8e3cd9d60cb7a2174a033faabe,0xa16321dbdbc43d8e3cd9d60cb7a2174a033faabe,0xfd086bc7cd5c481dcc9c85ebe478a1c0b69fcbb9,10000850421,2184,
arbitrum,deposit,486160682,1784631285000,0xda2903724a85b9dbc116f98cc1ca432ea6fbba1336c5bb2898a912fe0bd66fcd,0x0008472e570a775b01620625d4104668ee582174,0x0008472e570a775b01620625d4104668ee582174,0xfd086bc7cd5c481dcc9c85ebe478a1c0b69fcbb9,99468834,2184,
arbitrum,deposit,486168513,1784633240000,0x5a801e9c12195c85e3ccff7eb8c051f4a0fcf0c92e85598fe4b812da2862ac8f,0x1c1a432b2a5f161215c79bec8036e45b6da0c8f1,0x1c1a432b2a5f161215c79bec8036e45b6da0c8f1,0xfd086bc7cd5c481dcc9c85ebe478a1c0b69fcbb9,20833200,2184,
arbitrum,deposit,486175384,1784634954000,0x001ed8d31f92d2c3f861d5850107ce097b963e928dbe665938a5618433af8cfc,0xa2342780e69011a9248d0e1c8375394d11402667,0xa2342780e69011a9248d0e1c8375394d11402667,0xfd086bc7cd5c481dcc9c85ebe478a1c0b69fcbb9,8000000,2184,
arbitrum,deposit,486253526,1784654479000,0xf782e000ff838e0b483aceaf7f57229be94637b72ea147b7c96c2e693dc173f1,0x203ab1c7fd9263e842e7ed9c7929f6d0c291086e,0x203ab1c7fd9263e842e7ed9c7929f6d0c291086e,0xfd086bc7cd5c481dcc9c85ebe478a1c0b69fcbb9,2000000,2184,
arbitrum,deposit,486253708,1784654524000,0x46a92e36fe4d47399daef1955f2b85b1ed9d3762cf3c549360050640e5a85bb4,0x203ab1c7fd9263e842e7ed9c7929f6d0c291086e,0xe769309a712d1056874b625ac2be700564f68a54,0xfd086bc7cd5c481dcc9c85ebe478a1c0b69fcbb9,2000000,2184,
arbitrum,deposit,486285618,1784662494000,0x4730676ebece6f73c8bf523063798f604fc1ab8d00b949e4c431eeb18aa97c7b,0x6c86f19edfd1663afdbf2b9839b2f37718359fd8,0x6c86f19edfd1663afdbf2b9839b2f37718359fd8,0xfd086bc7cd5c481dcc9c85ebe478a1c0b69fcbb9,144204387,2184,
arbitrum,deposit,486387836,1784688051000,0x2ea6a69b3471ecdb3d86c1b5049e38cc17aa82bea5c9d814288e095c803e4a03,0xbb48553d0c9470eb429ba35acd350c4c242ee902,0xbb48553d0c9470eb429ba35acd350c4c242ee902,0xfd086bc7cd5c481dcc9c85ebe478a1c0b69fcbb9,2000000,2184,
arbitrum,withdraw_final,486388058,1784688407000,0x5876c6b16c16ebb28eb2a4c0ecc1b0a914c92b59e879b8a6499812c6475fe2f3,,,,,,93753018704461824
arbitrum,withdraw_submit,486392817,1784689299000,0xf5e04ced2be96a254f2d7378f30a0707fd9f6f57da29b5471443516eef8422dc,,0xbb48553d0c9470eb429ba35acd350c4c242ee902,0xfd086bc7cd5c481dcc9c85ebe478a1c0b69fcbb9,1000000,,93753018704461824
arbitrum,deposit,486465266,1784707424000,0xb9d8df253cf01f41fa323ba24cdfb5b101e5c91ff244c8778ef52a78b78ce342,0xbb48553d0c9470eb429ba35acd350c4c242ee902,0xbb48553d0c9470eb429ba35acd350c4c242ee902,0xfd086bc7cd5c481dcc9c85ebe478a1c0b69fcbb9,2000000,2184,
arbitrum,withdraw_final,486465453,1784707769000,0x42a403f1fd66e69086eeebf04ca772259b6a5be3115ca74058c773113d841bed,,,,,,94944537121652736
arbitrum,withdraw_submit,486470293,1784708679000,0x2be77ea457f8eec029676006a8047b5eb619c5270167efe243c2bfa058006908,,0xbb48553d0c9470eb429ba35acd350c4c242ee902,0xfd086bc7cd5c481dcc9c85ebe478a1c0b69fcbb9,1000000,,94944537121652736
arbitrum,deposit,486474560,1784709746000,0x040ead22fcf6ff87a143c0a719da03c0101916b73d11288e0cebc31c2a1a23ed,0xbb48553d0c9470eb429ba35acd350c4c242ee902,0xbb48553d0c9470eb429ba35acd350c4c242ee902,0xfd086bc7cd5c481dcc9c85ebe478a1c0b69fcbb9,2000000,2184,
arbitrum,withdraw_final,486474726,1784710087000,0x7a98ce0dca3cbc3b54a8901fca34bcc1dc8512a80daf815993b107cea138208e,,,,,,95087465043329024
arbitrum,deposit,486475270,1784709924000,0x9bd8dd99eb1f7d502ca9c6830b56711c59e6e7b30b7142736d5339c848b61ce9,0xbb48553d0c9470eb429ba35acd350c4c242ee902,0xbb48553d0c9470eb429ba35acd350c4c242ee902,0xfd086bc7cd5c481dcc9c85ebe478a1c0b69fcbb9,2000000,2184,
arbitrum,withdraw_final,486475474,1784710275000,0x1c26aac6a1acd67c70ec514062e2568663b444cd03891d6c47ef88104468cbba,,,,,,95098228231372800
arbitrum,withdraw_submit,486479651,1784711020000,0xfef32f6aa7009ddd05381eb710ef01fef04789cafedc3aa585a0b5de2e48f376,,0xbb48553d0c9470eb429ba35acd350c4c242ee902,0xfd086bc7cd5c481dcc9c85ebe478a1c0b69fcbb9,1000000,,95087465043329024
arbitrum,withdraw_submit,486480361,1784711198000,0x1653c23e3a24259fe554806a307804f263e28e117e90799b779efe9b7d4474ef,,0xbb48553d0c9470eb429ba35acd350c4c242ee902,0xfd086bc7cd5c481dcc9c85ebe478a1c0b69fcbb9,1000000,,95098228231372800
arbitrum,withdraw_final,486484387,1784712505000,0xbe3c8edb5301b54cc057c37fe37b4242b7cf1f522174fde316cfbe27aebaf631,,,,,,95226450197610496
arbitrum,withdraw_submit,486489239,1784713418000,0x9264cbe3fe3a5ec54143ddc6aa906a70b0af58fc6ea1765f495e264a3a07792f,,0x58f78c151e564c0cfbca5cb0a843db2bddfe1925,0xfd086bc7cd5c481dcc9c85ebe478a1c0b69fcbb9,18163639,,95226450197610496
arbitrum,withdraw_final,486496125,1784715440000,0xfb947d238526add298f6c6ff50196c45e37d60916097620360ecba243be0fa0f,,,,,,95392270274002944
arbitrum,withdraw_final,486500740,1784716595000,0x38e7913d178e75f1a2f057210225ca8fc3152a9437934c364ef8bbaf28bc83c0,,,,,,95460259618881536
arbitrum,withdraw_submit,486500994,1784716358000,0x63b1c64901f49a05ce9c64dd34d4a965f82ca9719eee267bb211fd5b5ecaf9c3,,0x9e315c6d00180901e6b230f9a59f26f81675aab0,0xfd086bc7cd5c481dcc9c85ebe478a1c0b69fcbb9,14100000,,95392270274002944
arbitrum,withdraw_final,486502100,1784716936000,0xe76e8585d4c4e23fed93e9db1d8a5f98e01bf14a07a068f02b02903f6fa3c4c2,,,,,,95479415173021696
arbitrum,withdraw_submit,486505551,1784717498000,0xe7467730685f3d0388f2f5a3d85910dec941e4a19bfadfeaada378988a41ad9d,,0xc597fe7a222afa2c169c58a2366f380f7344e23b,0xfd086bc7cd5c481dcc9c85ebe478a1c0b69fcbb9,1125088639,,95460259618881536
arbitrum,withdraw_submit,486506991,1784717859000,0x5988de56cf737a4a4f6c55b1ea54b5236af4949f9787468327a0ad7dfa591e93,,0xc597fe7a222afa2c169c58a2366f380f7344e23b,0xfd086bc7cd5c481dcc9c85ebe478a1c0b69fcbb9,494000000,,95479415173021696
arbitrum,withdraw_final,486618152,1784745937000,0x2966b0b081f68a40130911371b5072f21acb3328145d6dcfbda73d91932a267d,,,,,,97349074553929728
arbitrum,withdraw_submit,486622965,1784746838000,0xadd08ae8c609fdc918aea365729a70df1b84da5274e5f01553767a5c6410b5af,,0x6c86f19edfd1663afdbf2b9839b2f37718359fd8,0xfd086bc7cd5c481dcc9c85ebe478a1c0b69fcbb9,149636299,,97349074553929728
arbitrum,withdraw_final,486731640,1784774395000,0xedbc00cdf5ea23e89f8b6740272746156752cec82189e1389c27b091128f5f89,,,,,,99052621821640704
arbitrum,withdraw_submit,486736563,1784775338000,0x3bcc3f546f9b4af5a61bf3472c9ad7561621603c6ab9f1ed6fa214dc18361fff,,0xa2342780e69011a9248d0e1c8375394d11402667,0xfd086bc7cd5c481dcc9c85ebe478a1c0b69fcbb9,1000000,,99052621821640704
arbitrum,deposit,486833273,1784799619000,0x7bb71330ddd403ca7bfd75e7efb18de70dd974fa48e7a62dcda38284cc5d9f96,0xc20fdd2b41313760497a21da031ee5796ffcf620,0xc20fdd2b41313760497a21da031ee5796ffcf620,0xfd086bc7cd5c481dcc9c85ebe478a1c0b69fcbb9,2000000,2184,
arbitrum,withdraw_final,486833947,1784800089000,0xa727ec9da4f0cfa67adc020eac68c4dd58ff1c1a61765fce1799384b2fedc11b,,,,,,100564518999949312
arbitrum,withdraw_submit,486838860,1784801018000,0x6e8b3c86c6013c13c272edb8008790ae57353dfa7a0498692ad4ecbf7318cd43,,0xc20fdd2b41313760497a21da031ee5796ffcf620,0xfd086bc7cd5c481dcc9c85ebe478a1c0b69fcbb9,1000000,,100564518999949312
arbitrum,deposit,486889585,1784813694000,0x00bde4895d105bfda03f14ef1f13d9f1bde60af50124e0bff762bd8e7e2d269b,0x90278e3bfb67dc99726a595b402d55a1eb4e380a,0x90278e3bfb67dc99726a595b402d55a1eb4e380a,0xfd086bc7cd5c481dcc9c85ebe478a1c0b69fcbb9,19974190,2184,
arbitrum,deposit,487136800,1784875573000,0x418ac8c0a46e3e2ddcc24572dd20c5c764a9d2ea7455bfb944101d3cf22c93fc,0xae264b17cbc88bd198c73882b4f8448db6ba86db,0xae264b17cbc88bd198c73882b4f8448db6ba86db,0xfd086bc7cd5c481dcc9c85ebe478a1c0b69fcbb9,10000000,2184,
arbitrum,deposit,487138087,1784875895000,0x04e792d4fccb2b0b961d8e94c7447d996f5ec5f5410a960370f1161bd3a76a3a,0xae264b17cbc88bd198c73882b4f8448db6ba86db,0xae264b17cbc88bd198c73882b4f8448db6ba86db,0xfd086bc7cd5c481dcc9c85ebe478a1c0b69fcbb9,11999990000000,2184,
arbitrum,withdraw_final,487146914,1784878398000,0x76d35a266552f099e8f951efffb3ff7ad57f69c6c44022ace71065736f11744d,,,,,,105351019554144256
arbitrum,withdraw_submit,487151798,1784879319000,0xe13ee481a0dba15e8c303e70a9377503ed666f0cd8afe9aa83a6248363f8f075,,0xcf4f8cd7d82452b641fb2efcb947aea8b73ea30d,0xfd086bc7cd5c481dcc9c85ebe478a1c0b69fcbb9,1000000,,105351019554144256
arbitrum,deposit,487156698,1784880545000,0x15aba39a7124e8a68be0db811866c9769ce2162c5edd6c00d8b6cb34e23f96ed,0x246f074547d510507676dcb33cf92656c3fd574c,0x246f074547d510507676dcb33cf92656c3fd574c,0xfd086bc7cd5c481dcc9c85ebe478a1c0b69fcbb9,99000489,2184,
arbitrum,deposit,487519938,1784971320000,0x9e131b4c7a6c345fa5e73fb60ea30bbf492cef8a4a67470cd622266d87461048,0xe5de835405edc53a2f370b217aba4200abeda20a,0xe5de835405edc53a2f370b217aba4200abeda20a,0xfd086bc7cd5c481dcc9c85ebe478a1c0b69fcbb9,286516492,2184,
arbitrum,deposit,487762627,1785032154000,0x41a6073fcfb52bba318efcaca0b3e1da61b6bbe24c7369da609a05a149311389,0xeb62ef7d3faf9757e0c74cf3e9ef2e8ceeb49a9d,0xeb62ef7d3faf9757e0c74cf3e9ef2e8ceeb49a9d,0xfd086bc7cd5c481dcc9c85ebe478a1c0b69fcbb9,230000000,2184,
arbitrum,deposit,487876360,1785060665000,0x518e0fc5f6cc3a14e517f0ee82c82a0ea2445f867db7437f4a4cbe13d3bb17eb,0xdf1fc6df09ca6d017cdb784e17bee68d456b14bd,0xdf1fc6df09ca6d017cdb784e17bee68d456b14bd,0xfd086bc7cd5c481dcc9c85ebe478a1c0b69fcbb9,14256518,2184,
arbitrum,deposit,487943801,1785077499000,0x4001ed2ca4b84d52178fc4559ac240ac11bc57bc93d575e2ac49d75f996645c5,0x05cd4623c48553a3070061f557bc38a1d00f716c,0x05cd4623c48553a3070061f557bc38a1d00f716c,0xfd086bc7cd5c481dcc9c85ebe478a1c0b69fcbb9,60300000,2184,
arbitrum,withdraw_final,487953877,1785080313000,0x494f11c661dd9941d9eed52ff8efeb7dd6c4699d6f6ca91f3ddedb3394ce2d5d,,,,,,117205541603770368
arbitrum,withdraw_submit,487958703,1785081218000,0xf7274262dc87574b5253ea47f4e5753065c148e7c212378ae69cbee923537a08,,0x05cd4623c48553a3070061f557bc38a1d00f716c,0xfd086bc7cd5c481dcc9c85ebe478a1c0b69fcbb9,39000000,,117205541603770368
arbitrum,deposit,488135100,1785125333000,0xe134690ae8ccba8f13bd8304628f59128ad331ce1b678d01e0cfeb0a4c743bbe,0x62cc3e999b67cf241753954fa366d29988254faa,0x62cc3e999b67cf241753954fa366d29988254faa,0xfd086bc7cd5c481dcc9c85ebe478a1c0b69fcbb9,19000000,2184,
arbitrum,deposit,488161662,1785131973000,0xdeff65e662bd753abaf95ae30b8b471e5273673156d087efc6fdb7ec55d676ad,0x9694e1567783cd707e10fc6132df746ac3c11caf,0x9694e1567783cd707e10fc6132df746ac3c11caf,0xfd086bc7cd5c481dcc9c85ebe478a1c0b69fcbb9,1491742283,2184,
arbitrum,deposit,488195337,1785140383000,0x50ecb1ee545c775a30c4b160444919ce63c63297731580dd2b6885db96d1a1d6,0xb89f1700d37c31951727d22dbd535757a14ff2ed,0xb89f1700d37c31951727d22dbd535757a14ff2ed,0xfd086bc7cd5c481dcc9c85ebe478a1c0b69fcbb9,126960827,2184,
arbitrum,deposit,488231809,1785149494000,0xf9bc5c2d6f2a511cd3321457aa4a6222f96272126cc0962e5a175410647759ab,0xb89f1700d37c31951727d22dbd535757a14ff2ed,0xb89f1700d37c31951727d22dbd535757a14ff2ed,0xfd086bc7cd5c481dcc9c85ebe478a1c0b69fcbb9,653223407,2184,
arbitrum,deposit,488261845,1785157003000,0x91d347071b40d46eafed17476bd70348bf59e8f06ccbfa97174d9ae5a2b8ca83,0x0d045d53a2aa22f81987ab6e0f51803cc0beaca4,0x0d045d53a2aa22f81987ab6e0f51803cc0beaca4,0xfd086bc7cd5c481dcc9c85ebe478a1c0b69fcbb9,100000000,2184,
arbitrum,withdraw_final,488268322,1785158924000,0x4ad308b5a8bd404ad039f6d60070ffd073e4b1fe0fa18fec400b0bb2f144e980,,,,,,122058665669689344
arbitrum,unknown:0xeb896525,488271658,1785159457000,0x3109128493e6a04b5fa04452f3253ebe59d2c4be0976154cf8cc539ba7d2f823,,,,,,
arbitrum,withdraw_submit,488273105,1785159818000,0xf68123747beb52d4a806d2f1a1f300d1803ca5399531e99ca632fae6d2f4b5d9,,0x0d045d53a2aa22f81987ab6e0f51803cc0beaca4,0xfd086bc7cd5c481dcc9c85ebe478a1c0b69fcbb9,92827438,,122058665669689344
arbitrum,unknown:0x830c37f6,488276815,1785160744000,0x2a8fafdb396d3fb0c0b458a2239ffab36fd5c1af65bb286757ba99f373646989,,,,,,
arbitrum,unknown:0x830c37f6,488276815,1785160744000,0x2a8fafdb396d3fb0c0b458a2239ffab36fd5c1af65bb286757ba99f373646989,,,,,,
arbitrum,unknown:0x830c37f6,488276815,1785160744000,0x2a8fafdb396d3fb0c0b458a2239ffab36fd5c1af65bb286757ba99f373646989,,,,,,
arbitrum,deposit,488300482,1785166650000,0xc5c82cff7e18fc826dd0aefe3f97536782ca7bdf823511e3c82831b2e3dd1d32,0x1b8d5b8a6c49b50877b60ea2806e737b98a74cf4,0x1b8d5b8a6c49b50877b60ea2806e737b98a74cf4,0xfd086bc7cd5c481dcc9c85ebe478a1c0b69fcbb9,3900000,2184,
arbitrum,deposit,488355673,1785180440000,0xbe39e1059480bd5e41fa00d9465c539e8826ef0ea2b6153c64645cf22b763c48,0xbf397307d9391c31dd6a4517f966942cc9508f18,0xbf397307d9391c31dd6a4517f966942cc9508f18,0xfd086bc7cd5c481dcc9c85ebe478a1c0b69fcbb9,252230000,2184,
arbitrum,withdraw_final,488435375,1785200665000,0x739461d4d72b523a3018f72d9043286211d30b28409188fe4708a02762834af1,,,,,,124793236970536960
arbitrum,withdraw_submit,488440228,1785201578000,0x5f8406c496abdb5e98c3440e96a2f74e50f94a7d07ca9cfb9cb4ec2e030fdf32,,0xbf397307d9391c31dd6a4517f966942cc9508f18,0xfd086bc7cd5c481dcc9c85ebe478a1c0b69fcbb9,256461658,,124793236970536960
arbitrum,deposit,488479405,1785211386000,0xa9190d722a2aafc088e82cb76af7a26f85eff643e8d2c66af72d84dbdf6dc334,0x68815341597dd27726d17be3026aa3108baa02c4,0x68815341597dd27726d17be3026aa3108baa02c4,0xfd086bc7cd5c481dcc9c85ebe478a1c0b69fcbb9,78000000,2184,
arbitrum,deposit,488503425,1785217400000,0x239f9f3bceca8e0ea1353b684911e2084401acb56199075d21eba78d003dc7cf,0x34840add0912ee6690d071b75d87221b962182a1,0x34840add0912ee6690d071b75d87221b962182a1,0xfd086bc7cd5c481dcc9c85ebe478a1c0b69fcbb9,302969074,2184,
arbitrum,deposit,488554527,1785230184000,0xeebf595512e57e0e6409caadaf08a5030a8c3fda045c67be32a9195d3b9d6fc8,0x6a6526bf0e192696ff0290b116b1b2064056b4d9,0x6a6526bf0e192696ff0290b116b1b2064056b4d9,0xfd086bc7cd5c481dcc9c85ebe478a1c0b69fcbb9,14224776,2184,
arbitrum,withdraw_final,488556812,1785231057000,0xbcc3325af911abf97b9d12653e167762a919beccb3729f0e507d0a8c18e28366,,,,,,126645931259985920
arbitrum,withdraw_submit,488561530,1785231938000,0xf5450efc0f3e942188cc2d9118e21799c2fd7cd5324fac6ae601d8201e50b930,,0x68815341597dd27726d17be3026aa3108baa02c4,0xfd086bc7cd5c481dcc9c85ebe478a1c0b69fcbb9,72879235,,126645931259985920
arbitrum,deposit,488580413,1785236647000,0x9c2b7d5d7f4bfd9929d0f4b73069d78f1afe74b5670ce16638c43ab3a9e06dbf,0x2c2c7d0a0688b422876464e8d240493423a5e2fa,0x2c2c7d0a0688b422876464e8d240493423a5e2fa,0xfd086bc7cd5c481dcc9c85ebe478a1c0b69fcbb9,138983900,2184,
arbitrum,withdraw_final,488596464,1785240951000,0x2611c4a1cf1bb4e14df9c47e00dd41bbc516f271c73cff5e35f506ae0b0c6380,,,,,,127252346282442752
arbitrum,withdraw_submit,488601225,1785241838000,0x009178d51ccea4a53da71c6881bdf00b68f9b201d44b60426920a9f8dc484535,,0x1b8d5b8a6c49b50877b60ea2806e737b98a74cf4,0xfd086bc7cd5c481dcc9c85ebe478a1c0b69fcbb9,49000000,,127252346282442752
arbitrum,deposit,488614155,1785245059000,0x468b6575eb799f295386444fb1b861b362b73c49b6f2d614cb6e581e3f2d450d,0x4d370edc6e04aec541828d59491816a291bd2aad,0x4d370edc6e04aec541828d59491816a291bd2aad,0xfd086bc7cd5c481dcc9c85ebe478a1c0b69fcbb9,19900000,2184,
arbitrum,deposit,488618760,1785246208000,0x5a408cc50b6201f099af348f64e761c77c3ed2d69c07597c3fd58f9ba15e4aec,0xaad6624f5494066c96d1d0707106f1ad58fc1b63,0xaad6624f5494066c96d1d0707106f1ad58fc1b63,0xfd086bc7cd5c481dcc9c85ebe478a1c0b69fcbb9,200000000,2184,
arbitrum,deposit,488635011,1785250263000,0x1d7eb033b97e5215bd8db45a86135c5cc7805093e7e7e91907651f5cd7094e54,0x0451ace2c4bfc95a6bfa923559f643343dc9cdcf,0x0451ace2c4bfc95a6bfa923559f643343dc9cdcf,0xfd086bc7cd5c481dcc9c85ebe478a1c0b69fcbb9,481508914,2184,
arbitrum,deposit,488665109,1785257779000,0xe8f834b441f47082cc412a89e3353abcbc0b6ee92f35eea06ee3d11a8dbc29f0,0x1d1a547b52f26cb7041065544836fbfa8043b6da,0x1d1a547b52f26cb7041065544836fbfa8043b6da,0xfd086bc7cd5c481dcc9c85ebe478a1c0b69fcbb9,200472190,2184,
arbitrum,deposit,488684842,1785262711000,0x50a836f0973ecd25f13af81ff37f39ff5ebe6d4657ca2ac77024fe120ab33e41,0xff1882511a5673194b252c35f2530562f74f47e4,0xff1882511a5673194b252c35f2530562f74f47e4,0xfd086bc7cd5c481dcc9c85ebe478a1c0b69fcbb9,5000000000,2184,
arbitrum,deposit,488707307,1785268331000,0x74e2f74144ea5214564309c89e1f59bf936be8d71c6a97c89aadc6a8ad113017,0x0fc4acb5ceb9f2c681bf4da557fc4040ea66aef1,0x0fc4acb5ceb9f2c681bf4da557fc4040ea66aef1,0xfd086bc7cd5c481dcc9c85ebe478a1c0b69fcbb9,2691656,2184,
arbitrum,deposit,488710202,1785269056000,0x792a547003e2289c823e993a0a92097f6d851c5f7a8d7d031d23fe6288f8ed61,0x21e08c04f29febce461be04789c1ee44d0e15da8,0x21e08c04f29febce461be04789c1ee44d0e15da8,0xfd086bc7cd5c481dcc9c85ebe478a1c0b69fcbb9,56744311,2184,
arbitrum,deposit,488723710,1785272435000,0xca0b1e4410d776ca847418c093ae46269c6c6ad153a3db039ff4e21deb0cf0c1,0x0fc4acb5ceb9f2c681bf4da557fc4040ea66aef1,0x0fc4acb5ceb9f2c681bf4da557fc4040ea66aef1,0xfd086bc7cd5c481dcc9c85ebe478a1c0b69fcbb9,5145445,2184,
arbitrum,withdraw_final,488796140,1785290860000,0x42268c1ee965b7cf396c22a3a2e115120852ebfc3e8cb8f654ffac24c43ef702,,,,,,130507287235133440
arbitrum,withdraw_submit,488800921,1785291759000,0xdb9c69f436cb06aab1b6243b339fa56374452cc1fb4c2e5e9dfb33ac0a307b52,,0x34840add0912ee6690d071b75d87221b962182a1,0xfd086bc7cd5c481dcc9c85ebe478a1c0b69fcbb9,302115316,,130507287235133440
arbitrum,deposit,488844602,1785302708000,0xabd9d0b45b4b6505c7f2dc00ecd6ea87131f43296c73dfedc54c0d4f3bc9bc7b,0x0451ace2c4bfc95a6bfa923559f643343dc9cdcf,0x0451ace2c4bfc95a6bfa923559f643343dc9cdcf,0xfd086bc7cd5c481dcc9c85ebe478a1c0b69fcbb9,501219251,2184,
arbitrum,deposit,488846653,1785303223000,0x755c6b8285c26898f1665cb49d7abcb3685c0626c57211bd6cf64bd0ad08ebaf,0xddac165bfad488d34d5d7dcfcc20a0f40fce5cf5,0xddac165bfad488d34d5d7dcfcc20a0f40fce5cf5,0xfd086bc7cd5c481dcc9c85ebe478a1c0b69fcbb9,49900000,2184,
arbitrum,deposit,488864242,1785307628000,0xd330fea74d6fcc07b7034944c7c108c47c202593cca47756bf46e8cf55ac2361,0xf068ffa82085a05ad756940827789e31cd90c037,0xf068ffa82085a05ad756940827789e31cd90c037,0xfd086bc7cd5c481dcc9c85ebe478a1c0b69fcbb9,24330790,2184,
arbitrum,deposit,488866743,1785308254000,0x56c2606ab32e39e431ffa1a4f3a36e6c20ffa4cec0a9bf35bf4ff313f7deb8a6,0xb30dadd3b62d3f63c23578208d07d47a8ff08531,0xb30dadd3b62d3f63c23578208d07d47a8ff08531,0xfd086bc7cd5c481dcc9c85ebe478a1c0b69fcbb9,100860000,2184,
arbitrum,deposit,488871708,1785309496000,0x8b084661642f733efe5aa42e75530849371e6ee0139b4be3869c09c83060fbc6,0x21a02d86a23d1670153a98880ca2b2b79b6ac9d1,0x21a02d86a23d1670153a98880ca2b2b79b6ac9d1,0xfd086bc7cd5c481dcc9c85ebe478a1c0b69fcbb9,449214473,2184,
arbitrum,withdraw_final,488875347,1785310706000,0x0ba7eebe267f7141966dd455b0dfdfe19b0b9e90266f39d2dc5a7ebf6a7debb1,,,,,,131800785355800576
arbitrum,deposit,488878274,1785311138000,0x12216f13850721fe7e826eb48ce4a2af4dbaf1b5615d5f75c366215636c0ae5b,0x1a8d6d5abd8948b647c51bb7b071b718fd90d6ff,0x1a8d6d5abd8948b647c51bb7b071b718fd90d6ff,0xfd086bc7cd5c481dcc9c85ebe478a1c0b69fcbb9,95000000,2184,
arbitrum,withdraw_submit,488880193,1785311618000,0x6a30410a25c104e4d22a4dde5e0829d80d3b00a2b978259979d0990897194d66,,0xb30dadd3b62d3f63c23578208d07d47a8ff08531,0xfd086bc7cd5c481dcc9c85ebe478a1c0b69fcbb9,94160571,,131800785355800576
arbitrum,withdraw_final,488882577,1785312515000,0x0cfb23296da95fdc403c46db349be38cc5dc50940182100ed18139a43e9c8571,,,,,,131910272687276036
arbitrum,deposit,488884743,1785312755000,0x36498de586fe09d680a405cc0314809207442b7a846bd5e3c77f52f92e1367c0,0x0a5b0065d7ecac1a131a4299dedc997a68302d2d,0x0a5b0065d7ecac1a131a4299dedc997a68302d2d,0xfd086bc7cd5c481dcc9c85ebe478a1c0b69fcbb9,100000000,2184,
arbitrum,deposit,488884844,1785312781000,0x87f4a5bc452cc7a76a66238ed5d472dc97506731a2e14a7b48c605da9b63fe2a,0x7457fd965d22fb844d3e420494eefdb5df4b9a98,0x7457fd965d22fb844d3e420494eefdb5df4b9a98,0xfd086bc7cd5c481dcc9c85ebe478a1c0b69fcbb9,94000000,2184,
arbitrum,withdraw_submit,488887400,1785313418000,0xa57a73091c099f0339588f9e8a9928c137b4ed1630d71a3d536b587188a02e5a,,0x1a8d6d5abd8948b647c51bb7b071b718fd90d6ff,0xfd086bc7cd5c481dcc9c85ebe478a1c0b69fcbb9,77000000,,131910272687276036
arbitrum,deposit,488888395,1785313668000,0xa85b826c60c2ff3f383ed1d376685d1c1bc074be3558fc8a4e819d624c5d4054,0x789ace48b07382a1aa440294c016df47120d9b01,0x789ace48b07382a1aa440294c016df47120d9b01,0xfd086bc7cd5c481dcc9c85ebe478a1c0b69fcbb9,20021406,2184,
arbitrum,withdraw_final,488889175,1785314162000,0x53c26ecb488e98f879c988a32deb4fca5992ca161b40982b4c213714274bcf95,,,,,,132016014752743424
arbitrum,withdraw_submit,488894122,1785315098000,0xd7dba24ac94bace9721809e9150afd6909658739a888ce738561ab817851aaff,,0x7457fd965d22fb844d3e420494eefdb5df4b9a98,0xfd086bc7cd5c481dcc9c85ebe478a1c0b69fcbb9,65000000,,132016014752743424
arbitrum,deposit,488915109,1785320341000,0xd95b13b8097cfabd2d5dc93157af9d1e04b3e14fa0897fc0c5f0522609fbce48,0xbb48553d0c9470eb429ba35acd350c4c242ee902,0xbb48553d0c9470eb429ba35acd350c4c242ee902,0xfd086bc7cd5c481dcc9c85ebe478a1c0b69fcbb9,2000000,2184,
arbitrum,withdraw_final,488915340,1785320699000,0xae97b8528bee10282995caaaa9308f264ae90aa295187634965584ebdff75d2e,,,,,,132409820312502272
arbitrum,withdraw_submit,488920297,1785321638000,0x88279a94835a4c5f4e53d62740521cf73613476611a110da8ab2dd90a3c01cc7,,0xbb48553d0c9470eb429ba35acd350c4c242ee902,0xfd086bc7cd5c481dcc9c85ebe478a1c0b69fcbb9,1000000,,132409820312502272
arbitrum,deposit,488926552,1785323201000,0x01e284bce8b1ca5efe260a9baca99920cf3ef67ad90ba8642903a48e643e882b,0xf2e4115727cd713de5de4d8c0a01944bb1904e42,0xf2e4115727cd713de5de4d8c0a01944bb1904e42,0xfd086bc7cd5c481dcc9c85ebe478a1c0b69fcbb9,30000000,2184,
arbitrum,deposit,488954636,1785330222000,0x93e3e963ccf25ea1b901d7e574acef60b2ab35fdb0275c67f584f823ba65e3a7,0x59077670dbccc6b388d56a140e2b65c337dd1748,0x59077670dbccc6b388d56a140e2b65c337dd1748,0xfd086bc7cd5c481dcc9c85ebe478a1c0b69fcbb9,19355759,2184,
arbitrum,withdraw_final,488957360,1785331203000,0x9f028d79e83acc9b93f3f1ef13282eeff0becd8e4829eb5317095070de23479a,,,,,,133044685189939200
arbitrum,withdraw_submit,488962301,1785332138000,0xa97d3eefd8bdb5e79770deb01299cca18d7af6d9dc1fee7fba79c29463c75c4c,,0x59077670dbccc6b388d56a140e2b65c337dd1748,0xfd086bc7cd5c481dcc9c85ebe478a1c0b69fcbb9,14692881,,133044685189939200
arbitrum,deposit,488965945,1785333047000,0xe4bec90ae93bb1ce776376c0b114d01ebc6c0cc13b092b2e8932bcf991461892,0x4feb1eed50f5a9a404bdaa30152ccb4f0b844f8e,0x4feb1eed50f5a9a404bdaa30152ccb4f0b844f8e,0xfd086bc7cd5c481dcc9c85ebe478a1c0b69fcbb9,14570000,2184,
arbitrum,deposit,488973525,1785334940000,0x8c313fac02ec413d46230e06c6cea919a8a64804d58b63d0e4a5251051272141,0xbb48553d0c9470eb429ba35acd350c4c242ee902,0xbb48553d0c9470eb429ba35acd350c4c242ee902,0xfd086bc7cd5c481dcc9c85ebe478a1c0b69fcbb9,2000000,2184,
arbitrum,withdraw_final,488973738,1785335293000,0xeee21718fd1d6fd2396b01f0f2383c3b8d11250a44442e9a171063a1ae6d5756,,,,,,133330687070568448
arbitrum,withdraw_submit,488978641,1785336219000,0xbd819dd5aad1a521a9ee65af7f6c19fbdd9342d935a2cc141ad5f9c0f8850c13,,0xbb48553d0c9470eb429ba35acd350c4c242ee902,0xfd086bc7cd5c481dcc9c85ebe478a1c0b69fcbb9,1000000,,133330687070568448
arbitrum,deposit,489008548,1785343694000,0x215b97ba78f585e30669941445af7d54b33eab99b13483299999a4453fcc56ce,0xbb48553d0c9470eb429ba35acd350c4c242ee902,0xbb48553d0c9470eb429ba35acd350c4c242ee902,0xfd086bc7cd5c481dcc9c85ebe478a1c0b69fcbb9,2000000,2184,
arbitrum,withdraw_final,489008723,1785344037000,0xafe9834a1b878449f4ec384879f8414efbf1acc1a5009f3f0e3fcdf76dcde512,,,,,,133927361107197952
arbitrum,deposit,489011206,1785344358000,0xc8060e5e117284f150802ea5c36cf75a6b1fca5afd0bb5e1957156c0d7d1f43c,0xd4146a07d07e6db0a3c83c619217ff3d161f0654,0xd4146a07d07e6db0a3c83c619217ff3d161f0654,0xfd086bc7cd5c481dcc9c85ebe478a1c0b69fcbb9,3193666,2184,
arbitrum,withdraw_submit,489013689,1785344978000,0x04754c9dca2aae0a1e0aeb63b04a7f8fbb62f318588b11f8032103f6d0823111,,0xbb48553d0c9470eb429ba35acd350c4c242ee902,0xfd086bc7cd5c481dcc9c85ebe478a1c0b69fcbb9,1000000,,133927361107197952
arbitrum,deposit,489022994,1785347304000,0xa8c22469d7d7ac39b7482cb30a4d16eac13bea8abb76490c81d685172b9593e3,0x48b576c87e788a762d6f95a456f2a39113b46950,0x48b576c87e788a762d6f95a456f2a39113b46950,0xfd086bc7cd5c481dcc9c85ebe478a1c0b69fcbb9,40041228,2184,
arbitrum,deposit,489026613,1785348208000,0xdbe53a1f3408a04eb56f8b5629d94e4450d83631768d5c0d1bc83e87a84a3a61,0x48b576c87e788a762d6f95a456f2a39113b46950,0x48b576c87e788a762d6f95a456f2a39113b46950,0xfd086bc7cd5c481dcc9c85ebe478a1c0b69fcbb9,41858299,2184,
arbitrum,deposit,489055889,1785355520000,0xabbb62adb1e6daf7aa39cd7c09e76f30b1e8710bc511807413b57004836656ea,0x55710aa3bb05b611fcf16d02e28cc35beb89bae7,0x55710aa3bb05b611fcf16d02e28cc35beb89bae7,0xfd086bc7cd5c481dcc9c85ebe478a1c0b69fcbb9,99840080,2184,
arbitrum,deposit,489059977,1785356539000,0x498627cfe9df830c424fb0213a6f7967a156ab39f74045762f16b127199fdff2,0xbb48553d0c9470eb429ba35acd350c4c242ee902,0xbb48553d0c9470eb429ba35acd350c4c242ee902,0xfd086bc7cd5c481dcc9c85ebe478a1c0b69fcbb9,2000000,2184,
arbitrum,withdraw_final,489060197,1785356895000,0x5093096b380cf105dc9fe468b63be4cf60029ebcacffa75e30c653ee123e98b7,,,,,,134831941349277696
arbitrum,withdraw_submit,489065093,1785357818000,0xb317d73ad6a8906d69e5c0e6355b553d96f8e355c36e9507fa9eb86cefa0ea2c,,0xbb48553d0c9470eb429ba35acd350c4c242ee902,0xfd086bc7cd5c481dcc9c85ebe478a1c0b69fcbb9,1000000,,134831941349277696
arbitrum,deposit,489074073,1785360066000,0x02a1f391a3ff974bd82bc72540e349d9f16e9781a11198430f149502b3bb4376,0x2162feb49e9efe2506de3273f4edabe09d36cbaf,0x2162feb49e9efe2506de3273f4edabe09d36cbaf,0xfd086bc7cd5c481dcc9c85ebe478a1c0b69fcbb9,25125379,2184,
arbitrum,deposit,489146226,1785378140000,0x8c2362d53d122a887fc582e76d4ea69d1f054ca3e4fcc95cfdf1c715fe4a23c1,0xbb48553d0c9470eb429ba35acd350c4c242ee902,0xbb48553d0c9470eb429ba35acd350c4c242ee902,0xfd086bc7cd5c481dcc9c85ebe478a1c0b69fcbb9,2000000,2184,
arbitrum,withdraw_final,489146385,1785378480000,0xe0ca0a808e1976b841c571696a3ba6d0afa9ba05bb6f5983675e564b4b09377f,,,,,,136223545112920064
arbitrum,withdraw_submit,489151323,1785379418000,0x28b74657248d2443ba6f155a68ecb82977badfc97fe5762d8857ed14510604d2,,0xbb48553d0c9470eb429ba35acd350c4c242ee902,0xfd086bc7cd5c481dcc9c85ebe478a1c0b69fcbb9,1000000,,136223545112920064
arbitrum,deposit,489155017,1785380345000,0x21b27af4bec76810bfeb4479a98a6473369a16829b35b3d3490c5e4f3ed19f6a,0x4feb1eed50f5a9a404bdaa30152ccb4f0b844f8e,0x4feb1eed50f5a9a404bdaa30152ccb4f0b844f8e,0xfd086bc7cd5c481dcc9c85ebe478a1c0b69fcbb9,45723510,2184,
arbitrum,deposit,489159421,1785381447000,0x61ad86b80f91a0b31a7c9f06af21aa9335036e934ce080fbe91bc0da1457d70a,0xa7622d217234f264410fb1f57ad0b940de5dc179,0xa7622d217234f264410fb1f57ad0b940de5dc179,0xfd086bc7cd5c481dcc9c85ebe478a1c0b69fcbb9,506339841,2184,
arbitrum,deposit,489172742,1785384785000,0x29f98a0de2ae686bd3459a3e23af9e486ec5ec350e1a4d1f0d9c8dc15994d631,0xd4146a07d07e6db0a3c83c619217ff3d161f0654,0xd4146a07d07e6db0a3c83c619217ff3d161f0654,0xfd086bc7cd5c481dcc9c85ebe478a1c0b69fcbb9,2528504,2184,
arbitrum,deposit,489201296,1785391954000,0x50b2792047d4b5ea968dc428b8a34185668620e129b6e2a7bfecccc584329a0c,0xae507de137ee051a5fbb39fede471c9ab482ee63,0xae507de137ee051a5fbb39fede471c9ab482ee63,0xfd086bc7cd5c481dcc9c85ebe478a1c0b69fcbb9,2230000,2184,
arbitrum,deposit,489201599,1785392030000,0x067f043d5bd1b3408084bc37cef86cbe7d97c5dc5aea42df1818fa6e4586c272,0xae507de137ee051a5fbb39fede471c9ab482ee63,0xae507de137ee051a5fbb39fede471c9ab482ee63,0xfd086bc7cd5c481dcc9c85ebe478a1c0b69fcbb9,700003075,2184,
arbitrum,withdraw_final,489206573,1785393575000,0x143b794770af7b05c60eeb88f2eb99c4bed599888c5efed0927d9f1b16a9a7d6,,,,,,137141895024345088
arbitrum,withdraw_submit,489211389,1785394480000,0xb3654a885f16736ecea9bc67e86f5fdc9c58f33a6cc65a271e65d8a4a1cd2d9e,,0xae507de137ee051a5fbb39fede471c9ab482ee63,0xfd086bc7cd5c481dcc9c85ebe478a1c0b69fcbb9,701233075,,137141895024345088
arbitrum,deposit,489213538,1785395018000,0x741fc78364c984ba36e52fd6c25a8598516cd5fe55d94c4b044e9a51510aadd9,0xae507de137ee051a5fbb39fede471c9ab482ee63,0xae507de137ee051a5fbb39fede471c9ab482ee63,0xfd086bc7cd5c481dcc9c85ebe478a1c0b69fcbb9,701233075,2184,
arbitrum,withdraw_final,489215218,1785395738000,0xc6e3535a35e7c1ba4b920598e90b8852b7912c28efcc14af86a5f67a7ce2cc2a,,,,,,137273286663864320
arbitrum,withdraw_submit,489220025,1785396638000,0x14fc6beaa025e7fef9b3513f2715658d718b01981a9f2f70589ff657818a6617,,0xae507de137ee051a5fbb39fede471c9ab482ee63,0xfd086bc7cd5c481dcc9c85ebe478a1c0b69fcbb9,693221156,,137273286663864320
arbitrum,deposit,489232451,1785399740000,0x92855d8b255a707245bc8a3763623786e924e374dfb314e44060829f5df073f5,0xbb48553d0c9470eb429ba35acd350c4c242ee902,0xbb48553d0c9470eb429ba35acd350c4c242ee902,0xfd086bc7cd5c481dcc9c85ebe478a1c0b69fcbb9,2000000,2184,
arbitrum,withdraw_final,489232671,1785400094000,0xe42f8ecd415c579893d3ed9443c3f41624dcb17e07526ad6859b2fd161569597,,,,,,137547004925444096
arbitrum,withdraw_submit,489237576,1785401018000,0x33e239d03342d288d1ec6d461e079b814323c72972a1240380a83f8598351200,,0xbb48553d0c9470eb429ba35acd350c4c242ee902,0xfd086bc7cd5c481dcc9c85ebe478a1c0b69fcbb9,1000000,,137547004925444096
arbitrum,deposit,489252593,1785404775000,0x831a3b9ab944b8e487542ccd257a38250e630323f3b63a5dcec9252917fc0016,0xd4146a07d07e6db0a3c83c619217ff3d161f0654,0xd4146a07d07e6db0a3c83c619217ff3d161f0654,0xfd086bc7cd5c481dcc9c85ebe478a1c0b69fcbb9,1577892,2184,
arbitrum,deposit,489258424,1785406234000,0x85f4c1da509a9978690b3d30d429d551019a398f46bf1c7f94cf1055e6dab9b4,0xa7e68a71b05922db9b30ff858e5755538e7f9136,0xa7e68a71b05922db9b30ff858e5755538e7f9136,0xfd086bc7cd5c481dcc9c85ebe478a1c0b69fcbb9,53315572,2184,
arbitrum,deposit,489266736,1785408310000,0x2eec0eca86d946f91cad1d41438de4f5794b2968f771ca4c76d679eb18b1e035,0x2a8f1eeb2c4766925c27050883b3015db3e4bb36,0x2a8f1eeb2c4766925c27050883b3015db3e4bb36,0xfd086bc7cd5c481dcc9c85ebe478a1c0b69fcbb9,1000000,2184,
arbitrum,deposit,489267258,1785408441000,0x795fc1dffea5dd47b513d001234426f8aa0e415851200b89606c6b974d74030a,0x2a8f1eeb2c4766925c27050883b3015db3e4bb36,0x2a8f1eeb2c4766925c27050883b3015db3e4bb36,0xfd086bc7cd5c481dcc9c85ebe478a1c0b69fcbb9,48000000,2184,
arbitrum,withdraw_final,489275109,1785410705000,0xec3328016ae95ec469290ba1415d221fc49f60e8a98bd4d77c51442002c85644,,,,,,138183012289347584
arbitrum,withdraw_submit,489280040,1785411640000,0xe03d66c1dcb29b1023b86733eba2868abf3deb9bbd3a4130a75d163b9d909d73,,0xa7e68a71b05922db9b30ff858e5755538e7f9136,0xfd086bc7cd5c481dcc9c85ebe478a1c0b69fcbb9,29903542,,138183012289347584
arbitrum,deposit,489318870,1785421340000,0xe813b47e72ebfebe774652e9cc3d607066bb2b479555c1af0c6a12a44ed6a98b,0xbb48553d0c9470eb429ba35acd350c4c242ee902,0xbb48553d0c9470eb429ba35acd350c4c242ee902,0xfd086bc7cd5c481dcc9c85ebe478a1c0b69fcbb9,2000000,2184,
arbitrum,withdraw_final,489319090,1785421695000,0xa072ef3dacf891384d393e4e9f7632e9efd6b9bdeb35eb8ec56d04e5fda489df,,,,,,138886330347159552
arbitrum,withdraw_submit,489323988,1785422619000,0x7ee954f49af775a9ec0c05f3b9e4a6dd8e34cce0ec8a03f719476050818971a2,,0xbb48553d0c9470eb429ba35acd350c4c242ee902,0xfd086bc7cd5c481dcc9c85ebe478a1c0b69fcbb9,1000000,,138886330347159552
arbitrum,deposit,489333657,1785425034000,0x48252387c6ec65b249ef9df7ff99310a2e8dc55529ab715ef14ee0b3fbe01d8b,0x7b55f538e47e7e7a17a0ccea07e8afc891353f03,0x7b55f538e47e7e7a17a0ccea07e8afc891353f03,0xfd086bc7cd5c481dcc9c85ebe478a1c0b69fcbb9,200000000,2184,
arbitrum,deposit,489337935,1785426104000,0xbab54f8f462a0309901523b8bb8e315c320f662a214d1575da263565317df35b,0x6394e2af51676e54649ce253f1c29e02be341f0f,0x6394e2af51676e54649ce253f1c29e02be341f0f,0xfd086bc7cd5c481dcc9c85ebe478a1c0b69fcbb9,166485489,2184,
arbitrum,deposit,489344643,1785427784000,0x0f0fb45882c856071ecb200015a3b68feed07e4d6edb00a4e67935a4f311841d,0xd529d321a0e8db175ca7ea28908427e3fa83730d,0xd529d321a0e8db175ca7ea28908427e3fa83730d,0xfd086bc7cd5c481dcc9c85ebe478a1c0b69fcbb9,15200000,2184,
arbitrum,deposit,489365206,1785432951000,0x7bb7c4462fee1a5761dc66708a4f7ddb6118a61d9def201e919cf2aa25725f6b,0x9e5880a24c228b3235a0965e345dafd84e5c4428,0x9e5880a24c228b3235a0965e345dafd84e5c4428,0xfd086bc7cd5c481dcc9c85ebe478a1c0b69fcbb9,11000000,2184,
arbitrum,withdraw_final,489368403,1785434055000,0x65788a8bc528cb33a95bd4d78de86d47ff6415755f7eb6de4d697dcf41cf9af4,,,,,,139680066094235648
arbitrum,withdraw_submit,489373240,1785434978000,0x4991b7ea98d88dc11d0b06b3266285fa876c14218e30c5fee1b92abe9cf6fc61,,0x2162feb49e9efe2506de3273f4edabe09d36cbaf,0xfd086bc7cd5c481dcc9c85ebe478a1c0b69fcbb9,19827343,,139680066094235648
arbitrum,deposit,489378908,1785436412000,0x00a32ca2c53cae83f94af93fc496844320acb3a688e5a39a465bcec5a18b424c,0x25018fefc891ed1c35a4742df59bff674dad6434,0x25018fefc891ed1c35a4742df59bff674dad6434,0xfd086bc7cd5c481dcc9c85ebe478a1c0b69fcbb9,18227374,2184,
arbitrum,deposit,489395120,1785440480000,0x9261ca0f919429db1145dbc3cd6b08d230190dc94f6aa5da8d69dfca022b6292,0x7457fd965d22fb844d3e420494eefdb5df4b9a98,0x7457fd965d22fb844d3e420494eefdb5df4b9a98,0xfd086bc7cd5c481dcc9c85ebe478a1c0b69fcbb9,796850049,2184,
arbitrum,deposit,489403399,1785442552000,0xd07e9b2112e1ec8baf02ecad607b96ecd38c48ef3be2a72c6430fa2c26aaaf29,0x2162feb49e9efe2506de3273f4edabe09d36cbaf,0x2162feb49e9efe2506de3273f4edabe09d36cbaf,0xfd086bc7cd5c481dcc9c85ebe478a1c0b69fcbb9,22255191,2184,
arbitrum,deposit,489404938,1785442940000,0xad12042fb887e72817d984a3fdc1c7be66126c1a9043c66314bc80e7b552613e,0xbb48553d0c9470eb429ba35acd350c4c242ee902,0xbb48553d0c9470eb429ba35acd350c4c242ee902,0xfd086bc7cd5c481dcc9c85ebe478a1c0b69fcbb9,2000000,2184,
arbitrum,withdraw_final,489405106,1785443282000,0xe7c0fada5c95df99d6c10e40f8aa8c9dffb3afdc01f7e7d37689df3c2251db93,,,,,,140233412479811584
arbitrum,deposit,489406861,1785443421000,0x41e73c0c59e6abee572d0e905083d53073fb5b80d908425d6932aabe0c8af1c8,0x72c5cd18a51d53db34072546a7a38a4f73600d92,0x72c5cd18a51d53db34072546a7a38a4f73600d92,0xfd086bc7cd5c481dcc9c85ebe478a1c0b69fcbb9,50000000,2184,
arbitrum,withdraw_submit,489410050,1785444218000,0xcbe9316ce3c12ee84189e9db8756658341be9f4aa8e5dead420558b238c0813c,,0xbb48553d0c9470eb429ba35acd350c4c242ee902,0xfd086bc7cd5c481dcc9c85ebe478a1c0b69fcbb9,1000000,,140233412479811584
arbitrum,deposit,489491248,1785464540000,0xe7caae002b474747ee58edd39efab33593d800d0cb8a9498098a0e8d5a9fb5e0,0xbb48553d0c9470eb429ba35acd350c4c242ee902,0xbb48553d0c9470eb429ba35acd350c4c242ee902,0xfd086bc7cd5c481dcc9c85ebe478a1c0b69fcbb9,2000000,2184,
arbitrum,withdraw_final,489491399,1785464878000,0x16516c56d108432091a5d9d83120f8510f68738a66a35910c180a984f996f8d9,,,,,,141556898062139392
arbitrum,deposit,489493523,1785465108000,0xa107649b73ace72da77fe3ddbee8adb2096aec3d58126beeb754b93a97479e72,0x48b576c87e788a762d6f95a456f2a39113b46950,0x48b576c87e788a762d6f95a456f2a39113b46950,0xfd086bc7cd5c481dcc9c85ebe478a1c0b69fcbb9,50102257,2184,
arbitrum,withdraw_submit,489496359,1785465818000,0xc160daf57c29b9d3f3ac3d2ab6162bb87b163cb4f0433011d8b2e8467cd14d8c,,0xbb48553d0c9470eb429ba35acd350c4c242ee902,0xfd086bc7cd5c481dcc9c85ebe478a1c0b69fcbb9,1000000,,141556898062139392
arbitrum,deposit,489513444,1785470092000,0x06e59104946d03b99e6f98cbcc11cb4e932aef62ebd4db24a84db884fcb0b040,0xb9dee0dcf2e08aebde7308160cd3e4860c4b0c05,0xb9dee0dcf2e08aebde7308160cd3e4860c4b0c05,0xfd086bc7cd5c481dcc9c85ebe478a1c0b69fcbb9,96761880,2184,
arbitrum,deposit,489552111,1785479754000,0x94a3f5aac0bdfa0b19c23ace5319d15564dd77b32a3e484ff7f56165523665c2,0x48b576c87e788a762d6f95a456f2a39113b46950,0x48b576c87e788a762d6f95a456f2a39113b46950,0xfd086bc7cd5c481dcc9c85ebe478a1c0b69fcbb9,7098235,2184,
arbitrum,deposit,489552278,1785479795000,0xfe326f848db8ffd1abba75fed6c44efdc1c779318dfbd1338de3faaa6529f37b,0x8361b6b46d9fe73c88f155768550da75c261d34c,0x8361b6b46d9fe73c88f155768550da75c261d34c,0xfd086bc7cd5c481dcc9c85ebe478a1c0b69fcbb9,1000000,2184,
arbitrum,deposit,489552561,1785479866000,0x048f2ea2979333d69448838b7abda02c8f9a069a3b07a5236a9c9502cda5d57a,0x8361b6b46d9fe73c88f155768550da75c261d34c,0x8361b6b46d9fe73c88f155768550da75c261d34c,0xfd086bc7cd5c481dcc9c85ebe478a1c0b69fcbb9,3000000,2184,
arbitrum,withdraw_final,489552852,1785480239000,0x513b66373038d05da4776d0340bdfcae0e994b79fa06eaa67a8341a6e5b5512d,,,,,,142486337583316992
arbitrum,withdraw_submit,489557804,1785481178000,0x4172c3c5348a8093a0987b728b0321967bcd42974e802ce4724c6c2024bbed5c,,0x8361b6b46d9fe73c88f155768550da75c261d34c,0xfd086bc7cd5c481dcc9c85ebe478a1c0b69fcbb9,1000000,,142486337583316992
arbitrum,deposit,489572076,1785484737000,0xdddfa0338b5d63bbaf458541237051026cd73b3e4a6e1921f637f556d3d81b9d,0x245d194aff472490a3424200bfdeecab85ddec21,0x245d194aff472490a3424200bfdeecab85ddec21,0xfd086bc7cd5c481dcc9c85ebe478a1c0b69fcbb9,5000000,2184,
arbitrum,withdraw_final,489574756,1785485707000,0x83b2fd6c8d091194236d35c8d7b69182f9b4bbfe8d1ea422bc7cfa7c10a5e7c1,,,,,,142832563499565056
arbitrum,deposit,489577687,1785486140000,0x7f458be071426ffd053d96b5025d5c8d73c2255f87670c65053f6cbf8af453a3,0xbb48553d0c9470eb429ba35acd350c4c242ee902,0xbb48553d0c9470eb429ba35acd350c4c242ee902,0xfd086bc7cd5c481dcc9c85ebe478a1c0b69fcbb9,2000000,2184,
arbitrum,withdraw_final,489577902,1785486492000,0x0193bd5acc8848a22f07279d6959ad05a230b1a4b932395d9cd398bcc298eba8,,,,,,142880838911000576
arbitrum,withdraw_submit,489579685,1785486638000,0x643a1027d26d140ed42781715ed5f74d3e781af4e9f233b712e5bd23f6817679,,0x6394e2af51676e54649ce253f1c29e02be341f0f,0xfd086bc7cd5c481dcc9c85ebe478a1c0b69fcbb9,321890065,,142832563499565056
arbitrum,withdraw_submit,489582804,1785487418000,0xefba39337aa6e930e6410ef1213388cfce4341c4d6c4e1cc632da5b022a0af04,,0xbb48553d0c9470eb429ba35acd350c4c242ee902,0xfd086bc7cd5c481dcc9c85ebe478a1c0b69fcbb9,1000000,,142880838911000576
arbitrum,deposit,489601313,1785492045000,0xc519884f613448e454cecd9427f397222eb3e45689169f252a39c3b495ecdda7,0x21a02d86a23d1670153a98880ca2b2b79b6ac9d1,0x21a02d86a23d1670153a98880ca2b2b79b6ac9d1,0xfd086bc7cd5c481dcc9c85ebe478a1c0b69fcbb9,400700000,2184,
arbitrum,deposit,489612453,1785494828000,0xafba49a53bb93d23b3b436307e704f954e5eabbd7acd035757e7b6b8dcc5bbd6,0x8361b6b46d9fe73c88f155768550da75c261d34c,0x8361b6b46d9fe73c88f155768550da75c261d34c,0xfd086bc7cd5c481dcc9c85ebe478a1c0b69fcbb9,817000000,2184,
arbitrum,deposit,489627710,1785498638000,0x9e874d5d7a5af0eaa5ef17f51df267dc6bc470a20fddbd5fab10fe2b1c58d188,0x45032a436bcea53b3105103444c81554639e26ff,0x45032a436bcea53b3105103444c81554639e26ff,0xfd086bc7cd5c481dcc9c85ebe478a1c0b69fcbb9,11787143,2184,
arbitrum,deposit,489629979,1785499205000,0xce002f39147539e298e758ae85037902203d5ebb9f0e1d9ed9b7cc63cbc7c16f,0x45032a436bcea53b3105103444c81554639e26ff,0x45032a436bcea53b3105103444c81554639e26ff,0xfd086bc7cd5c481dcc9c85ebe478a1c0b69fcbb9,11314228,2184,
arbitrum,deposit,489658529,1785506335000,0x9d15640d0bb603baebdb4c4ec19b6d00aea207f1465d3b9aa553de1f2db1ca49,0x6394e2af51676e54649ce253f1c29e02be341f0f,0x6394e2af51676e54649ce253f1c29e02be341f0f,0xfd086bc7cd5c481dcc9c85ebe478a1c0b69fcbb9,343923000,2184,
arbitrum,deposit,489660591,1785506849000,0xc9c3681a7c0f37ff1288a5b30ba96566c7f93becd32f59ba9eb96c71b42df38d,0x686f252b2e566b29d90e21533923318b7bf88cdc,0x686f252b2e566b29d90e21533923318b7bf88cdc,0xfd086bc7cd5c481dcc9c85ebe478a1c0b69fcbb9,62255120,2184,
arbitrum,deposit,489664169,1785507740000,0x823a55b9eae1f0a2394d6e3db27dcd61cdcbf057d50fe48122fbbc22b0597098,0xbb48553d0c9470eb429ba35acd350c4c242ee902,0xbb48553d0c9470eb429ba35acd350c4c242ee902,0xfd086bc7cd5c481dcc9c85ebe478a1c0b69fcbb9,2000000,2184,
arbitrum,withdraw_final,489664398,1785508098000,0x1edd37f20960a55e0fb0f126709d95b50d44c305ce95016e86dbc2f926cb53f4,,,,,,144236287639945216
arbitrum,withdraw_submit,489669290,1785509019000,0x86da6a6a9275d7451ebeb0a581da8ad2ca2d7519b2bbf81e51d75517f6509d4a,,0xbb48553d0c9470eb429ba35acd350c4c242ee902,0xfd086bc7cd5c481dcc9c85ebe478a1c0b69fcbb9,1000000,,144236287639945216
arbitrum,deposit,489690684,1785514359000,0x802fb637cf7fcc2ad5c7f8a4f9cdc08b471e329aec8dacc28a6f968016adc4a1,0x4feb1eed50f5a9a404bdaa30152ccb4f0b844f8e,0x4feb1eed50f5a9a404bdaa30152ccb4f0b844f8e,0xfd086bc7cd5c481dcc9c85ebe478a1c0b69fcbb9,20000000,2184,
arbitrum,deposit,489703567,1785517579000,0xb108c652a4c16e6e87a081e246b414c2a7e69a7ef56f1751f6fbf0ba344e5bbc,0xc3f01f6e61c0cedba21b6e22ea5a005e7b5ece03,0xc3f01f6e61c0cedba21b6e22ea5a005e7b5ece03,0xfd086bc7cd5c481dcc9c85ebe478a1c0b69fcbb9,500000000,2184,
arbitrum,deposit,489727239,1785523493000,0x967982c1ef0893af677a76bc4e53c002a8a9f8015800f48c90b455cedd474ebe,0x48b576c87e788a762d6f95a456f2a39113b46950,0x48b576c87e788a762d6f95a456f2a39113b46950,0xfd086bc7cd5c481dcc9c85ebe478a1c0b69fcbb9,40034203,2184,
arbitrum,withdraw_final,489743091,1785527754000,0x4ffbb5b66cce436abee2b2a8d59716259a10bc4004d8b53b7d628a46f24753ff,,,,,,145501585001152512
arbitrum,withdraw_submit,489748082,1785528698000,0x1f4b3bb4f31b813aa0b8e3b1e04bb369b372a71928c367a87d74842bfa55ca51,,0x21a02d86a23d1670153a98880ca2b2b79b6ac9d1,0xfd086bc7cd5c481dcc9c85ebe478a1c0b69fcbb9,99000000,,145501585001152512
arbitrum,deposit,489750652,1785529340000,0x58661b0b872d58b13b8c20b1716996a97a0eac3e8b4e9edd7e342522c5c83f2d,0xbb48553d0c9470eb429ba35acd350c4c242ee902,0xbb48553d0c9470eb429ba35acd350c4c242ee902,0xfd086bc7cd5c481dcc9c85ebe478a1c0b69fcbb9,2000000,2184,
arbitrum,withdraw_final,489750805,1785529678000,0xfd7767bdda99d52d51913954a9203c96dbaa2e0a8c73180e50d12b4a0b37a9f2,,,,,,145616063063654400
arbitrum,withdraw_submit,489755769,1785530618000,0x606f9532121bba8cbfea5d030d3e4d4cb66a59b8843983997b2f4f86f87a3564,,0xbb48553d0c9470eb429ba35acd350c4c242ee902,0xfd086bc7cd5c481dcc9c85ebe478a1c0b69fcbb9,1000000,,145616063063654400
arbitrum,deposit,489776247,1785535731000,0x03dec950b398076fb6696adc2a69d524e9d53b39c37446910406e2a6eea51949,0xfba31dfa3c6612abca9a27f65af77d9fed7e2db7,0xfba31dfa3c6612abca9a27f65af77d9fed7e2db7,0xfd086bc7cd5c481dcc9c85ebe478a1c0b69fcbb9,997392164,2184,
arbitrum,withdraw_final,489805014,1785543225000,0xbac513e5c74c0ffeb93dbc10b83a9b0b3a812e28a812cd0ba933cb878b1ed838,,,,,,146385875842891776
arbitrum,deposit,489808751,1785543859000,0xe7485245b6c4f4c48abe0a30a4aee3c080e5fab42dce3bcfac6840d944901a97,0xd529d321a0e8db175ca7ea28908427e3fa83730d,0xd529d321a0e8db175ca7ea28908427e3fa83730d,0xfd086bc7cd5c481dcc9c85ebe478a1c0b69fcbb9,6160000,2184,
arbitrum,withdraw_submit,489809786,1785544118000,0x3c8efecb943b0b35a16ac6387a6951a3a973bd78f3f04ea278bf1ef019868fff,,0x6394e2af51676e54649ce253f1c29e02be341f0f,0xfd086bc7cd5c481dcc9c85ebe478a1c0b69fcbb9,377123887,,146385875842891776
arbitrum,deposit,489837067,1785550940000,0x427274ce694036b5d8eb051230e1a05f1288155a1121d89dcf446cfc443a5af2,0xbb48553d0c9470eb429ba35acd350c4c242ee902,0xbb48553d0c9470eb429ba35acd350c4c242ee902,0xfd086bc7cd5c481dcc9c85ebe478a1c0b69fcbb9,2000000,2184,
arbitrum,withdraw_final,489837236,1785551283000,0xd09ae0dbf9c6879f20d60f70d2aa06605117abf0540db88be2ab5c43f302ac0c,,,,,,146831719197048832
arbitrum,withdraw_submit,489842175,1785552218000,0x32242d369824bcc5be69d86328b734b38bd1816486855dd6b83ba4f5fcf29602,,0xbb48553d0c9470eb429ba35acd350c4c242ee902,0xfd086bc7cd5c481dcc9c85ebe478a1c0b69fcbb9,1000000,,146831719197048832
arbitrum,deposit,489849020,1785553930000,0x93efd999194bf889bf898744a234c6f9496c9053a0f775c4888b6d44a27c6cff,0xf36e4157ee21218ebb3eefe4d5aa46226875029f,0xf36e4157ee21218ebb3eefe4d5aa46226875029f,0xfd086bc7cd5c481dcc9c85ebe478a1c0b69fcbb9,20000000,2184,
arbitrum,deposit,489872449,1785559789000,0xb7d5006d26f9f0b65087c0eab9f26d299bbb18093734687ce0e9c3537fe03aab,0x1b9826b1fe5397c0cb5455fbb8d7aa2d4e4b282e,0x1b9826b1fe5397c0cb5455fbb8d7aa2d4e4b282e,0xfd086bc7cd5c481dcc9c85ebe478a1c0b69fcbb9,20159129,2184,
arbitrum,deposit,489874360,1785560267000,0x6635125aa542dbbb7557d3ed7a2b992a627893361531a22b91098abe57c6364b,0x6394e2af51676e54649ce253f1c29e02be341f0f,0x6394e2af51676e54649ce253f1c29e02be341f0f,0xfd086bc7cd5c481dcc9c85ebe478a1c0b69fcbb9,377123887,2184,
arbitrum,withdraw_final,489907890,1785568937000,0xa957a768bf1cad751fcb23122afc16a9cb88bf11df4b1b2e85900faf687df477,,,,,,147820283233828864
arbitrum,withdraw_submit,489912778,1785569858000,0xed9a6ce11f3c855ab52cd5c3c738564369eb675105ad9b9e867b277706f8baf1,,0xc3f01f6e61c0cedba21b6e22ea5a005e7b5ece03,0xfd086bc7cd5c481dcc9c85ebe478a1c0b69fcbb9,540000000,,147820283233828864
arbitrum,deposit,489915864,1785570629000,0x1066b2bf5cac56083a28b4556d4ec153157e42165c700f850e2762359c53acbd,0x2cee097cd1cf81dff92dd8f797eb50b73547cb3a,0x2cee097cd1cf81dff92dd8f797eb50b73547cb3a,0xfd086bc7cd5c481dcc9c85ebe478a1c0b69fcbb9,21789891,2184,
arbitrum,withdraw_final,489916013,1785570966000,0x27c42431496b86f5c47cbd52f93abbe776df740947f297919bbd64773f839707,,,,,,147932012513067008
arbitrum,withdraw_final,489918510,1785571590000,0x3f0a2d9bee3e9ff03cfe11a19781495fe0e8ebffa4da7c7429c06fc3c31f2031,,,,,,147966655731859456
arbitrum,withdraw_submit,489920942,1785571898000,0x86ca042ec37ca412936f6d37688301997eb7456582d310ead7b0b1a6fb7440f5,,0x20f563583fda1e7fc8e27cae185ad86bf57b0f2b,0xfd086bc7cd5c481dcc9c85ebe478a1c0b69fcbb9,89304836,,147932012513067008
arbitrum,withdraw_submit,489923339,1785572498000,0xa32d730107429fc2044ea1d62eba7c9d18ef825a8f1be265963249446ba663f4,,0x2a8f1eeb2c4766925c27050883b3015db3e4bb36,0xfd086bc7cd5c481dcc9c85ebe478a1c0b69fcbb9,37994039,,147966655731859456
arbitrum,deposit,489923505,1785572540000,0x9547202d27506d0bc0ffea30b8ae5b4b706e24841505bbb1039ad497e4f42ade,0xbb48553d0c9470eb429ba35acd350c4c242ee902,0xbb48553d0c9470eb429ba35acd350c4c242ee902,0xfd086bc7cd5c481dcc9c85ebe478a1c0b69fcbb9,2000000,2184,
arbitrum,withdraw_final,489923700,1785572887000,0x038a479dcf998a581f3fb3cc1f643a27e3e361de67968b312b18fede121fba6a,,,,,,148037222027755520
arbitrum,withdraw_submit,489928614,1785573818000,0xe7ecbde9d310b3216f5ce0d72744f222d0aa203db62d776988b96b99173df99d,,0xbb48553d0c9470eb429ba35acd350c4c242ee902,0xfd086bc7cd5c481dcc9c85ebe478a1c0b69fcbb9,1000000,,148037222027755520
arbitrum,deposit,489945614,1785578060000,0x189ccba51e424dd18e85a1c4f6544dc9917b1b9361a40663ada67c968c2a3597,0x2a8f1eeb2c4766925c27050883b3015db3e4bb36,0x2a8f1eeb2c4766925c27050883b3015db3e4bb36,0xfd086bc7cd5c481dcc9c85ebe478a1c0b69fcbb9,38900000,2184,
arbitrum,deposit,489974615,1785585303000,0x2677e9fc19a18c938e7ccc6f74ff78045a7150d683c2f8049d0a65528284b04c,0x45032a436bcea53b3105103444c81554639e26ff,0x45032a436bcea53b3105103444c81554639e26ff,0xfd086bc7cd5c481dcc9c85ebe478a1c0b69fcbb9,30023594,2184,
arbitrum,deposit,490009984,1785594141000,0xe3009906875a5464685202412b0c9120ec09e1695d8e573af5e556a700811661,0xbb48553d0c9470eb429ba35acd350c4c242ee902,0xbb48553d0c9470eb429ba35acd350c4c242ee902,0xfd086bc7cd5c481dcc9c85ebe478a1c0b69fcbb9,2000000,2184,
arbitrum,withdraw_final,490010253,1785594508000,0x7e990c3263566fc1150827d78b105d969d8f85e45f51ee81c8addd7b377730f2,,,,,,149227512084299776
arbitrum,deposit,490014055,1785595158000,0x817c0735aed1d51aaf548f3d316fee6d9fd1fd6eb5a1df5ed0f5efdcc82cc9cc,0x092b0a30a66ec490d09719d28ae692f0586104e9,0x092b0a30a66ec490d09719d28ae692f0586104e9,0xfd086bc7cd5c481dcc9c85ebe478a1c0b69fcbb9,13732652,2184,
arbitrum,withdraw_submit,490015101,1785595418000,0x20693942c69e724195fb52078d8b10fce7a02fea43becfdd5d384313e4986dfa,,0xbb48553d0c9470eb429ba35acd350c4c242ee902,0xfd086bc7cd5c481dcc9c85ebe478a1c0b69fcbb9,1000000,,149227512084299776
arbitrum,deposit,490030674,1785599309000,0x5fd5945a84c8a2128b9df47694039bb1d8a709966a43ecff9378adf410c1d953,0x14150ecb658f246091e58e9135a1612f2dd5eb10,0x14150ecb658f246091e58e9135a1612f2dd5eb10,0xfd086bc7cd5c481dcc9c85ebe478a1c0b69fcbb9,55038532,2184,
arbitrum,deposit,490040952,1785601879000,0x24bf0506056da86dc5ff31296a5bb602493c97bb5fabaa9ea797e9a3f3072f92,0xafe1487f27934558f9d714517573d38f1a3dd872,0xafe1487f27934558f9d714517573d38f1a3dd872,0xfd086bc7cd5c481dcc9c85ebe478a1c0b69fcbb9,255064945,2184,
arbitrum,deposit,490096249,1785615740000,0xe5c2338aa8974b5a565767ad361899d251fac45b0236468f3586f1348985f7b1,0xbb48553d0c9470eb429ba35acd350c4c242ee902,0xbb48553d0c9470eb429ba35acd350c4c242ee902,0xfd086bc7cd5c481dcc9c85ebe478a1c0b69fcbb9,2000000,2184,
arbitrum,withdraw_final,490096452,1785616091000,0x21f5ceab1b88f5e9d75842d525ba82b44da3eb5d1cacdca69198401051249264,,,,,,150508133893013504
arbitrum,withdraw_submit,490101345,1785617018000,0xdf273300d0f31a76c8c96e952a816125e05882d6a4ef3a638748a0bf303d1f91,,0xbb48553d0c9470eb429ba35acd350c4c242ee902,0xfd086bc7cd5c481dcc9c85ebe478a1c0b69fcbb9,1000000,,150508133893013504
arbitrum,deposit,490181939,1785637340000,0xaa82ca17f2b5328c31f50128317d47f59ce3e91076c5554b6207297b1a7e5c52,0xbb48553d0c9470eb429ba35acd350c4c242ee902,0xbb48553d0c9470eb429ba35acd350c4c242ee902,0xfd086bc7cd5c481dcc9c85ebe478a1c0b69fcbb9,2000000,2184,
arbitrum,withdraw_final,490182113,1785637684000,0xa482eaaae04d4be5cac990ea93c8b41400fe7be16e40e1d140f84724b369a35e,,,,,,151752153990430720
arbitrum,withdraw_submit,490187024,1785638618000,0x1053fb6916197b024ad2551b392de3c6e44549237f67d96c27e1f3fa42774971,,0xbb48553d0c9470eb429ba35acd350c4c242ee902,0xfd086bc7cd5c481dcc9c85ebe478a1c0b69fcbb9,1000000,,151752153990430720
arbitrum,withdraw_final,490195922,1785641153000,0xfa239e6cf216ee1a759602410348cd84cf557e46c0eafddf8878231c006e94a6,,,,,,151966773506211840
arbitrum,withdraw_submit,490200881,1785642098000,0x5890f0c3cbeccb3d2d5d9a0217084f106ad682ae20f7c79761e97469740389e7,,0xafe1487f27934558f9d714517573d38f1a3dd872,0xfd086bc7cd5c481dcc9c85ebe478a1c0b69fcbb9,254066456,,151966773506211840
arbitrum,deposit,490220316,1785646967000,0x5a2bf7703fd0d9d4cae9429a80db10b3ba792b7f2ea899696d2242243a6a534c,0x8e908477638206c6d9c7e813110602618dab2885,0x8e908477638206c6d9c7e813110602618dab2885,0xfd086bc7cd5c481dcc9c85ebe478a1c0b69fcbb9,959060470,2184,
arbitrum,withdraw_final,490226325,1785648771000,0x2342f8c8f91f70926a2cd299f55a6131af026c948d8a42df3ed414e172b13094,,,,,,152415511701880832
arbitrum,withdraw_submit,490231062,1785649658000,0x374e1c4bfe32d072dc87226887dc44e26ca8eca95ef05394519e0c75194fc928,,0x8e908477638206c6d9c7e813110602618dab2885,0xfd086bc7cd5c481dcc9c85ebe478a1c0b69fcbb9,950567089,,152415511701880832
arbitrum,deposit,490267879,1785658940000,0x01455c9657e0c21bba9f0c85b5af43763ca83d4c247c0e2c8b7fe3b21c952959,0xbb48553d0c9470eb429ba35acd350c4c242ee902,0xbb48553d0c9470eb429ba35acd350c4c242ee902,0xfd086bc7cd5c481dcc9c85ebe478a1c0b69fcbb9,2000000,2184,
arbitrum,withdraw_final,490268035,1785659279000,0xd64002b39bb6442d2564def29369af85b1779fb5badb18b394a50f90bd9c4e23,,,,,,153007126254452736
arbitrum,withdraw_submit,490272978,1785660219000,0xf3897780c0ed93ab3653caf10703fe181bf0d2bc9c8354bad579a5e9d353a7b2,,0xbb48553d0c9470eb429ba35acd350c4c242ee902,0xfd086bc7cd5c481dcc9c85ebe478a1c0b69fcbb9,1000000,,153007126254452736
arbitrum,deposit,490282882,1785662704000,0x9f8544d25dd708c1ea46fedda64aae0367a00a318b4fcf99f11e19a214791c1e,0x8361b6b46d9fe73c88f155768550da75c261d34c,0x8361b6b46d9fe73c88f155768550da75c261d34c,0xfd086bc7cd5c481dcc9c85ebe478a1c0b69fcbb9,50000000,2184,
arbitrum,deposit,490312074,1785670033000,0x8550c439de0af2f00fe3ce42ac9987deb737136f80d160c44133498b792a203d,0xc9311426470078de24237204f6816dde883ad26d,0xc9311426470078de24237204f6816dde883ad26d,0xfd086bc7cd5c481dcc9c85ebe478a1c0b69fcbb9,111110000,2184,
arbitrum,deposit,490341525,1785677422000,0xa01309b621b73eea10ca07bd8c04765755e5d6e3b1325739160333b8dd8aa4b9,0x5d3b2bf6b72f09584162b5ba2a8accc005c8906b,0x5d3b2bf6b72f09584162b5ba2a8accc005c8906b,0xfd086bc7cd5c481dcc9c85ebe478a1c0b69fcbb9,27654304762,2184,
arbitrum,deposit,490353985,1785680540000,0x1a25265dcd0421dcbe1d94000b92922905d6568a02d236d6c747f142fbcdfaaf,0xbb48553d0c9470eb429ba35acd350c4c242ee902,0xbb48553d0c9470eb429ba35acd350c4c242ee902,0xfd086bc7cd5c481dcc9c85ebe478a1c0b69fcbb9,2000000,2184,
arbitrum,withdraw_final,490354167,1785680886000,0x4e0bee5497fb6b3f259e4af5edda62a75e08377c2290e9114fd7ef4c07ad0e7f,,,,,,154265027686170624
arbitrum,deposit,490355545,1785680932000,0xf9275d2091f18fb9cb41eb2c9f108e8e5bbba142b571ffee8b3b34fc12010ed7,0x21e08c04f29febce461be04789c1ee44d0e15da8,0x21e08c04f29febce461be04789c1ee44d0e15da8,0xfd086bc7cd5c481dcc9c85ebe478a1c0b69fcbb9,299964086,2184,
arbitrum,withdraw_submit,490359077,1785681819000,0xc31f18469e9a317a128002683be594f7c83d8db3e79e8fd89ecc1185eca2c5d9,,0xbb48553d0c9470eb429ba35acd350c4c242ee902,0xfd086bc7cd5c481dcc9c85ebe478a1c0b69fcbb9,1000000,,154265027686170624
arbitrum,deposit,490377262,1785686380000,0x9f2cd346d77a09968877e9f5af451f51736a7a5a8637c0bd1e4b16076c0f08d3,0xc1c8a7ee874de5351970996f927782cc676be794,0xc1c8a7ee874de5351970996f927782cc676be794,0xfd086bc7cd5c481dcc9c85ebe478a1c0b69fcbb9,200125972,2184,
arbitrum,withdraw_final,490379012,1785687118000,0xf2f753ddd957deeae28dfb5b3086faea6086fec543cebc3e41fe902ea722d614,,,,,,154628296028454912
arbitrum,withdraw_submit,490383951,1785688059000,0xbfe4659e581904654cf921ecfe7712e8cba7a5b334068ad3d432378791484a32,,0xc1c8a7ee874de5351970996f927782cc676be794,0xfd086bc7cd5c481dcc9c85ebe478a1c0b69fcbb9,199125972,,154628296028454912
arbitrum,deposit,490393054,1785690348000,0xfd456674f7a31e8b4973094bcc3197108386ae541ba9366fcc0bcf9f200f2712,0x5d8f2cd9c7fe951472c98b7b90bdfd865a36d618,0x5d8f2cd9c7fe951472c98b7b90bdfd865a36d618,0xfd086bc7cd5c481dcc9c85ebe478a1c0b69fcbb9,199125972,2184,
arbitrum,deposit,490398244,1785691649000,0xab24c1750c1949e80838fb405d7eaaebd0116951db4aeb624538ab2340740062,0x58ba15026605bd25d79d1eb2822ded321d7796e1,0x58ba15026605bd25d79d1eb2822ded321d7796e1,0xfd086bc7cd5c481dcc9c85ebe478a1c0b69fcbb9,96570757,2184,
arbitrum,withdraw_final,490424319,1785698505000,0xcde67eb5089f45c2c1124c159c1817ebf52e681d812e29015e100d1ae956dd8a,,,,,,155286697322479616
arbitrum,withdraw_submit,490429046,1785699398000,0xdead820e30a7a2f69cf7a11102cd9aed54c07111c2d53a111f26c981471bc3d1,,0x58ba15026605bd25d79d1eb2822ded321d7796e1,0xfd086bc7cd5c481dcc9c85ebe478a1c0b69fcbb9,90252384,,155286697322479616
arbitrum,deposit,490439956,1785702140000,0xc3fdf8d8e94249cde2c96bada90d1e1f9e621f7bc67399a08cdda5e28538e185,0xbb48553d0c9470eb429ba35acd350c4c242ee902,0xbb48553d0c9470eb429ba35acd350c4c242ee902,0xfd086bc7cd5c481dcc9c85ebe478a1c0b69fcbb9,2000000,2184,
arbitrum,withdraw_final,490440131,1785702484000,0xdf1e12bd3dab7342557d63f293457c557633aceac44a7140d65a269372e29138,,,,,,155515335615709184
arbitrum,withdraw_submit,490445052,1785703418000,0x4c07714623384c1fcfad9110d42f5d7a589c4dee5e87aa6309672d3d21dd9123,,0xbb48553d0c9470eb429ba35acd350c4c242ee902,0xfd086bc7cd5c481dcc9c85ebe478a1c0b69fcbb9,1000000,,155515335615709184
arbitrum,deposit,490509272,1785719852000,0x4d34b9b319b6aab6fc146c8df51498e0f0fea77c42677fe8cfaac816382ce476,0x541a576eae09a87f10b68a11756a2cd77fe535eb,0x541a576eae09a87f10b68a11756a2cd77fe535eb,0xfd086bc7cd5c481dcc9c85ebe478a1c0b69fcbb9,110000000,2184,
arbitrum,withdraw_final,490522078,1785723411000,0x67c040bb0d04a7c5095efa85ab73b665acd0b8577c4bc2db60632457e30c1a39,,,,,,156790124871417856
arbitrum,deposit,490524553,1785723740000,0x4967dea78c614436e78d23a54a95e9a1e39e833d7d8444336d50497b90901406,0xbb48553d0c9470eb429ba35acd350c4c242ee902,0xbb48553d0c9470eb429ba35acd350c4c242ee902,0xfd086bc7cd5c481dcc9c85ebe478a1c0b69fcbb9,2000000,2184,
arbitrum,withdraw_final,490524744,1785724088000,0x903b3a4660154d85563a7bf76773792d84663385586cfbe78c97f7fa7abc30a1,,,,,,156831519753633792
arbitrum,deposit,490524809,1785723805000,0x5c3180f150086f41e85eec591a937bda1664d007f50cac29583f943d7c88133a,0x378c052e8f7d87391501875ffe5807021aee67f7,0x378c052e8f7d87391501875ffe5807021aee67f7,0xfd086bc7cd5c481dcc9c85ebe478a1c0b69fcbb9,37620000,2184,
arbitrum,withdraw_submit,490526773,1785724298000,0x2b783ba2f9083bd72f94a3b8222f36f160d214121a8399a5c6b1fc65ea41af26,,0xc9311426470078de24237204f6816dde883ad26d,0xfd086bc7cd5c481dcc9c85ebe478a1c0b69fcbb9,104629803,,156790124871417856
arbitrum,withdraw_submit,490529598,1785725018000,0xe3a5ebb29caa8a67c8842d904cbd104287affe2f475bbdc8468f8c36b737137c,,0xbb48553d0c9470eb429ba35acd350c4c242ee902,0xfd086bc7cd5c481dcc9c85ebe478a1c0b69fcbb9,1000000,,156831519753633792
arbitrum,deposit,490559715,1785732598000,0x8350692c0a11ee950e02ab5cb8e762c9e215ca32ad96252adf9301422403dcb7,0x1b8d5b8a6c49b50877b60ea2806e737b98a74cf4,0x1b8d5b8a6c49b50877b60ea2806e737b98a74cf4,0xfd086bc7cd5c481dcc9c85ebe478a1c0b69fcbb9,45000000,2184,
arbitrum,withdraw_final,490584541,1785739129000,0x0dd71fb21fcc6ac2a4c6ac01edf15773ed3515083abb1a6d72677476faa2f0c3,,,,,,157720827100397568
arbitrum,withdraw_submit,490589305,1785740018000,0x2c8ea83d268959abbeecddc6408d4ef8f8f0d009361f95f6b3e6d8e3bd8ddcd6,,0xc2c3080d28eeaeb9bd409e98b119b9e29f36942c,0xfd086bc7cd5c481dcc9c85ebe478a1c0b69fcbb9,5635647,,157720827100397568
arbitrum,deposit,490610558,1785745341000,0x28fb79464a915ccd7dbadfe6ed048af1bb379d3d3d6d96e0fdfb5575f3f76c9b,0xbb48553d0c9470eb429ba35acd350c4c242ee902,0xbb48553d0c9470eb429ba35acd350c4c242ee902,0xfd086bc7cd5c481dcc9c85ebe478a1c0b69fcbb9,2000000,2184,
arbitrum,withdraw_final,490610789,1785745699000,0x1c3f1ea831933b2b98c7e7d41b7c27711344c249892cb3ab5c0f5565c46ab473,,,,,,158128067301081088
arbitrum,withdraw_submit,490615664,1785746619000,0x40e3b846a2b1765f0981dbe4d3fb4fe430f5682227cb07bf70dd4c20e1b9e3ee,,0xbb48553d0c9470eb429ba35acd350c4c242ee902,0xfd086bc7cd5c481dcc9c85ebe478a1c0b69fcbb9,1000000,,158128067301081088
arbitrum,deposit,490625018,1785748960000,0x0d4a2d311edbb51c260d104465d62f50c72325a05d2b6be3fa6aa9978bf9e763,0x15491f98192ae646621002355ac5bf67db0f1057,0x15491f98192ae646621002355ac5bf67db0f1057,0xfd086bc7cd5c481dcc9c85ebe478a1c0b69fcbb9,2000000,2184,
arbitrum,deposit,490630147,1785750242000,0x02340690dcab781229160c28c9501e8276a3fa071da90ff591fa4e5585488fd1,0xc20fdd2b41313760497a21da031ee5796ffcf620,0xc20fdd2b41313760497a21da031ee5796ffcf620,0xfd086bc7cd5c481dcc9c85ebe478a1c0b69fcbb9,2000000,2184,
arbitrum,deposit,490630566,1785750347000,0xd88877c64bbbad518240f3e79e848d23a9f9293c76b56714d147e78b72eaa018,0xc20fdd2b41313760497a21da031ee5796ffcf620,0xc20fdd2b41313760497a21da031ee5796ffcf620,0xfd086bc7cd5c481dcc9c85ebe478a1c0b69fcbb9,1000000,2184,
arbitrum,withdraw_final,490631035,1785750763000,0xc9b4cb78c7e88e9899bfeb55791c5e3d457474d35dc6055d5811871b92b6635e,,,,,,158433834604429312
arbitrum,withdraw_submit,490636060,1785751718000,0x112e40b3a4dcdf78949376f33a347c23e2c0b06171600f1f4bc82fcc39c228b3,,0xc20fdd2b41313760497a21da031ee5796ffcf620,0xfd086bc7cd5c481dcc9c85ebe478a1c0b69fcbb9,2000000,,158433834604429312
arbitrum,deposit,490648530,1785754837000,0x1ccfab73e287f70559a3ee1b47f6d73d11b4a8f672ec0dd77f773e10654a9ca9,0xc8b7245524d5c76390fe0f5ccdb109044e5e0031,0xc8b7245524d5c76390fe0f5ccdb109044e5e0031,0xfd086bc7cd5c481dcc9c85ebe478a1c0b69fcbb9,179261316,2184,
arbitrum,deposit,490696988,1785766940000,0xc8c33255533b0b158426f6cc15c1196489e53cb093fea3350e081873b305ae92,0xbb48553d0c9470eb429ba35acd350c4c242ee902,0xbb48553d0c9470eb429ba35acd350c4c242ee902,0xfd086bc7cd5c481dcc9c85ebe478a1c0b69fcbb9,2000000,2184,
arbitrum,withdraw_final,490697110,1785767270000,0x07c9704cba70a423e65031094525508dc1daff5b71207ef3f12cc904980b1658,,,,,,159468878781480960
arbitrum,withdraw_submit,490702119,1785768218000,0x1ac55dad2fca59e3d002d4365fc277c4520bee937f23c150af74615c44073f66,,0xbb48553d0c9470eb429ba35acd350c4c242ee902,0xfd086bc7cd5c481dcc9c85ebe478a1c0b69fcbb9,1000000,,159468878781480960
arbitrum,deposit,490704191,1785768736000,0x4130010f7e9890338c67fa8b36fcd2545afec05b951b4fe0d95a6b582c634294,0x18e92faead9e7ba45ca96665033ae5f99dcd82f2,0x18e92faead9e7ba45ca96665033ae5f99dcd82f2,0xfd086bc7cd5c481dcc9c85ebe478a1c0b69fcbb9,3000136720,2184,
arbitrum,withdraw_final,490704743,1785769173000,0x495d3fd45ef35398b96152747ba9356e749c4bcd728631fdbae1a97b382325fa,,,,,,159605690661339136
arbitrum,deposit,490706255,1785769251000,0x70ab5dcea255cb684a39c77fb6ddf8d8da9a121ee9c9f6de8bd5f6ba528d6c66,0x21e08c04f29febce461be04789c1ee44d0e15da8,0x21e08c04f29febce461be04789c1ee44d0e15da8,0xfd086bc7cd5c481dcc9c85ebe478a1c0b69fcbb9,199950000,2184,
arbitrum,withdraw_submit,490709571,1785770079000,0x7edb97f75e82636ed6a355fbc275a29cc087882407133851fe384d1d89c1dbcc,,0x14150ecb658f246091e58e9135a1612f2dd5eb10,0xfd086bc7cd5c481dcc9c85ebe478a1c0b69fcbb9,49689004,,159605690661339136
arbitrum,withdraw_final,490721909,1785773460000,0xb0c39c1a42f26c16625fe6e7750f63da60ab168af5746b3fe46c6e8c711de3b9,,,,,,159894948139761664
arbitrum,withdraw_submit,490726872,1785774398000,0x88cd977306fda3f6ff7ae45e69a54465e8d9855eb8a4a01e0edf6bd2ebf3701c,,0xd529d321a0e8db175ca7ea28908427e3fa83730d,0xfd086bc7cd5c481dcc9c85ebe478a1c0b69fcbb9,12546924,,159894948139761664
arbitrum,withdraw_final,490733251,1785776294000,0x96267b24d9c0876e06fa7223ea33aae0126df9b650f8d32ba3f8d5924c629ae0,,,,,,160078145666416640
arbitrum,withdraw_submit,490738146,1785777218000,0xfd03d54761aecd5e62273e42c82e3084b99d7c6b56214c896f38f25a0acd8b39,,0x541a576eae09a87f10b68a11756a2cd77fe535eb,0xfd086bc7cd5c481dcc9c85ebe478a1c0b69fcbb9,59000000,,160078145666416640
arbitrum,withdraw_final,490777281,1785787312000,0x89d1bfb984d32d1962359df3748976dcf82153ddc3f974e86c6a4c09261b8f54,,,,,,160748590048739328
arbitrum,withdraw_submit,490782257,1785788258000,0xe901fde624931e9a25aaf3408155ebe18ecf8bb7b23bd32d55b7139339b69abf,,0x7457fd965d22fb844d3e420494eefdb5df4b9a98,0xfd086bc7cd5c481dcc9c85ebe478a1c0b69fcbb9,49000000,,160748590048739328
arbitrum,deposit,490783380,1785788539000,0xa2d8ab1a043bf6a06f7f8464b4688e4bdc2a69d534460184c000ae92f709d8cd,0xbb48553d0c9470eb429ba35acd350c4c242ee902,0xbb48553d0c9470eb429ba35acd350c4c242ee902,0xfd086bc7cd5c481dcc9c85ebe478a1c0b69fcbb9,2000000,2184,
arbitrum,withdraw_final,490783482,1785788865000,0x1427df3183b1faf64d2ce5e40f144baeadd4f17b79c64ae7cd1692f9b106ee19,,,,,,160844281928482816
arbitrum,withdraw_submit,490788490,1785789818000,0x114a60da7a6325a8aecb53dc520a6eb8656bfb942277cc8e23cb99076e31e91b,,0xbb48553d0c9470eb429ba35acd350c4c242ee902,0xfd086bc7cd5c481dcc9c85ebe478a1c0b69fcbb9,1000000,,160844281928482816
arbitrum,deposit,490816990,1785796960000,0xeb008d72643a07ca04598ef49cbe92e93aca092829fe1473d3eae1fb6aef7fef,0x5ce69d01efe9778436070539bc6ea9350b6d578f,0x5ce69d01efe9778436070539bc6ea9350b6d578f,0xfd086bc7cd5c481dcc9c85ebe478a1c0b69fcbb9,125227945,2184,
arbitrum,deposit,490852128,1785805811000,0xb547cd68323dc4e70de004ae04fa9065e0d98cda8e40a87bf051bed872ea3f14,0x3959c404db1bcf6832c96b088f6bc818a82589c7,0x3959c404db1bcf6832c96b088f6bc818a82589c7,0xfd086bc7cd5c481dcc9c85ebe478a1c0b69fcbb9,58973880,2184,
arbitrum,deposit,490869355,1785810140000,0x88a2079852dde46bca5ca25fa180ccbd58aa32ee29a13b6727cfd162f539e69a,0xbb48553d0c9470eb429ba35acd350c4c242ee902,0xbb48553d0c9470eb429ba35acd350c4c242ee902,0xfd086bc7cd5c481dcc9c85ebe478a1c0b69fcbb9,2000000,2184,
arbitrum,withdraw_final,490869458,1785810466000,0xf548d748e5e9df5d70adf8478387cde5669565b6f8dbfa7f377183ec4baeff1e,,,,,,162140262540247040
arbitrum,withdraw_submit,490874423,1785811418000,0xf7b8a62a34199a6bb5a15e87206c91d97587227ecd433e47168b5c5ebfc0eaee,,0xbb48553d0c9470eb429ba35acd350c4c242ee902,0xfd086bc7cd5c481dcc9c85ebe478a1c0b69fcbb9,1000000,,162140262540247040
arbitrum,deposit,490876528,1785811947000,0x0fca5258db727cf3a827196b6bfd5bcae220de2cafdde3c90d784b1e2db41091,0x0451ace2c4bfc95a6bfa923559f643343dc9cdcf,0x0451ace2c4bfc95a6bfa923559f643343dc9cdcf,0xfd086bc7cd5c481dcc9c85ebe478a1c0b69fcbb9,134000000,2184,
arbitrum,deposit,490890878,1785815563000,0x081b1f89026b6e75dc63958738ba0e282cbe0d98fbf05478a682b2a609a25a9c,0x9dd54977a7980bbfdb6ca9a23b35f59f587a457a,0x9dd54977a7980bbfdb6ca9a23b35f59f587a457a,0xfd086bc7cd5c481dcc9c85ebe478a1c0b69fcbb9,27728514,2184,
arbitrum,deposit,490895856,1785816816000,0x45ffa645bab233b70244db199674ffb8e07523c52a79309cda5474aa8fceb441,0x48b576c87e788a762d6f95a456f2a39113b46950,0x48b576c87e788a762d6f95a456f2a39113b46950,0xfd086bc7cd5c481dcc9c85ebe478a1c0b69fcbb9,30066730,2184,
arbitrum,deposit,490955392,1785831739000,0xe1c2f91095a3ef4e87254c4f154a53afe9be23fa25df044af0ff6487b40df15c,0xbb48553d0c9470eb429ba35acd350c4c242ee902,0xbb48553d0c9470eb429ba35acd350c4c242ee902,0xfd086bc7cd5c481dcc9c85ebe478a1c0b69fcbb9,2000000,2184,
arbitrum,withdraw_final,490955492,1785832065000,0x4d3ed57ae4393705e45e0b8531614a0f65d6b4bb17c87b5721711050f17dc814,,,,,,163433073466146816
arbitrum,withdraw_submit,490960507,1785833018000,0x6ede5cb32edcb8077caa5742140250e577c339af96271efd6643ef4a793b526a,,0xbb48553d0c9470eb429ba35acd350c4c242ee902,0xfd086bc7cd5c481dcc9c85ebe478a1c0b69fcbb9,1000000,,163433073466146816
arbitrum,deposit,490963921,1785833873000,0x226a34c2d9eaa5b993c354e7d5bb4800affe8dfd798e6b265b24f06aab7d93f3,0x04cead50e7e40d2b025c5091f6b26e4e84940a20,0x04cead50e7e40d2b025c5091f6b26e4e84940a20,0xfd086bc7cd5c481dcc9c85ebe478a1c0b69fcbb9,55430000,2184,
arbitrum,deposit,490964768,1785834085000,0x3af975b23c0d39926f33a0a2e875129f1168a65bd62314e34691178edfe2dacc,0xc20fdd2b41313760497a21da031ee5796ffcf620,0xc20fdd2b41313760497a21da031ee5796ffcf620,0xfd086bc7cd5c481dcc9c85ebe478a1c0b69fcbb9,2000000,2184,
arbitrum,withdraw_final,490965325,1785834525000,0x2041a3d51a5ae86da5898e34ab4b6d85f03141402ed775aa4be1b58b88880377,,,,,,163573218240626688
arbitrum,withdraw_submit,490970330,1785835478000,0x741c0b84495bf93a364939ec450b65a5ec9b012ed2cbc69f999449b79dbba67b,,0xc20fdd2b41313760497a21da031ee5796ffcf620,0xfd086bc7cd5c481dcc9c85ebe478a1c0b69fcbb9,1000000,,163573218240626688
arbitrum,deposit,490980464,1785838016000,0xad3699ef79cceeec735e58c2482035d8c5d1005be626ee5e4810a0463330cebc,0x0451ace2c4bfc95a6bfa923559f643343dc9cdcf,0x0451ace2c4bfc95a6bfa923559f643343dc9cdcf,0xfd086bc7cd5c481dcc9c85ebe478a1c0b69fcbb9,351650610,2184,
arbitrum,withdraw_final,491024262,1785849253000,0x36167ca41177dbe646ba2ab73b8d5e6ac8dd60e364555d493b04dad2032b6a5f,,,,,,164457775361949696
arbitrum,withdraw_submit,491029172,1785850179000,0xabff9a77cd6b3d5777a1c93bcd439d69ec1be323f7b6f9e90e2bf4cff173129f,,0xc2284095c532613fc543ba0effc8ee0b1af4820c,0xfd086bc7cd5c481dcc9c85ebe478a1c0b69fcbb9,1000000000,,164457775361949696
arbitrum,deposit,491041851,1785853340000,0x27a2f26ba3907b0b33ffefaae3a1f2b677cd1399ded2d7cfa20f96588c690e20,0xbb48553d0c9470eb429ba35acd350c4c242ee902,0xbb48553d0c9470eb429ba35acd350c4c242ee902,0xfd086bc7cd5c481dcc9c85ebe478a1c0b69fcbb9,2000000,2184,
arbitrum,withdraw_final,491041966,1785853669000,0x366f8f40f14397b7c12bb349805015f805f0ca2914197cf1f30801b1d5df16a5,,,,,,164756911235792896
arbitrum,withdraw_submit,491046969,1785854619000,0x3e76a203988943956e0ba9459c6bbc86bd45cc4a2fe74c300b11b525aac5aea3,,0xbb48553d0c9470eb429ba35acd350c4c242ee902,0xfd086bc7cd5c481dcc9c85ebe478a1c0b69fcbb9,1000000,,164756911235792896
arbitrum,withdraw_final,491106169,1785869708000,0x98e009f0cf5e69afde6fa49277fb421757363341f8e9d36834607f7f743bd4d3,,,,,,165796482320957441
arbitrum,deposit,491110686,1785870538000,0x7e881fe53d9cc0d27d84fdb8cf03de0bd3954e3009bf98e50aebc195e7a0becd,0x21e08c04f29febce461be04789c1ee44d0e15da8,0x21e08c04f29febce461be04789c1ee44d0e15da8,0xfd086bc7cd5c481dcc9c85ebe478a1c0b69fcbb9,199950000,2184,
arbitrum,withdraw_submit,491111093,1785870639000,0xe2f154918cfebf7e95a34c35859ce4f7229e218d1017e3551175bd6d6c88be64,,0xfba31dfa3c6612abca9a27f65af77d9fed7e2db7,0xfd086bc7cd5c481dcc9c85ebe478a1c0b69fcbb9,1351822593,,165796482320957441
arbitrum,deposit,491128283,1785874940000,0x79971075c2f2a2121e89f6b832bae2e75fb49e9a7a5e7d07bdccb73d2ada6f7f,0xbb48553d0c9470eb429ba35acd350c4c242ee902,0xbb48553d0c9470eb429ba35acd350c4c242ee902,0xfd086bc7cd5c481dcc9c85ebe478a1c0b69fcbb9,2000000,2184,
arbitrum,withdraw_final,491128405,1785875271000,0x95227ae9934ac77f9d0d46e6f3cee798564d81940af9ce1d2819650bee93dbdd,,,,,,166135252140425216
arbitrum,withdraw_submit,491133392,1785876218000,0xf7e1c11a6054e943e4c30acb3226c4647435bb32fc2ab30e9b8833152fac76ff,,0xbb48553d0c9470eb429ba35acd350c4c242ee902,0xfd086bc7cd5c481dcc9c85ebe478a1c0b69fcbb9,1000000,,166135252140425216
arbitrum,deposit,491214157,1785896540000,0x96db33a10005676c0f431959f28fc0f68047595728938d46d3afa99706d10041,0xbb48553d0c9470eb429ba35acd350c4c242ee902,0xbb48553d0c9470eb429ba35acd350c4c242ee902,0xfd086bc7cd5c481dcc9c85ebe478a1c0b69fcbb9,2000000,2184,
arbitrum,withdraw_final,491214639,1785896962000,0x9ffd81a2529afc7cf879060fbd57c93a48e981fab9d6c6c5875ae91e2dc2f8c7,,,,,,167434737445502976
arbitrum,withdraw_final,491215625,1785897210000,0xb3d9eb8c29106e85a0003978413fdeeca038f6e54cc71cec17268ed910e72ae1,,,,,,167450225105960960
arbitrum,withdraw_submit,491219466,1785897878000,0xfabaf2f2e5b13161997d69516828fa616d5aba7f8e7bc3186669cfe2defa5c4b,,0xbb48553d0c9470eb429ba35acd350c4c242ee902,0xfd086bc7cd5c481dcc9c85ebe478a1c0b69fcbb9,1000000,,167434737445502976
arbitrum,withdraw_submit,491220420,1785898119000,0xc91438586d837ec14e6485c2f4e832f5c6ea3d493cecbf364be50cefb6d5629b,,0x8361b6b46d9fe73c88f155768550da75c261d34c,0xfd086bc7cd5c481dcc9c85ebe478a1c0b69fcbb9,757850000,,167450225105960960
arbitrum,deposit,491237051,1785902304000,0x9a3bed1d402ec7c1975e0924b0c7ee83241a2d410c73e0506ba305502a40c297,0x4df0df2d3780a192e4ee87cce6156c562904e940,0x4df0df2d3780a192e4ee87cce6156c562904e940,0xfd086bc7cd5c481dcc9c85ebe478a1c0b69fcbb9,33888535,2184,
arbitrum,deposit,491300245,1785918140000,0x93418be787398e4d24f5dcf6fc90ca6122135713ac438ba476aa5b1b3db78a87,0xbb48553d0c9470eb429ba35acd350c4c242ee902,0xbb48553d0c9470eb429ba35acd350c4c242ee902,0xfd086bc7cd5c481dcc9c85ebe478a1c0b69fcbb9,2000000,2184,
arbitrum,withdraw_final,491300373,1785918472000,0x97b62ce0a9644890639aa4bf0088231fab4dbadae3f3134b72386de917c1e466,,,,,,168722798137573376
arbitrum,withdraw_submit,491305357,1785919419000,0xf4c5804c4f04ba438bb45666801adab4556ff5071f1dc422206d2a45673c9b5a,,0xbb48553d0c9470eb429ba35acd350c4c242ee902,0xfd086bc7cd5c481dcc9c85ebe478a1c0b69fcbb9,1000000,,168722798137573376
arbitrum,deposit,491323302,1785923914000,0xd716f418f8072b67ab317672754b97709afde7057d9f87123cc61bf948223952,0x314a8fdb917489f4ea856d37ebbe05902b00811f,0x314a8fdb917489f4ea856d37ebbe05902b00811f,0xfd086bc7cd5c481dcc9c85ebe478a1c0b69fcbb9,120000000,2184,
arbitrum,deposit,491341539,1785928466000,0x424ed53b9f3691875af8ab17dcf71294c1814f0987c979f33da79ca781190887,0x6394e2af51676e54649ce253f1c29e02be341f0f,0x6394e2af51676e54649ce253f1c29e02be341f0f,0xfd086bc7cd5c481dcc9c85ebe478a1c0b69fcbb9,999850000,2184,
arbitrum,withdraw_final,491360175,1785933409000,0x0a075e442704d9a727a2bafab626c00281a1bcc2cc29eae427597cdea8c4b6ac,,,,,,169606101132640258
arbitrum,withdraw_submit,491365189,1785934359000,0xdbe3718dfe736a82dee112f781222e81ff5bfb042d33c4984881afb05740cb40,,0x5ce69d01efe9778436070539bc6ea9350b6d578f,0xfd086bc7cd5c481dcc9c85ebe478a1c0b69fcbb9,28781095,,169606101132640258
arbitrum,deposit,491386764,1785939740000,0x86c6ec30d711bec7202820ac6939010ec532be1e496c7a376107ebd45946c937,0xbb48553d0c9470eb429ba35acd350c4c242ee902,0xbb48553d0c9470eb429ba35acd350c4c242ee902,0xfd086bc7cd5c481dcc9c85ebe478a1c0b69fcbb9,2000000,2184,
arbitrum,withdraw_final,491386881,1785940069000,0xd97284ed6d491a3b6306a6672db1c7da69102f7e54ca381f78a6256c65cd4815,,,,,,170049204297662464
arbitrum,withdraw_submit,491391886,1785941019000,0x6a85941e603d49906e5aaf9f0f9daa29f8b589f680fa8161f0be0721dad85b22,,0xbb48553d0c9470eb429ba35acd350c4c242ee902,0xfd086bc7cd5c481dcc9c85ebe478a1c0b69fcbb9,1000000,,170049204297662464
arbitrum,deposit,491393142,1785941332000,0xbfbec9b17b49d5fb0ce750e16bfbb14c56014face5e9c0c914b2053886f8b68d,0x092b0a30a66ec490d09719d28ae692f0586104e9,0x092b0a30a66ec490d09719d28ae692f0586104e9,0xfd086bc7cd5c481dcc9c85ebe478a1c0b69fcbb9,8891776,2184,
arbitrum,deposit,491411858,1785946005000,0x3743c06238db6a16c19149e805635bc08cfb52b0b4596fe93ccbbe3404a221e3,0x4b4a7ea0a38f5cd3cb2ee3b5cad8511bafa8494c,0x4b4a7ea0a38f5cd3cb2ee3b5cad8511bafa8494c,0xfd086bc7cd5c481dcc9c85ebe478a1c0b69fcbb9,10500000,2184,
arbitrum,deposit,491457469,1785957398000,0x6bef1e413aefd0b8fa1bebf7c8c5b5e194e6fef51510eb77623d966f2e0e1b6e,0x092b0a30a66ec490d09719d28ae692f0586104e9,0x092b0a30a66ec490d09719d28ae692f0586104e9,0xfd086bc7cd5c481dcc9c85ebe478a1c0b69fcbb9,3443180,2184,
arbitrum,deposit,491473206,1785961340000,0xcc00a0e0cb29f5873e393346d0096312af45185d356aefd1af4985eb09571e9d,0xbb48553d0c9470eb429ba35acd350c4c242ee902,0xbb48553d0c9470eb429ba35acd350c4c242ee902,0xfd086bc7cd5c481dcc9c85ebe478a1c0b69fcbb9,2000000,2184,
arbitrum,withdraw_final,491473319,1785961668000,0xf09ac1c0395470dc02eff5d53dbb756e42f88f0dbe0b629f4e9eb89a51ec167a,,,,,,171430783607635968
arbitrum,withdraw_submit,491478315,1785962619000,0x71997b3232fea9edc070d9f3053d4a40f7037fd92c158eee9ffa5a735bb5e3d3,,0xbb48553d0c9470eb429ba35acd350c4c242ee902,0xfd086bc7cd5c481dcc9c85ebe478a1c0b69fcbb9,1000000,,171430783607635968
arbitrum,deposit,491483212,1785963847000,0x7be1ef8e2333d7c390a19cd8b139dbfe21732a9bf9d307c0c1ccdf76e705ccf3,0x092b0a30a66ec490d09719d28ae692f0586104e9,0x092b0a30a66ec490d09719d28ae692f0586104e9,0xfd086bc7cd5c481dcc9c85ebe478a1c0b69fcbb9,9530535,2184,
arbitrum,deposit,491559161,1785982941000,0xd94622106f94e607b73e906bd483d12467f0e912c31b9f7fd6f1248f6e246950,0xbb48553d0c9470eb429ba35acd350c4c242ee902,0xbb48553d0c9470eb429ba35acd350c4c242ee902,0xfd086bc7cd5c481dcc9c85ebe478a1c0b69fcbb9,2000000,2184,
arbitrum,withdraw_final,491559249,1785983263000,0x8b9362784f9399ad03b0b4c8e7352af450c3e03e34ecbbbcd7ee8b5650b05d2e,,,,,,172706998779904000
arbitrum,withdraw_submit,491564224,1785984218000,0xb566bfa63e3eee49ec44a594adc0900420d68e04abfe6adec90ae5aad6b1d701,,0xbb48553d0c9470eb429ba35acd350c4c242ee902,0xfd086bc7cd5c481dcc9c85ebe478a1c0b69fcbb9,1000000,,172706998779904000
arbitrum,deposit,491583458,1785989066000,0xf095c9ba54cde6f42e26a02f039f9629490872f84eec1578638e49f79be6dbfa,0x4df0df2d3780a192e4ee87cce6156c562904e940,0x4df0df2d3780a192e4ee87cce6156c562904e940,0xfd086bc7cd5c481dcc9c85ebe478a1c0b69fcbb9,16514337,2184,
arbitrum,deposit,491624785,1785999429000,0x635f2026563b2449c1fb5a37b43f9679f9526f5be21092821c7b6aecacc5ab5a,0x68815341597dd27726d17be3026aa3108baa02c4,0x68815341597dd27726d17be3026aa3108baa02c4,0xfd086bc7cd5c481dcc9c85ebe478a1c0b69fcbb9,73246496,2184,
arbitrum,withdraw_final,491633149,1786001823000,0xab1c461f308bf509e324855974f4195fccb8d1bd397321c8a2013f55140c5382,,,,,,173794467331964928
arbitrum,withdraw_submit,491638082,1786002758000,0xd3b9765804863fd5c96a3d47024c87e4505b9c4b050d216b0f81f873a71e288d,,0xeb62ef7d3faf9757e0c74cf3e9ef2e8ceeb49a9d,0xfd086bc7cd5c481dcc9c85ebe478a1c0b69fcbb9,212527760,,173794467331964928
arbitrum,deposit,491638139,1786002773000,0x44aa86e0daf51a62e3f93d19d980e7b5d5506c3eced9b7c918b52d82df6fc489,0xf8d548922b7a5f0ce02a9d44ce134cb848ec2b31,0xf8d548922b7a5f0ce02a9d44ce134cb848ec2b31,0xfd086bc7cd5c481dcc9c85ebe478a1c0b69fcbb9,5000000,2184,
arbitrum,deposit,491645186,1786004539000,0x8014cab0e23809ed6f4f6a614a0d9ad8b686221d661b58ca17e2fdbdbd3414aa,0xbb48553d0c9470eb429ba35acd350c4c242ee902,0xbb48553d0c9470eb429ba35acd350c4c242ee902,0xfd086bc7cd5c481dcc9c85ebe478a1c0b69fcbb9,2000000,2184,
arbitrum,withdraw_final,491645319,1786004873000,0x07f75afe08769b032052656f73e0ba858f3490e64a9caa276d3383a3618d15bc,,,,,,173974417859149824
arbitrum,withdraw_submit,491650294,1786005818000,0xe98837701be1cd6934ae45445b4c1936ddc91e0040daf4bba757df67ba6038a7,,0xbb48553d0c9470eb429ba35acd350c4c242ee902,0xfd086bc7cd5c481dcc9c85ebe478a1c0b69fcbb9,1000000,,173974417859149824
arbitrum,deposit,491657397,1786007597000,0x44576ff2e6d3b2e8a070da7d871a0477ab96c68c329c95211d58eccac0278154,0xf2ad67ce08b17720f093e3a777e9575f557e35c1,0xf2ad67ce08b17720f093e3a777e9575f557e35c1,0xfd086bc7cd5c481dcc9c85ebe478a1c0b69fcbb9,955170430,2184,
arbitrum,deposit,491670414,1786010852000,0x33bb3784b6eda699f926f8e5343f9cee71c651db2d47505e7b9515a934484097,0x092b0a30a66ec490d09719d28ae692f0586104e9,0x092b0a30a66ec490d09719d28ae692f0586104e9,0xfd086bc7cd5c481dcc9c85ebe478a1c0b69fcbb9,13121603,2184,
arbitrum,deposit,491676612,1786012403000,0xe7d9425ebc9cd78fcd473592f550feb6fc795c1734fa52cb38db54b2b6df65fd,0x092b0a30a66ec490d09719d28ae692f0586104e9,0x092b0a30a66ec490d09719d28ae692f0586104e9,0xfd086bc7cd5c481dcc9c85ebe478a1c0b69fcbb9,9067872,2184,
arbitrum,deposit,491677626,1786012656000,0x9ebeeded597a44e5152fa9c40aae2e2ef3a46daf07ad73c8c706267f96319bdd,0xb60abdd9ab0b334d49401b7c62ea86377956b18b,0xb60abdd9ab0b334d49401b7c62ea86377956b18b,0xfd086bc7cd5c481dcc9c85ebe478a1c0b69fcbb9,10000000,2184,
arbitrum,deposit,491679914,1786013229000,0x84f8f55e7e846dd06d751b10d2847e1309ebc563469525cc215c502c64475c5d,0xeaaa108be90e2e1bf1a1b5f19e2a5fc7419dd211,0xeaaa108be90e2e1bf1a1b5f19e2a5fc7419dd211,0xfd086bc7cd5c481dcc9c85ebe478a1c0b69fcbb9,50000000,2184,
arbitrum,withdraw_final,491687204,1786015352000,0x64c6d89bbe32a1c23b06e63132361009dcffb4efc81201952812d205ee2cedc4,,,,,,174603097987874816
arbitrum,withdraw_submit,491692029,1786016259000,0xd374a0dcd87fcf953fa56a2d65c57852cde2541dccf6573e6b59f1a5210372f0,,0xf2ad67ce08b17720f093e3a777e9575f557e35c1,0xfd086bc7cd5c481dcc9c85ebe478a1c0b69fcbb9,954985647,,174603097987874816
arbitrum,deposit,491701516,1786018633000,0x3276452d660ba58af486585b97b5d00ef0b6f8b978ba9977f417ab128b2d81ea,0xc20fdd2b41313760497a21da031ee5796ffcf620,0xc20fdd2b41313760497a21da031ee5796ffcf620,0xfd086bc7cd5c481dcc9c85ebe478a1c0b69fcbb9,1000000,2184,
arbitrum,deposit,491708540,1786020390000,0xab7fc424c60e545f19afa1807846318655a2795b19c4ee03758b02a818745143,0x9f8bce2287a497ca9b9aadd17d02f66a5e520166,0x9f8bce2287a497ca9b9aadd17d02f66a5e520166,0xfd086bc7cd5c481dcc9c85ebe478a1c0b69fcbb9,35500000,2184,
arbitrum,deposit,491712870,1786021471000,0xc3d4e6bfd9eb9e8cd1877705ff6b44c72c67d172216978ad0cc44c381c3a90b1,0xc20fdd2b41313760497a21da031ee5796ffcf620,0xc20fdd2b41313760497a21da031ee5796ffcf620,0xfd086bc7cd5c481dcc9c85ebe478a1c0b69fcbb9,1000000,2184,
arbitrum,withdraw_final,491713623,1786021957000,0x5df19539aceb62a1d4c1d982d2d823efcbd2a82f70af4b92dfadb1c91d110423,,,,,,175004419727818752
arbitrum,withdraw_submit,491718450,1786022858000,0x89c68bd57f06deab9849f11a0046a61a98ab3d66f57191f734f228f23fdb7f66,,0xc20fdd2b41313760497a21da031ee5796ffcf620,0xfd086bc7cd5c481dcc9c85ebe478a1c0b69fcbb9,1000000,,175004419727818752
arbitrum,deposit,491731647,1786026140000,0xfccf46a3def364633eae2a0f8de4cc94b3922f4a5e1a1ac503caf16c1ae6127d,0xbb48553d0c9470eb429ba35acd350c4c242ee902,0xbb48553d0c9470eb429ba35acd350c4c242ee902,0xfd086bc7cd5c481dcc9c85ebe478a1c0b69fcbb9,2000000,2184,
arbitrum,withdraw_final,491731800,1786026479000,0x3e02dee4dc50588a062a61c695f09b004253a7d8a86ed5afe23799b3f15cab60,,,,,,175309663061934080
arbitrum,withdraw_submit,491736762,1786027418000,0xd8c509d41b885000cf60aa0514d9324988fec9db8aecea640be7ec0844c7b2a2,,0xbb48553d0c9470eb429ba35acd350c4c242ee902,0xfd086bc7cd5c481dcc9c85ebe478a1c0b69fcbb9,1000000,,175309663061934080
arbitrum,deposit,491742337,1786028812000,0x98f066f599a57c9a91f5ad2c0c1c63287d48c51771cc1cc96bb7c7364a8fd4ab,0x7457fd965d22fb844d3e420494eefdb5df4b9a98,0x7457fd965d22fb844d3e420494eefdb5df4b9a98,0xfd086bc7cd5c481dcc9c85ebe478a1c0b69fcbb9,51100000,2184,
arbitrum,deposit,491766685,1786034899000,0x732f4fa052e79f89433dd23077958e5a7bf7d1e0a6385372e9879678bf828a21,0x7457fd965d22fb844d3e420494eefdb5df4b9a98,0x7457fd965d22fb844d3e420494eefdb5df4b9a98,0xfd086bc7cd5c481dcc9c85ebe478a1c0b69fcbb9,900000000,2184,
arbitrum,deposit,491817946,1786047739000,0x60756d30f14d4356eb0eb5a3075e24e816c33d7b0f969188bc16a870f02565c3,0xbb48553d0c9470eb429ba35acd350c4c242ee902,0xbb48553d0c9470eb429ba35acd350c4c242ee902,0xfd086bc7cd5c481dcc9c85ebe478a1c0b69fcbb9,2000000,2184,
arbitrum,withdraw_final,491818095,1786048077000,0xaec91b82d807513d16df26a291a4c201128f1836c1969335e0a0b1ea86dd68d8,,,,,,176682094091567104
arbitrum,withdraw_submit,491823053,1786049019000,0x0c559963dfa08b8a5e4300dad19bcfd03350eff42470611b224e315feeb77df0,,0xbb48553d0c9470eb429ba35acd350c4c242ee902,0xfd086bc7cd5c481dcc9c85ebe478a1c0b69fcbb9,1000000,,176682094091567104
arbitrum,deposit,491825772,1786049701000,0xb3ba99f135c59fa8c4bac988ec0d35cf5bdc72575b8dfde4c78394d841225363,0x5c051c0ff69b6f5fdd47e847eb370dd48726ec4d,0x5c051c0ff69b6f5fdd47e847eb370dd48726ec4d,0xfd086bc7cd5c481dcc9c85ebe478a1c0b69fcbb9,500000000,2184,
arbitrum,deposit,491903806,1786069340000,0xfc1a872e2125869e9e033e1cf99603272138bc07eec48e6637d22930cc553acb,0xbb48553d0c9470eb429ba35acd350c4c242ee902,0xbb48553d0c9470eb429ba35acd350c4c242ee902,0xfd086bc7cd5c481dcc9c85ebe478a1c0b69fcbb9,2000000,2184,
arbitrum,withdraw_final,491903957,1786069678000,0xf9bf315cca3c549738ae326fa6e94f63573b911ef0f60cc5efe85c4857e2b33e,,,,,,177939574616489984
arbitrum,withdraw_submit,491908881,1786070618000,0x3ad616c274a8de8aa2a58fb96a41ad9a742ae7e0b5a1a764686bb3192cdb1f87,,0xbb48553d0c9470eb429ba35acd350c4c242ee902,0xfd086bc7cd5c481dcc9c85ebe478a1c0b69fcbb9,1000000,,177939574616489984
arbitrum,withdraw_final,491922009,1786074210000,0xb77c687db6cf571957d7e982a29d981166a20ce43c8486e7d072db17649ed8f9,,,,,,178208826124664832
arbitrum,deposit,491925564,1786074805000,0xe4fbd1bcbf6d6380a198d64b22a0a0382c12b65ddc2a6ed2ed3108d14d525b3f,0xf8d548922b7a5f0ce02a9d44ce134cb848ec2b31,0xf8d548922b7a5f0ce02a9d44ce134cb848ec2b31,0xfd086bc7cd5c481dcc9c85ebe478a1c0b69fcbb9,403116392,2184,
arbitrum,withdraw_submit,491926817,1786075118000,0xc3d2b4b5c5cb0070cbc47fe98bbeab659c5ece254041bb6309ac7ee2c2f254ae,,0xc2284095c532613fc543ba0effc8ee0b1af4820c,0xfd086bc7cd5c481dcc9c85ebe478a1c0b69fcbb9,419000000,,178208826124664832
arbitrum,deposit,492000566,1786093618000,0xdcc657d440fcb0d74280b4b3a2dbc41f8fd52e6812a3a9487d3fbacaeedc6fe0,0xae264b17cbc88bd198c73882b4f8448db6ba86db,0xae264b17cbc88bd198c73882b4f8448db6ba86db,0xfd086bc7cd5c481dcc9c85ebe478a1c0b69fcbb9,4500000000000,2184,
arbitrum,deposit,492010689,1786096147000,0x3f8e09fec311e39a4eb43f062af669d2c4fe3f311fec99ddf746969b1f7a4fb1,0xa2342780e69011a9248d0e1c8375394d11402667,0xa2342780e69011a9248d0e1c8375394d11402667,0xfd086bc7cd5c481dcc9c85ebe478a1c0b69fcbb9,1000000,2184,
arbitrum,deposit,492010860,1786096190000,0x15a51da5efd691dce424b04e3a114cef42fe88da13e55c97af7829f182e702cf,0x1b8d5b8a6c49b50877b60ea2806e737b98a74cf4,0x1b8d5b8a6c49b50877b60ea2806e737b98a74cf4,0xfd086bc7cd5c481dcc9c85ebe478a1c0b69fcbb9,4000000,2184,
arbitrum,deposit,492043169,1786104274000,0x9a6bd355bf96391c8b888ac539495f33e101f6afb5040d8951ab14d9f82707fc,0x21a02d86a23d1670153a98880ca2b2b79b6ac9d1,0x21a02d86a23d1670153a98880ca2b2b79b6ac9d1,0xfd086bc7cd5c481dcc9c85ebe478a1c0b69fcbb9,80420000,2184,
arbitrum,withdraw_final,492063614,1786109684000,0x8f053bc839efd7ed0b343997ea020d0bd0cc317144d1a30ee2521bb1d5cd6f1d,,,,,,180332962334638080
arbitrum,withdraw_submit,492068629,1786110638000,0x52efd9f0398ed591757af68bfc3c6fb001b7dbcb539ab268935e96e32e74f91c,,0x5c051c0ff69b6f5fdd47e847eb370dd48726ec4d,0xfd086bc7cd5c481dcc9c85ebe478a1c0b69fcbb9,483937937,,180332962334638080
arbitrum,deposit,492076227,1786112537000,0xb161296ac3e8c830ddde65bf118e6fdf320bcfe081f96de7a429fd50ce0deb77,0xbb48553d0c9470eb429ba35acd350c4c242ee902,0xbb48553d0c9470eb429ba35acd350c4c242ee902,0xfd086bc7cd5c481dcc9c85ebe478a1c0b69fcbb9,2000000,2184,
arbitrum,withdraw_final,492076395,1786112879000,0x28d41da1e9241da9c837164c2eb0a6bc8374f65ac48535cb565ede8cb6aa4164,,,,,,180561677920501760
arbitrum,deposit,492076737,1786112664000,0x29a378b0263a028515c7f9a0c46a1aab294e44104914ba0b9cfe1ccb06bf69fa,0x088841cb0434eb5ba2448b1ae3f97ab7c20e32c5,0x088841cb0434eb5ba2448b1ae3f97ab7c20e32c5,0xfd086bc7cd5c481dcc9c85ebe478a1c0b69fcbb9,20000000,2184,
arbitrum,withdraw_submit,492081355,1786113818000,0x0b6825a4f29b870d61b8d777c2dd87fd994b1302134944eb85de95ceda83ea5a,,0xbb48553d0c9470eb429ba35acd350c4c242ee902,0xfd086bc7cd5c481dcc9c85ebe478a1c0b69fcbb9,1000000,,180561677920501760
arbitrum,deposit,492083176,1786114274000,0x019956bf789107424a282136a5c32ed7d8cbdcc9c501f3dc0ea7ffe8cca94706,0x178f5a01645f3fb7e226e42f99e26dc7909c9876,0x178f5a01645f3fb7e226e42f99e26dc7909c9876,0xfd086bc7cd5c481dcc9c85ebe478a1c0b69fcbb9,29827989,2184,
arbitrum,deposit,492162492,1786134140000,0xb056555778856eef67c3ee3fe20a32e23ad3bdca7582c4845bd80754b17c173f,0xbb48553d0c9470eb429ba35acd350c4c242ee902,0xbb48553d0c9470eb429ba35acd350c4c242ee902,0xfd086bc7cd5c481dcc9c85ebe478a1c0b69fcbb9,2000000,2184,
arbitrum,withdraw_final,492162621,1786134472000,0x22f62bf1f33594f00b367a782d18b02778b00b17663a25027d822b1d25ddcd6c,,,,,,181907067836039168
arbitrum,withdraw_submit,492167593,1786135418000,0xae1596b23a9de336e82c012fcc6c7c0502201a89894df02c17a540b46eab1b93,,0xbb48553d0c9470eb429ba35acd350c4c242ee902,0xfd086bc7cd5c481dcc9c85ebe478a1c0b69fcbb9,1000000,,181907067836039168
arbitrum,withdraw_final,492234286,1786152549000,0x8dea2c9882d58bad960abe775abe46ecfb25ed991339d26134393ac240f1ed13,,,,,,182906420822278144
arbitrum,deposit,492236677,1786152851000,0x4384d06eadb8444554a4819de18ffb6e1c460a7dfa0ec4e5150becdb78b42d93,0xeaaa108be90e2e1bf1a1b5f19e2a5fc7419dd211,0xeaaa108be90e2e1bf1a1b5f19e2a5fc7419dd211,0xfd086bc7cd5c481dcc9c85ebe478a1c0b69fcbb9,25000000,2184,
arbitrum,withdraw_submit,492239167,1786153481000,0x97bc86c6a040adddcca1742f05aad31e6ab1284a0771bf350a0a4b157259df89,,0x092b0a30a66ec490d09719d28ae692f0586104e9,0xfd086bc7cd5c481dcc9c85ebe478a1c0b69fcbb9,38414127,,182906420822278144
arbitrum,deposit,492248127,1786155740000,0xe1d8621daa4d995fd35a078e0f97efdd1d0ef02e19ea98363c5a1520729f3033,0xbb48553d0c9470eb429ba35acd350c4c242ee902,0xbb48553d0c9470eb429ba35acd350c4c242ee902,0xfd086bc7cd5c481dcc9c85ebe478a1c0b69fcbb9,2000000,2184,
arbitrum,withdraw_final,492248285,1786156080000,0x1dcc218b524b9bf0ea5c00b66fd2fd5e71d5d62b2ded94c0b2303a42bf8df6bc,,,,,,183095682855337984
arbitrum,withdraw_submit,492253177,1786157018000,0x59442aea1805c27aff118f6888db919633d9413ad1568ce0af03fc6d4c8f4782,,0xbb48553d0c9470eb429ba35acd350c4c242ee902,0xfd086bc7cd5c481dcc9c85ebe478a1c0b69fcbb9,1000000,,183095682855337984
arbitrum,deposit,492333539,1786177340000,0xd79d603f57da120632379d725b2d52d0efb5069baca682eeff887adfa6203b13,0xbb48553d0c9470eb429ba35acd350c4c242ee902,0xbb48553d0c9470eb429ba35acd350c4c242ee902,0xfd086bc7cd5c481dcc9c85ebe478a1c0b69fcbb9,2000000,2184,
arbitrum,withdraw_final,492333702,1786177681000,0xeb6153146b2930b662fcf2e7fdac24358cb280a1d30bda7da61c08af0c37b91a,,,,,,184286127530704896
arbitrum,withdraw_submit,492338615,1786178618000,0xece92914a6bba1f2a8d83fde619d35b04398b29b896002368653376a3f019d1a,,0xbb48553d0c9470eb429ba35acd350c4c242ee902,0xfd086bc7cd5c481dcc9c85ebe478a1c0b69fcbb9,1000000,,184286127530704896
arbitrum,deposit,492385737,1786190456000,0xd5294cf1c6711664ba41efce7a14331911e54da9fbf7822fe2a5c69a48a41831,0xeaaa108be90e2e1bf1a1b5f19e2a5fc7419dd211,0xeaaa108be90e2e1bf1a1b5f19e2a5fc7419dd211,0xfd086bc7cd5c481dcc9c85ebe478a1c0b69fcbb9,30811562,2184,
arbitrum,deposit,492419569,1786198940000,0xbc22da850ebb2cba57b372cfe189a5fed501fde15f1b7718028961db72f7fa60,0xbb48553d0c9470eb429ba35acd350c4c242ee902,0xbb48553d0c9470eb429ba35acd350c4c242ee902,0xfd086bc7cd5c481dcc9c85ebe478a1c0b69fcbb9,2000000,2184,
arbitrum,withdraw_final,492419718,1786199277000,0x6355519e4f9d1c9c3e57e6818ea1b1efcec3f177a883366049ee6059a74e0311,,,,,,185473548549095424
arbitrum,withdraw_submit,492424669,1786200218000,0xf3fd7facf52ca01faab50e060cea56b3b2ec1ead655ed8dd6cea3d4024105579,,0xbb48553d0c9470eb429ba35acd350c4c242ee902,0xfd086bc7cd5c481dcc9c85ebe478a1c0b69fcbb9,1000000,,185473548549095424
arbitrum,withdraw_final,492475051,1786213181000,0xdf6760c1663cd8f7d1067795c2ae734e2148b339374cd279015ad23a7317ce2e,,,,,,186274852024352768
arbitrum,withdraw_final,492476245,1786213481000,0x2def9280a2d4a65b7524c129afd793c2eb26f6d0dede4b2074f12ff8dd13eb66,,,,,,186291550857199616
arbitrum,withdraw_submit,492480046,1786214138000,0x48769f81bb555171dd920ff859a8ade489676b4cf9e1d97fa82abce0d9ac793f,,0x4feb1eed50f5a9a404bdaa30152ccb4f0b844f8e,0xfd086bc7cd5c481dcc9c85ebe478a1c0b69fcbb9,22000000,,186274852024352768
arbitrum,withdraw_submit,492481242,1786214438000,0xdaea3a8a1b4eb36310ab7c67093c237085e9fc833c37e83c7795c0b6864f6ca0,,0x4feb1eed50f5a9a404bdaa30152ccb4f0b844f8e,0xfd086bc7cd5c481dcc9c85ebe478a1c0b69fcbb9,19000000,,186291550857199616
arbitrum,deposit,492494013,1786217653000,0xc46ebfbebd1ec9eb83a63288bdb24a687f08ace483574efbf3de6389bdb33f18,0xc9d11f6acf24703e880aa90a2c911b562f028fa7,0xc9d11f6acf24703e880aa90a2c911b562f028fa7,0xfd086bc7cd5c481dcc9c85ebe478a1c0b69fcbb9,22590728,2184,
arbitrum,deposit,492505450,1786220540000,0x95eb6403d0da44e201e82e169f87e46207c5e24333e250e2d239be35e9b92c74,0xbb48553d0c9470eb429ba35acd350c4c242ee902,0xbb48553d0c9470eb429ba35acd350c4c242ee902,0xfd086bc7cd5c481dcc9c85ebe478a1c0b69fcbb9,2000000,2184,
arbitrum,withdraw_final,492505589,1786220874000,0x97654fa725787c054be1511ad09b37472c183ebf7d79ab265631fc12948992b9,,,,,,186698928488448000
arbitrum,withdraw_submit,492510549,1786221818000,0x12b0b47817c57494457b47a4051052edcc54ab46deb46ecad0fa9536f2cf751c,,0xbb48553d0c9470eb429ba35acd350c4c242ee902,0xfd086bc7cd5c481dcc9c85ebe478a1c0b69fcbb9,1000000,,186698928488448000
arbitrum,deposit,492555000,1786233034000,0xeeb27245d70d867f059b9c03e4eee28ea3ff8e32c5ac99f3fc31185f29f8a4e3,0x06d1bd45caaa2881abb78c8111541bd0b192abc6,0x06d1bd45caaa2881abb78c8111541bd0b192abc6,0xfd086bc7cd5c481dcc9c85ebe478a1c0b69fcbb9,99950000,2184,
arbitrum,withdraw_final,492578770,1786239372000,0x993cffbe2b0d82c7e21584e890b6a42012ada72032a7fb35ea034df9714d1eb2,,,,,,187719369785081856
arbitrum,withdraw_submit,492583548,1786240298000,0xbe6b25cc84b2f1d5d6b6ec12d174815de3fba16bbb6ad002ac069bb60e11bf7d,,0x06d1bd45caaa2881abb78c8111541bd0b192abc6,0xfd086bc7cd5c481dcc9c85ebe478a1c0b69fcbb9,100868952,,187719369785081856
arbitrum,deposit,492590814,1786242140000,0x31855e1ca86edb83a486c30961c888b02faba8c97b6338ee08b2b4343b539f57,0xbb48553d0c9470eb429ba35acd350c4c242ee902,0xbb48553d0c9470eb429ba35acd350c4c242ee902,0xfd086bc7cd5c481dcc9c85ebe478a1c0b69fcbb9,2000000,2184,
arbitrum,withdraw_final,492590982,1786242482000,0x24beca3a9f96d775596b163628f9a704d87c2088abc43210516100e3f929a7b9,,,,,,187890163437797376
arbitrum,withdraw_submit,492595852,1786243418000,0x2c5c9e6f29e4bd9cdfd0f89e584b3afe164c76b8448d4adcb4e1fe84bd896292,,0xbb48553d0c9470eb429ba35acd350c4c242ee902,0xfd086bc7cd5c481dcc9c85ebe478a1c0b69fcbb9,1000000,,187890163437797376
arbitrum,deposit,492675955,1786263740000,0x2edab07db87d90613d27227027893f5c2a4ffa0485ad596077ac912ddd5bc8c0,0xbb48553d0c9470eb429ba35acd350c4c242ee902,0xbb48553d0c9470eb429ba35acd350c4c242ee902,0xfd086bc7cd5c481dcc9c85ebe478a1c0b69fcbb9,2000000,2184,
arbitrum,withdraw_final,492676096,1786264076000,0x8764f0e0ab19de2229b10032893d2aa3acf81ac5c444ae8a75037b9c8679d0b4,,,,,,189072275876610048
arbitrum,deposit,492679019,1786264508000,0x815f9c2c9acf650918ad1616c9bedc5bb3b0dc88c25ff4edebb8fcca5fd3c7bd,0xb22a6f23c67c2fa2d984f5f7d300e727ff49de57,0xb22a6f23c67c2fa2d984f5f7d300e727ff49de57,0xfd086bc7cd5c481dcc9c85ebe478a1c0b69fcbb9,500000000,2184,
arbitrum,withdraw_submit,492681059,1786265020000,0xa66f5e82e3f6eac7330d57f874a199afa0b7b7cd28230308c825f8563294d6b1,,0xbb48553d0c9470eb429ba35acd350c4c242ee902,0xfd086bc7cd5c481dcc9c85ebe478a1c0b69fcbb9,1000000,,189072275876610048
arbitrum,deposit,492692897,1786268002000,0x7a93270e5fa17be9bec3593ade02a9db71aa53cb69de6565c5ad64e2902631be,0xaf3d75ac07863a715de23954aeb26f1ab1a6cac1,0xaf3d75ac07863a715de23954aeb26f1ab1a6cac1,0xfd086bc7cd5c481dcc9c85ebe478a1c0b69fcbb9,108000000,2184,
arbitrum,deposit,492733823,1786278292000,0x92afb12123dba5810572d0ba34be7654e43ac81bc9b43804aad73d58fb45b0e1,0xca72c93172ba6eff168e59e7f17c3c7a8fea9b62,0xca72c93172ba6eff168e59e7f17c3c7a8fea9b62,0xfd086bc7cd5c481dcc9c85ebe478a1c0b69fcbb9,15027697,2184,
arbitrum,deposit,492735406,1786278690000,0x3176d807478a726e1580fcaae23755234f03db8cc26e60bcc2ef7c593ec20a96,0xca72c93172ba6eff168e59e7f17c3c7a8fea9b62,0xca72c93172ba6eff168e59e7f17c3c7a8fea9b62,0xfd086bc7cd5c481dcc9c85ebe478a1c0b69fcbb9,395364000,2184,
arbitrum,deposit,492758144,1786284388000,0xdc0e3a5c073557d0ca6a1942e954df886c0ede121960dc83c3841ba8f631ac88,0x74a2b63a3ece0ac42481d8ee0af5b37daaba2c98,0x74a2b63a3ece0ac42481d8ee0af5b37daaba2c98,0xfd086bc7cd5c481dcc9c85ebe478a1c0b69fcbb9,436851355,2184,
arbitrum,deposit,492758700,1786284528000,0xd4dd027cd24fa39eb05f808197e4aebc837568dc5ca4466e7642e8038f6c052c,0x77825d831f36c897326cf4a56a2556f8554cfef4,0x77825d831f36c897326cf4a56a2556f8554cfef4,0xfd086bc7cd5c481dcc9c85ebe478a1c0b69fcbb9,500000000,2184,
arbitrum,deposit,492761950,1786285340000,0xaa161b1b1ed525e570538e687c1fdc5497acfdf2e9b71b5d6d9848749de78e79,0xbb48553d0c9470eb429ba35acd350c4c242ee902,0xbb48553d0c9470eb429ba35acd350c4c242ee902,0xfd086bc7cd5c481dcc9c85ebe478a1c0b69fcbb9,2000000,2184,
arbitrum,withdraw_final,492762096,1786285677000,0xf47b53d240b8acc6041d75b350e7e23b3e729757a93f589ee478f7b0ea85745c,,,,,,190280656335405056
arbitrum,withdraw_final,492766644,1786286816000,0x7799684be478f16ad3c2906ffb2317bb05c780cb72bdadf7290a7c41c2afa281,,,,,,190346790233440256
arbitrum,withdraw_submit,492767052,1786286618000,0x67aa7522698496a7f2b1ceb2b38f2c3cfae19befd75d96e1ff22f1bf36fba43a,,0xbb48553d0c9470eb429ba35acd350c4c242ee902,0xfd086bc7cd5c481dcc9c85ebe478a1c0b69fcbb9,1000000,,190280656335405056
arbitrum,deposit,492770155,1786287397000,0xc1bb1058fe13794b98490058c8a3ce6037a8a9e62e182f1d22f5ec357f872513,0x637dc6233f878838a83ca27bdecd6e1a261b1457,0x637dc6233f878838a83ca27bdecd6e1a261b1457,0xfd086bc7cd5c481dcc9c85ebe478a1c0b69fcbb9,100000000,2184,
arbitrum,withdraw_submit,492771596,1786287758000,0x2a409c97f4bc97e113ebbb97f9a053b06c09a60fd617e3bf556d25d8185474b7,,0x74a2b63a3ece0ac42481d8ee0af5b37daaba2c98,0xfd086bc7cd5c481dcc9c85ebe478a1c0b69fcbb9,395390266,,190346790233440256
arbitrum,deposit,492781694,1786290291000,0x452197d5816895ac7f212b13ed653638bb1a3d8334326dc9179970dcabce0d75,0xa8b63e1408e8e607d4cf48e6e3b14bb881b2010e,0xa8b63e1408e8e607d4cf48e6e3b14bb881b2010e,0xfd086bc7cd5c481dcc9c85ebe478a1c0b69fcbb9,999900000,2184,
arbitrum,deposit,492784305,1786290948000,0x9181a545028f0467366b696f6778b49adc1f4e10ed3cbb313552a54a12ddf02f,0x2797cb78c7498b814aec0cf2408bb8870a5adcf4,0x2797cb78c7498b814aec0cf2408bb8870a5adcf4,0xfd086bc7cd5c481dcc9c85ebe478a1c0b69fcbb9,199950000,2184,
arbitrum,withdraw_final,492784950,1786291408000,0x1dfe45b3502aa5645525dae7cf680b318bc1b2cc0d3e798709e70aa369996ecc,,,,,,190610836262223872
arbitrum,withdraw_submit,492789791,1786292318000,0xad8777f8e5557e1c813fe54c1dd373d86c493140c22323650acfe490578f6e6d,,0xc9d11f6acf24703e880aa90a2c911b562f028fa7,0xfd086bc7cd5c481dcc9c85ebe478a1c0b69fcbb9,27439334,,190610836262223872
arbitrum,deposit,492825889,1786301403000,0xefc628193f492d028f6051277f91bfbfeae3774d7728037ddc5d1f0711c35b21,0x14057ad8de779090cc02f1b9f70e3c995e62a206,0x14057ad8de779090cc02f1b9f70e3c995e62a206,0xfd086bc7cd5c481dcc9c85ebe478a1c0b69fcbb9,24900050,2184,
arbitrum,deposit,492847903,1786306940000,0xcc36620aa7ab8a3bcf2558c3ac6775d169f57ff56f1057d983d92b3c48d75bd9,0xbb48553d0c9470eb429ba35acd350c4c242ee902,0xbb48553d0c9470eb429ba35acd350c4c242ee902,0xfd086bc7cd5c481dcc9c85ebe478a1c0b69fcbb9,2000000,2184,
arbitrum,withdraw_final,492848060,1786307279000,0xbf9565fa863eec5c178574e5915bf9be99144e5ad65a977c03483fd11e88d837,,,,,,191485231453175808
arbitrum,withdraw_submit,492852984,1786308218000,0xe46ee3fccf88a4ea077be62538476735c736c1ee96290b2a851dfb23399e3288,,0xbb48553d0c9470eb429ba35acd350c4c242ee902,0xfd086bc7cd5c481dcc9c85ebe478a1c0b69fcbb9,1000000,,191485231453175808
arbitrum,deposit,492868807,1786312208000,0xc0faf810c7af1b302d86967104ad1e72d1d28fd65b92c6fad98187beb7f11152,0x21a02d86a23d1670153a98880ca2b2b79b6ac9d1,0x21a02d86a23d1670153a98880ca2b2b79b6ac9d1,0xfd086bc7cd5c481dcc9c85ebe478a1c0b69fcbb9,98975689,2184,
arbitrum,deposit,492933518,1786328540000,0x2ca4dd41688af5db65a5e1a42fa9b8c4a4b67724048eb06f2a80281637ea0fbf,0xbb48553d0c9470eb429ba35acd350c4c242ee902,0xbb48553d0c9470eb429ba35acd350c4c242ee902,0xfd086bc7cd5c481dcc9c85ebe478a1c0b69fcbb9,2000000,2184,
arbitrum,withdraw_final,492933665,1786328877000,0xdcf9c8761bb86e27717fbbe2799373d417c926fccc443d0d083760f69e2c34db,,,,,,192805564529508352
arbitrum,withdraw_submit,492938573,1786329819000,0xa5c70d1dfd92e155056284d2199c023b4209be1422a7d5a7192e23466c5ecdef,,0xbb48553d0c9470eb429ba35acd350c4c242ee902,0xfd086bc7cd5c481dcc9c85ebe478a1c0b69fcbb9,1000000,,192805564529508352
arbitrum,deposit,492949351,1786332533000,0x4e6a23f107b50156178d05e4288aea5b581079f38d456fced10617a1cba7236a,0x222c1f076d889eee72f5e760670802278090fbcf,0x222c1f076d889eee72f5e760670802278090fbcf,0xfd086bc7cd5c481dcc9c85ebe478a1c0b69fcbb9,2092266,2184,
arbitrum,deposit,492950485,1786332820000,0xdfab407560a03894570d9be951701b3941aabe27afd875afc7c0f34b89b2fc24,0xf4f952f68e8791e04f3824f13c90faddf7db538a,0xf4f952f68e8791e04f3824f13c90faddf7db538a,0xfd086bc7cd5c481dcc9c85ebe478a1c0b69fcbb9,100000000,2184,
arbitrum,deposit,492984131,1786341349000,0x83f32230c686a6cf0595b5bf9420d73d39a764c6673a7e82fd9d5b06f4af167f,0x1d6cb9c92c67aa04e130e22e559bec4ec466e137,0x1d6cb9c92c67aa04e130e22e559bec4ec466e137,0xfd086bc7cd5c481dcc9c85ebe478a1c0b69fcbb9,300892836,2184,
arbitrum,deposit,493019183,1786350140000,0xd58eff14d53a1204890e3225d50e4d1c3c1bcf2a79a99868d3e947ded6ec4c11,0xbb48553d0c9470eb429ba35acd350c4c242ee902,0xbb48553d0c9470eb429ba35acd350c4c242ee902,0xfd086bc7cd5c481dcc9c85ebe478a1c0b69fcbb9,2000000,2184,
arbitrum,withdraw_final,493019314,1786350473000,0x207a864820ccc0ca3598b44b31befd2143320196838bbf6a8e66211c59962568,,,,,,194119738622738432
arbitrum,withdraw_final,493020299,1786350719000,0x4d648e0971f65e0637c274baa6a47175115a3d949d04320844bf2786abebff07,,,,,,194136446037131264
arbitrum,withdraw_submit,493024289,1786351418000,0x3b3f59ead8834ef192b7e437d4fb5c928d484f7f5c5461ec2238712cb975e3c2,,0xbb48553d0c9470eb429ba35acd350c4c242ee902,0xfd086bc7cd5c481dcc9c85ebe478a1c0b69fcbb9,1000000,,194119738622738432
arbitrum,withdraw_submit,493025246,1786351658000,0xaa0c60fc2d47a712d4e2207800aec4c6509cc23c45c82c2475931b673d421292,,0x7457fd965d22fb844d3e420494eefdb5df4b9a98,0xfd086bc7cd5c481dcc9c85ebe478a1c0b69fcbb9,203000000,,194136446037131264
arbitrum,deposit,493029479,1786352718000,0x9cc447fe314c160109988b5320c1e71a5de3bc3f1f72af6e38d1fe0dd133bada,0xd491ad4fff5fb493ba814823676c78557f14dd66,0xd491ad4fff5fb493ba814823676c78557f14dd66,0xfd086bc7cd5c481dcc9c85ebe478a1c0b69fcbb9,10000000,2184,
arbitrum,deposit,493038077,1786354868000,0xb642aca2a61a689ef30fc5c9118dfb5daface0c5ae333426fbb80d642d37587c,0x37e303df614b70da401ed294e1c79879a469ca04,0x37e303df614b70da401ed294e1c79879a469ca04,0xfd086bc7cd5c481dcc9c85ebe478a1c0b69fcbb9,30000000,2184,
arbitrum,withdraw_final,493041187,1786355947000,0x562cbe2dd5cee8fbc28142404017805c7268375f2dc979c0f7c6c2396b3ad491,,,,,,194467313146134528
arbitrum,withdraw_submit,493046108,1786356878000,0x71ce7a4ce56dbe267cde77208af6e76c451c1d8924311c685927d5d920cbcb9d,,0xf4f952f68e8791e04f3824f13c90faddf7db538a,0xfd086bc7cd5c481dcc9c85ebe478a1c0b69fcbb9,90701851,,194467313146134528
arbitrum,deposit,493105571,1786371740000,0xe93f450e8fa9350c83e3e1ed27338e439406d5a55bd5516939d2dfbb081387ad,0xbb48553d0c9470eb429ba35acd350c4c242ee902,0xbb48553d0c9470eb429ba35acd350c4c242ee902,0xfd086bc7cd5c481dcc9c85ebe478a1c0b69fcbb9,2000000,2184,
arbitrum,withdraw_final,493105707,1786372074000,0x2a333345a52d1f1a6d9d0564974a4b7bee59cfff06159c2b13f658f884da95e5,,,,,,195506179835691008
arbitrum,deposit,493107059,1786372112000,0x7e306b97f3d113549880f6d55adb4a81a8a064045b6d00ca78c1d166ac17f155,0x314a8fdb917489f4ea856d37ebbe05902b00811f,0x314a8fdb917489f4ea856d37ebbe05902b00811f,0xfd086bc7cd5c481dcc9c85ebe478a1c0b69fcbb9,4500900000,2184,
arbitrum,withdraw_final,493107520,1786372527000,0xba269650373aaf496b8eae30f74005bc1253d044bec9480ee66358531effa706,,,,,,195536854513090561
arbitrum,withdraw_submit,493110678,1786373018000,0x61b63f8a21ca333a6f07649c5c8a06c82e2e9782806ea8197164fdd1ee9ab4e8,,0xbb48553d0c9470eb429ba35acd350c4c242ee902,0xfd086bc7cd5c481dcc9c85ebe478a1c0b69fcbb9,1000000,,195506179835691008
arbitrum,withdraw_submit,493112352,1786373438000,0x85b5565868fe242b3f8c12d59b3f3dcab69023595653b06106132233dd975155,,0x314a8fdb917489f4ea856d37ebbe05902b00811f,0xfd086bc7cd5c481dcc9c85ebe478a1c0b69fcbb9,74000000,,195536854513090561
arbitrum,deposit,493116499,1786374475000,0x5d8857923e4e4072373322e1471a837c97a81ccff1880d9d12052cf6d0e399b3,0xf815c164aa2b1a09e10fd572b7c3730c368108df,0xf815c164aa2b1a09e10fd572b7c3730c368108df,0xfd086bc7cd5c481dcc9c85ebe478a1c0b69fcbb9,142973810,2184,
arbitrum,deposit,493118723,1786375031000,0xbe57c963198f10c143e4f589b73d03999e93dbfcd341ef1f16133135b9ff950b,0xe24eb9796ce3266e04a186f2a66bd2d514a9369f,0xe24eb9796ce3266e04a186f2a66bd2d514a9369f,0xfd086bc7cd5c481dcc9c85ebe478a1c0b69fcbb9,28833316,2184,
arbitrum,deposit,493122572,1786375992000,0x6b5cf78e49bf3b80269de4f4022428167f24ddc56ecf0d8715bfb0e21ca4782f,0xd4f2732ae27a955cf84e4e5cd6e1bbb2c961ade7,0xd4f2732ae27a955cf84e4e5cd6e1bbb2c961ade7,0xfd086bc7cd5c481dcc9c85ebe478a1c0b69fcbb9,10000000,2184,
arbitrum,deposit,493125508,1786376724000,0x6cee556a4bb5ed1fe604c10c53f8b3d36f8d2c4254b11797b425d9378ee35cb1,0x3249521fe65422b3c41d04a0d92ee43af7000571,0x3249521fe65422b3c41d04a0d92ee43af7000571,0xfd086bc7cd5c481dcc9c85ebe478a1c0b69fcbb9,10000000,2184,
arbitrum,deposit,493138355,1786379939000,0xe121f25fd27745b14cef83b735b827c9494ddf211b2d2ac10e7ddf753c89e9e4,0xd4f2732ae27a955cf84e4e5cd6e1bbb2c961ade7,0xd4f2732ae27a955cf84e4e5cd6e1bbb2c961ade7,0xfd086bc7cd5c481dcc9c85ebe478a1c0b69fcbb9,10000000,2184,
arbitrum,deposit,493157777,1786384808000,0xb682cac7233946bd4f0524e8a6a8868bf39772ad0f48ec678506893ab033d083,0x092b0a30a66ec490d09719d28ae692f0586104e9,0x092b0a30a66ec490d09719d28ae692f0586104e9,0xfd086bc7cd5c481dcc9c85ebe478a1c0b69fcbb9,77019593,2184,
arbitrum,deposit,493160390,1786385464000,0x0e888f94c6645751754501761ebf484b9d9347d3c4043e043a2a59b69c0beb6b,0x48b576c87e788a762d6f95a456f2a39113b46950,0x48b576c87e788a762d6f95a456f2a39113b46950,0xfd086bc7cd5c481dcc9c85ebe478a1c0b69fcbb9,68936478,2184,
arbitrum,deposit,493191786,1786393340000,0x5db29b9641ed33c6e24a23929d5928395eff5fdd14b4e8379851a0876fd46f43,0xbb48553d0c9470eb429ba35acd350c4c242ee902,0xbb48553d0c9470eb429ba35acd350c4c242ee902,0xfd086bc7cd5c481dcc9c85ebe478a1c0b69fcbb9,2000000,2184,
arbitrum,withdraw_final,493191947,1786393680000,0x72ba13d8a12e844f2010f6cc4c80519c79e594b5c257944fc2d010383164f3d8,,,,,,196922075934359552
arbitrum,withdraw_submit,493196882,1786394618000,0xb81e6103843369260c19aef7610eb77d07172a51087a6eec9b21ac569b68d5db,,0xbb48553d0c9470eb429ba35acd350c4c242ee902,0xfd086bc7cd5c481dcc9c85ebe478a1c0b69fcbb9,1000000,,196922075934359552
arbitrum,deposit,493240021,1786405460000,0x3634157a7ad941ad3b2cbbb32759a8d022c73cc1d34f79161f025e83e32b5ea7,0x222c1f076d889eee72f5e760670802278090fbcf,0x222c1f076d889eee72f5e760670802278090fbcf,0xfd086bc7cd5c481dcc9c85ebe478a1c0b69fcbb9,16702211,2184,
arbitrum,deposit,493277730,1786414941000,0x444f9e958c527524218dc9bd921ff6d9959c681cf6d534ab7d439fe65c4e8a26,0xbb48553d0c9470eb429ba35acd350c4c242ee902,0xbb48553d0c9470eb429ba35acd350c4c242ee902,0xfd086bc7cd5c481dcc9c85ebe478a1c0b69fcbb9,2000000,2184,
arbitrum,withdraw_final,493277910,1786415286000,0x45d3838aaad950d7b9ffee37b243ab3ced9ba0b2051fe466d3e1a2c286ef6a1a,,,,,,198236207077916672
arbitrum,withdraw_submit,493282806,1786416218000,0xd49270d675a98f834c13ab5c3debeaacce267bfba1bd7d224b3729ad5be6c128,,0xbb48553d0c9470eb429ba35acd350c4c242ee902,0xfd086bc7cd5c481dcc9c85ebe478a1c0b69fcbb9,1000000,,198236207077916672
arbitrum,unknown:0x4d0f239b,493286892,1786417246000,0xbb3516019e1909c1277f6e41473450695a3a1507a589718c27db37841d85414b,,,,,,
arbitrum,unknown:0x62e78cea,493286892,1786417246000,0xbb3516019e1909c1277f6e41473450695a3a1507a589718c27db37841d85414b,,,,,,
arbitrum,unknown:0xebf7fe88,493286892,1786417246000,0xbb3516019e1909c1277f6e41473450695a3a1507a589718c27db37841d85414b,,,,,,
arbitrum,unknown:0x5db9ee0a,493287072,1786417292000,0xace43773e08b18eefff0d63af6e0e0f531f3c4c0ea445bfe7247471afcc8848e,,,,,,
arbitrum,unknown:0xebf7fe88,493287072,1786417292000,0xace43773e08b18eefff0d63af6e0e0f531f3c4c0ea445bfe7247471afcc8848e,,,,,,
arbitrum,deposit,493287249,1786417336000,0xac62fbc305443497601e14805ca83ca52b59ea8c516f909f878a6975c72f1262,0x15491f98192ae646621002355ac5bf67db0f1057,0x15491f98192ae646621002355ac5bf67db0f1057,0xfd086bc7cd5c481dcc9c85ebe478a1c0b69fcbb9,2000000,2184,
arbitrum,deposit,493287678,1786417445000,0x134f3c2d4320431bf258c086a90beb009056342b3b84149d0dc3be1a0050f3a8,0x7481e623da7fa4a71f40dedd1d7a1a7656042069,0x7481e623da7fa4a71f40dedd1d7a1a7656042069,0xfd086bc7cd5c481dcc9c85ebe478a1c0b69fcbb9,9850000,2184,
arbitrum,deposit,493291471,1786418402000,0xc43c4b081ab233882e434d171129e2f6abcda71b59d7ddd5a4e517c06a70e1df,0x2a3adf5c8d93def10fc85b1609ef442f7f665126,0x2a3adf5c8d93def10fc85b1609ef442f7f665126,0xfd086bc7cd5c481dcc9c85ebe478a1c0b69fcbb9,10000000,2184,
arbitrum,deposit,493291809,1786418487000,0xf15ea79cb50512a136ada0bb3391c7bc9e95f787dd02c7d26e6a7ac1b2c9db8c,0x2a3adf5c8d93def10fc85b1609ef442f7f665126,0x2a3adf5c8d93def10fc85b1609ef442f7f665126,0xfd086bc7cd5c481dcc9c85ebe478a1c0b69fcbb9,6000000000,2184,
arbitrum,deposit,493293687,1786418962000,0x712ff59f96bce8262f4c37c0fba59535284a6d821ab4e5c4d8a652e1c68dbbc9,0x8b5821beb574f53239341761d712c5b24cc0c521,0x8b5821beb574f53239341761d712c5b24cc0c521,0xfd086bc7cd5c481dcc9c85ebe478a1c0b69fcbb9,2000000,2184,
arbitrum,deposit,493297085,1786419820000,0x0def3b603652bb162d4fe3e18c18ca1c0175f25f2951b152b4ef2bfcbc2d8f92,0x2a3adf5c8d93def10fc85b1609ef442f7f665126,0x2a3adf5c8d93def10fc85b1609ef442f7f665126,0xfd086bc7cd5c481dcc9c85ebe478a1c0b69fcbb9,12140000000,2184,
arbitrum,withdraw_final,493335217,1786429774000,0x2b7e97850829040cb573a7092f91db3222b160c2901c27fa16df1005d5b924db,,,,,,199101101817987072
arbitrum,withdraw_submit,493339979,1786430679000,0x9a950b433f246eb0c72be3336c09090eccb5e1dd5cb137741bd4af98f5607b4a,,0x092b0a30a66ec490d09719d28ae692f0586104e9,0xfd086bc7cd5c481dcc9c85ebe478a1c0b69fcbb9,571050168,,199101101817987072
arbitrum,deposit,493343173,1786431486000,0xe5dba06c94bad0dc82d92c0840679693e6df50e60370c823679e22ce4853af45,0x678bda9ed2254b7f21381f0c538ac1d141623fa9,0x678bda9ed2254b7f21381f0c538ac1d141623fa9,0xfd086bc7cd5c481dcc9c85ebe478a1c0b69fcbb9,33653324,2184,
arbitrum,deposit,493354221,1786434271000,0xf059cff8fc36875e2aff7190f6500791a2f01865e578c4548d873f1957ef32e1,0x2c69928607269240bf230be0967f305e27f5cbc8,0x2c69928607269240bf230be0967f305e27f5cbc8,0xfd086bc7cd5c481dcc9c85ebe478a1c0b69fcbb9,13060000,2184,
arbitrum,withdraw_final,493355840,1786434976000,0xcfe55c64623230fbde13d81f57a3d5fc48df59fdaf1faba69ed0346b74416328,,,,,,199426351113961472
arbitrum,deposit,493356161,1786434757000,0x3b92ee69fc8c71ecda93c188a77dd9f0838e6c2661610b2d68518a6cb95c4111,0x092b0a30a66ec490d09719d28ae692f0586104e9,0x092b0a30a66ec490d09719d28ae692f0586104e9,0xfd086bc7cd5c481dcc9c85ebe478a1c0b69fcbb9,250000000,2184,
arbitrum,withdraw_submit,493360698,1786435898000,0xd01ac0788643c84ec501535cc5d4edecad8f74f77ad4f27f8022e2ca224bef87,,0xd4146a07d07e6db0a3c83c619217ff3d161f0654,0xfd086bc7cd5c481dcc9c85ebe478a1c0b69fcbb9,40000000,,199426351113961472
arbitrum,deposit,493363259,1786436540000,0xb2383c093eff42da698e13b2460818989d589ec34f54bbb75e7bdaadd1729330,0xbb48553d0c9470eb429ba35acd350c4c242ee902,0xbb48553d0c9470eb429ba35acd350c4c242ee902,0xfd086bc7cd5c481dcc9c85ebe478a1c0b69fcbb9,2000000,2184,
arbitrum,withdraw_final,493363412,1786436878000,0x15fae83558832c2f9adc8715ec1206582f44014b19e5746e0a970118076c08a6,,,,,,199542615870275584
arbitrum,withdraw_final,493368198,1786438076000,0x74dc4c96f5f2e3c75222064c9ca70b3bf78ae0844d0469f5ea698cf0e518c4b2,,,,,,199615956723433472
arbitrum,withdraw_submit,493368365,1786437818000,0xe36526a1fe0f6339687347db00623c297cc7a05c5109e8e65d3057c06f0d5173,,0xbb48553d0c9470eb429ba35acd350c4c242ee902,0xfd086bc7cd5c481dcc9c85ebe478a1c0b69fcbb9,1000000,,199542615870275584
arbitrum,deposit,493371997,1786438729000,0x9a70bb36af567ecfbd61c91919cc25ab4820425a5b0fd9630a8edebbd59e307f,0x06c2e0f7905bfdd3d0100ed4539a23677145744b,0x06c2e0f7905bfdd3d0100ed4539a23677145744b,0xfd086bc7cd5c481dcc9c85ebe478a1c0b69fcbb9,19191954,2184,
arbitrum,withdraw_submit,493373152,1786439018000,0xd05405c7034d652f8800699701f90696adc0453c48fe2e23b7e7c9f999d6bac3,,0x7e55339898ba134cf19d0279263f666a112b1258,0xfd086bc7cd5c481dcc9c85ebe478a1c0b69fcbb9,99000000,,199615956723433472
arbitrum,deposit,493374477,1786439350000,0xe44bda9d1a95c9b11700148ec5f34c196be466a5f5898a0f8d2ba18d83e3c811,0x40bb9fd9cf1a4b92ec0013f86b06ca80bf8cf8a2,0x40bb9fd9cf1a4b92ec0013f86b06ca80bf8cf8a2,0xfd086bc7cd5c481dcc9c85ebe478a1c0b69fcbb9,30000000,2184,
arbitrum,deposit,493375436,1786439591000,0x2b81acf3b2af6d770066fc5ff428bf77f99046fbfdf27bf8a0bad5c055a7239a,0x3d5a090a24cfba794e734142d95a66d738ac784b,0x3d5a090a24cfba794e734142d95a66d738ac784b,0xfd086bc7cd5c481dcc9c85ebe478a1c0b69fcbb9,4900000,2184,
arbitrum,withdraw_final,493377329,1786440366000,0xb19b44f43689eaafa66bbfcd415389009563cc4e43f2460fd253d55ca9deac6d,,,,,,199757080758845440
arbitrum,deposit,493378141,1786440270000,0xf0884590acafe07aa3cdb24deadc3782c7f0eab40fac36ba58448defc4a064a4,0x9e5880a24c228b3235a0965e345dafd84e5c4428,0x9e5880a24c228b3235a0965e345dafd84e5c4428,0xfd086bc7cd5c481dcc9c85ebe478a1c0b69fcbb9,7911234,2184,
arbitrum,withdraw_final,493378197,1786440584000,0x52752e03d8d96ad1e220db46f739b85ee00973a42e8f6dfde831cb481a1e4266,,,,,,199772499712409600
arbitrum,deposit,493379205,1786440536000,0x1aea42f478dc41f65d927653be4a7c3a8906d5a8cb57e9eb13813580489c21fa,0xd6824594ce7c817037f2155859fe3435cc9dfe89,0xd6824594ce7c817037f2155859fe3435cc9dfe89,0xfd086bc7cd5c481dcc9c85ebe478a1c0b69fcbb9,29996110,2184,
arbitrum,withdraw_submit,493382245,1786441298000,0xb0cca3bf7d01cd6f4d20c8480f65cabce3857957b93944de8563a457319129b4,,0x59077670dbccc6b388d56a140e2b65c337dd1748,0xfd086bc7cd5c481dcc9c85ebe478a1c0b69fcbb9,49000000,,199757080758845440
arbitrum,withdraw_submit,493383202,1786441538000,0xdece5da351f064d52564fa45fc4a2d1a0afe20258aa96f4dcb6e62b67bc1c306,,0xddac165bfad488d34d5d7dcfcc20a0f40fce5cf5,0xfd086bc7cd5c481dcc9c85ebe478a1c0b69fcbb9,399000000,,199772499712409600
arbitrum,withdraw_final,493383688,1786441959000,0x9250e45f2ce89583c5571b3093adc1aa15816e3bd5762f6b6486ef7b799dcf20,,,,,,199856663891542016
arbitrum,deposit,493384332,1786441822000,0x9fcd120f8c55eae29809f4f55511bfe21b90ec5f3bc69bde58f7fb54cbdc8759,0xd3c9b5cd2677106dc48a4486f5828c8866a015a8,0xd3c9b5cd2677106dc48a4486f5828c8866a015a8,0xfd086bc7cd5c481dcc9c85ebe478a1c0b69fcbb9,100000000,2184,
arbitrum,deposit,493385481,1786442109000,0x01f372f7129a875e1084bbbfd79fd71cdc1f101873e64484b78c7fa829f4a55c,0x2bead750c6648512d808d84506e5b7a70e4778ba,0x2bead750c6648512d808d84506e5b7a70e4778ba,0xfd086bc7cd5c481dcc9c85ebe478a1c0b69fcbb9,499900000,2184,
arbitrum,withdraw_final,493385874,1786442508000,0xdc638285d61cf7508647804efd6360281a986a78d771a05f040130686eb88c28,,,,,,199891401587032064
arbitrum,deposit,493386821,1786442446000,0x5bed35a5f0c4f8a612fc4c938003abce63b0d337196ff33aaa9f79cb0f09153a,0xc2284095c532613fc543ba0effc8ee0b1af4820c,0xc2284095c532613fc543ba0effc8ee0b1af4820c,0xfd086bc7cd5c481dcc9c85ebe478a1c0b69fcbb9,400000000,2184,
arbitrum,withdraw_submit,493388471,1786442858000,0xb7d4de7e993b5a0b1abd0e15375334cf834317c3b90f10cf95bc2fcc7af8955c,,0x6e2df1a8d0366ac1e55ff1dc23523299613902e5,0xfd086bc7cd5c481dcc9c85ebe478a1c0b69fcbb9,99000000,,199856663891542016
arbitrum,deposit,493389749,1786443178000,0xce515f6b23dd3c06dc9a060f472b8992d15aea98a8584487a7853ce90521a89d,0x9598fc02bb1dfdd01386b7563b0afa99847f7514,0x9598fc02bb1dfdd01386b7563b0afa99847f7514,0xfd086bc7cd5c481dcc9c85ebe478a1c0b69fcbb9,13021275,2184,
arbitrum,withdraw_submit,493390868,1786443458000,0x085e5a90f6c70748574f9ad770772fc98f74454db80efb027a7ef012465c1312,,0xc9311426470078de24237204f6816dde883ad26d,0xfd086bc7cd5c481dcc9c85ebe478a1c0b69fcbb9,49000000,,199891401587032064
arbitrum,deposit,493391552,1786443629000,0x176f96a52cedfd6d5fa1f3ee6f723450e219bae80933deda616276ef24ac10c6,0xe9cc5eb1bd5d56dd2d5142911f11ee4fc08c9e33,0xe9cc5eb1bd5d56dd2d5142911f11ee4fc08c9e33,0xfd086bc7cd5c481dcc9c85ebe478a1c0b69fcbb9,19838965,2184,
arbitrum,withdraw_final,493391598,1786443940000,0xc877c06c9da106e9032d5689ece7ce696a20f600595095c051a4bd1e41d05db3,,,,,,199987230897340416
arbitrum,withdraw_final,493391635,1786443950000,0xc6f45da11d576ae21c6ed16e58d5df57166ebd841ce51e5b161e939841eb84dd,,,,,,199987883711397888
arbitrum,deposit,493394790,1786444439000,0xb975f6a511911289abe11dc2a58f3832514cde34cfe6b5f8bb83f7f707cb1578,0x481304d1b13a36319278f6063fff208ed90c19d8,0x481304d1b13a36319278f6063fff208ed90c19d8,0xfd086bc7cd5c481dcc9c85ebe478a1c0b69fcbb9,19890075,2184,
arbitrum,withdraw_submit,493396383,1786444838000,0x396c4c1faa680e5469914ccce396456fd7b18bcc180e3b62f94ea63507986598,,0xd529d321a0e8db175ca7ea28908427e3fa83730d,0xfd086bc7cd5c481dcc9c85ebe478a1c0b69fcbb9,27000000,,199987230897340416
arbitrum,withdraw_submit,493396621,1786444898000,0x4e8c92eed9f24759c2dae639776d9a59f6f7f4594b8c7a7245cc1f5997bc1051,,0x6c86f19edfd1663afdbf2b9839b2f37718359fd8,0xfd086bc7cd5c481dcc9c85ebe478a1c0b69fcbb9,49000000,,199987883711397888
arbitrum,deposit,493397011,1786444995000,0x73e87fdaf868771d90841c2ef43714dae33acb6cf71c7f44436a295e13c0cbdd,0xafd0236999ccbb8d049fc39018d5da41d08c2eb1,0xafd0236999ccbb8d049fc39018d5da41d08c2eb1,0xfd086bc7cd5c481dcc9c85ebe478a1c0b69fcbb9,35838610,2184,
arbitrum,withdraw_final,493400053,1786446058000,0x5926f4de5d93c49a4d027f04607ae2a345de284b43d8d3c5f629454bbc4473fa,,,,,,200116337622646784
arbitrum,withdraw_final,493402815,1786446750000,0xef70f29c59d0e50d930803b50bbaf92ef5ac42b0054eabd65dc03cb8d0accc5b,,,,,,200161958744293377
arbitrum,deposit,493404338,1786446830000,0xb669f66a98b3bae058bf8cd882359d60e6fcf9ffface5f5ba4002d8be7fa4daa,0x3043e1147b6f6456ac10e055b21587374eab520c,0x3043e1147b6f6456ac10e055b21587374eab520c,0xfd086bc7cd5c481dcc9c85ebe478a1c0b69fcbb9,498148323,2184,
arbitrum,withdraw_final,493404965,1786447287000,0xbc1c3165e8b4eae419a911396b3ed6d9eeab280e84afa72729c201ef4e1cd48d,,,,,,200196979903430656
arbitrum,withdraw_submit,493405010,1786446998000,0xc602c608dd95ffcbd40564136482af6c75266ca17582d18edb607b9a1637c1a4,,0x222c1f076d889eee72f5e760670802278090fbcf,0xfd086bc7cd5c481dcc9c85ebe478a1c0b69fcbb9,14982934,,200116337622646784
arbitrum,deposit,493405728,1786447178000,0xc1ba505d52f14c9f1fb5c7e9413502a11010f5261fd0dae1858794b18c773452,0x69d82b3e843525b7eaa776a7613730e55f43410e,0x69d82b3e843525b7eaa776a7613730e55f43410e,0xfd086bc7cd5c481dcc9c85ebe478a1c0b69fcbb9,299809967,2184,
arbitrum,withdraw_submit,493407640,1786447658000,0x5835e341927a484f72c31ce7e09e34e86a8b931a951073791ba7403e878cc5ee,,0x2bead750c6648512d808d84506e5b7a70e4778ba,0xfd086bc7cd5c481dcc9c85ebe478a1c0b69fcbb9,249000000,,200161958744293377
arbitrum,withdraw_final,493408685,1786448220000,0xb85611a8163f1fa837a9d2b0eb1399cc60bf8d483b345cfe25f03845b76834df,,,,,,200255262613831680
arbitrum,deposit,493409376,1786448095000,0x32e82dc3381c5a4a2896c8fbfd61124aab955dc740a417d34ebc2928ea49d704,0x4b4a7ea0a38f5cd3cb2ee3b5cad8511bafa8494c,0x4b4a7ea0a38f5cd3cb2ee3b5cad8511bafa8494c,0xfd086bc7cd5c481dcc9c85ebe478a1c0b69fcbb9,1000000000,2184,
arbitrum,withdraw_submit,493409791,1786448198000,0x38661cb8e56d04e26ed7abd293217f456f831b06aff68c5acee441e344c71691,,0xafd0236999ccbb8d049fc39018d5da41d08c2eb1,0xfd086bc7cd5c481dcc9c85ebe478a1c0b69fcbb9,29687284,,200196979903430656
arbitrum,deposit,493413470,1786449121000,0x634b10c5037b06739a060a10a2d8c5da27b783371ca9c14985c73bd4b7d9c14e,0xf3d7459c7f6f75252aadf594d2ea74f04b359f82,0xf3d7459c7f6f75252aadf594d2ea74f04b359f82,0xfd086bc7cd5c481dcc9c85ebe478a1c0b69fcbb9,20000000,2184,
arbitrum,withdraw_submit,493413616,1786449158000,0x9f63ad04f4d0695a3226933f628995f0bf04b029639fdec36f2c296f27b14b79,,0xcae1776fc92207ad387d9922b72a3679a6bf24e2,0xfd086bc7cd5c481dcc9c85ebe478a1c0b69fcbb9,698698886,,200255262613831680
arbitrum,deposit,493415112,1786449533000,0x101c620f9577b7e9494a82d6aa1f97e4ff672b06d31d4a6265f4b706ca487881,0xc050aeab010e7160b02bcd72ec7ce556ee0e92d7,0xc050aeab010e7160b02bcd72ec7ce556ee0e92d7,0xfd086bc7cd5c481dcc9c85ebe478a1c0b69fcbb9,54000000,2184,
arbitrum,withdraw_final,493418174,1786450600000,0xfefb0019114b227b93594322c0fe458ebf70303998cf92a6051922d9bc5952d3,,,,,,200403361684520960
arbitrum,deposit,493420498,1786450881000,0x3f82385237f72faada06907e3c08187843a04b2b3738e24c68239a4b61aa04a5,0xad3b2e2113848c464266a0296c957668293cee33,0xad3b2e2113848c464266a0296c957668293cee33,0xfd086bc7cd5c481dcc9c85ebe478a1c0b69fcbb9,10000210,2184,
arbitrum,withdraw_final,493422608,1786451709000,0x45a1a99337114c1a71abfdfb1ba4b966aa86306c0b65bcb0d67bd680699f215f,,,,,,200479167853101056
arbitrum,withdraw_submit,493422963,1786451498000,0x9428893011e61ee11461b051111bce4cee978d2614e1d9553be55eadfbf9dc2e,,0x9598fc02bb1dfdd01386b7563b0afa99847f7514,0xfd086bc7cd5c481dcc9c85ebe478a1c0b69fcbb9,8931812,,200403361684520960
arbitrum,deposit,493425030,1786452015000,0x8b7f9802f9c4d09bca229dda1512762893975b324b3d7a0249c890cec3e25108,0x084f4253a4270ce0ba2653ae7707f9c40ae336eb,0x084f4253a4270ce0ba2653ae7707f9c40ae336eb,0xfd086bc7cd5c481dcc9c85ebe478a1c0b69fcbb9,16895000,2184,
arbitrum,deposit,493425114,1786452036000,0x8bbfdebed7493816a6a5ad49114c750dbe21fbb5a64b57db1330519da7618b18,0xcde6efb11a8c7a7bc6240eb88139c0b4bdc0a11f,0xcde6efb11a8c7a7bc6240eb88139c0b4bdc0a11f,0xfd086bc7cd5c481dcc9c85ebe478a1c0b69fcbb9,1000586161,2184,
arbitrum,deposit,493425308,1786452085000,0x542fcd9747cd39dfeef9b34fda370df436a018f3043d0a74d44e06b246f93c02,0xad3b2e2113848c464266a0296c957668293cee33,0xad3b2e2113848c464266a0296c957668293cee33,0xfd086bc7cd5c481dcc9c85ebe478a1c0b69fcbb9,664043296,2184,
arbitrum,deposit,493425621,1786452163000,0x90c2e80b3352fe26de2d1565cb4a7dfe64549a0c8473a1999fa663c7196fe854,0xe9a26d568636a8fc623f8decce1c6491696a8dcc,0xe9a26d568636a8fc623f8decce1c6491696a8dcc,0xfd086bc7cd5c481dcc9c85ebe478a1c0b69fcbb9,230357337,2184,
arbitrum,deposit,493425769,1786452200000,0x4cd711cdda3356608478e7d28d7865aeaf48de2621328d02deac9e08e0311be4,0x9781fca9d80b90a1044ea39ed721026c6b50e928,0x9781fca9d80b90a1044ea39ed721026c6b50e928,0xfd086bc7cd5c481dcc9c85ebe478a1c0b69fcbb9,32700000,2184,
arbitrum,deposit,493425807,1786452210000,0xecf316cf712dab870c60b4a629ac55437b3456d7bd4b06db0ac197339ad5196c,0xad3b2e2113848c464266a0296c957668293cee33,0xad3b2e2113848c464266a0296c957668293cee33,0xfd086bc7cd5c481dcc9c85ebe478a1c0b69fcbb9,150000000,2184,
arbitrum,deposit,493426437,1786452367000,0xf8f7ded128a440c6cf6103593d8d92187e52af83eaecb24a6118d80d37167aef,0xb2d4cf39779b6687cd659fbc13f4ed7d6c993abb,0xb2d4cf39779b6687cd659fbc13f4ed7d6c993abb,0xfd086bc7cd5c481dcc9c85ebe478a1c0b69fcbb9,20009476,2184,
arbitrum,deposit,493427017,1786452513000,0x70d4ba0bc129e19f00bb1c1182049e0dd10114d59e78b446d307a256e7fbbc5c,0x2c62f7ff1f4c652d0d256ddd50b102b7d04e33a6,0x2c62f7ff1f4c652d0d256ddd50b102b7d04e33a6,0xfd086bc7cd5c481dcc9c85ebe478a1c0b69fcbb9,499657950,2184,
arbitrum,withdraw_submit,493427516,1786452638000,0x54a83d667cdac398c47479782b1ab79a3f59e1a8cde49dbeb6aa450bf8bbd434,,0xe23cedadbba887bf6bbb6f161ff9281f6c39b5eb,0xfd086bc7cd5c481dcc9c85ebe478a1c0b69fcbb9,99000000,,200479167853101056
arbitrum,deposit,493428667,1786452926000,0x77dfa7f8f045e478947b272101e7ffce82dd0813439f90c2ef7efd07b64c5ef8,0x62e1b0f5d4d4bd308ec3c3961d3f4e7fd4cf83d5,0x62e1b0f5d4d4bd308ec3c3961d3f4e7fd4cf83d5,0xfd086bc7cd5c481dcc9c85ebe478a1c0b69fcbb9,9900000,2184,
arbitrum,deposit,493428823,1786452966000,0xcab47c841a6ff30293ecc393cb0e887daafdc97ac3e29af04e69cab336027dd2,0xc43019ae36ef98d4b7de5bf0ef5a5176114c8732,0xc43019ae36ef98d4b7de5bf0ef5a5176114c8732,0xfd086bc7cd5c481dcc9c85ebe478a1c0b69fcbb9,68610393,2184,
arbitrum,deposit,493430190,1786453307000,0x2b6e1d788595e064a139fd29998dee15d42916df4b062bf0f6ae934d58a29f26,0x3fbcc7d804718b81cb5d79ab724f1d300831bc0a,0x3fbcc7d804718b81cb5d79ab724f1d300831bc0a,0xfd086bc7cd5c481dcc9c85ebe478a1c0b69fcbb9,249900000,2184,
arbitrum,deposit,493430506,1786453386000,0x9ad6f71dd3a1ffedda9725bfef69834465541cbf566855f7486acd5be64e12bc,0xa19c81d81e30e176865c1ec3b02b70df97d5512b,0xa19c81d81e30e176865c1ec3b02b70df97d5512b,0xfd086bc7cd5c481dcc9c85ebe478a1c0b69fcbb9,9616597,2184,
arbitrum,withdraw_final,493430805,1786453761000,0xe5aaa0791e9d056b706e033c99a2588e090493267d5b25d702a2a3b79e7c307d,,,,,,200609631792267264
arbitrum,deposit,493432032,1786453768000,0x76415bb107869fa97763d5bb6fcbea0cde1fe636fc600c4cf23dae20d93c8ffb,0x0413cf295a5fc446356e1dd2bf0b99877fa88ff9,0x0413cf295a5fc446356e1dd2bf0b99877fa88ff9,0xfd086bc7cd5c481dcc9c85ebe478a1c0b69fcbb9,50000000,2184,
arbitrum,withdraw_final,493433164,1786454351000,0xa98dfeaba1c1e35d228ae554c825028aee4f043f0bcd8c062a60c83c349d1cd6,,,,,,200646783250989056
arbitrum,deposit,493433708,1786454187000,0xe6e8756ea45fef3ccff22a6738aed51507cef92fb5fdb47b7f05cedfa5fcc394,0xf1fad7bf5fffec6c2437ca2463bfe1f56430fad1,0xf1fad7bf5fffec6c2437ca2463bfe1f56430fad1,0xfd086bc7cd5c481dcc9c85ebe478a1c0b69fcbb9,76342240,2184,
arbitrum,deposit,493434533,1786454393000,0x1db7919d9a99d54fc709604d25f1190e84ebf279dde5b70ef783cab004044910,0x0413cf295a5fc446356e1dd2bf0b99877fa88ff9,0x0413cf295a5fc446356e1dd2bf0b99877fa88ff9,0xfd086bc7cd5c481dcc9c85ebe478a1c0b69fcbb9,49970000,2184,
arbitrum,withdraw_submit,493435675,1786454679000,0xbf006fb30a02e6535fcecec6e9385566d13ceecd058a03d244922dc4a8517bdd,,0xa7e68a71b05922db9b30ff858e5755538e7f9136,0xfd086bc7cd5c481dcc9c85ebe478a1c0b69fcbb9,42133651,,200609631792267264
arbitrum,withdraw_submit,493438079,1786455278000,0x616ab72285c359b362fa24de6ecc42c143fda0e64dee3bff7e801f0dc08472a9,,0xe9a26d568636a8fc623f8decce1c6491696a8dcc,0xfd086bc7cd5c481dcc9c85ebe478a1c0b69fcbb9,229357337,,200646783250989056
arbitrum,deposit,493440925,1786455987000,0x447c6b1fe852260244be13cea15fdd9392df41565bba1c29ee5047005a0390c8,0x1819e507569c4943c0c1bf6b06558ebcc3e35f3a,0x1819e507569c4943c0c1bf6b06558ebcc3e35f3a,0xfd086bc7cd5c481dcc9c85ebe478a1c0b69fcbb9,100000000,2184,
arbitrum,withdraw_final,493443657,1786456969000,0xfd110745e202fa12cada322cb38c69bbe3c600ec9793e8fc26bd45a7fae43890,,,,,,200831243498029056
arbitrum,deposit,493444420,1786456861000,0xbc5ff948260f23e309fea5a9581035c0f0ce1136c4fa3d0f12300eb4e0d30171,0x11f013566fceb045286b586dbc73651152286a0c,0x11f013566fceb045286b586dbc73651152286a0c,0xfd086bc7cd5c481dcc9c85ebe478a1c0b69fcbb9,1127317,2184,
arbitrum,deposit,493445695,1786457179000,0x528b21317661a4380b4fe1c1e197758adcf324605cffaa0d1478eba344e27bdc,0x646c5bdfb60f3765ce84de63730d7cff4180e818,0x646c5bdfb60f3765ce84de63730d7cff4180e818,0xfd086bc7cd5c481dcc9c85ebe478a1c0b69fcbb9,71659350,2184,
arbitrum,deposit,493445788,1786457203000,0xa6752eccdd350b46eee7331037a99f225f98f489fcdae30a4f2672b7b59248fd,0x5c5f887237882ee7c56fa754b37c776bcc4f801b,0x5c5f887237882ee7c56fa754b37c776bcc4f801b,0xfd086bc7cd5c481dcc9c85ebe478a1c0b69fcbb9,500000000,2184,
arbitrum,deposit,493446419,1786457360000,0x276b1145e697a8862f1d07f4782a2fd1c313df5cff9c43b4e5bc6bb15d42ff6c,0x5b7a9b0d85876ffc7ab61da5730b251551452c9d,0x5b7a9b0d85876ffc7ab61da5730b251551452c9d,0xfd086bc7cd5c481dcc9c85ebe478a1c0b69fcbb9,199850000,2184,
arbitrum,withdraw_final,493446794,1786457754000,0x40bc19258dbba5eaf1e0d036181a8725ed2e265768c01b7e66b996d40a7d5482,,,,,,200887713744814080
arbitrum,deposit,493448603,1786457906000,0xdf228d0e7507be88af51fff9d76c74726834c1bf1e2359b4af080dab0f07491c,0x7cabfb7b4f21220d9bb8a4d502f77d526ea86579,0x7cabfb7b4f21220d9bb8a4d502f77d526ea86579,0xfd086bc7cd5c481dcc9c85ebe478a1c0b69fcbb9,500275000,2184,
arbitrum,withdraw_submit,493448651,1786457918000,0x930efdc6bd470e54787814654645b5c966d4d81710a2b4705935f54c7ae10036,,0x1819e507569c4943c0c1bf6b06558ebcc3e35f3a,0xfd086bc7cd5c481dcc9c85ebe478a1c0b69fcbb9,82288260,,200831243498029056
arbitrum,deposit,493449540,1786458140000,0xcc1b66896e1a58918cd9ad90e096feae09cf54e501cd0aae431b8f07de95d8a9,0xbb48553d0c9470eb429ba35acd350c4c242ee902,0xbb48553d0c9470eb429ba35acd350c4c242ee902,0xfd086bc7cd5c481dcc9c85ebe478a1c0b69fcbb9,2000000,2184,
arbitrum,withdraw_final,493449705,1786458481000,0xff4a79df258cb9d280376f2c126be869837b3330237a09b9d83cd472b03dc6d0,,,,,,200940662084861952
arbitrum,deposit,493451016,1786458509000,0x4039da4ff1ffddae533d334c8715a7e84e3cdf24a54a7836fe64984218ca1afd,0xbf4d955f7d57aab483f6ac7e3210c39ae41c280e,0xbf4d955f7d57aab483f6ac7e3210c39ae41c280e,0xfd086bc7cd5c481dcc9c85ebe478a1c0b69fcbb9,100000000,2184,
arbitrum,deposit,493451019,1786458509000,0x9473ba329497a3d7f45ac08b1c3bb918a765464448ca61f805a78cad4be60473,0x4c50fcbf295258fdd28c34030157e4e5dfc648e1,0x4c50fcbf295258fdd28c34030157e4e5dfc648e1,0xfd086bc7cd5c481dcc9c85ebe478a1c0b69fcbb9,100000000,2184,
arbitrum,deposit,493451401,1786458605000,0x788fd9a17313a40ccf5c4dc4b99fa6e9bfed3d638f740dc03a13fdae6dc7e1ac,0x25018fefc891ed1c35a4742df59bff674dad6434,0x25018fefc891ed1c35a4742df59bff674dad6434,0xfd086bc7cd5c481dcc9c85ebe478a1c0b69fcbb9,6001753,2184,
arbitrum,withdraw_submit,493451771,1786458698000,0x291982f683605d2813c910eb75613afacbd3290fa8e2a4ed8b4a49be4095e3c4,,0x9f8bce2287a497ca9b9aadd17d02f66a5e520166,0xfd086bc7cd5c481dcc9c85ebe478a1c0b69fcbb9,40000000,,200887713744814080
arbitrum,deposit,493452434,1786458862000,0xe44c749d70ae093ef8b0da963f1f451b9e9d7def3bbe03dd028b09dbefdb02c7,0xac137ecb50150999c9e2d152eb4dcf37fb747a22,0xac137ecb50150999c9e2d152eb4dcf37fb747a22,0xfd086bc7cd5c481dcc9c85ebe478a1c0b69fcbb9,12950078,2184,
arbitrum,withdraw_submit,493454656,1786459418000,0x24bafa8357ecd72f3c551edcd17372663405a02861a424755f18c810168eed37,,0xbb48553d0c9470eb429ba35acd350c4c242ee902,0xfd086bc7cd5c481dcc9c85ebe478a1c0b69fcbb9,1000000,,200940662084861952
arbitrum,deposit,493454765,1786459446000,0xd3817de337a4277e2ff04964d5564a57311d40b3035d9457c406b6d87c444b74,0x11f013566fceb045286b586dbc73651152286a0c,0x11f013566fceb045286b586dbc73651152286a0c,0xfd086bc7cd5c481dcc9c85ebe478a1c0b69fcbb9,12008605,2184,
arbitrum,deposit,493454901,1786459480000,0x1d27178bf2e655cb085c9eb2a6a90fe82e9c89a44d008a5ae159e6e93db503a1,0xf0230d66d017a5ce8c4b64195706f8628f198a60,0xf0230d66d017a5ce8c4b64195706f8628f198a60,0xfd086bc7cd5c481dcc9c85ebe478a1c0b69fcbb9,110076994,2184,
arbitrum,deposit,493457826,1786460211000,0x3e25af76e8081796287f264868f4743b77eb5edc1e0b476be773ee6b1d065907,0xa97f1bcaf2e93eab173ee006817d46c5f0f7299f,0xa97f1bcaf2e93eab173ee006817d46c5f0f7299f,0xfd086bc7cd5c481dcc9c85ebe478a1c0b69fcbb9,99977888,2184,
arbitrum,deposit,493458983,1786460500000,0xb5a1555e0acbdb4f2edc04d6443a013104395801aa10a7ab384b8999f7ebafa8,0x4fa6d573f4132b950759def2a5d2300578590205,0x4fa6d573f4132b950759def2a5d2300578590205,0xfd086bc7cd5c481dcc9c85ebe478a1c0b69fcbb9,359666171,2184,
arbitrum,deposit,493462712,1786461430000,0xa91690749f134a95e412058b12878341e60b9b32a1f2774f11c86dc59ab768ca,0x566d63b426dc8d733ee5aefd436b92809428a281,0x566d63b426dc8d733ee5aefd436b92809428a281,0xfd086bc7cd5c481dcc9c85ebe478a1c0b69fcbb9,199517562,2184,
arbitrum,deposit,493462732,1786461435000,0xb5329f3a5fb919f97454bd3034c4b5998783871baaf7838478aa42364d57bf99,0xa19c81d81e30e176865c1ec3b02b70df97d5512b,0xa19c81d81e30e176865c1ec3b02b70df97d5512b,0xfd086bc7cd5c481dcc9c85ebe478a1c0b69fcbb9,71046010,2184,
arbitrum,deposit,493463992,1786461749000,0x657c59541fcd24296b7a7c23fb6118a8792e889f0e6356ffed2420e4654d5b7d,0xdc9dcab83072b77e0e056908471a8641f5a5fe8c,0xdc9dcab83072b77e0e056908471a8641f5a5fe8c,0xfd086bc7cd5c481dcc9c85ebe478a1c0b69fcbb9,3116069341,2184,
arbitrum,deposit,493464903,1786461976000,0x798002224b86efe6cfc265d804a7e10e317d383ea592d18a609e61eeac63e4a1,0x293c02c7342b5868b43f800ec6b9307d56c82ecb,0x293c02c7342b5868b43f800ec6b9307d56c82ecb,0xfd086bc7cd5c481dcc9c85ebe478a1c0b69fcbb9,49986187,2184,
arbitrum,deposit,493466035,1786462259000,0x40fcafb00fbc04e97e637750d16599ce96782bab07300e7f0572518921a47c04,0xaa8b6ec9545e9b0097d15702de57d1ac957aaab8,0xaa8b6ec9545e9b0097d15702de57d1ac957aaab8,0xfd086bc7cd5c481dcc9c85ebe478a1c0b69fcbb9,10000000,2184,
arbitrum,deposit,493472963,1786463988000,0xbcb2476dcb660b091ca023574c24537c811193c6115e7f346441ef34fb38700a,0x817b4066c34528efe8b3e26dfff29ef77cda47fc,0x817b4066c34528efe8b3e26dfff29ef77cda47fc,0xfd086bc7cd5c481dcc9c85ebe478a1c0b69fcbb9,500000000,2184,
arbitrum,deposit,493473351,1786464086000,0xded0fe4111dc37f143b7e473c1fffa169ee9873cb8db3b4dca6c8a5c273d002d,0xcd9869d32d6c405a704fb0e9714c239f8f80c0c6,0xcd9869d32d6c405a704fb0e9714c239f8f80c0c6,0xfd086bc7cd5c481dcc9c85ebe478a1c0b69fcbb9,532156715,2184,
arbitrum,deposit,493480537,1786465883000,0xa73d0bfb2a76d8a2750f5008b04a87b4fbb0317d9b2d9936fa8b60d57cce962d,0xeb40efcbcdac4565bcecf6de65afe7a9e31cf236,0xeb40efcbcdac4565bcecf6de65afe7a9e31cf236,0xfd086bc7cd5c481dcc9c85ebe478a1c0b69fcbb9,36193826,2184,
arbitrum,deposit,493481155,1786466038000,0xc77760216c24ba5bed5e946177fcf3012f9fa6637f783e1962b8491cc2132d3b,0x1ef5de46f22a88a66d6b01d2ff6b721c6b5f3590,0x1ef5de46f22a88a66d6b01d2ff6b721c6b5f3590,0xfd086bc7cd5c481dcc9c85ebe478a1c0b69fcbb9,15000000,2184,
arbitrum,deposit,493481642,1786466160000,0x8b4904ad449e9e6e572883a3bc9ddbfe0da6765b3ea670e69a6541de9a182657,0x54b548db636b7eac8b1b86186b9c29895b918b56,0x54b548db636b7eac8b1b86186b9c29895b918b56,0xfd086bc7cd5c481dcc9c85ebe478a1c0b69fcbb9,19822526,2184,
arbitrum,deposit,493498139,1786470287000,0xbce3608e4faa4abe33a682d1574903ef899754aacf922b8f85b75f47f1a476e6,0x227fd2fd881cc6c99dfccc0fb40f2b1dc2f3f36e,0x227fd2fd881cc6c99dfccc0fb40f2b1dc2f3f36e,0xfd086bc7cd5c481dcc9c85ebe478a1c0b69fcbb9,35103336,2184,
arbitrum,withdraw_final,493498241,1786470613000,0xb7c11c04b116a45b8fa469cbfeb26b7715f73cfa724ffcfdb7c5b3dea635bf4b,,,,,,201783910210732032
arbitrum,withdraw_submit,493503139,1786471538000,0xf766c9149563edacbee6af33e65e9de032a4111775d084f0669e3eabe280391b,,0x4feb1eed50f5a9a404bdaa30152ccb4f0b844f8e,0xfd086bc7cd5c481dcc9c85ebe478a1c0b69fcbb9,100000000,,201783910210732032
arbitrum,deposit,493521610,1786476158000,0x40e9658746dd321937f6d7e5d80402c1860c8c7e7ea28b7647126861e48c55f3,0xf37319cb7f984f803fd48453b25c0110f9ce89bc,0xf37319cb7f984f803fd48453b25c0110f9ce89bc,0xfd086bc7cd5c481dcc9c85ebe478a1c0b69fcbb9,300000000,2184,
arbitrum,deposit,493524135,1786476792000,0x21d23c561b813836a957b4133402affc8d07c8a9baf2580e8c5832f30aef76d9,0x6ea8612c31ea6e55fbba202da060640ca09e7272,0x6ea8612c31ea6e55fbba202da060640ca09e7272,0xfd086bc7cd5c481dcc9c85ebe478a1c0b69fcbb9,99979756,2184,
arbitrum,deposit,493532990,1786479018000,0x518f4e5cf6ac03f90bd81617b4e0570d9509fc1f6f0b0f95fa91cb9523822ec9,0x470d235ca1caff614abee02d98ac3aa89a6758bd,0x470d235ca1caff614abee02d98ac3aa89a6758bd,0xfd086bc7cd5c481dcc9c85ebe478a1c0b69fcbb9,5003786886,2184,
arbitrum,deposit,493535860,1786479739000,0x5ab81be04b356b0fd14da380b355fe86c110186f0e5c182b63758fbaf31300ba,0xbb48553d0c9470eb429ba35acd350c4c242ee902,0xbb48553d0c9470eb429ba35acd350c4c242ee902,0xfd086bc7cd5c481dcc9c85ebe478a1c0b69fcbb9,2000000,2184,
arbitrum,withdraw_final,493536028,1786480082000,0x09a6458cd5b9830e7a4e167ba860b40b594ebf35088c6b22998d1809d4b0a8c3,,,,,,202405675429527552
arbitrum,deposit,493537351,1786480113000,0x6fe051f2702427996a0eddc273f6951a2cbb3592ee1912afea51d0ff796bcadd,0xafaba879575d93f3ddb187321cfe8615d47f9ba1,0xafaba879575d93f3ddb187321cfe8615d47f9ba1,0xfd086bc7cd5c481dcc9c85ebe478a1c0b69fcbb9,999256920,2184,
arbitrum,withdraw_submit,493540952,1786481018000,0x1b01a34b1868577dd4d3d9ca285ee0435f72bd299fd3649333cfb6df428d05cc,,0xbb48553d0c9470eb429ba35acd350c4c242ee902,0xfd086bc7cd5c481dcc9c85ebe478a1c0b69fcbb9,1000000,,202405675429527552
arbitrum,deposit,493570722,1786488532000,0x4c07775cf043172ccde408e4b232bd78551878b904055a9739b4d6ba84d71f4d,0x37bc58c0cf70402fa02b0144999d8dc43aef239c,0x37bc58c0cf70402fa02b0144999d8dc43aef239c,0xfd086bc7cd5c481dcc9c85ebe478a1c0b69fcbb9,8665280,2184,
arbitrum,deposit,493574982,1786489608000,0x05c1ac5cf1ae44ffcc5140d52b6acca12a7b17dd29833d3cef9b589286927777,0x45082f8cfb86c7b5eedf4cc8fe061d016727093a,0x45082f8cfb86c7b5eedf4cc8fe061d016727093a,0xfd086bc7cd5c481dcc9c85ebe478a1c0b69fcbb9,25970447,2184,
arbitrum,withdraw_final,493577800,1786490625000,0x6fba08d89745af5dd50b0456143ab7315505d53449076d49d53246441c615976,,,,,,203078834247958528
arbitrum,deposit,493579722,1786490813000,0x0b89a8f9553fcd4e7f30a44b144d517b8adf402429d90c63d65cb04e6a9a4aa2,0x45082f8cfb86c7b5eedf4cc8fe061d016727093a,0x45082f8cfb86c7b5eedf4cc8fe061d016727093a,0xfd086bc7cd5c481dcc9c85ebe478a1c0b69fcbb9,75959500,2184,
arbitrum,withdraw_submit,493582757,1786491579000,0xe7d1696c6faba8030710915bd566e825d2b721a1836d7b2b5950d67063968c0f,,0xaad6624f5494066c96d1d0707106f1ad58fc1b63,0xfd086bc7cd5c481dcc9c85ebe478a1c0b69fcbb9,208451690,,203078834247958528
arbitrum,deposit,493595582,1786494815000,0x311506826791eff7049fa3eec06f575b3159f939eb89909d9a8831d0d2578a20,0xe7564877c71422400d2f76ba7a16e4c3421af235,0xe7564877c71422400d2f76ba7a16e4c3421af235,0xfd086bc7cd5c481dcc9c85ebe478a1c0b69fcbb9,310000000,2184,
arbitrum,deposit,493612751,1786499167000,0x24653a518507a4c024d89dc34586f3d8b5a3849fca132ab202359e7771d161aa,0x66dc2cccd7fa6206617a8bdee3fb6dc21b848a3a,0x66dc2cccd7fa6206617a8bdee3fb6dc21b848a3a,0xfd086bc7cd5c481dcc9c85ebe478a1c0b69fcbb9,3001902754,2184,
arbitrum,deposit,493621373,1786501340000,0x1d484b1f159ae7c21fb84f259d9b8b852e9d4e232e03664582f0c1720f8b192a,0xbb48553d0c9470eb429ba35acd350c4c242ee902,0xbb48553d0c9470eb429ba35acd350c4c242ee902,0xfd086bc7cd5c481dcc9c85ebe478a1c0b69fcbb9,2000000,2184,
arbitrum,deposit,493621413,1786501350000,0xe76b020c91ccabd8f2af45ea2812a60f8f5a0619a7e55b31d301c97651edec36,0xf2ad67ce08b17720f093e3a777e9575f557e35c1,0xf2ad67ce08b17720f093e3a777e9575f557e35c1,0xfd086bc7cd5c481dcc9c85ebe478a1c0b69fcbb9,954985647,2184,
arbitrum,withdraw_final,493621548,1786501684000,0x7efdc0f532e3dcf653fe20fa253b047ce7e35e7093709760a73c21841a114f5e,,,,,,203791953433722880
arbitrum,deposit,493622774,1786501693000,0x30f1a24c2d83070a5c1ac1a49c134ad23a5f3de55f5fbc56eedfda4ff9565402,0x3d83d2742f58b067ce3dd5f88d01d7ed84137d3e,0x3d83d2742f58b067ce3dd5f88d01d7ed84137d3e,0xfd086bc7cd5c481dcc9c85ebe478a1c0b69fcbb9,23635687,2184,
arbitrum,withdraw_submit,493626448,1786502618000,0x84873d635585223f93c02edcca1ba6bf57091620d608856962832ab14327ae8f,,0xbb48553d0c9470eb429ba35acd350c4c242ee902,0xfd086bc7cd5c481dcc9c85ebe478a1c0b69fcbb9,1000000,,203791953433722880
arbitrum,deposit,493627426,1786502866000,0xcc407d5a02ded4b592d4a4d442360b93da767709584aec268fad653e3beba110,0x6fb7cc3e708d2c3d4bae734fc088e6ac06d944e0,0x6fb7cc3e708d2c3d4bae734fc088e6ac06d944e0,0xfd086bc7cd5c481dcc9c85ebe478a1c0b69fcbb9,999901000,2184,
arbitrum,deposit,493630926,1786503751000,0x6f248ba10ab351b772dbc5bd604220d124591da0594bf1e9558cefe746c1a936,0x28439b5fc7621cd7ac5dfe0cdb85874990202c82,0x28439b5fc7621cd7ac5dfe0cdb85874990202c82,0xfd086bc7cd5c481dcc9c85ebe478a1c0b69fcbb9,250000000,2184,
arbitrum,deposit,493631410,1786503874000,0x947363ad018bdc70f6798ac94708127a689bef870044f3310073404cd1a67163,0x23f1dc09dfc8ea4edc192b6ffd8a9b1b3e8fc656,0x23f1dc09dfc8ea4edc192b6ffd8a9b1b3e8fc656,0xfd086bc7cd5c481dcc9c85ebe478a1c0b69fcbb9,49783779,2184,
arbitrum,deposit,493631858,1786503988000,0x42879121f431091bfe949306ec154324558d45545d22dc0c4f919a7384408298,0xf012f69937cdf123681863f5cf40d0dc8ae43008,0xf012f69937cdf123681863f5cf40d0dc8ae43008,0xfd086bc7cd5c481dcc9c85ebe478a1c0b69fcbb9,55701774,2184,
arbitrum,withdraw_final,493634743,1786505021000,0xcd8dc4f048ab2f2374d1f6c04bc63053e43687a66a1cfb00102d3519433130ac,,,,,,204003712513867776
arbitrum,deposit,493638276,1786505617000,0x0aeeb5a8c242c938e428c372b8cce8686b7f35c34f17cc98f0ead1ea39ff8eca,0xf9938356c9033204ccdf9e0cdd2d3faebb16202e,0xf9938356c9033204ccdf9e0cdd2d3faebb16202e,0xfd086bc7cd5c481dcc9c85ebe478a1c0b69fcbb9,3083620764,2184,
arbitrum,withdraw_submit,493639467,1786505918000,0xeba397b1cc2f3b1eb22ae99311b1f99fd77da759307a4c3e12716f4a14fe2af1,,0x0a5b0065d7ecac1a131a4299dedc997a68302d2d,0xfd086bc7cd5c481dcc9c85ebe478a1c0b69fcbb9,549000000,,204003712513867776
arbitrum,withdraw_final,493639831,1786506310000,0xf36698a3e51aed4814e280fcfa00dc38fcbbfcfbc024b19b1436a915023d6b56,,,,,,204085471515508736
arbitrum,withdraw_submit,493644648,1786507238000,0x9e6084eccbb58d274ee1612f82710a73bc7d4eab86c74ca552c98da052fc0692,,0x69d82b3e843525b7eaa776a7613730e55f43410e,0xfd086bc7cd5c481dcc9c85ebe478a1c0b69fcbb9,300599957,,204085471515508736
arbitrum,deposit,493648399,1786508190000,0xf49ae3730f03c4190362810c3672b8a29b705da9c327757498850906376211a2,0x12f65e1295c6f5aae2dfe2cfb59a44c6e2a2a737,0x12f65e1295c6f5aae2dfe2cfb59a44c6e2a2a737,0xfd086bc7cd5c481dcc9c85ebe478a1c0b69fcbb9,49894851,2184,
arbitrum,deposit,493648674,1786508259000,0xd4369a6dc30f0840ca4f1546f355a1c859d8450a01a2ce6040fc6ee363207072,0x14768bbd7c553357ad8242fac5a891c58fa9ebee,0x14768bbd7c553357ad8242fac5a891c58fa9ebee,0xfd086bc7cd5c481dcc9c85ebe478a1c0b69fcbb9,99950000,2184,
arbitrum,withdraw_final,493651657,1786509308000,0x7aef5fa18ea0edc131c70178459a11f249efb606678eb79b49b2c0b0f46ea839,,,,,,204269682667028485
arbitrum,deposit,493653389,1786509443000,0x176545c2f2d8c3d6bfe5306c5555791ee2d68e142a92244b6faddd46c18a2cef,0x721b8086d0e4a2d8f2126d262ad1806bf556cdb2,0x721b8086d0e4a2d8f2126d262ad1806bf556cdb2,0xfd086bc7cd5c481dcc9c85ebe478a1c0b69fcbb9,70219778,2184,
arbitrum,withdraw_submit,493656552,1786510239000,0x2c82f749cfd256cff4af4f16f1f0de88a156565f80c05c4978e5ce4ab7a36d37,,0x378c052e8f7d87391501875ffe5807021aee67f7,0xfd086bc7cd5c481dcc9c85ebe478a1c0b69fcbb9,49000000,,204269682667028485
arbitrum,deposit,493657451,1786510465000,0x4466950937ad62e430fb4688e99b60706b6bc27dd1a2158ed8563da5472d93e1,0x3e2c21764076c2f9f4b00fe46142e8130ca358c5,0x3e2c21764076c2f9f4b00fe46142e8130ca358c5,0xfd086bc7cd5c481dcc9c85ebe478a1c0b69fcbb9,100805232,2184,
arbitrum,deposit,493658778,1786510803000,0x2734e78eed941ff487a9c2d361ff19cdd1a7cad44b0026af7cd9dd0a2ea8211e,0x3789e0c1c94457fe2c7815025b54af66a3e74c60,0x3789e0c1c94457fe2c7815025b54af66a3e74c60,0xfd086bc7cd5c481dcc9c85ebe478a1c0b69fcbb9,2963170,2184,
arbitrum,deposit,493659742,1786511045000,0x2a3f89b24c8995b59e2c41fcaeae4efa1f02ba760de5f34f55ecac91d6cca063,0x3e98d93877cb0aa89c683b1c1851d5e01b26ed3d,0x3e98d93877cb0aa89c683b1c1851d5e01b26ed3d,0xfd086bc7cd5c481dcc9c85ebe478a1c0b69fcbb9,29476717,2184,
arbitrum,deposit,493660065,1786511125000,0x2947f04ef14d8a20d83cdf3234ea13365e7eb4735dd6ed2c235141b594717960,0x758d9a820f23ab1e83889ce66887e30b46a7dd47,0x758d9a820f23ab1e83889ce66887e30b46a7dd47,0xfd086bc7cd5c481dcc9c85ebe478a1c0b69fcbb9,105646015,2184,
arbitrum,deposit,493661056,1786511375000,0x7592e98ae45e9626f3621db2dda352bebcfa2bf0d4e4f1acafd30c4c80151a9c,0xfc5e6eee01937faf5d2299a3fb6a0f6a683f8689,0xfc5e6eee01937faf5d2299a3fb6a0f6a683f8689,0xfd086bc7cd5c481dcc9c85ebe478a1c0b69fcbb9,146900000,2184,
arbitrum,deposit,493663404,1786511970000,0x3817b74c6c8877d07832be37f70abdb652c9ac964d7e57ed8213899ba77883ca,0x41bcee9f40e440a2d48b57c84db32546d166b82a,0x41bcee9f40e440a2d48b57c84db32546d166b82a,0xfd086bc7cd5c481dcc9c85ebe478a1c0b69fcbb9,12836735,2184,
arbitrum,withdraw_final,493664320,1786512504000,0x6ec92df7be4c1a7d346bdbeba2c89acbf2497f49deddfc19c3bed0a2b58aa251,,,,,,204463059245203456
arbitrum,withdraw_final,493665429,1786512785000,0xaa9dddd7da20109cf946519fd16222adef0c7708e6f5072faf785e218a57298b,,,,,,204479929893519360
arbitrum,deposit,493666307,1786512706000,0x002b5355ef4b3b783583b525af5171221f5d63392c5acd8e821ea169a0430c71,0x22c3a253918d942f886454b11a612b31652effe9,0x22c3a253918d942f886454b11a612b31652effe9,0xfd086bc7cd5c481dcc9c85ebe478a1c0b69fcbb9,744650830,2184,
arbitrum,withdraw_submit,493669134,1786513419000,0x160bd6f66950d3874c66e84cc384552cbf4c6feb00c8e31d4ad70cf4fc17f1e1,,0x3789e0c1c94457fe2c7815025b54af66a3e74c60,0xfd086bc7cd5c481dcc9c85ebe478a1c0b69fcbb9,1456369,,204463059245203456
arbitrum,deposit,493669157,1786513424000,0x27685ab1076b7a50c5840120c2a333197bffd8f9942da6c9fa9b49f02ac90f30,0xf5b0157404f9147b737a6b65bcd10b3f37168d3b,0xf5b0157404f9147b737a6b65bcd10b3f37168d3b,0xfd086bc7cd5c481dcc9c85ebe478a1c0b69fcbb9,999900000,2184,
arbitrum,withdraw_submit,493670322,1786513718000,0xee94099bd9d2dc6e937b3e253e508218ad0644e233834aee68de67188b699a61,,0x05cd4623c48553a3070061f557bc38a1d00f716c,0xfd086bc7cd5c481dcc9c85ebe478a1c0b69fcbb9,149000000,,204479929893519360
arbitrum,deposit,493670704,1786513814000,0x0dbaa1a9a45eb64ce3a47255add8cf2be3e4f30312a5da15d93911a971ad15c7,0xe3b7ea88e4124d0d0e5257cd2ebbe905e76c239c,0xe3b7ea88e4124d0d0e5257cd2ebbe905e76c239c,0xfd086bc7cd5c481dcc9c85ebe478a1c0b69fcbb9,5000000,2184,
arbitrum,withdraw_final,493670880,1786514158000,0x9e4cde65b9766f8eb4f580402576ab89392a954a169374dc1ae5e258b285986b,,,,,,204561611573166080
arbitrum,withdraw_final,493672479,1786514566000,0xa9d881456521478b19113124f1d381f57bef3a3a375cd710f33c1553d76ea858,,,,,,204586049945468928
arbitrum,deposit,493675114,1786514933000,0xe6267568f6a62ccf998b8b20edcfdaace18f77967011d0a200cbb8142cd1c05f,0x2e8bd20de6532c11f3640f146f68ff70fabad6ae,0x2e8bd20de6532c11f3640f146f68ff70fabad6ae,0xfd086bc7cd5c481dcc9c85ebe478a1c0b69fcbb9,199900000,2184,
arbitrum,withdraw_submit,493675769,1786515098000,0x673c611f065a243134ef55ff6a55c52462e453f0ce1c40b2c9e5c9aad4e3e90a,,0x295a6ce9df197a97f0c877212794ef836a215982,0xfd086bc7cd5c481dcc9c85ebe478a1c0b69fcbb9,96177756,,204561611573166080
arbitrum,withdraw_submit,493677427,1786515518000,0xe35950da071ddf3e3f72b533af49937de160185ea0747126c7b8a640ca404cf7,,0x05cd4623c48553a3070061f557bc38a1d00f716c,0xfd086bc7cd5c481dcc9c85ebe478a1c0b69fcbb9,28000000,,204586049945468928
arbitrum,deposit,493678263,1786515728000,0xa412aa81904bf14dcba566d226bcd5c3f7c87fd5511f0615643d2619b126f993,0xf94ec925c42ae833f9eb61868ec29947e19a0046,0xf94ec925c42ae833f9eb61868ec29947e19a0046,0xfd086bc7cd5c481dcc9c85ebe478a1c0b69fcbb9,68000000,2184,
arbitrum,deposit,493680778,1786516365000,0xc4a1716dee9949d7ecb297b573b6f697acc6e9bbd1dc9096efe30bdc6f27d17a,0x1abf413d62a5d39acfd86df58d99b973b4018806,0x1abf413d62a5d39acfd86df58d99b973b4018806,0xfd086bc7cd5c481dcc9c85ebe478a1c0b69fcbb9,10000000,2184,
arbitrum,deposit,493680902,1786516396000,0x6f45d1e74ab59aba3c28455a285998cc990916a83f35254f30688204a78ffd5b,0xfd41ac34a5388aead22f878d0cfba357da41d6e8,0xfd41ac34a5388aead22f878d0cfba357da41d6e8,0xfd086bc7cd5c481dcc9c85ebe478a1c0b69fcbb9,103100000,2184,
arbitrum,deposit,493682011,1786516675000,0x6e5f9b09bb658962e453e0fe10fa3082aae8f23a0490c2eee863cfdcbea8103f,0x5cac8d60692e0d1aab7086121aa586c9a7523e3f,0x5cac8d60692e0d1aab7086121aa586c9a7523e3f,0xfd086bc7cd5c481dcc9c85ebe478a1c0b69fcbb9,55044049,2184,
arbitrum,deposit,493683242,1786516985000,0x87621e4389fc5e974eaa8054b9e29353c740f80ef7ba7fe167136402600e1169,0x1abf413d62a5d39acfd86df58d99b973b4018806,0x1abf413d62a5d39acfd86df58d99b973b4018806,0xfd086bc7cd5c481dcc9c85ebe478a1c0b69fcbb9,60000000,2184,
arbitrum,withdraw_final,493686186,1786518027000,0x2f862069e496c3fbe1bc5fa2c2b2f7c57719fc91144469df23bcd61ea08a0bd1,,,,,,204813666019704832
arbitrum,deposit,493689030,1786518443000,0x0e70ce3b3f8355ffb52fd7f642da164c3c248beec7b36802ac3bd37f292b6609,0xaab93111cc4aca32ad95520dcf4f42320c8790d7,0xaab93111cc4aca32ad95520dcf4f42320c8790d7,0xfd086bc7cd5c481dcc9c85ebe478a1c0b69fcbb9,67977489,2184,
arbitrum,withdraw_final,493690125,1786519019000,0x02720706068c66c9f10ebb046fbc33e8f140d013e517a8c40f47844cb944377e,,,,,,204878296708546560
arbitrum,withdraw_submit,493691000,1786518938000,0xd31f80c96fce59b9e0905bf90fffc1a925580bd2bd7a916a15e1f0832fa1010b,,0x6a6526bf0e192696ff0290b116b1b2064056b4d9,0xfd086bc7cd5c481dcc9c85ebe478a1c0b69fcbb9,59000000,,204813666019704832
arbitrum,deposit,493693777,1786519638000,0x90286a03ee32d0e8560f8a1c216b0d627dd755cffa7e954e6a2ac36fedee9bd1,0xdddda6f358eaceb800c82d41ccc53676b5cc6f6c,0xdddda6f358eaceb800c82d41ccc53676b5cc6f6c,0xfd086bc7cd5c481dcc9c85ebe478a1c0b69fcbb9,114040000,2184,
arbitrum,deposit,493694139,1786519730000,0x9334eb645f1b1c57ddbb09a8e59a68629774524aee1f4946b5d65fb6f2c8aef3,0x59498862c977b22e0dcafc2bee8558b7f6fd981c,0x59498862c977b22e0dcafc2bee8558b7f6fd981c,0xfd086bc7cd5c481dcc9c85ebe478a1c0b69fcbb9,10000000,2184,
arbitrum,withdraw_submit,493695048,1786519958000,0x0e92b1046977862d353e3e40912a73d10eb29353bf6686f0da88b1d488bb43f8,,0xf94ec925c42ae833f9eb61868ec29947e19a0046,0xfd086bc7cd5c481dcc9c85ebe478a1c0b69fcbb9,59000000,,204878296708546560
arbitrum,deposit,493696065,1786520214000,0x333e8c7cdd1aa23d103d38ca5041a613f96c3e1c1c56b847c98ecaf9b0b45641,0xfbc6809144a37ab60f221505ddf91c4dbd376b7a,0xfbc6809144a37ab60f221505ddf91c4dbd376b7a,0xfd086bc7cd5c481dcc9c85ebe478a1c0b69fcbb9,299884372,2184,
arbitrum,deposit,493698323,1786520781000,0xac884f7b66f399fb99051592be27ad555527eea8acc5138fcba0e04fa3ccb3c9,0xbee87eba9dab6ba3cc2cd2158f5f55bc7c8b275f,0xbee87eba9dab6ba3cc2cd2158f5f55bc7c8b275f,0xfd086bc7cd5c481dcc9c85ebe478a1c0b69fcbb9,95000000,2184,
arbitrum,deposit,493700641,1786521366000,0x11cd742b81e684f905d62b1596da9cf49ffb468bc9c7f6315c167fde7ea9ae53,0xe408eee5b9377c117d623a70f16dd38453b68455,0xe408eee5b9377c117d623a70f16dd38453b68455,0xfd086bc7cd5c481dcc9c85ebe478a1c0b69fcbb9,1500000000,2184,
arbitrum,deposit,493701832,1786521666000,0xa10ca57894350b2341ce0bac407e47503d093bcb81f274cd87d06c4b84f9230f,0x0a828b08f9a5f3cd7e46a19fcf20967aaf796690,0x0a828b08f9a5f3cd7e46a19fcf20967aaf796690,0xfd086bc7cd5c481dcc9c85ebe478a1c0b69fcbb9,20279590,2184,
arbitrum,deposit,493702932,1786521942000,0xc352f4ae241c47db1a4694a80e5f7adee04a31b0eb0b149636c5085b91f6a7de,0x5d3b45dbbe95c75a58cf93d2b3804d2fdef5c3bf,0x5d3b45dbbe95c75a58cf93d2b3804d2fdef5c3bf,0xfd086bc7cd5c481dcc9c85ebe478a1c0b69fcbb9,1000000000,2184,
arbitrum,deposit,493706912,1786522940000,0xc55c9caf6cdd6e03d5a7a38567c215d74f89d200fe9b36f8a5475b229c3399d4,0xbb48553d0c9470eb429ba35acd350c4c242ee902,0xbb48553d0c9470eb429ba35acd350c4c242ee902,0xfd086bc7cd5c481dcc9c85ebe478a1c0b69fcbb9,2000000,2184,
arbitrum,withdraw_final,493707056,1786523276000,0x6e76ea28372cbf837fe6b072c736ea3a65aa1b824dbe72e781d1bfe7fee2644b,,,,,,205149489516773376
arbitrum,withdraw_submit,493712003,1786524218000,0xa0243b683de0ac4fb9d7879faf69ec4e4c32779672a7b862e8d304ddf9fd6f9b,,0xbb48553d0c9470eb429ba35acd350c4c242ee902,0xfd086bc7cd5c481dcc9c85ebe478a1c0b69fcbb9,1000000,,205149489516773376
arbitrum,deposit,493712470,1786524336000,0x9825d32e037e00b3dfbb173079acde275dcd27c5ed299a75fa9532080e4cb6f1,0xf82566c9a41425f59b88d39899df16fdf21b6fc0,0xf82566c9a41425f59b88d39899df16fdf21b6fc0,0xfd086bc7cd5c481dcc9c85ebe478a1c0b69fcbb9,25000000,2184,
arbitrum,deposit,493713195,1786524518000,0x27ee81cbcddd9ab061e32c260097f154bdcc383b99dd0eda44a219da08cb4636,0x3777b5e94059adde594073b0c5177ea082fb1941,0x3777b5e94059adde594073b0c5177ea082fb1941,0xfd086bc7cd5c481dcc9c85ebe478a1c0b69fcbb9,521000000,2184,
arbitrum,deposit,493713368,1786524560000,0x6f72f8dd99a56447e4df99def65e62ea3cb9a1eece443b88e96a929532fb9772,0x740dabb40c554ed7bf88fd6125108bd2b136fe2b,0x740dabb40c554ed7bf88fd6125108bd2b136fe2b,0xfd086bc7cd5c481dcc9c85ebe478a1c0b69fcbb9,38166523,2184,
arbitrum,deposit,493714138,1786524754000,0xe71c9c5eaa2c7e3f908b7b02b0f7513a127c4b05b8de487f5e47c0b7971c31f8,0xf82566c9a41425f59b88d39899df16fdf21b6fc0,0xf82566c9a41425f59b88d39899df16fdf21b6fc0,0xfd086bc7cd5c481dcc9c85ebe478a1c0b69fcbb9,35945529,2184,
arbitrum,deposit,493714289,1786524792000,0xc7811ee2c20befcc7bbdbeb9dd962afdd240c590dc508cb989d5ece74a1e06a8,0x05a5afc4d5a890bde3a61506dc3085b83f78dc05,0x05a5afc4d5a890bde3a61506dc3085b83f78dc05,0xfd086bc7cd5c481dcc9c85ebe478a1c0b69fcbb9,420100000,2184,
arbitrum,deposit,493718921,1786525954000,0x90775c721c5be42af400be3778db9fe932e0cfef56fdb3a361f1bfb72fe60bfe,0xc42ca8f6c802b78dc9db92c48fa92c78340ab3d7,0xc42ca8f6c802b78dc9db92c48fa92c78340ab3d7,0xfd086bc7cd5c481dcc9c85ebe478a1c0b69fcbb9,36214159,2184,
arbitrum,deposit,493720611,1786526379000,0xe65dcc127339b7922949beaee5d610b73708a5635953d852de13a9dbb4bb5fed,0x6075d2fd9809d2e22cc70068b0655c807ef35eb4,0x6075d2fd9809d2e22cc70068b0655c807ef35eb4,0xfd086bc7cd5c481dcc9c85ebe478a1c0b69fcbb9,110000000,2184,
arbitrum,deposit,493725417,1786527582000,0xda9b1822d52a366d3ac383ad5eddca7c4098b960d4388ad0c5606adeda078092,0xec82fa0b5956f0fe2c4ab4dd12b4514127787350,0xec82fa0b5956f0fe2c4ab4dd12b4514127787350,0xfd086bc7cd5c481dcc9c85ebe478a1c0b69fcbb9,50000000,2184,
arbitrum,deposit,493728437,1786528337000,0xed446b396acdec0b046e8157b8387c7baa8e55ae0177212d675910ef6ad7adca,0x1b9826b1fe5397c0cb5455fbb8d7aa2d4e4b282e,0x1b9826b1fe5397c0cb5455fbb8d7aa2d4e4b282e,0xfd086bc7cd5c481dcc9c85ebe478a1c0b69fcbb9,50199665,2184,
arbitrum,deposit,493730527,1786528864000,0x0f0e856b0cb073d652d9675739db07f7efe61dce56948315546be24a72e6dc6d,0x2db639644994e74f59e5afc32fd3cb105f215f9b,0x2db639644994e74f59e5afc32fd3cb105f215f9b,0xfd086bc7cd5c481dcc9c85ebe478a1c0b69fcbb9,38319380,2184,
arbitrum,deposit,493732272,1786529304000,0x259d17c6ff608160320ef5b7a10a1838185037bd52afa3aed830dfba4d9db569,0x17aa406244a09165912cd343a349070474403bbf,0x17aa406244a09165912cd343a349070474403bbf,0xfd086bc7cd5c481dcc9c85ebe478a1c0b69fcbb9,48990603,2184,
arbitrum,deposit,493735348,1786530081000,0x5bbcadfdb6a4b993e934de8e244255bc6e82b9fd20c508dea24ab5023fba74bc,0x3256074c1319d249350b02451b9068a4a211e36d,0x3256074c1319d249350b02451b9068a4a211e36d,0xfd086bc7cd5c481dcc9c85ebe478a1c0b69fcbb9,10170000,2184,
arbitrum,withdraw_final,493735979,1786530540000,0xa6cd997238dd5cdad066d6ae30773b0ee92cc36d2501c72d78f17db753d244e4,,,,,,205633111428431872
arbitrum,deposit,493739659,1786531172000,0xf0dc39bf3fb5094548249fd0aa3721e4c60c1e146b6d0a5b73a20fc3a26d0d56,0x7d4a3298bda95f8a9228257bc24e1d80c8afcca8,0x7d4a3298bda95f8a9228257bc24e1d80c8afcca8,0xfd086bc7cd5c481dcc9c85ebe478a1c0b69fcbb9,129944805,2184,
arbitrum,withdraw_submit,493740867,1786531479000,0xb896b2df16ceb04b2dcf8838527b91a2c494a51be7b384eb2ea06850edb19408,,0xf5b0157404f9147b737a6b65bcd10b3f37168d3b,0xfd086bc7cd5c481dcc9c85ebe478a1c0b69fcbb9,998900000,,205633111428431872
arbitrum,deposit,493742036,1786531775000,0xecec385ba3f7846869415bd0595d96ef005271d8ced085204dec53d5c0eafaa1,0x375b7f401f39cc4df8e28649d8abb8d4355d4cd8,0x375b7f401f39cc4df8e28649d8abb8d4355d4cd8,0xfd086bc7cd5c481dcc9c85ebe478a1c0b69fcbb9,998900000,2184,
arbitrum,deposit,493749571,1786533678000,0x11d8839c362f0f22cd05bc11b79e539703627b58259c4ed07b3a80fee076b394,0xcc286b73569dd011f47c4d8909bf1c1fa44d6124,0xcc286b73569dd011f47c4d8909bf1c1fa44d6124,0xfd086bc7cd5c481dcc9c85ebe478a1c0b69fcbb9,999850000,2184,
arbitrum,withdraw_final,493753969,1786535086000,0x5489819e11cc33fe767cc39e072ac9c639ab2f583eccc03d23f8171c6395f0c1,,,,,,205924000960872448
arbitrum,withdraw_final,493755668,1786535512000,0x91a690471b1c23f19e66efc44d8ef40ec51a3212120f6c51ab665145e240f63c,,,,,,205949178063355904
arbitrum,deposit,493757371,1786535638000,0x7e6ab820b1663d972c4f1f1924cd94aa40e64c817f1967810d5840b10dd603c9,0xc457ff8d72166a851aebc8824c4ddf517a55f336,0xc457ff8d72166a851aebc8824c4ddf517a55f336,0xfd086bc7cd5c481dcc9c85ebe478a1c0b69fcbb9,500000000,2184,
arbitrum,withdraw_submit,493758965,1786536038000,0x2c4c7fa441b31c1ece8c7ae1c92ce17712e3561cea90058bdb42cf1ffbbe2e00,,0x21e08c04f29febce461be04789c1ee44d0e15da8,0xfd086bc7cd5c481dcc9c85ebe478a1c0b69fcbb9,299000000,,205924000960872448
arbitrum,deposit,493759441,1786536156000,0x851ca807b48bbc44cb37cfa477e929a69774b3b1366ac84d9098622db54436a3,0xcc96a7bbd80d0f33c8eaa8a02a96d180524ae234,0xcc96a7bbd80d0f33c8eaa8a02a96d180524ae234,0xfd086bc7cd5c481dcc9c85ebe478a1c0b69fcbb9,2000000000,2184,
arbitrum,withdraw_submit,493760641,1786536458000,0x8eb36bdef0decf7d69b663b9614a4771e0568eb9697c7437a4e368aacd1d77f4,,0xf1fad7bf5fffec6c2437ca2463bfe1f56430fad1,0xfd086bc7cd5c481dcc9c85ebe478a1c0b69fcbb9,27613085,,205949178063355904
arbitrum,deposit,493762412,1786536901000,0x7cf10644533d4afdb976907a265cd7124cf460423f620152761c01fe775ea102,0xfbc6809144a37ab60f221505ddf91c4dbd376b7a,0xfbc6809144a37ab60f221505ddf91c4dbd376b7a,0xfd086bc7cd5c481dcc9c85ebe478a1c0b69fcbb9,298849675,2184,
arbitrum,deposit,493764020,1786537303000,0xb7826244c8fe8fc86425d4faf9e8e2f4be21d168cdb3a85e4f008f1136aeaf3f,0x7c46171d19f318203ed419d1bed4b5d33505997e,0x7c46171d19f318203ed419d1bed4b5d33505997e,0xfd086bc7cd5c481dcc9c85ebe478a1c0b69fcbb9,46482785,2184,
arbitrum,withdraw_final,493767399,1786538449000,0x85baaf0d70f595db20cf37213ddd27ab27a530f890fa4db15d3fcc2d9efdb97f,,,,,,206145732971855882
arbitrum,deposit,493768517,1786538428000,0x2bd977dc380b3320e1ba3a4959b1b7e538827d9dedb6323e4480a95660c7b6bf,0x0e4c73233cf31fa95578688986506a3c5cde6280,0x0e4c73233cf31fa95578688986506a3c5cde6280,0xfd086bc7cd5c481dcc9c85ebe478a1c0b69fcbb9,10035385,2184,
arbitrum,deposit,493769351,1786538637000,0x73e08865c90b624b537ce619380a78b721fc132a0f23ff119a336b1ce631726b,0x7284e798c2c497f1de43a733b0543432e79ec842,0x7284e798c2c497f1de43a733b0543432e79ec842,0xfd086bc7cd5c481dcc9c85ebe478a1c0b69fcbb9,423654074,2184,
arbitrum,deposit,493769961,1786538789000,0x793e4927be28bbd9cf41608d54849f7bd33ac50a6aba5034e405019b1d5cf1a6,0xb66fbf2b12d3645dddba4cf8ab6f91917d3ea49e,0xb66fbf2b12d3645dddba4cf8ab6f91917d3ea49e,0xfd086bc7cd5c481dcc9c85ebe478a1c0b69fcbb9,810742031,2184,
arbitrum,deposit,493771407,1786539150000,0xe01f3c4d2646e6976c10204042b94037a67847e5b541d45b5dbfe883d0139526,0x6fbe628b638bafe57b2f944f2fe4f7587ddf7446,0x6fbe628b638bafe57b2f944f2fe4f7587ddf7446,0xfd086bc7cd5c481dcc9c85ebe478a1c0b69fcbb9,10000000,2184,
arbitrum,deposit,493771698,1786539223000,0x8fbd80d4bd07cc467cbfd3e36ffcd58d02f95815e9b8075f8711d4020d2e90db,0x6fbe628b638bafe57b2f944f2fe4f7587ddf7446,0x6fbe628b638bafe57b2f944f2fe4f7587ddf7446,0xfd086bc7cd5c481dcc9c85ebe478a1c0b69fcbb9,90000000,2184,
arbitrum,withdraw_submit,493772398,1786539399000,0xfe69b78014614dba229a7c5066b6da2047f82311f6e5c13cd634a027a5a1b07d,,0xb8d919ace1c27283a09792413f9288130113a237,0xfd086bc7cd5c481dcc9c85ebe478a1c0b69fcbb9,400000000,,206145732971855882
arbitrum,deposit,493777339,1786540636000,0x3c8dbe8f20472a720448b73c9c1af79798bd8fbec2dec7d11dab466bb3267717,0x6a2c04419462c3d0d0fe9e163092ae3e11d3c022,0x6a2c04419462c3d0d0fe9e163092ae3e11d3c022,0xfd086bc7cd5c481dcc9c85ebe478a1c0b69fcbb9,7284979,2184,
arbitrum,deposit,493779357,1786541140000,0x42db46e3aad88c427b3f2d5a1f40b979e891a313c4117ca85e4db92429e8ab6b,0x8434179bdb3cd3851a11d17a669d13e2d16e8c99,0x8434179bdb3cd3851a11d17a669d13e2d16e8c99,0xfd086bc7cd5c481dcc9c85ebe478a1c0b69fcbb9,50092300,2184,
arbitrum,deposit,493782304,1786541876000,0x9ac16f2c3c82da3ff308b5a6b1267d576d8828d0ee56a74e7439b6492663850b,0x0bb7a0194d4bd767ea78aa5b6c0ba1ca1dd7fff0,0x0bb7a0194d4bd767ea78aa5b6c0ba1ca1dd7fff0,0xfd086bc7cd5c481dcc9c85ebe478a1c0b69fcbb9,50000000,2184,
arbitrum,deposit,493783831,1786542258000,0xe0530053c49038b51f98b3994ae20e12d3b320a674667982aaaccd6dd8f7b892,0xd5cd3abec638f5718130d1403ff0fde32e9ae9a9,0xd5cd3abec638f5718130d1403ff0fde32e9ae9a9,0xfd086bc7cd5c481dcc9c85ebe478a1c0b69fcbb9,19920840,2184,
arbitrum,withdraw_final,493789795,1786544048000,0x3ac983772cdeabd77f8db5436f93f00550c230f001d98ec334f5a32889ec2fda,,,,,,206542278683000832
arbitrum,deposit,493792940,1786544533000,0xea316615c3b65f319b5f4864fbee9a48f2bb73b4bafe5aa417a47019e5be9cbd,0xc9fd99aadf3c5b98adee3bde40e28c3981696e22,0xc9fd99aadf3c5b98adee3bde40e28c3981696e22,0xfd086bc7cd5c481dcc9c85ebe478a1c0b69fcbb9,100000000,2184,
arbitrum,withdraw_submit,493794718,1786544978000,0xfbe2011f10d39ae49b6f38403a3e6921bc0c4944a83785f1cec9f3304c2d4a4e,,0x6fb7cc3e708d2c3d4bae734fc088e6ac06d944e0,0xfd086bc7cd5c481dcc9c85ebe478a1c0b69fcbb9,941695654,,206542278683000832
arbitrum,deposit,493798752,1786545986000,0x68d20d7c000e5603866abe6fb5d4795e354d6020c1bc23212b1a5b09e7308963,0x9a8e8d708d60394171c66fcf6e768e9e80fb3c76,0x9a8e8d708d60394171c66fcf6e768e9e80fb3c76,0xfd086bc7cd5c481dcc9c85ebe478a1c0b69fcbb9,45000000,2184,
arbitrum,deposit,493799535,1786546180000,0x514bf56ed441ea6a920d76bc5e50669ee04a15c6b9b259a4aa9de41152205743,0xbb48553d0c9470eb429ba35acd350c4c242ee902,0xbb48553d0c9470eb429ba35acd350c4c242ee902,0xfd086bc7cd5c481dcc9c85ebe478a1c0b69fcbb9,2000000,2184,
arbitrum,withdraw_final,493799703,1786546522000,0xcf0ee5d1a921f64cd841a5188c57062a3537e55a4ce12466ca14fb3d85226938,,,,,,206719643660845056
arbitrum,deposit,493801419,1786546650000,0xe19c6617f7500738a091f32cd6dd99a39d0051abef62e5e51d3c9d456bf2467f,0x7c46171d19f318203ed419d1bed4b5d33505997e,0x7c46171d19f318203ed419d1bed4b5d33505997e,0xfd086bc7cd5c481dcc9c85ebe478a1c0b69fcbb9,27613085,2184,
arbitrum,deposit,493804307,1786547371000,0x74a1dc87ea7aecf144af84e572a6456e0e21b699371eabcf5717e6941ab834d9,0x37014c910ca3b3477fbf74378658587d09c56546,0x37014c910ca3b3477fbf74378658587d09c56546,0xfd086bc7cd5c481dcc9c85ebe478a1c0b69fcbb9,19444624,2184,
arbitrum,withdraw_submit,493804576,1786547438000,0x385704f57408089c0bf827768576518640fd7765ad19df888125322fd4d76a50,,0xbb48553d0c9470eb429ba35acd350c4c242ee902,0xfd086bc7cd5c481dcc9c85ebe478a1c0b69fcbb9,1000000,,206719643660845056
arbitrum,deposit,493804990,1786547542000,0x0ad282764a83f608fda89cd71e8b9ce133e8d538eb07f8c21859428c42ed25e8,0x3f9920c88c5cb381c23b3d1a565fb7dc91ebf983,0x3f9920c88c5cb381c23b3d1a565fb7dc91ebf983,0xfd086bc7cd5c481dcc9c85ebe478a1c0b69fcbb9,125311304,2184,
arbitrum,deposit,493809386,1786548640000,0x3f0857da9623ac0f2d46eace57c2a08137244194b74ade7dae9758b1eaf0b4a3,0x3b2c439a9997d0f06443f4ba44a3e4959c8854a8,0x3b2c439a9997d0f06443f4ba44a3e4959c8854a8,0xfd086bc7cd5c481dcc9c85ebe478a1c0b69fcbb9,100065742,2184,
arbitrum,withdraw_final,493811559,1786549482000,0x4843550b1b2516133a710cfaf9a8106cb4c45b6192823a89b5edb5c8ba00193e,,,,,,206927760587751424
arbitrum,deposit,493813644,1786549704000,0x6d7b868600ed6788a8f418e49185a75de240db55098921d4b9960a4cb64f8e63,0x634ceaa5abf564a6eaddb1e9966a7f2932f27319,0x634ceaa5abf564a6eaddb1e9966a7f2932f27319,0xfd086bc7cd5c481dcc9c85ebe478a1c0b69fcbb9,12000000,2184,
arbitrum,deposit,493815987,1786550291000,0x30f5796085bda669661106689c1bb48c20c51c399a0893dd104ddbf012c333ce,0x1ef5de46f22a88a66d6b01d2ff6b721c6b5f3590,0x1ef5de46f22a88a66d6b01d2ff6b721c6b5f3590,0xfd086bc7cd5c481dcc9c85ebe478a1c0b69fcbb9,14800000,2184,
arbitrum,withdraw_submit,493816574,1786550438000,0x44159cc39d13eb58566470ec8cbc7e58e1aa2cb8566f36438834db3fc7827a2b,,0x7d4a3298bda95f8a9228257bc24e1d80c8afcca8,0xfd086bc7cd5c481dcc9c85ebe478a1c0b69fcbb9,115577832,,206927760587751424
arbitrum,deposit,493818075,1786550815000,0xa6a165b4adc69db24267bfc5519e34b855665e46cef0df722f278dddcb35d254,0x8f3be5e6713dd26202bee3017e40d92b1942fd76,0x8f3be5e6713dd26202bee3017e40d92b1942fd76,0xfd086bc7cd5c481dcc9c85ebe478a1c0b69fcbb9,6993096,2184,
arbitrum,deposit,493818784,1786550992000,0xb38eba806572b855d1eabb818095f70c4bd7823ce620d9c43243ae7ceac7eee3,0xa9c3a4024abdf5361e94a4f758515352325dcd33,0xa9c3a4024abdf5361e94a4f758515352325dcd33,0xfd086bc7cd5c481dcc9c85ebe478a1c0b69fcbb9,79000000,2184,
arbitrum,withdraw_final,493820437,1786551705000,0xf0dd7439feac8a98d51b74d02448acb37a13fc3e97955586c5ee42766931903a,,,,,,207077337143967744
arbitrum,deposit,493821544,1786551683000,0xb47e0d5ce516e6517ce781e1591b20f337c231aff0df35127c34a41f22f38662,0xc28a6898db7672cb645c5665b3092900aa5391b6,0xc28a6898db7672cb645c5665b3092900aa5391b6,0xfd086bc7cd5c481dcc9c85ebe478a1c0b69fcbb9,207000000,2184,
arbitrum,withdraw_final,493822459,1786552213000,0x2d1b9e58d741a82dff3a70593d191afdc0c0a9ac3fa626de4ca48ff714218ce5,,,,,,207110709031469056
arbitrum,withdraw_submit,493825441,1786552658000,0x3ed2a8f20af0224e3c00804c976db8ea6a2b8550fc6da224af851ba114174525,,0x6fbe628b638bafe57b2f944f2fe4f7587ddf7446,0xfd086bc7cd5c481dcc9c85ebe478a1c0b69fcbb9,79786595,,207077337143967744
arbitrum,withdraw_submit,493827353,1786553138000,0x283944ab052ff701c6c35303ed898e0d6b4de0ce17c77e1f7161aec5b2dfd815,,0xdddda6f358eaceb800c82d41ccc53676b5cc6f6c,0xfd086bc7cd5c481dcc9c85ebe478a1c0b69fcbb9,104717747,,207110709031469056
arbitrum,deposit,493830163,1786553841000,0xcfcd16c4d92cb9521687465e4b98291395a906a167d73e38de737209ee43fa4e,0xbdbdeabcae1e56823fecfb4c8c994123d5b8d96f,0xbdbdeabcae1e56823fecfb4c8c994123d5b8d96f,0xfd086bc7cd5c481dcc9c85ebe478a1c0b69fcbb9,10835800,2184,
arbitrum,deposit,493835129,1786555087000,0x50846d6f3f3d847d15c58e993f5a9b820c039cd5112cfb457c8daa814f6bc5c4,0x3256074c1319d249350b02451b9068a4a211e36d,0x3256074c1319d249350b02451b9068a4a211e36d,0xfd086bc7cd5c481dcc9c85ebe478a1c0b69fcbb9,39900000,2184,
arbitrum,deposit,493853462,1786559693000,0xbc28b0a2971352d34035932156d3458f32c057cce12cc119af3fabb43687bb39,0xc06944c639387e5bd8eaef31ea71a885ef940050,0xc06944c639387e5bd8eaef31ea71a885ef940050,0xfd086bc7cd5c481dcc9c85ebe478a1c0b69fcbb9,50000000,2184,
arbitrum,deposit,493853677,1786559748000,0x2451d76351ac2d62fdecddee2f3eab8444e3739a2961d5a26b95fe80b9be5eec,0x2164d6b2ef215a4f46912bdd18f27a25041ebe29,0x2164d6b2ef215a4f46912bdd18f27a25041ebe29,0xfd086bc7cd5c481dcc9c85ebe478a1c0b69fcbb9,50000000,2184,
arbitrum,deposit,493864768,1786562541000,0xf0669ab14561773b95dd9d138740bebeb85ac3de4140f633a7395919cea10b91,0x00757438f320d3e53acc25b168361a9f7e66d17d,0x00757438f320d3e53acc25b168361a9f7e66d17d,0xfd086bc7cd5c481dcc9c85ebe478a1c0b69fcbb9,210197773,2184,
arbitrum,deposit,493874697,1786565040000,0x622b225b8ee1fb4afa6890eec2077a98e50a4a747dabcbf86ac83acd86c4c5a9,0x4bcc65e69fd0a6712064ca5dcd9dc31c03ca4198,0x4bcc65e69fd0a6712064ca5dcd9dc31c03ca4198,0xfd086bc7cd5c481dcc9c85ebe478a1c0b69fcbb9,20000000,2184,
arbitrum,deposit,493875197,1786565166000,0x6809d0189eddb76205dc14810a4747d4c9b76ef53bb4d05d4fac80c89078812a,0x4bcc65e69fd0a6712064ca5dcd9dc31c03ca4198,0x4bcc65e69fd0a6712064ca5dcd9dc31c03ca4198,0xfd086bc7cd5c481dcc9c85ebe478a1c0b69fcbb9,1000000000,2184,
arbitrum,withdraw_final,493878969,1786566416000,0xe963c3bf2565c2ec882fc9cc65a567f678209a437ad361990c68e4db58556778,,,,,,207995798720348160
arbitrum,deposit,493879063,1786566140000,0x31ce5c06cfafc39b9580c3f8e9d3f895c357e942a9ee820af24077079da9ccda,0xbb48553d0c9470eb429ba35acd350c4c242ee902,0xbb48553d0c9470eb429ba35acd350c4c242ee902,0xfd086bc7cd5c481dcc9c85ebe478a1c0b69fcbb9,2000000,2184,
arbitrum,withdraw_final,493879228,1786566481000,0x970ca7d0c9d1117a5c8666de488a517a9bd8a3e6e706d43b433b87048b54922e,,,,,,208000248289689600
arbitrum,withdraw_submit,493883914,1786567358000,0x204b595bd2ab1a32b5e348493dfa6fab4a123f4d5b098e453b0077dd5c4f6a23,,0x7c46171d19f318203ed419d1bed4b5d33505997e,0xfd086bc7cd5c481dcc9c85ebe478a1c0b69fcbb9,22362610,,207995798720348160
arbitrum,withdraw_submit,493884154,1786567418000,0x3db97f53a21c3d9c3e0221629d851a27b2aa228319e30ad6fbc01a0fbf7551a5,,0xbb48553d0c9470eb429ba35acd350c4c242ee902,0xfd086bc7cd5c481dcc9c85ebe478a1c0b69fcbb9,1000000,,208000248289689600
arbitrum,deposit,493885004,1786567634000,0x1019ec4be5bf0a6272ead73d1b1069ad0c398090ca21c9730d6dbcfd339d3bc4,0x51760bdda420906420f34e10087a763e229c620d,0x51760bdda420906420f34e10087a763e229c620d,0xfd086bc7cd5c481dcc9c85ebe478a1c0b69fcbb9,22378948,2184,
arbitrum,deposit,493893505,1786569787000,0xd9015f6a7b9645d66745dac07bacb6433c205add580e8b15daaeaf833f0f07d6,0x51760bdda420906420f34e10087a763e229c620d,0x51760bdda420906420f34e10087a763e229c620d,0xfd086bc7cd5c481dcc9c85ebe478a1c0b69fcbb9,489853993,2184,
arbitrum,withdraw_final,493898205,1786571270000,0x011d854a483bc5846f5252bfd8efce29045c7eaa5c35d18d0eb70ae300fbeeec,,,,,,208304727123820544
arbitrum,withdraw_submit,493903168,1786572218000,0xcb54f575f17b4480b4bbc3fabb877364b7f529af805c589974bcab0db0394838,,0x51760bdda420906420f34e10087a763e229c620d,0xfd086bc7cd5c481dcc9c85ebe478a1c0b69fcbb9,477583685,,208304727123820544
arbitrum,deposit,493905577,1786572823000,0x4d76f2066338a10f9c8daede3ff61fd82d9fc1d3d0873418560a7d67d84c716f,0x14d801daa47272f790794e5008867a6aad4c089d,0x14d801daa47272f790794e5008867a6aad4c089d,0xfd086bc7cd5c481dcc9c85ebe478a1c0b69fcbb9,477583685,2184,
arbitrum,withdraw_final,493909684,1786574161000,0xb3372f8cfecc1ee0edf48e2ed9dc1ee87c9fd06da32e8c6042c0d4e20fd9b19c,,,,,,208492666302758912
arbitrum,withdraw_submit,493914587,1786575098000,0x3c29e1b4dc46cd38e8dcf7b8775163f47979cf2a47dfcf5cf136112ffe563286,,0x14d801daa47272f790794e5008867a6aad4c089d,0xfd086bc7cd5c481dcc9c85ebe478a1c0b69fcbb9,443963420,,208492666302758912
arbitrum,deposit,493915854,1786575417000,0x012a367f16bc7819f2a0da4210e215f5fc84915d7ac95c19db3a42337feec079,0x6a14795b4c73c426bdb25bef8c91d5583211a3c1,0x6a14795b4c73c426bdb25bef8c91d5583211a3c1,0xfd086bc7cd5c481dcc9c85ebe478a1c0b69fcbb9,443963420,2184,
arbitrum,withdraw_final,493920511,1786576895000,0x79501392ce0ca8878ea74ae7809303e0ed98b84127170548fa1a9d6b54852276,,,,,,208662068386070528
arbitrum,deposit,493921015,1786576723000,0xf9f4f61217bce43c7fb924c935ef4760ff7825b68322649da99bba6037758292,0xd60e8adf147726b779e5df649838d25f8684552f,0xd60e8adf147726b779e5df649838d25f8684552f,0xfd086bc7cd5c481dcc9c85ebe478a1c0b69fcbb9,12300000,2184,
arbitrum,withdraw_submit,493925274,1786577798000,0x30df4dbe866f56a11c30f517211fcbb86438074fd2cee769a85e789400bf4f67,,0x6a14795b4c73c426bdb25bef8c91d5583211a3c1,0xfd086bc7cd5c481dcc9c85ebe478a1c0b69fcbb9,417777773,,208662068386070528
arbitrum,deposit,493933573,1786579900000,0x4dc8a0341bef2bc6766945fd2a1c7c05731d17efe65866594637ee61e9f0dd33,0x5c3bf459209915a16b31660a6c728e701bc9d525,0x5c3bf459209915a16b31660a6c728e701bc9d525,0xfd086bc7cd5c481dcc9c85ebe478a1c0b69fcbb9,105026507,2184,
arbitrum,deposit,493939306,1786581349000,0xebc3230b951887d40f6857805e5fbfc8a5c5e19f3d5494f1bb49228b55f04109,0xc7c91da06333a2086b00b0737bd9d2c55da3a92a,0xc7c91da06333a2086b00b0737bd9d2c55da3a92a,0xfd086bc7cd5c481dcc9c85ebe478a1c0b69fcbb9,38469146,2184,
arbitrum,deposit,493949331,1786583885000,0xe2dac5793613ed64cd740c40265f0240419bedea0e9bb5b72d322a52ee4099b2,0xc2284095c532613fc543ba0effc8ee0b1af4820c,0xc2284095c532613fc543ba0effc8ee0b1af4820c,0xfd086bc7cd5c481dcc9c85ebe478a1c0b69fcbb9,1019000000,2184,
arbitrum,deposit,493959011,1786586343000,0x7a4026cc6d6b7e0c24595976f3c22460c1709fba059d6a680fd9a54ba7c8475d,0x0eda68e8b03a5154db21514b7c1a6cb72326504b,0x0eda68e8b03a5154db21514b7c1a6cb72326504b,0xfd086bc7cd5c481dcc9c85ebe478a1c0b69fcbb9,2986308,2184,
arbitrum,deposit,493959593,1786586489000,0xeab5ed5d96067f74b27a3d7ef56f4627eac4a8d722bd4b858f31a848e1e1e4dc,0x62cc3e999b67cf241753954fa366d29988254faa,0x62cc3e999b67cf241753954fa366d29988254faa,0xfd086bc7cd5c481dcc9c85ebe478a1c0b69fcbb9,40000000,2184,
arbitrum,deposit,493964542,1786587739000,0xb7c132a280518be751c115033f3dd0bd0adfe792f71358816cc82ad0933c48e2,0xbb48553d0c9470eb429ba35acd350c4c242ee902,0xbb48553d0c9470eb429ba35acd350c4c242ee902,0xfd086bc7cd5c481dcc9c85ebe478a1c0b69fcbb9,2000000,2184,
arbitrum,withdraw_final,493964715,1786588083000,0xb3eb4f23d57371638f45c2d60b16f1e1f37ffe02c47a9a1b34d3c2447604c711,,,,,,209376450300608512
arbitrum,deposit,493969272,1786588928000,0x4d181bed220b89714fec91179ed1ae7d7486eaed536c8835c345fde4b1fdf1f8,0x3bb404c7cfc59d0e60e1589eeccb121d86748d2c,0x3bb404c7cfc59d0e60e1589eeccb121d86748d2c,0xfd086bc7cd5c481dcc9c85ebe478a1c0b69fcbb9,142443889,2184,
arbitrum,withdraw_submit,493969628,1786589018000,0xf1aa3f0b5b6e53ccf138f886af54d6cfc606081dfa3108e4f50838543e66982d,,0xbb48553d0c9470eb429ba35acd350c4c242ee902,0xfd086bc7cd5c481dcc9c85ebe478a1c0b69fcbb9,1000000,,209376450300608512
arbitrum,deposit,493974285,1786590196000,0x32b41f84c5516fac3f30930db8d366fa50d13772a1bca181e67df4b71702c1ba,0x389a42281ee6ead75e8a9aaef01d3d0ea13476d8,0x389a42281ee6ead75e8a9aaef01d3d0ea13476d8,0xfd086bc7cd5c481dcc9c85ebe478a1c0b69fcbb9,101093990,2184,
arbitrum,deposit,493985607,1786593059000,0xf5e47a1e48e88ccbf68be5195b701826459bcc529d180b1107fca53524f1efbb,0x087b529252ebbe514dd0002250530923c90cec29,0x087b529252ebbe514dd0002250530923c90cec29,0xfd086bc7cd5c481dcc9c85ebe478a1c0b69fcbb9,3005448,2184,
arbitrum,withdraw_final,493985673,1786593376000,0xc4e3d775a01832741a31b1e2390a5583f7ce7571f689839495256907551f5fe2,,,,,,209708734732042240
arbitrum,deposit,493988321,1786593745000,0x1f9554f17b34abb32e512809353eee935077be6fc66b7601919f7012b898b785,0xa5b03a2ee503da10dd6f24e2e27084f427f38b20,0xa5b03a2ee503da10dd6f24e2e27084f427f38b20,0xfd086bc7cd5c481dcc9c85ebe478a1c0b69fcbb9,3000000,2184,
arbitrum,withdraw_submit,493990512,1786594298000,0xa02d6ea7c7356025163bdd74c1fcbfe52cc4f56a4fa10276d05d267425d5c06f,,0xec82fa0b5956f0fe2c4ab4dd12b4514127787350,0xfd086bc7cd5c481dcc9c85ebe478a1c0b69fcbb9,38268508,,209708734732042240
arbitrum,deposit,494000655,1786596883000,0xeeaf4d27f74d1a296053357708d0cfa13bb5c238f18125537899842a2eef2692,0xf94ec925c42ae833f9eb61868ec29947e19a0046,0xf94ec925c42ae833f9eb61868ec29947e19a0046,0xfd086bc7cd5c481dcc9c85ebe478a1c0b69fcbb9,9000000,2184,
arbitrum,deposit,494007555,1786598648000,0x1b03d9185ff2965a328614b8a40574a585d95da97836da8da5460be4891880c7,0xab13a59feecbdc3164f0ba868f23f60bb533a766,0xab13a59feecbdc3164f0ba868f23f60bb533a766,0xfd086bc7cd5c481dcc9c85ebe478a1c0b69fcbb9,525973787,2184,
arbitrum,deposit,494015568,1786600686000,0x3eb1c6fe90dd6b624f65462fcfff954b4c32f51e470a262bdd0420745e6a34bd,0x56c5fcccd42f273bdf4384ee697151336b3535fe,0x56c5fcccd42f273bdf4384ee697151336b3535fe,0xfd086bc7cd5c481dcc9c85ebe478a1c0b69fcbb9,49309127,2184,
arbitrum,deposit,494017844,1786601262000,0xa946f6f5622dce80f92a64508c435df67742bcea69b054fcf47feb6f3527cc78,0x7183cf85196d31dd51eb70ed9bacb6da67e55504,0x7183cf85196d31dd51eb70ed9bacb6da67e55504,0xfd086bc7cd5c481dcc9c85ebe478a1c0b69fcbb9,31027241,2184,
arbitrum,deposit,494017853,1786601265000,0xbf88792fb7284972af087351ce4bb5c01d938852eaf89fecae64569312762848,0x963872830cf7db67dc123d3ed1fe554f0bee79bb,0x963872830cf7db67dc123d3ed1fe554f0bee79bb,0xfd086bc7cd5c481dcc9c85ebe478a1c0b69fcbb9,31027242,2184,
arbitrum,deposit,494018146,1786601337000,0x0ec85fe4d4567160186623c034cfeacb3af74b1bfa38e7e9d38bd101c1f575fc,0x792ce2b1f72522f7d0154f9a8215517280fc52a2,0x792ce2b1f72522f7d0154f9a8215517280fc52a2,0xfd086bc7cd5c481dcc9c85ebe478a1c0b69fcbb9,50522259,2184,
arbitrum,deposit,494018393,1786601399000,0x87a2f090a2beff97142a1c22d7181b9093d11bc82e54837c3b6f743bffb19f1d,0x9ab582d08aed9e65ea3da9f7663c283898197819,0x9ab582d08aed9e65ea3da9f7663c283898197819,0xfd086bc7cd5c481dcc9c85ebe478a1c0b69fcbb9,50539460,2184,
arbitrum,deposit,494018650,1786601465000,0x01e9465ef33cb6261e4fcbac1bed744ab770618ad3e155342f08b8766384a686,0xfaeaea57032e11fb058c7de44c5c096a2ed0eb60,0xfaeaea57032e11fb058c7de44c5c096a2ed0eb60,0xfd086bc7cd5c481dcc9c85ebe478a1c0b69fcbb9,60050420,2184,
arbitrum,deposit,494018755,1786601492000,0x05f74ad5ab0cc77b12c89416fe57ae739af29d03377c69fa69d714c35b02add3,0x476c87a2c9968ab4d3de39915e7c32b9159b7f38,0x476c87a2c9968ab4d3de39915e7c32b9159b7f38,0xfd086bc7cd5c481dcc9c85ebe478a1c0b69fcbb9,60000000,2184,
arbitrum,deposit,494019883,1786601776000,0x1b08b3892a281815f7d8d7e072ea0312cc9ddcb5c4c77e274e7074b2ba51f421,0x89c5c752791156022857e581ae6a32d1532de2df,0x89c5c752791156022857e581ae6a32d1532de2df,0xfd086bc7cd5c481dcc9c85ebe478a1c0b69fcbb9,199900000,2184,
arbitrum,deposit,494019996,1786601805000,0x041bd3642ca8a6cadcc1596fd90855ea1d34d03ff2589829214273e58983ca7b,0x389a42281ee6ead75e8a9aaef01d3d0ea13476d8,0x389a42281ee6ead75e8a9aaef01d3d0ea13476d8,0xfd086bc7cd5c481dcc9c85ebe478a1c0b69fcbb9,900489182,2184,
arbitrum,deposit,494028751,1786604010000,0x60dee46b716f0ff53163ccedcaf204b6a6c6d9eab22c0761b46723edc431a182,0x566d63b426dc8d733ee5aefd436b92809428a281,0x566d63b426dc8d733ee5aefd436b92809428a281,0xfd086bc7cd5c481dcc9c85ebe478a1c0b69fcbb9,304449393,2184,
arbitrum,deposit,494029905,1786604302000,0x2253f230618141c4f6a525ed9de02892b0bf1e5ee746dcfe63fa28f8f14c3004,0xe53af7fd3c2629ff427adf9c870fbb0e961f989f,0xe53af7fd3c2629ff427adf9c870fbb0e961f989f,0xfd086bc7cd5c481dcc9c85ebe478a1c0b69fcbb9,99846865,2184,
arbitrum,withdraw_final,494033104,1786605406000,0x37467566f92a9f88dd7769d52661f79c381298d57fb8ce4f3eb38dfcdceb33a9,,,,,,210464176538124288
arbitrum,deposit,494034888,1786605553000,0x2259d76d3e51d7664d56499b1c2443375e85801da13a8fa36648bc2dc8c23780,0x092b0a30a66ec490d09719d28ae692f0586104e9,0x092b0a30a66ec490d09719d28ae692f0586104e9,0xfd086bc7cd5c481dcc9c85ebe478a1c0b69fcbb9,99987502,2184,
arbitrum,withdraw_submit,494038092,1786606359000,0xa011be0ec9b0da40b688e7471dfa8a9086b8fe1800540d03c2b241a2d378d9c4,,0xfbc6809144a37ab60f221505ddf91c4dbd376b7a,0xfd086bc7cd5c481dcc9c85ebe478a1c0b69fcbb9,299000000,,210464176538124288
arbitrum,deposit,494041935,1786607325000,0xc51ec07eb071d11ab6ae661eeda55a04858f34d75d7867c8b470c2512b4755ca,0xff5d23e22881ef222b2531e60b954c24fd3d1665,0xff5d23e22881ef222b2531e60b954c24fd3d1665,0xfd086bc7cd5c481dcc9c85ebe478a1c0b69fcbb9,11270965,2184,
arbitrum,deposit,494046975,1786608594000,0x3a3c43a96149937cf3d23a650a7ca4dfa4037073e9fd5c34e43414d42052f2be,0x0e8747984a5fb61088a378d7b8d8e11087807424,0x0e8747984a5fb61088a378d7b8d8e11087807424,0xfd086bc7cd5c481dcc9c85ebe478a1c0b69fcbb9,36300000,2184,
arbitrum,deposit,494048553,1786608990000,0x970d10b0636173f4fd8cc1fb33d00a6beac16bcdc1f0e3d57643c72996a86b4a,0xfa113f1a6c42db00454cb82d7fcf205bff251b0e,0xfa113f1a6c42db00454cb82d7fcf205bff251b0e,0xfd086bc7cd5c481dcc9c85ebe478a1c0b69fcbb9,1000223340,2184,
arbitrum,deposit,494049941,1786609340000,0x68d374affb9eedeff41448fec52b38f9a693113ef1f50262b8c6eaa5980b690b,0xbb48553d0c9470eb429ba35acd350c4c242ee902,0xbb48553d0c9470eb429ba35acd350c4c242ee902,0xfd086bc7cd5c481dcc9c85ebe478a1c0b69fcbb9,2000000,2184,
arbitrum,withdraw_final,494050111,1786609683000,0x43c34e6d636007d761067ca3e9d9e28ee19bb39ef5b3b1347207ecacd2ed2d92,,,,,,210736932731224064
arbitrum,withdraw_final,494053666,1786610577000,0xca9102797d36f00fb8ba62a3c6fccddf9b07adce549293e492549b16d2bb9857,,,,,,210792191801425920
arbitrum,withdraw_submit,494055029,1786610618000,0x9c942d7c5226350ca386b659aaa8a366158febac8ff2928658df3dc317d5844a,,0xbb48553d0c9470eb429ba35acd350c4c242ee902,0xfd086bc7cd5c481dcc9c85ebe478a1c0b69fcbb9,1000000,,210736932731224064
arbitrum,deposit,494055534,1786610745000,0x9eb9ed850b5a42c3e548411a59ab6867e47acb7d21c1df9db6c624e0509e0ee3,0xf94ec925c42ae833f9eb61868ec29947e19a0046,0xf94ec925c42ae833f9eb61868ec29947e19a0046,0xfd086bc7cd5c481dcc9c85ebe478a1c0b69fcbb9,90274007,2184,
arbitrum,deposit,494057833,1786611318000,0xa16d9358de9a34c78c1f2c39ef169275dfe73379fb7876299cd057a2efdfcce2,0x901bacefc15259081d8c8f24169a8c13501071e4,0x901bacefc15259081d8c8f24169a8c13501071e4,0xfd086bc7cd5c481dcc9c85ebe478a1c0b69fcbb9,100000000,2184,
arbitrum,deposit,494058028,1786611367000,0x82233ec1dc6b8dcc7f978c125f73598ab91d2003c0442c2ad1c4bfe2db729372,0x9781fca9d80b90a1044ea39ed721026c6b50e928,0x9781fca9d80b90a1044ea39ed721026c6b50e928,0xfd086bc7cd5c481dcc9c85ebe478a1c0b69fcbb9,88000000,2184,
arbitrum,withdraw_submit,494058630,1786611519000,0x110928897d0e3473ad159f41f6e1f3962160afcfd9b643a3bd192e90505cd405,,0xf36e4157ee21218ebb3eefe4d5aa46226875029f,0xfd086bc7cd5c481dcc9c85ebe478a1c0b69fcbb9,10000000,,210792191801425920
arbitrum,deposit,494059454,1786611725000,0x012014c6b798ee0b9248729eebf7e36ecb315d7f5b4d1af14af9a0053d948d50,0x59077670dbccc6b388d56a140e2b65c337dd1748,0x59077670dbccc6b388d56a140e2b65c337dd1748,0xfd086bc7cd5c481dcc9c85ebe478a1c0b69fcbb9,14418832,2184,
arbitrum,withdraw_final,494068480,1786614286000,0x91471ffcd4500b17fc11bf9f7c16ff3750a4a07372a39c57494e5bbdbf76086b,,,,,,211025734930530304
arbitrum,deposit,494072308,1786614946000,0x89935e617d50f3ebaabe406e9d01036a08a82daa0d655d0dde1b5987283eea53,0x2a3adf5c8d93def10fc85b1609ef442f7f665126,0x2a3adf5c8d93def10fc85b1609ef442f7f665126,0xfd086bc7cd5c481dcc9c85ebe478a1c0b69fcbb9,7230000000,2184,
arbitrum,withdraw_submit,494073470,1786615238000,0xa2c283200195a4713e209b502106ac83ef2b78ef1251456677f5852bf230986e,,0x0e8747984a5fb61088a378d7b8d8e11087807424,0xfd086bc7cd5c481dcc9c85ebe478a1c0b69fcbb9,34292329,,211025734930530304
arbitrum,deposit,494073770,1786615314000,0x5d0f18423a2f0e70510e928d856f5d9478e93c314d05fec19232b541d34b7c10,0x092b0a30a66ec490d09719d28ae692f0586104e9,0x092b0a30a66ec490d09719d28ae692f0586104e9,0xfd086bc7cd5c481dcc9c85ebe478a1c0b69fcbb9,56676902,2184,
arbitrum,deposit,494076939,1786616106000,0x2ef451e1b1af263568f1d0da5d055e5d4e5d2817faccd7524977a62496d6fd0f,0xdaa61a0d6da01fb14e9e4a342a5cf10d3c55871b,0xdaa61a0d6da01fb14e9e4a342a5cf10d3c55871b,0xfd086bc7cd5c481dcc9c85ebe478a1c0b69fcbb9,200000000,2184,
arbitrum,deposit,494078795,1786616572000,0x792bd763f28ae6fc8b063f748add66e6d77f6af5753e11bb6e296d447ed58a15,0xb7ce37bfa8eb0aa8d55894951b5b097947852bf4,0xb7ce37bfa8eb0aa8d55894951b5b097947852bf4,0xfd086bc7cd5c481dcc9c85ebe478a1c0b69fcbb9,1000000000,2184,
arbitrum,deposit,494078963,1786616614000,0x15be8c1520a326355bd48ea2f6d62cde98337701343934c3a1f70a973efaeff0,0xd8afa9346d86512cffc0797e0e26a10ecd366bb3,0xd8afa9346d86512cffc0797e0e26a10ecd366bb3,0xfd086bc7cd5c481dcc9c85ebe478a1c0b69fcbb9,104000000,2184,
arbitrum,deposit,494087342,1786618715000,0x9d05f72a5addc3f9c3180e24e040a1b340b14c2ebb804d9cc25599d430902ca8,0x73b900cbed9e4c4353e904f58ba0415455ccbc00,0x73b900cbed9e4c4353e904f58ba0415455ccbc00,0xfd086bc7cd5c481dcc9c85ebe478a1c0b69fcbb9,800000000,2184,
arbitrum,deposit,494094189,1786620434000,0x92d78351e3f03a5ed6bde53bcef3664a295e522a001171db24f52ee556c3d639,0x0b9cab28f84259f434df10f0357add31344e7d18,0x0b9cab28f84259f434df10f0357add31344e7d18,0xfd086bc7cd5c481dcc9c85ebe478a1c0b69fcbb9,94741843,2184,
arbitrum,deposit,494097866,1786621355000,0xcad7eb7d4c56fc3b76acfe09c05133c12a6e7b4ea2ab839c2e88ee558b832557,0x7cdfe9c64401455413674a1b3d0d5263000366a4,0x7cdfe9c64401455413674a1b3d0d5263000366a4,0xfd086bc7cd5c481dcc9c85ebe478a1c0b69fcbb9,499845045,2184,
arbitrum,withdraw_final,494106491,1786623818000,0xc909097af91c643d374599215569240cc1c2299d983c9c5264a44c9b366f03dc,,,,,,211640267453759489
arbitrum,withdraw_final,494107030,1786623953000,0x712c611a3e49f329dc7058a6bb8a861bdd53d355d8052af899ed84ad01f868f5,,,,,,211648908919570432
arbitrum,withdraw_final,494107445,1786624057000,0xc2168199141338cfff374ece999a2a221714e9e5fd49f2ccf2aa151d251962a4,,,,,,211654956233523200
arbitrum,withdraw_final,494108852,1786624411000,0x3c918afed315c05025b730ec8d4d289aa95fb2cb34f0e4d8495ada71d38ed6cf,,,,,,211678853418975232
arbitrum,withdraw_final,494110501,1786624823000,0x55317663a4f2a96a3d3f1ad16e2be7151f9d4c84068adb24505cb66d0f353099,,,,,,211707784322875392
arbitrum,withdraw_final,494110646,1786624860000,0x3436c1a8f93fbb22a50a5f2e8d5e8a60c3b449884787810b018c0f33cb431f4c,,,,,,211710387064668160
arbitrum,withdraw_submit,494111278,1786624718000,0x810cd5d46f02b0408a5bcce592bac0fd532c6b61cc6679ce5e0f9fdada1f3c06,,0xfec7107aced49665c420f71c64023dddd07b7777,0xfd086bc7cd5c481dcc9c85ebe478a1c0b69fcbb9,149000000,,211640267453759489
arbitrum,deposit,494111756,1786624837000,0xe262a25c0002416005c4ca7b1bc7761569caafa16655abee227531716bc4054c,0xa18e759b0a83b7ee4432be7413b3127a9b6e8075,0xa18e759b0a83b7ee4432be7413b3127a9b6e8075,0xfd086bc7cd5c481dcc9c85ebe478a1c0b69fcbb9,50000000,2184,
arbitrum,withdraw_submit,494111996,1786624898000,0xd023971acda72305f4efcf7ab837ba65e52a8ef31b4054a3bae95c64f9cc8ff2,,0xd0f63a0b7221555326e2c9ec53d6157b00fcdf7d,0xfd086bc7cd5c481dcc9c85ebe478a1c0b69fcbb9,199000000,,211648908919570432
arbitrum,withdraw_final,494112115,1786625227000,0xe61c10371523180ac3ca5d06f9d1fea93940f6232afe0eeac9df389b5048d675,,,,,,211734748127559680
arbitrum,withdraw_submit,494112235,1786624958000,0x8fb200b0ef3437501bfee653c3422c1828187de8987c0ff80748b01dffce118d,,0xe91a87a546e19ab796c92902c966f11d972fa20d,0xfd086bc7cd5c481dcc9c85ebe478a1c0b69fcbb9,199000000,,211654956233523200
arbitrum,deposit,494113603,1786625300000,0x049dfdbb71086716750b08170614ba7fb3226fe8a3750f1202da195c02526cff,0x5fdc62e19a5bfdc1b56a7843bf378635eb362e6e,0x5fdc62e19a5bfdc1b56a7843bf378635eb362e6e,0xfd086bc7cd5c481dcc9c85ebe478a1c0b69fcbb9,1500000,2184,
arbitrum,withdraw_submit,494113673,1786625318000,0x472914a3af82ac950f29391be3391a3f84536f5790dcb21686405cef43038516,,0x1819e507569c4943c0c1bf6b06558ebcc3e35f3a,0xfd086bc7cd5c481dcc9c85ebe478a1c0b69fcbb9,299000000,,211678853418975232
arbitrum,withdraw_submit,494115353,1786625738000,0xebfe845a682f6957e5cb723c6e7efa6f8ec2bc4409c3ccd86253100ecdcb85b1,,0x26bc38d5fa76fd34e2e70842e6c49595a4ee0883,0xfd086bc7cd5c481dcc9c85ebe478a1c0b69fcbb9,149000000,,211707784322875392
arbitrum,withdraw_submit,494115594,1786625798000,0x5b7f9e29363eeb77a9618fdc1f39f077c27f25c3eeabe12924acfa28f6af3365,,0x7cabfb7b4f21220d9bb8a4d502f77d526ea86579,0xfd086bc7cd5c481dcc9c85ebe478a1c0b69fcbb9,508500958,,211710387064668160
arbitrum,withdraw_submit,494117033,1786626158000,0x8c915cb08a712de64cdd86b4db5dd9f66eecbaf73043df9e983b9fc55875da82,,0x2340b00438a5dee7f2130298d8d90729583a8063,0xfd086bc7cd5c481dcc9c85ebe478a1c0b69fcbb9,99000000,,211734748127559680
arbitrum,deposit,494123017,1786627655000,0x6ab6aada253c5a01640e5656749f18add121d93f106e0b96ab2b158e42f03678,0x092b0a30a66ec490d09719d28ae692f0586104e9,0x092b0a30a66ec490d09719d28ae692f0586104e9,0xfd086bc7cd5c481dcc9c85ebe478a1c0b69fcbb9,151358007,2184,
arbitrum,deposit,494123029,1786627658000,0x79cf00356df2b79a98acfdc053f58d4f9636c54decc3b8b37255a539e9991659,0xa464c305023ba73832570db5f4c6f96691c175d0,0xa464c305023ba73832570db5f4c6f96691c175d0,0xfd086bc7cd5c481dcc9c85ebe478a1c0b69fcbb9,5000000,2184,
arbitrum,withdraw_final,494127841,1786629162000,0x2cba930cbd5715e85f0c4d9324a2c6f34d38e57cc3f7c438cd5d2e3d15356d36,,,,,,212002487811440640
arbitrum,deposit,494130783,1786629597000,0x9241c65427037a038401671c6ea833206a6117746f65374fb31f881339dd32a3,0x2a95f78c4e673713cff8a6473be8502dadca4792,0x2a95f78c4e673713cff8a6473be8502dadca4792,0xfd086bc7cd5c481dcc9c85ebe478a1c0b69fcbb9,384592458,2184,
arbitrum,deposit,494131431,1786629759000,0xc1ca20c3ed6a5333e30943cc3957757a88a3b40825ad68b59a95820bfae1efec,0xf7d3dcc181bf91936566e77fe8044b1ba6e1c7c6,0xf7d3dcc181bf91936566e77fe8044b1ba6e1c7c6,0xfd086bc7cd5c481dcc9c85ebe478a1c0b69fcbb9,97836502,2184,
arbitrum,deposit,494132185,1786629948000,0x77eb1c7861cdac28917a124fa0d1ad36c18906836b52f6d856fb32e05fd50a04,0xa4c3f7dacfb9e85e3f620fa4d42873356ad53859,0xa4c3f7dacfb9e85e3f620fa4d42873356ad53859,0xfd086bc7cd5c481dcc9c85ebe478a1c0b69fcbb9,28460455,2184,
arbitrum,withdraw_final,494132666,1786630368000,0xa3c621d4738978303ae5f4cb26c0a5ef9eef7f5fb95d55f709c397b2b8aa8e93,,,,,,212085500943532041
arbitrum,withdraw_submit,494132870,1786630118000,0xad111e73e9a09202e0cbcff89aaa7d9b37796b6938a82014dde815990cb6c2f5,,0x4bcd3c286ca25efc220fee652b5b6bb00df60306,0xfd086bc7cd5c481dcc9c85ebe478a1c0b69fcbb9,99000000,,212002487811440640
arbitrum,withdraw_final,494133391,1786630549000,0x622731688577c25af662d2cae1cc2f78647382e4062f90e56b8908908b9afb4e,,,,,,212097939168821248
arbitrum,withdraw_final,494134605,1786630852000,0xd35ff18bac97d8253e6770807f20e682799f5bb2b8a66f588a0ff1373a7232b3,,,,,,212120187078443008
arbitrum,deposit,494135890,1786630874000,0x78b08e7ff3c4301ec4c465979ac61bd9a901f4c46fee5a42a04f7cf1ac11f565,0xa4c3f7dacfb9e85e3f620fa4d42873356ad53859,0xa4c3f7dacfb9e85e3f620fa4d42873356ad53859,0xfd086bc7cd5c481dcc9c85ebe478a1c0b69fcbb9,58909959,2184,
arbitrum,deposit,494136153,1786630940000,0x1267d4815419dc3d3b4a4a115be7a61b7e603463aeeb6468234822286d5fab29,0xbb48553d0c9470eb429ba35acd350c4c242ee902,0xbb48553d0c9470eb429ba35acd350c4c242ee902,0xfd086bc7cd5c481dcc9c85ebe478a1c0b69fcbb9,2000000,2184,
arbitrum,withdraw_final,494136309,1786631279000,0x1fe12b687f03d2e3af404e0c111e8371c83c98a400074c3cd8ceef79fa6b14c4,,,,,,212150595446898688
arbitrum,withdraw_submit,494137675,1786631320000,0x10b8359b361306e251284e9622751bc016a699ac83ebe903e49c0e5757527e29,,0xb22a6f23c67c2fa2d984f5f7d300e727ff49de57,0xfd086bc7cd5c481dcc9c85ebe478a1c0b69fcbb9,428528202,,212085500943532041
arbitrum,withdraw_submit,494138386,1786631498000,0x071fbe334525162c042903ce2bff331e9559486f60c917335236b2daf83522fb,,0xb22a6f23c67c2fa2d984f5f7d300e727ff49de57,0xfd086bc7cd5c481dcc9c85ebe478a1c0b69fcbb9,4215412,,212097939168821248
arbitrum,withdraw_submit,494139586,1786631798000,0x04b891d3a1197e213d274ab9acd80fbd9e7c949991ce89a73ab2a1189bb97631,,0x6ea8612c31ea6e55fbba202da060640ca09e7272,0xfd086bc7cd5c481dcc9c85ebe478a1c0b69fcbb9,84628435,,212120187078443008
arbitrum,deposit,494140184,1786631948000,0xd84fbbab5922e0936c28161ddc5952f464cff7c5a1cbf9c0ef07db37287f7ff6,0x1882353722ebe80151afd856136992f029d46439,0x1882353722ebe80151afd856136992f029d46439,0xfd086bc7cd5c481dcc9c85ebe478a1c0b69fcbb9,99897996,2184,
arbitrum,withdraw_submit,494141267,1786632218000,0x9b5192c51289e91b4275e89a0cde42ba5c10e213f20f64081e016f2c32d5fe5a,,0xbb48553d0c9470eb429ba35acd350c4c242ee902,0xfd086bc7cd5c481dcc9c85ebe478a1c0b69fcbb9,1000000,,212150595446898688
arbitrum,withdraw_final,494145120,1786633483000,0x3157aa57a707a18b9ff756c1e7aab5ac72d7fd6e51cec2770ae3136a89d35c0f,,,,,,212304192079921152
arbitrum,deposit,494145948,1786633390000,0x91973f72c9042b6166bb8a8560d8ebc1917ddeee5c680b9b3e1d4eef65786677,0x59aeb2219bfb79a31ca892b0874ad574d8d42cc1,0x59aeb2219bfb79a31ca892b0874ad574d8d42cc1,0xfd086bc7cd5c481dcc9c85ebe478a1c0b69fcbb9,523008124,2184,
arbitrum,deposit,494146097,1786633427000,0xe1026bd5a00f72b94fbdbaeedf5e9c2b65f0b2107620ba51c02a9b40bb5ebb63,0xd55196b5248b28ee9a619a0f0a7c39af84036a5e,0xd55196b5248b28ee9a619a0f0a7c39af84036a5e,0xfd086bc7cd5c481dcc9c85ebe478a1c0b69fcbb9,500451431,2184,
arbitrum,withdraw_final,494146222,1786633759000,0x3bb0350c5bfa421347f35ff4a00d03e55279e693fbd5eea470a147301c89646c,,,,,,212322754915991552
arbitrum,withdraw_submit,494150140,1786634438000,0xe23146f669008c91c17e64e56f42e27491aa45a243d8f44576d79ecc38430316,,0xd529d321a0e8db175ca7ea28908427e3fa83730d,0xfd086bc7cd5c481dcc9c85ebe478a1c0b69fcbb9,18765410,,212304192079921152
arbitrum,withdraw_submit,494151098,1786634678000,0x5776287f0401aabaa9d9c8f39eee8202db6b3f89028b5bf54d9e663dec25a114,,0xf25ce180627aa0ffb0f3b77d153c35f694eab452,0xfd086bc7cd5c481dcc9c85ebe478a1c0b69fcbb9,149000000,,212322754915991552
arbitrum,withdraw_final,494154846,1786635915000,0x6c7781fb41e23572012ca4948ce6eabda4cdebd630b8664d2ad046eb1ef873e6,,,,,,212470175373459456
arbitrum,deposit,494155008,1786635656000,0x01f1303f5f498d4692468aa404dbfdc9d38102acb3f8ad4993a82bcf30fc4d3e,0x9e18b3152d807db66c024bcd3bdd4b0addcfb179,0x9e18b3152d807db66c024bcd3bdd4b0addcfb179,0xfd086bc7cd5c481dcc9c85ebe478a1c0b69fcbb9,90000000,2184,
arbitrum,withdraw_final,494155301,1786636029000,0x17aeeee763a6ad97b5e5063d04d95ab087655975e98a6b645adc2f068bb1b518,,,,,,212477657202294784
arbitrum,deposit,494156146,1786635940000,0xa028499ce987dbebd64b3771dbf021de5422cf1a3d47b30e3939defa833cbd4c,0x169e49ece0d4f19b92de549482d1562ddd235251,0x169e49ece0d4f19b92de549482d1562ddd235251,0xfd086bc7cd5c481dcc9c85ebe478a1c0b69fcbb9,58613489,2184,
arbitrum,deposit,494156338,1786635988000,0xb2bef82488efed9cb44422bcb9e8c5ca21495d073fd4f586b9a9676f9af475d4,0x1db5e2d74313f7643955054d2518bec663bc9738,0x1db5e2d74313f7643955054d2518bec663bc9738,0xfd086bc7cd5c481dcc9c85ebe478a1c0b69fcbb9,100200328,2184,
arbitrum,deposit,494156900,1786636129000,0x19a0e1b0439a4143a67202248ee700ed05060c4acbe0d5c74de50a7eb8d3a910,0x375b7f401f39cc4df8e28649d8abb8d4355d4cd8,0x375b7f401f39cc4df8e28649d8abb8d4355d4cd8,0xfd086bc7cd5c481dcc9c85ebe478a1c0b69fcbb9,2971651801,2184,
arbitrum,deposit,494157432,1786636263000,0x736e260ee5e18ac03b2ef7fd22bcadfd5d83ebd53f1c0668922be8c449968989,0x375b7f401f39cc4df8e28649d8abb8d4355d4cd8,0x375b7f401f39cc4df8e28649d8abb8d4355d4cd8,0xfd086bc7cd5c481dcc9c85ebe478a1c0b69fcbb9,299900000,2184,
arbitrum,withdraw_submit,494159731,1786636839000,0xdb0056de0e0662e0d593139a6edc5a29d338ddb62f2e47764c88c1cc7472cdbc,,0x1d1a547b52f26cb7041065544836fbfa8043b6da,0xfd086bc7cd5c481dcc9c85ebe478a1c0b69fcbb9,119000000,,212470175373459456
arbitrum,withdraw_submit,494160209,1786636958000,0x5bda4137ebdd24bc3faff9871ec875014198bf331574ccad70626d012584a33b,,0x9e18b3152d807db66c024bcd3bdd4b0addcfb179,0xfd086bc7cd5c481dcc9c85ebe478a1c0b69fcbb9,89000000,,212477657202294784
arbitrum,deposit,494160537,1786637040000,0x1a19a4926122b94b40f2b69f46a3417d6f63cae9ee88f9ab2aa264c4c9a5a33f,0x9e18b3152d807db66c024bcd3bdd4b0addcfb179,0x9e18b3152d807db66c024bcd3bdd4b0addcfb179,0xfd086bc7cd5c481dcc9c85ebe478a1c0b69fcbb9,998900600,2184,
arbitrum,withdraw_final,494161899,1786637681000,0x75dc4d461da76fe8eeb45ddce5574826094d926f1c8d9fd7156e4f9fd206e698,,,,,,212594617747505152
arbitrum,deposit,494162844,1786637617000,0xed26a34d7a795e8fb2f0630496fd1b7d79d3d42b4b0e2b36c6955669263f64dd,0x29a641a1d9c52ffc3996764e30068bd832c1ba08,0x29a641a1d9c52ffc3996764e30068bd832c1ba08,0xfd086bc7cd5c481dcc9c85ebe478a1c0b69fcbb9,110000000,2184,
arbitrum,withdraw_final,494164276,1786638275000,0x8a1301351447122425f9677017fc045ab38e5f6b86b67912a638a91f863f07dd,,,,,,212636699849654272
arbitrum,withdraw_final,494164779,1786638401000,0xaa2237a957b64b2ce2bb89b5177ef7c835ba9ca4643d893c5d4febbd8702dd37,,,,,,212645796594581504
arbitrum,deposit,494166113,1786638435000,0x8e7ef7d6a7080a82c28c390cbea421a5b29da1253f0fed17f81a66009482ae47,0xb6fec2db938f60bd23df375cda8de9e38132cebc,0xb6fec2db938f60bd23df375cda8de9e38132cebc,0xfd086bc7cd5c481dcc9c85ebe478a1c0b69fcbb9,49979429,2184,
arbitrum,withdraw_submit,494166686,1786638578000,0x8b888ecc7987a132d48ff843189284c308a156b39359ce78c949645186b4f42c,,0xfa8d5e404dfc49e84fe58bf4405eda6754351940,0xfd086bc7cd5c481dcc9c85ebe478a1c0b69fcbb9,1999000000,,212594617747505152
arbitrum,withdraw_final,494167833,1786639166000,0x65493a5995d970602794af1d2c398a87906e97f03ce32dd11c8e8a99911ae0f2,,,,,,212700325495177216
arbitrum,deposit,494168720,1786639087000,0x526486989c556c01dd7947301f765e8094c17817ca3205ae6034b1ed4a107c4d,0x13b2c844c59a54dc81ef55e6d40f061eff0a747a,0x13b2c844c59a54dc81ef55e6d40f061eff0a747a,0xfd086bc7cd5c481dcc9c85ebe478a1c0b69fcbb9,432743614,2184,
arbitrum,withdraw_submit,494169086,1786639179000,0x795ac5381fc5b7ea3ed21bdb48b2e3cddd5b38922e077333cdfdcbbbdda81ba0,,0xdaa61a0d6da01fb14e9e4a342a5cf10d3c55871b,0xfd086bc7cd5c481dcc9c85ebe478a1c0b69fcbb9,156908853,,212636699849654272
arbitrum,withdraw_submit,494169562,1786639298000,0xb89fc3c69aa916bfbc755b7899f0cfb395efe50854b4232752055bfd41621351,,0x901bacefc15259081d8c8f24169a8c13501071e4,0xfd086bc7cd5c481dcc9c85ebe478a1c0b69fcbb9,99000000,,212645796594581504
arbitrum,deposit,494171129,1786639690000,0xf2b0d4d38fee067f52074a25b903a175c8fce8905a0ef40f78c8160c0b34ef10,0x59aeb2219bfb79a31ca892b0874ad574d8d42cc1,0x59aeb2219bfb79a31ca892b0874ad574d8d42cc1,0xfd086bc7cd5c481dcc9c85ebe478a1c0b69fcbb9,766011670,2184,
arbitrum,deposit,494171811,1786639859000,0x0b9dbfde89cd06044396ec3cc941001ba753b82709d1a1e25761bb5b3ead26fe,0x092b0a30a66ec490d09719d28ae692f0586104e9,0x092b0a30a66ec490d09719d28ae692f0586104e9,0xfd086bc7cd5c481dcc9c85ebe478a1c0b69fcbb9,46766963,2184,
arbitrum,withdraw_final,494172507,1786640334000,0x21f8e4fed488365c22ce8993335a39cc7f9f3f81aee30c5cc2da5f4be35fb3c2,,,,,,212787736665391104
arbitrum,withdraw_submit,494172684,1786640078000,0x3d33240063558634a2a364df4ae608da3305596d7661a77eb042d7daff3e7081,,0xd8afa9346d86512cffc0797e0e26a10ecd366bb3,0xfd086bc7cd5c481dcc9c85ebe478a1c0b69fcbb9,84000000,,212700325495177216
arbitrum,withdraw_submit,494177477,1786641278000,0x7fc5f244f42648f1a69df2403ef164b9f719628df34242c6b7876e3800a55367,,0xf4f952f68e8791e04f3824f13c90faddf7db538a,0xfd086bc7cd5c481dcc9c85ebe478a1c0b69fcbb9,199000000,,212787736665391104
arbitrum,withdraw_final,494178954,1786641948000,0x93880052ddce82de9a55e5282eef5208058a89b21f566f05f3bbc077f2c8d405,,,,,,212896536772739072
arbitrum,deposit,494183286,1786642733000,0x493669c00971aa663595dff71462b9b0520de4557d240ad450a89c543a9d64f4,0x83e745abc231de244ddec0c8ab764ce4281a3e96,0x83e745abc231de244ddec0c8ab764ce4281a3e96,0xfd086bc7cd5c481dcc9c85ebe478a1c0b69fcbb9,299900000,2184,
arbitrum,withdraw_submit,494183946,1786642898000,0x5f403ce134174862286e725a419354d035477a176e58b8857b64a896c1f004cc,,0x169e49ece0d4f19b92de549482d1562ddd235251,0xfd086bc7cd5c481dcc9c85ebe478a1c0b69fcbb9,52304886,,212896536772739072
arbitrum,deposit,494186523,1786643546000,0x01f22d2836a043ca48e9cbd7dccb4d7b38e0cac432be6e500a53ca5770ec3096,0xeab9b624b2b275c0ea1e884991b7f50d6cf5cae9,0xeab9b624b2b275c0ea1e884991b7f50d6cf5cae9,0xfd086bc7cd5c481dcc9c85ebe478a1c0b69fcbb9,440000000,2184,
arbitrum,deposit,494187711,1786643843000,0xbd3b2df8c03a21a3d28c70293781e733cf3a3989b54f876884a3a1f2119cfc7a,0x246f074547d510507676dcb33cf92656c3fd574c,0x246f074547d510507676dcb33cf92656c3fd574c,0xfd086bc7cd5c481dcc9c85ebe478a1c0b69fcbb9,836826342,2184,
arbitrum,withdraw_final,494191378,1786645062000,0x5f9251c3a632021a28a9719edf4db9ccda3f7da6b4aa8d3eb0051e5eb030ad51,,,,,,213104396030967808
arbitrum,deposit,494191655,1786644832000,0xfb095caab8d649d95cbe674f3e0c45f159782ca16e83f528924ac99046388e70,0x31668ccd3081e91003d9fac05e9691c6cc7b6501,0x31668ccd3081e91003d9fac05e9691c6cc7b6501,0xfd086bc7cd5c481dcc9c85ebe478a1c0b69fcbb9,9363092,2184,
arbitrum,deposit,494196272,1786645990000,0xeecd4404e0ef3e9f6f89eabf15632631aa43740463b85c2450eb5fd76037c6c3,0xd72fc6b5913d5dab1dc6c349e55f3c824b91eaf8,0xd72fc6b5913d5dab1dc6c349e55f3c824b91eaf8,0xfd086bc7cd5c481dcc9c85ebe478a1c0b69fcbb9,19900000,2184,
arbitrum,withdraw_submit,494196383,1786646018000,0xa0d1b86e50426457bb3e99414835a7d46dbe728c4ed7404dc077419aa43d263e,,0x83e745abc231de244ddec0c8ab764ce4281a3e96,0xfd086bc7cd5c481dcc9c85ebe478a1c0b69fcbb9,298900000,,213104396030967808
arbitrum,withdraw_final,494207335,1786649065000,0xa7ad229764109a68ae4fbb96b088b0a20d29ad0a6bd95a34c8648a6d831383c4,,,,,,213367668915306496
arbitrum,deposit,494208673,1786649099000,0xcdaa5a4521ccb92385381e13038278bcab19c667df9aa1728ca2e2b565b2e7bb,0xc7c91da06333a2086b00b0737bd9d2c55da3a92a,0xc7c91da06333a2086b00b0737bd9d2c55da3a92a,0xfd086bc7cd5c481dcc9c85ebe478a1c0b69fcbb9,26857052,2184,
arbitrum,deposit,494209897,1786649405000,0xccb5229f26b34980f06dfcdeb777ffadf6de983f485ca6cd88a0237e01c36fb5,0xd72fc6b5913d5dab1dc6c349e55f3c824b91eaf8,0xd72fc6b5913d5dab1dc6c349e55f3c824b91eaf8,0xfd086bc7cd5c481dcc9c85ebe478a1c0b69fcbb9,11900000,2184,
arbitrum,withdraw_submit,494212184,1786649978000,0xd668fe088ea94da73d6a12bd57dadce1d22d6c014e6b8e52c8c9dde54de8ccaa,,0x59aeb2219bfb79a31ca892b0874ad574d8d42cc1,0xfd086bc7cd5c481dcc9c85ebe478a1c0b69fcbb9,644080000,,213367668915306496
arbitrum,withdraw_final,494220987,1786652493000,0x9c36f1fe2e63b7fde1ed64aa2fb3fc76c5ac7a09786ed65ccc66161fb55c38a4,,,,,,213586738042372104
arbitrum,deposit,494222370,1786652540000,0x2987f653879635f45cc4fad3cfdf3f02c153a3c1a6ca18740099b85253ccb6ca,0xbb48553d0c9470eb429ba35acd350c4c242ee902,0xbb48553d0c9470eb429ba35acd350c4c242ee902,0xfd086bc7cd5c481dcc9c85ebe478a1c0b69fcbb9,2000000,2184,
arbitrum,withdraw_final,494222513,1786652876000,0xf4f7ed0574bfca83202ee9b6a9e9e3f3e41f6a6dd2d2f6b9446a602ee7d5d91c,,,,,,213613083350794240
arbitrum,withdraw_submit,494225800,1786653398000,0x11ab8e8a9ace8999118a0093f9e7d09069444ea53ab7ef6f4f04e37755ff8217,,0xbee87eba9dab6ba3cc2cd2158f5f55bc7c8b275f,0xfd086bc7cd5c481dcc9c85ebe478a1c0b69fcbb9,76761331,,213586738042372104
arbitrum,withdraw_submit,494227473,1786653818000,0x8ef4ecf752b7f5935b18edb21194af9ed4681455809b946a14a074fb88157dcd,,0xbb48553d0c9470eb429ba35acd350c4c242ee902,0xfd086bc7cd5c481dcc9c85ebe478a1c0b69fcbb9,1000000,,213613083350794240
arbitrum,deposit,494227893,1786653924000,0xfe1d366ec743dd97e00faaf17413dcfb1836028c4270c906c0db63e33ffaa434,0xedd5ea244c9daf309e0fd7ad520c86f06d2b09db,0xedd5ea244c9daf309e0fd7ad520c86f06d2b09db,0xfd086bc7cd5c481dcc9c85ebe478a1c0b69fcbb9,2950000,2184,
arbitrum,deposit,494230248,1786654514000,0x3324874acdd6a9049df65e00cc01f67c9d0cca51d27e69ff856092a311bacf42,0xedd5ea244c9daf309e0fd7ad520c86f06d2b09db,0xedd5ea244c9daf309e0fd7ad520c86f06d2b09db,0xfd086bc7cd5c481dcc9c85ebe478a1c0b69fcbb9,49950000,2184,
arbitrum,deposit,494232939,1786655191000,0x04289b7c3ad1f64617e36120a3997eb936d1b48160d4afdce9c95c8202853022,0x522e93b6624e259b1ab702a613d52323ac444241,0x522e93b6624e259b1ab702a613d52323ac444241,0xfd086bc7cd5c481dcc9c85ebe478a1c0b69fcbb9,5341761,2184,
arbitrum,deposit,494235663,1786655877000,0xc167db8559a3a32df35522dcc8a984a00afb8b49c2b23b64d715444dd068969c,0xc5d61797f640aa7da6db492d61098f2562a9020f,0xc5d61797f640aa7da6db492d61098f2562a9020f,0xfd086bc7cd5c481dcc9c85ebe478a1c0b69fcbb9,1000000,2184,
arbitrum,deposit,494238021,1786656471000,0x36500d0f88d82440d22a26b504e885577930a462a8449327a83dee30c0609603,0x71bf69e49d9be8cdb0a14923e8df31e8aaba67b4,0x71bf69e49d9be8cdb0a14923e8df31e8aaba67b4,0xfd086bc7cd5c481dcc9c85ebe478a1c0b69fcbb9,9000000,2184,
arbitrum,deposit,494238067,1786656482000,0xb1a997a56d472c3b99f45988f1b2f0c6690b4fbcd6162040ea73b191fefaa52b,0xc5d61797f640aa7da6db492d61098f2562a9020f,0xc5d61797f640aa7da6db492d61098f2562a9020f,0xfd086bc7cd5c481dcc9c85ebe478a1c0b69fcbb9,110400000,2184,
arbitrum,deposit,494241498,1786657345000,0x99b6e9d4ecda9b39106355c5c22468607c3329f665afe5c99f7ff32ca97c20e6,0x71bf69e49d9be8cdb0a14923e8df31e8aaba67b4,0x71bf69e49d9be8cdb0a14923e8df31e8aaba67b4,0xfd086bc7cd5c481dcc9c85ebe478a1c0b69fcbb9,50000000,2184,
arbitrum,deposit,494242045,1786657483000,0x2e98dcb4af90562d038b8419d0ef772fbbfaf8e0dd8af78221b0c605c40aa346,0xe13a3dafe54b59d63232283024e23fee8ca88d95,0xe13a3dafe54b59d63232283024e23fee8ca88d95,0xfd086bc7cd5c481dcc9c85ebe478a1c0b69fcbb9,9845061,2184,
arbitrum,deposit,494249721,1786659414000,0xa91151837139a5d75d2bcad935161129181925ff2be2350161fa3eb17ae020f7,0x00757438f320d3e53acc25b168361a9f7e66d17d,0x00757438f320d3e53acc25b168361a9f7e66d17d,0xfd086bc7cd5c481dcc9c85ebe478a1c0b69fcbb9,200169671,2184,
arbitrum,deposit,494273209,1786665347000,0x79a97e1e19ad20d963c46e3f582021d45f2f06c9457bd3e24d23f8cbd7764cf0,0x1a5a4b48465f268f18d0621b2e0b7427cff64d71,0x1a5a4b48465f268f18d0621b2e0b7427cff64d71,0xfd086bc7cd5c481dcc9c85ebe478a1c0b69fcbb9,10000000,2184,
arbitrum,deposit,494308103,1786674140000,0xdb45f5b1c966bc7fc7848a61f3c7c23d7418a77be9c8d752e4e59b3728ec0672,0xbb48553d0c9470eb429ba35acd350c4c242ee902,0xbb48553d0c9470eb429ba35acd350c4c242ee902,0xfd086bc7cd5c481dcc9c85ebe478a1c0b69fcbb9,2000000,2184,
arbitrum,withdraw_final,494308253,1786674478000,0x55c8504f43021933c2d7ab362c37dd4b8d8c2f13d7ebf7ef5b8fbede360f2532,,,,,,214961728851542016
arbitrum,withdraw_submit,494313148,1786675418000,0xcd317ac027d2e403e7a0c5fdd2b785a284878da98ff5d079428d01fe5671715d,,0xbb48553d0c9470eb429ba35acd350c4c242ee902,0xfd086bc7cd5c481dcc9c85ebe478a1c0b69fcbb9,1000000,,214961728851542016
arbitrum,withdraw_final,494316642,1786676601000,0xa6ea6e22ffef4681e98ef3e3e8643ff18e5fc98fce089af41a36d76567f02ea9,,,,,,215093017424429056
arbitrum,withdraw_submit,494321482,1786677518000,0xbec32216491ac8df67e1ba5f1d56a46f759782aa432e06c70a20c0b3a8515778,,0x470d235ca1caff614abee02d98ac3aa89a6758bd,0xfd086bc7cd5c481dcc9c85ebe478a1c0b69fcbb9,4493734267,,215093017424429056
arbitrum,deposit,494323099,1786677928000,0x2fb75cdd1cf290baa115e0271797b482ebd15a4a4a5b30312ef64709eb17c22d,0x355c1cf73c2c1d0193b0dac92863d5f254a3e83d,0x355c1cf73c2c1d0193b0dac92863d5f254a3e83d,0xfd086bc7cd5c481dcc9c85ebe478a1c0b69fcbb9,49970000,2184,
arbitrum,deposit,494324331,1786678242000,0xef44f4621659f9a7d65db570bdd1695310ad987f83838634760e5e160a471355,0x2c69928607269240bf230be0967f305e27f5cbc8,0x2c69928607269240bf230be0967f305e27f5cbc8,0xfd086bc7cd5c481dcc9c85ebe478a1c0b69fcbb9,150516648,2184,
arbitrum,withdraw_final,494326397,1786679061000,0x8c86e2d8b17c04543dccb155148681dad675d87a9ec6e2c7c664a8a788c94581,,,,,,215251201057357824
arbitrum,withdraw_final,494326823,1786679168000,0x131b7110a93d1c8b8b7c4de17a86cd01cd2158dfb3af00cceed1b56e543f5f81,,,,,,215258296364302336
arbitrum,withdraw_submit,494331240,1786679978000,0xcfb2452ee30a449bb50131e8bb80dc3d3116769eba7e5f76dc57024d3538f2ec,,0x2bead750c6648512d808d84506e5b7a70e4778ba,0xfd086bc7cd5c481dcc9c85ebe478a1c0b69fcbb9,244343032,,215251201057357824
arbitrum,withdraw_submit,494331719,1786680098000,0x93a3db097a0ff0104ff98cfb706922bece64d316ed695cb7604703b368e943ca,,0xf36e4157ee21218ebb3eefe4d5aa46226875029f,0xfd086bc7cd5c481dcc9c85ebe478a1c0b69fcbb9,1000000,,215258296364302336
arbitrum,withdraw_final,494344210,1786683532000,0x36de8bd50d028a3ab91f1898f8dbe00971fd5530c67b82f7cf80df6fa2c5a1b2,,,,,,215525649463377920
arbitrum,withdraw_submit,494349168,1786684478000,0x77b512eb7e61fcecbcf4c21595bc5f089a51795ce47976e66eca9918b0e64c6c,,0x142cceeef5fc51ca48b59630828f8418fd2ff021,0xfd086bc7cd5c481dcc9c85ebe478a1c0b69fcbb9,200914758,,215525649463377920
arbitrum,deposit,494353360,1786685529000,0x8055a2fe5a494ac8afd8b4351c5f16dc47913808b87e993977d9e97182093e7d,0x092b0a30a66ec490d09719d28ae692f0586104e9,0x092b0a30a66ec490d09719d28ae692f0586104e9,0xfd086bc7cd5c481dcc9c85ebe478a1c0b69fcbb9,75030055,2184,
arbitrum,deposit,494353757,1786685628000,0xee2b85768c231ec1347d3699594eab445ec40afc882c4d7bf575564a27501775,0x4b5bffac78b73409c93162da5968442d9bc98fdc,0x4b5bffac78b73409c93162da5968442d9bc98fdc,0xfd086bc7cd5c481dcc9c85ebe478a1c0b69fcbb9,12637726,2184,
arbitrum,deposit,494359642,1786687102000,0x179c33bf64efa5f516f76b875f1e5cab83f3a35a60c94aa355cbb6d9d00900fe,0x9baf0381848305e5aa6827d88f552f640e8ce3f0,0x9baf0381848305e5aa6827d88f552f640e8ce3f0,0xfd086bc7cd5c481dcc9c85ebe478a1c0b69fcbb9,30000000,2184,
arbitrum,deposit,494360305,1786687268000,0x4e620a104f40ff13f6ba2f8e8f6a9d1851b3e1a0466b437039239ef457259536,0x22c3a253918d942f886454b11a612b31652effe9,0x22c3a253918d942f886454b11a612b31652effe9,0xfd086bc7cd5c481dcc9c85ebe478a1c0b69fcbb9,1608346454,2184,
arbitrum,withdraw_final,494363867,1786688460000,0x53fbe7e110e47ea14b86cb2ab91413f5506d6fd94c3cd3aa931a07681ef445f8,,,,,,215836751132884992
arbitrum,deposit,494363993,1786688191000,0x98fcb118e1b772c1fa8a9e2973400c3a5d766610ff9af06da9871c183bcd2a10,0x1e9442c78bf24a5ffabf4b97de91ffa070328e47,0x1e9442c78bf24a5ffabf4b97de91ffa070328e47,0xfd086bc7cd5c481dcc9c85ebe478a1c0b69fcbb9,1104313122,2184,
arbitrum,withdraw_submit,494368818,1786689398000,0x610c5255851a552c3b5ec4efb12b20e34eaebf35260f234a2034bb28b9574769,,0xf201004fd09f10af414b07f6a6a27d8321cd5c63,0xfd086bc7cd5c481dcc9c85ebe478a1c0b69fcbb9,298000000,,215836751132884992
arbitrum,deposit,494370403,1786689796000,0xb13af714265ad97fa58da9c3aac1de30c7d2f514ea61c2df2a991bfd086ff84c,0x084f00452d92988fa2b77bb478efe7712db67126,0x084f00452d92988fa2b77bb478efe7712db67126,0xfd086bc7cd5c481dcc9c85ebe478a1c0b69fcbb9,50200000,2184,
arbitrum,deposit,494372203,1786690247000,0xcb6064137324239689818653e1ec9e475d69096791958b804ae881282f4b6546,0x0f1c37c830566d674f36a8781d1784831b5b7708,0x0f1c37c830566d674f36a8781d1784831b5b7708,0xfd086bc7cd5c481dcc9c85ebe478a1c0b69fcbb9,50200000,2184,
arbitrum,deposit,494373418,1786690551000,0xb7a089857f2331a7698da670873b26d21023503964788fbcf1ffd975fde55352,0x90995551fa54fc72b17ca7d13bb49a03377aa407,0x90995551fa54fc72b17ca7d13bb49a03377aa407,0xfd086bc7cd5c481dcc9c85ebe478a1c0b69fcbb9,465031542,2184,
arbitrum,deposit,494374842,1786690909000,0x35f182e3dbb497f8cc9c35427a9ec8208ac57f1facb6edef407f952dc5ed0f33,0x389a42281ee6ead75e8a9aaef01d3d0ea13476d8,0x389a42281ee6ead75e8a9aaef01d3d0ea13476d8,0xfd086bc7cd5c481dcc9c85ebe478a1c0b69fcbb9,2001373288,2184,
arbitrum,deposit,494375278,1786691018000,0xfce4d80c092da0fe6ae3d784987a1bc4a05f54ad2519c921d9d05548fca70fa8,0x341c36be57a5c2b8a0def66940de266278b53f47,0x341c36be57a5c2b8a0def66940de266278b53f47,0xfd086bc7cd5c481dcc9c85ebe478a1c0b69fcbb9,50375846,2184,
arbitrum,deposit,494377127,1786691481000,0x0bb2515e6a0b6dd5e33d5484ab9aba4b93b00831b8de099659b30eb62619cd54,0xadb2cc3215c14960240ac2e8f62371e1382497ef,0xadb2cc3215c14960240ac2e8f62371e1382497ef,0xfd086bc7cd5c481dcc9c85ebe478a1c0b69fcbb9,67620000,2184,
arbitrum,deposit,494379178,1786691994000,0xd981751dbdacec229ecf9054fae56aad6ce0c5cee93e2f6567f8cc18b5bbcc79,0xc47892e6bfaa9e566a9e62dac5dd3f8d0195d42c,0xc47892e6bfaa9e566a9e62dac5dd3f8d0195d42c,0xfd086bc7cd5c481dcc9c85ebe478a1c0b69fcbb9,1038559332,2184,
arbitrum,deposit,494379353,1786692038000,0x5fbdece531c08add64e22a4512badda3a1c01f4c4a65f9d8b0c0580102679e8d,0x6b2f53f1ab17d6cb715578bd48ad06c12b7c91dc,0x6b2f53f1ab17d6cb715578bd48ad06c12b7c91dc,0xfd086bc7cd5c481dcc9c85ebe478a1c0b69fcbb9,49738214,2184,
arbitrum,withdraw_final,494384442,1786693614000,0xdd8cb51fbe9c14f84bc4a707a9b11db187f3ca2fef4c1145c85ceeb2c47257bd,,,,,,216181722922876940
arbitrum,deposit,494385041,1786693466000,0x5fda372e44073691bf6fb02250b1faa1eb2ec62919554790c07bc4ae094b684b,0x9940048d0a2e62ccf34157161121e9c0ef2faa37,0x9940048d0a2e62ccf34157161121e9c0ef2faa37,0xfd086bc7cd5c481dcc9c85ebe478a1c0b69fcbb9,1499294381,2184,
arbitrum,withdraw_submit,494389397,1786694558000,0x237ee13186243195bf052311f8b1ff74d13812b7b88fa78edacb6e206db26a93,,0xbdbdeabcae1e56823fecfb4c8c994123d5b8d96f,0xfd086bc7cd5c481dcc9c85ebe478a1c0b69fcbb9,3894328,,216181722922876940
arbitrum,withdraw_final,494389620,1786694914000,0xadb3384ea2171f3b9d6ff703b125702e20ac5f9fa93100812ec3280ff2642622,,,,,,216269554978914304
arbitrum,deposit,494392632,1786695369000,0xee2f7428d12ae104f43dc333c6e0016aab79014dc43893171c33a3d4a12f2dbf,0xbd0818d7e1a6fc85ca8701456c65afa4fa1ef018,0xbd0818d7e1a6fc85ca8701456c65afa4fa1ef018,0xfd086bc7cd5c481dcc9c85ebe478a1c0b69fcbb9,63733118,2184,
arbitrum,deposit,494392815,1786695414000,0xd89564bd222853607d821e21239352e684f983b6bc2f91003acd1c099c9d91bf,0xadb2cc3215c14960240ac2e8f62371e1382497ef,0xadb2cc3215c14960240ac2e8f62371e1382497ef,0xfd086bc7cd5c481dcc9c85ebe478a1c0b69fcbb9,199980086,2184,
arbitrum,deposit,494393378,1786695556000,0x7b9a4898bcf1482c6282990865c34d78bc886a4c02efff6ea26a968a1a8cc592,0xab8124604a7d73d236d4e3341b503aa850c9e6ae,0xab8124604a7d73d236d4e3341b503aa850c9e6ae,0xfd086bc7cd5c481dcc9c85ebe478a1c0b69fcbb9,37505715,2184,
arbitrum,deposit,494394112,1786695740000,0x0534fb7928866d77b9c2ee87c1559b6e1777f9e1b5581ad715494c3fa8121a41,0xbb48553d0c9470eb429ba35acd350c4c242ee902,0xbb48553d0c9470eb429ba35acd350c4c242ee902,0xfd086bc7cd5c481dcc9c85ebe478a1c0b69fcbb9,2000000,2184,
arbitrum,withdraw_final,494394258,1786696076000,0xca2b6412c912d477fe7ba1cfec7d56824a5db677f3b5be5ecb7bd880473ccd80,,,,,,216348006855737345
arbitrum,withdraw_submit,494394428,1786695818000,0x68e0cbd62151cd2604c27edc9e0dfa147a9b3528bd20807280b8a95445a83bc7,,0x6a6526bf0e192696ff0290b116b1b2064056b4d9,0xfd086bc7cd5c481dcc9c85ebe478a1c0b69fcbb9,32437553,,216269554978914304
arbitrum,deposit,494396680,1786696382000,0xc573fee3579e8a08f1183b6f59c3cd55bdd42e8f61df1055e3acfdecb51729ef,0x493464bb9b6cc9e4755cc823bc46cc2a0e41cb4e,0x493464bb9b6cc9e4755cc823bc46cc2a0e41cb4e,0xfd086bc7cd5c481dcc9c85ebe478a1c0b69fcbb9,32437553,2184,
arbitrum,deposit,494398534,1786696846000,0x4b86f8bf7249c943b77b39d11d84bff6aac57afeadfeccf522f01bb08b04e219,0xcd8e25d8348a3d1160c1436a83088b3d397a1c57,0xcd8e25d8348a3d1160c1436a83088b3d397a1c57,0xfd086bc7cd5c481dcc9c85ebe478a1c0b69fcbb9,20610573,2184,
arbitrum,deposit,494398736,1786696897000,0xfc49e98b6c9095098bf3572820d2cf0773057f7c2f6531dfb7fec04116411fab,0x2fe5351af4562457228ee0a1520a1b76f11abeda,0x2fe5351af4562457228ee0a1520a1b76f11abeda,0xfd086bc7cd5c481dcc9c85ebe478a1c0b69fcbb9,501000000,2184,
arbitrum,withdraw_submit,494399220,1786697018000,0x9ba6e6b23d602bccba87ea85598822e092ea33a7b972a5a8aebb2fd364315258,,0xbb48553d0c9470eb429ba35acd350c4c242ee902,0xfd086bc7cd5c481dcc9c85ebe478a1c0b69fcbb9,1000000,,216348006855737345
arbitrum,deposit,494400081,1786697234000,0x3ff800c727b5dc28e78ab6c479bf62256a0278750b29d4c6de07569bd263cd4e,0xa0e7fb81ab940b2d9c73c01ca6e20af95a9509a2,0xa0e7fb81ab940b2d9c73c01ca6e20af95a9509a2,0xfd086bc7cd5c481dcc9c85ebe478a1c0b69fcbb9,86981424,2184,
arbitrum,deposit,494401108,1786697490000,0x97b91e02bf28717a1bb1d2a62acf2d5e332b3e65293a88d082fa4239ad78ce78,0xd379dbb1016e5140d68f2d45882b93c5908cbfac,0xd379dbb1016e5140d68f2d45882b93c5908cbfac,0xfd086bc7cd5c481dcc9c85ebe478a1c0b69fcbb9,25238059,2184,
arbitrum,deposit,494404720,1786698395000,0x6247f8575467622248ae4712c5e922564ac5b3ba622ecf13d73ed1bca2eb496d,0xaf661aaa47fdc1084e653d3dda83cf0a395e9d9d,0xaf661aaa47fdc1084e653d3dda83cf0a395e9d9d,0xfd086bc7cd5c481dcc9c85ebe478a1c0b69fcbb9,26199475,2184,
arbitrum,deposit,494407358,1786699055000,0x923252e5009ebbc3387ff64a2dcc8f917e79d81df8436766a4eab0df310e1e38,0xea5bbde9be6c8b03188072f7f314722353c77289,0xea5bbde9be6c8b03188072f7f314722353c77289,0xfd086bc7cd5c481dcc9c85ebe478a1c0b69fcbb9,26371656,2184,
arbitrum,deposit,494407527,1786699098000,0xfc491fcfcfc6941f41d8adc2a90320cf361fdfb221141ce302435a19a26a49a6,0x1a6402bfe68c0c6ca4fb92237e4a84285a8a53e8,0x1a6402bfe68c0c6ca4fb92237e4a84285a8a53e8,0xfd086bc7cd5c481dcc9c85ebe478a1c0b69fcbb9,1100000,2184,
arbitrum,deposit,494407569,1786699108000,0x72fe3202e186c6971e2fd712a7a95dd1186c3f7871cd05f836bb0d20ad88075d,0xea282801149c7c973da5753b8e9df84b35f8c8e2,0xea282801149c7c973da5753b8e9df84b35f8c8e2,0xfd086bc7cd5c481dcc9c85ebe478a1c0b69fcbb9,33438249,2184,
arbitrum,withdraw_final,494407969,1786699509000,0xb060cfef382812f0774f89420fc7b36a9353d47d3e99ad647e7b5f6d632ae09d,,,,,,216575966560911360
arbitrum,deposit,494409458,1786699581000,0xc2ff0c3d9f69d17e74cd46969f43a8af5e673db77383dfb76bf2143f624463c2,0xb07efde98c2ba33ceccb3dcccf3ae0a641c8a669,0xb07efde98c2ba33ceccb3dcccf3ae0a641c8a669,0xfd086bc7cd5c481dcc9c85ebe478a1c0b69fcbb9,100089687,2184,
arbitrum,deposit,494409459,1786699582000,0x390fa9a147d645655b6fcdc3c26249bcb6d7baabb25788f5eacac98c6ca6b7ac,0x338352ac120ddb4e0014fe90e4c387864a523700,0x338352ac120ddb4e0014fe90e4c387864a523700,0xfd086bc7cd5c481dcc9c85ebe478a1c0b69fcbb9,10058499,2184,
arbitrum,deposit,494409766,1786699657000,0xd14e4f23206974a063f9004c6aff7a7b46d5764da89c074cd68c5d68069d6794,0x5a9525f97fa2dd0f7dbc04edc4774ebe40affedd,0x5a9525f97fa2dd0f7dbc04edc4774ebe40affedd,0xfd086bc7cd5c481dcc9c85ebe478a1c0b69fcbb9,310000000,2184,
arbitrum,withdraw_final,494412685,1786700688000,0xd3b7814d75b08f71d6a8cd5d5f32bd6542a35c8d2a49f52f2685c6b4007aa50b,,,,,,216654358283026432
arbitrum,withdraw_submit,494412889,1786700438000,0x9d52c33b48fe244cfb84371598194fed53ccf4391c3027ce681eeee476e99146,,0xadb2cc3215c14960240ac2e8f62371e1382497ef,0xfd086bc7cd5c481dcc9c85ebe478a1c0b69fcbb9,222373834,,216575966560911360
arbitrum,deposit,494413472,1786700584000,0x66bbffe44c889eaf4b71e85486441cebc8d8a964d01b9aab425aa3ecab18e9a2,0x9f48752d0eac731117da7499b1274543716f7d0c,0x9f48752d0eac731117da7499b1274543716f7d0c,0xfd086bc7cd5c481dcc9c85ebe478a1c0b69fcbb9,50000000,2184,
arbitrum,deposit,494414028,1786700724000,0x07cfe4d5cdbc08f15dba3ce91128eaae4c183e29fbb96292d2d96dee2b1efdd3,0xc27a4171682addedb27ae1f78def74b1ed814a8e,0xc27a4171682addedb27ae1f78def74b1ed814a8e,0xfd086bc7cd5c481dcc9c85ebe478a1c0b69fcbb9,99850000,2184,
arbitrum,deposit,494415795,1786701165000,0x6d1d0257f0a243395d3392838c6fcdd75751dfc885ae94caceba0a6bceed9c9f,0x9bd6279a4353c52de03673e51069582a4ef38d15,0x9bd6279a4353c52de03673e51069582a4ef38d15,0xfd086bc7cd5c481dcc9c85ebe478a1c0b69fcbb9,19900000,2184,
arbitrum,deposit,494415858,1786701181000,0xe874619d732a27c1e607a119544c5ef66d04a97ed6402bfc287b3ab4eaee1c32,0x22ad016c8512b304209d00a9ecb131203176801e,0x22ad016c8512b304209d00a9ecb131203176801e,0xfd086bc7cd5c481dcc9c85ebe478a1c0b69fcbb9,24534747,2184,
arbitrum,deposit,494416023,1786701223000,0x66ce0bc8141852eb7e1384071f2e643fbcc581ba1210867b5de7ba99dc4ce6b7,0x11e48ebd77cae336122cc1a3b2cf48fe961d8e10,0x11e48ebd77cae336122cc1a3b2cf48fe961d8e10,0xfd086bc7cd5c481dcc9c85ebe478a1c0b69fcbb9,27176118,2184,
arbitrum,deposit,494416040,1786701227000,0x9a9cbaf93a5a441a80c83bf31c42b12ec2398b995e5f02f39b206fe855c4a80f,0x91896defbd943f197e147abbd36b44f4a8849b4d,0x91896defbd943f197e147abbd36b44f4a8849b4d,0xfd086bc7cd5c481dcc9c85ebe478a1c0b69fcbb9,26156067,2184,
arbitrum,withdraw_submit,494417683,1786701638000,0x0f0f95bdc12b8afe89c31d190ea1500eed8bf1ca1f31ee5dfd5f5f863b186f75,,0xfbc6809144a37ab60f221505ddf91c4dbd376b7a,0xfd086bc7cd5c481dcc9c85ebe478a1c0b69fcbb9,43000000,,216654358283026432
arbitrum,deposit,494419625,1786702124000,0x89bf6113f0e3dee393c9e259871337187cd51a372974a99a88a6165d83d78ed0,0x5faef87c6044c46f670a739b721f73077b0b861e,0x5faef87c6044c46f670a739b721f73077b0b861e,0xfd086bc7cd5c481dcc9c85ebe478a1c0b69fcbb9,26740349,2184,
arbitrum,withdraw_final,494420155,1786702557000,0x843684ef86d91c5bcb296320e14bf3a087a5e4ad1d72b9c413d33d2a65e8d71f,,,,,,216776601654788096
arbitrum,withdraw_final,494423273,1786703338000,0x558fae7d7462c0de64ca8bea73fdb4002ab66f0a6698fee7b18dc05037768544,,,,,,216826595065724928
arbitrum,withdraw_submit,494425109,1786703498000,0x0b667ac52292835b56bd2e7140ac1fccb1056158d9b59189a7ca55e7b769ec86,,0xa18e759b0a83b7ee4432be7413b3127a9b6e8075,0xfd086bc7cd5c481dcc9c85ebe478a1c0b69fcbb9,47534100,,216776601654788096
arbitrum,withdraw_final,494426428,1786704129000,0x42191f0828db76b944c3e9bf409cca147dd7fecf90d44ae1e30b93af7af42cb3,,,,,,216877773908606976
arbitrum,withdraw_submit,494428225,1786704278000,0x80684bc4bcfaafa14a3e54cba2ad5ab7c138704a6f7a6b85c90ebdd8608b28d1,,0xedd5ea244c9daf309e0fd7ad520c86f06d2b09db,0xfd086bc7cd5c481dcc9c85ebe478a1c0b69fcbb9,46671138,,216826595065724928
arbitrum,deposit,494430823,1786704929000,0x8f9e00610c6c46603ab5b001e358a30007dea160b33d553647225801cf0a4470,0xb1d506b57d619f17e09b03b3cf16cf124744e532,0xb1d506b57d619f17e09b03b3cf16cf124744e532,0xfd086bc7cd5c481dcc9c85ebe478a1c0b69fcbb9,625000000000,2184,
arbitrum,withdraw_submit,494431336,1786705058000,0x1064a4807f5175eaac1ae04dc1e3b70ebce6336434e5f96b71becc3d6ba9bf6c,,0x178f5a01645f3fb7e226e42f99e26dc7909c9876,0xfd086bc7cd5c481dcc9c85ebe478a1c0b69fcbb9,25336576,,216877773908606976
arbitrum,deposit,494437038,1786706486000,0xa54822c34ef84344949beb3c205082e775c2baa2c21338f554fa064ae64e7bdc,0x8580142a3bf203b2f26a5aff2b93a76564cb1419,0x8580142a3bf203b2f26a5aff2b93a76564cb1419,0xfd086bc7cd5c481dcc9c85ebe478a1c0b69fcbb9,25077798,2184,
arbitrum,deposit,494437049,1786706489000,0xf0bfe32033410e1c61c2cf6b7401a843f56e2facbbb24ba1c223ec6456142aa1,0x5168d0ca6cd25d6cb6dd3d649c04eb2167b6923f,0x5168d0ca6cd25d6cb6dd3d649c04eb2167b6923f,0xfd086bc7cd5c481dcc9c85ebe478a1c0b69fcbb9,28634636,2184,
arbitrum,deposit,494438540,1786706862000,0x94386a31bdfb47bb9474a577f9187a3f703fbb209cba9f4934009ce327f40275,0x9c4938a6765016e033f9df2784485eed34a2a125,0x9c4938a6765016e033f9df2784485eed34a2a125,0xfd086bc7cd5c481dcc9c85ebe478a1c0b69fcbb9,243900000,2184,
arbitrum,deposit,494438668,1786706895000,0x6cf40380e2913e9b37b2b3b720aa5b6ae91426dda9368f9d6e64e5c323229341,0xec769b947d836fc22c6253516496d6a1583f42fb,0xec769b947d836fc22c6253516496d6a1583f42fb,0xfd086bc7cd5c481dcc9c85ebe478a1c0b69fcbb9,31068006,2184,
arbitrum,deposit,494438733,1786706911000,0x6f806aff1211474c65d5500827a86b3942a1d163313f66fda78053311bd323f3,0x09338747e685402bdfc04618bd6c76d61238a667,0x09338747e685402bdfc04618bd6c76d61238a667,0xfd086bc7cd5c481dcc9c85ebe478a1c0b69fcbb9,29008285,2184,
arbitrum,deposit,494438890,1786706949000,0x26896d404e2741a78eda50e14e7fae1f0119d9bb05c31cc37e89301b8ce07b73,0x069eb920a8fe288da76b88e3452eded7548281fd,0x069eb920a8fe288da76b88e3452eded7548281fd,0xfd086bc7cd5c481dcc9c85ebe478a1c0b69fcbb9,29393610,2184,
arbitrum,deposit,494438904,1786706952000,0x8fbaf465f568502746df880e9544633dcdad96a718ea4472a69d3fe36651eeca,0x7f8346dbea203954a1b19512564acbdf6ae9c44f,0x7f8346dbea203954a1b19512564acbdf6ae9c44f,0xfd086bc7cd5c481dcc9c85ebe478a1c0b69fcbb9,28082768,2184,
arbitrum,deposit,494439031,1786706984000,0x7d1ac6bd01daf106f1feff46075103ed52d21afc789470ec632c7b084e77472e,0x23e871afa58b7e7416bd4d4d4ac49998e1c66e4e,0x23e871afa58b7e7416bd4d4d4ac49998e1c66e4e,0xfd086bc7cd5c481dcc9c85ebe478a1c0b69fcbb9,30707661,2184,
arbitrum,deposit,494439079,1786706996000,0xbef24e88c0347d83b55e210fa3c6b6886ce1b44a3855b9e9f45e3ade7571d4d5,0x840a5b9b2fee4f4b07f7558779eb8c805e78b03f,0x840a5b9b2fee4f4b07f7558779eb8c805e78b03f,0xfd086bc7cd5c481dcc9c85ebe478a1c0b69fcbb9,33705000,2184,
arbitrum,deposit,494447302,1786709054000,0xebc5d4f19477091b469b0357b397c92bdc6e9aca393bcc8eea10a0501dbde0c3,0xa97f1bcaf2e93eab173ee006817d46c5f0f7299f,0xa97f1bcaf2e93eab173ee006817d46c5f0f7299f,0xfd086bc7cd5c481dcc9c85ebe478a1c0b69fcbb9,93994725,2184,
arbitrum,deposit,494451468,1786710096000,0x8590d125b1601dbcd0798f398b27fff4b41518e476d2da9bf3e07efbe1f4587c,0xcec317bb7568d859863b119d3fcd7ef7306614c0,0xcec317bb7568d859863b119d3fcd7ef7306614c0,0xfd086bc7cd5c481dcc9c85ebe478a1c0b69fcbb9,499900000,2184,
arbitrum,withdraw_final,494455252,1786711343000,0x36805c4f145532a19e9e91af4b23bd10a76593c1cd4b101e294a922ffdf58935,,,,,,217355047841824768
arbitrum,deposit,494458375,1786711825000,0x19787f8dcb395cadbe2b64a1683c2de060fe7a2657de794c1c6b0452c12a44ca,0x2fe5351af4562457228ee0a1520a1b76f11abeda,0x2fe5351af4562457228ee0a1520a1b76f11abeda,0xfd086bc7cd5c481dcc9c85ebe478a1c0b69fcbb9,500000000,2184,
arbitrum,withdraw_submit,494460106,1786712258000,0xe787e1f188608e9d579754845aa29d58807ce52c7e3ad25199ddd060830b80e2,,0xa9c3a4024abdf5361e94a4f758515352325dcd33,0xfd086bc7cd5c481dcc9c85ebe478a1c0b69fcbb9,76086605,,217355047841824768
arbitrum,deposit,494469063,1786714497000,0x8bdea319d6ae8629b38c364412bdaef7ea3d68ccfb921aee205b50c36cfdae34,0xc3fa32d3c7ae8e899522fc31d2c9852c5c4f8fc4,0xc3fa32d3c7ae8e899522fc31d2c9852c5c4f8fc4,0xfd086bc7cd5c481dcc9c85ebe478a1c0b69fcbb9,53265688,2184,
arbitrum,withdraw_final,494469480,1786714902000,0x106bff3982dbcce6a891240184f1ead4ec352a6a64ddace7cbfbb5f6b09cbdb1,,,,,,217598727118913536
arbitrum,deposit,494470215,1786714786000,0x5c4d64b506423ed5ea6a938528d953e98ee4cfed6ed03429a8cad09bb57d041a,0x3c5d3cfa520eec0332d6065a3012a09ae66204a0,0x3c5d3cfa520eec0332d6065a3012a09ae66204a0,0xfd086bc7cd5c481dcc9c85ebe478a1c0b69fcbb9,426002670,2184,
arbitrum,deposit,494471548,1786715118000,0x1ee2d711b34f8e0468d47a560cc2b6c00ddca4e590c6adceb9c2d78a0cdd6b0f,0x169e49ece0d4f19b92de549482d1562ddd235251,0x169e49ece0d4f19b92de549482d1562ddd235251,0xfd086bc7cd5c481dcc9c85ebe478a1c0b69fcbb9,424960540,2184,
arbitrum,withdraw_submit,494474508,1786715858000,0x53e825b4cc33fd45716de6036a3d1d9d1f80041d2f61485e53fcfb63e9649e97,,0x2c62f7ff1f4c652d0d256ddd50b102b7d04e33a6,0xfd086bc7cd5c481dcc9c85ebe478a1c0b69fcbb9,99000000,,217598727118913536
arbitrum,withdraw_final,494479563,1786717422000,0xbb6983448110fbcc97229a4929e25a1fddfdfec4e57c1f027304e5f47a7e88b6,,,,,,217777457887969280
arbitrum,deposit,494480422,1786717336000,0x3e7282517a30e02e39062853eef8ef32b1bf8a7c4908cf03a4a3cdbeec3f27e7,0x789a5e1f1ab3c09d14b5221338c87e9288d4d9d6,0x789a5e1f1ab3c09d14b5221338c87e9288d4d9d6,0xfd086bc7cd5c481dcc9c85ebe478a1c0b69fcbb9,19993632,2184,
arbitrum,deposit,494480435,1786717339000,0xa87f860c27caf94c7838632e2c764a2c22048ef74da67939bf69aac5e594f59e,0xbb48553d0c9470eb429ba35acd350c4c242ee902,0xbb48553d0c9470eb429ba35acd350c4c242ee902,0xfd086bc7cd5c481dcc9c85ebe478a1c0b69fcbb9,2000000,2184,
arbitrum,withdraw_final,494480574,1786717674000,0x34a37bf1f75a93a2f558f5a3cdc3fcc3c151630f2f3189990766bbd95bcda913,,,,,,217796123799060480
arbitrum,deposit,494481821,1786717686000,0xd4e036da2d82a8c4660dbfb3cbe2ba4c4110f3b23d86feac123754688e0f5e95,0x092b0a30a66ec490d09719d28ae692f0586104e9,0x092b0a30a66ec490d09719d28ae692f0586104e9,0xfd086bc7cd5c481dcc9c85ebe478a1c0b69fcbb9,28307400,2184,
arbitrum,withdraw_final,494483304,1786718357000,0xa3d5ae9ce1d5a12305d9ef4b65948e8cc5272c82dabaa9e2200dd02f55674a47,,,,,,217844089993822208
arbitrum,withdraw_submit,494484587,1786718379000,0x5c66e6fe78ca43fd571f019e168ab634864af5039483d28e046a5697f75d49c2,,0x37014c910ca3b3477fbf74378658587d09c56546,0xfd086bc7cd5c481dcc9c85ebe478a1c0b69fcbb9,12396913,,217777457887969280
arbitrum,withdraw_submit,494485543,1786718618000,0xb7ac17e80ac95df4eb75ee7fdcd776422069e739b7ce5ddb43f7524667661386,,0xbb48553d0c9470eb429ba35acd350c4c242ee902,0xfd086bc7cd5c481dcc9c85ebe478a1c0b69fcbb9,1000000,,217796123799060480
arbitrum,withdraw_submit,494488185,1786719278000,0x60d77676283314005152175e2f7d5e5b1fc2702ba69f4486fbe6a991227b9323,,0x55ddea02bf97a509dcd77bbaf3c0b7b992701a32,0xfd086bc7cd5c481dcc9c85ebe478a1c0b69fcbb9,1780000,,217844089993822208
arbitrum,deposit,494489193,1786719531000,0xc9be40c62038d00306231499e267bc2c46063ceadc72b942444ae3f288861d63,0x092b0a30a66ec490d09719d28ae692f0586104e9,0x092b0a30a66ec490d09719d28ae692f0586104e9,0xfd086bc7cd5c481dcc9c85ebe478a1c0b69fcbb9,28347500,2184,
arbitrum,deposit,494497636,1786721643000,0x1ebd6319e08731ceeb36c28fc6cdcea406880135f44845d8511b259b07628576,0x90995551fa54fc72b17ca7d13bb49a03377aa407,0x90995551fa54fc72b17ca7d13bb49a03377aa407,0xfd086bc7cd5c481dcc9c85ebe478a1c0b69fcbb9,713060000,2184,
arbitrum,deposit,494500451,1786722344000,0xeade9b53f9b0708b0a39e87e4bba004d265c1cf1be6c7712b319909280f457dd,0x7cd91c87e0dacc08ce279e3c09b1151705daf509,0x7cd91c87e0dacc08ce279e3c09b1151705daf509,0xfd086bc7cd5c481dcc9c85ebe478a1c0b69fcbb9,21343748,2184,
arbitrum,deposit,494501110,1786722509000,0x1a0dc656d32c5f8256fe31c914c49ac4b8acb49eaaf5909829af0508459161b3,0xc84e7b106df1ee944887fa95e601cbdc11de91ac,0xc84e7b106df1ee944887fa95e601cbdc11de91ac,0xfd086bc7cd5c481dcc9c85ebe478a1c0b69fcbb9,9900000,2184,
arbitrum,deposit,494504756,1786723423000,0xec4cee1231e8119bf3e549bdce9c4e813646f0fa9a13563034342a31ce85e7d2,0x8e908477638206c6d9c7e813110602618dab2885,0x8e908477638206c6d9c7e813110602618dab2885,0xfd086bc7cd5c481dcc9c85ebe478a1c0b69fcbb9,467113703,2184,
arbitrum,withdraw_final,494505288,1786723855000,0x09739966cb2fb319dd684cff3f45db42a1257beecb4c56b8213ff0ace60d18be,,,,,,218224632702959616
arbitrum,withdraw_final,494508192,1786724582000,0xa772144e182d9961e2433552fcf5f2391c9600dbd4f08bd51303055c6b19ff07,,,,,,218275201652097027
arbitrum,withdraw_final,494510207,1786725083000,0xf1b21eb7b2c0458fc86edab9b778d9b530a0ad0c3b7ff3fe669368cd536ededa,,,,,,218308272891887616
arbitrum,withdraw_submit,494510269,1786724798000,0x3d39e3dd3716152e30001265665752d818af02b7ab4abcabc7abfb049d2da8d5,,0x789a5e1f1ab3c09d14b5221338c87e9288d4d9d6,0xfd086bc7cd5c481dcc9c85ebe478a1c0b69fcbb9,7639439,,218224632702959616
arbitrum,withdraw_submit,494513157,1786725518000,0x2bd7d4eaa9c3f6059fdafa42771797591fef6175e08d6de79eaaafe49564c8c4,,0x637dc6233f878838a83ca27bdecd6e1a261b1457,0xfd086bc7cd5c481dcc9c85ebe478a1c0b69fcbb9,102146172,,218275201652097027
arbitrum,withdraw_submit,494515073,1786725998000,0x3304f8efe13c7beebe9cc0af42afede2e3c3ab1e2c9e56881d4a4e9c842542bb,,0xddac165bfad488d34d5d7dcfcc20a0f40fce5cf5,0xfd086bc7cd5c481dcc9c85ebe478a1c0b69fcbb9,31864698,,218308272891887616
arbitrum,withdraw_final,494515780,1786726475000,0x2738fe4e05a20c6290727ba5fe9ea0eec204c78a0c25f192331f1984fa5f5e9c,,,,,,218402349842956288
arbitrum,deposit,494517007,1786726484000,0x9d3d9c1bc8d965d543a28e642027ac8c1ec995d688e173a32628c8746a39e1d9,0x58ea4953f07a23232ff6fdfce008bbfe010f801c,0x58ea4953f07a23232ff6fdfce008bbfe010f801c,0xfd086bc7cd5c481dcc9c85ebe478a1c0b69fcbb9,45483898,2184,
arbitrum,withdraw_final,494517255,1786726845000,0x6e559168b9cfe2367c80ddb4c91f1d7e2aa24bdff14156ea916ea6c3fcade7d9,,,,,,218427423870418944
arbitrum,withdraw_submit,494520583,1786727378000,0xd222070096e950f00f996c82f532cefe19cf622d95f683cc107c22a7aaf016af,,0x28439b5fc7621cd7ac5dfe0cdb85874990202c82,0xfd086bc7cd5c481dcc9c85ebe478a1c0b69fcbb9,60000000,,218402349842956288
arbitrum,withdraw_submit,494522256,1786727798000,0x49c5fbba7c5949d18ac5ab737b1db2159d70677311b20d62881760d3b36cd254,,0xfa148371d619a9d6ae76d03f77e0d810fd4d177c,0xfd086bc7cd5c481dcc9c85ebe478a1c0b69fcbb9,149000000,,218427423870418944
arbitrum,withdraw_final,494523512,1786728413000,0xf627494342c80e93a0d10a5506978ee67fb80ecb16d6e2bd0e881ed7968acfad,,,,,,218530838101360640
arbitrum,withdraw_submit,494528480,1786729358000,0xa47bc71862d0c199de07bfa654502837e4cf655f0558779289d3aa621920a87a,,0x493464bb9b6cc9e4755cc823bc46cc2a0e41cb4e,0xfd086bc7cd5c481dcc9c85ebe478a1c0b69fcbb9,38477223,,218530838101360640
arbitrum,deposit,494531102,1786730015000,0x0fb4b7790004b6bac518fdac3cf7802337252a7d31a5d32c45a06d34a985db1f,0x85d382fd00ad9f74886bdf5ae6fffd8ed6626434,0x85d382fd00ad9f74886bdf5ae6fffd8ed6626434,0xfd086bc7cd5c481dcc9c85ebe478a1c0b69fcbb9,38477223,2184,
arbitrum,deposit,494535384,1786731090000,0x546d53884ec165580936442854c576645456edc332398be27c463522fcc699a8,0x9352194a7f3c2c197cd0a29c81f0bb03f6de2c06,0x9352194a7f3c2c197cd0a29c81f0bb03f6de2c06,0xfd086bc7cd5c481dcc9c85ebe478a1c0b69fcbb9,50000000,2184,
arbitrum,withdraw_final,494548631,1786734708000,0xf89612e936acee168c22162708090fd2f5970e2315be1167825816d00cd81f48,,,,,,218962344850489344
arbitrum,withdraw_final,494550848,1786735263000,0x80f10f1993fef3dd85259be1c0964340dd430062aff9de462c58711579dad58f,,,,,,219001257254191104
arbitrum,withdraw_submit,494553621,1786735658000,0x62ac05511be49386af1a6c79a0c97558ce7d722a9cb1e384d2abf49541adcc40,,0x7457fd965d22fb844d3e420494eefdb5df4b9a98,0xfd086bc7cd5c481dcc9c85ebe478a1c0b69fcbb9,367504413,,218962344850489344
arbitrum,withdraw_submit,494555773,1786736198000,0x058010299c5a0ea3a88f2717c547bb51a01f9bd1c2143e73037aad331e3dd411,,0x7457fd965d22fb844d3e420494eefdb5df4b9a98,0xfd086bc7cd5c481dcc9c85ebe478a1c0b69fcbb9,14380000,,219001257254191104
arbitrum,deposit,494557888,1786736729000,0x7a30dbcaed35bd69c91c2f87a10d4aeadde91a1e05ca2d93a6d4e7a1c077e7a4,0x2b5630863a352d720633ef11f095f24072c41760,0x2b5630863a352d720633ef11f095f24072c41760,0xfd086bc7cd5c481dcc9c85ebe478a1c0b69fcbb9,999910000,2184,
arbitrum,deposit,494565348,1786738598000,0xff2bbb9dce312110540a6d283b3b5d20cb4f722f24e901f14e42f6799072a091,0xd3e14d46ee219ff85174c076ddfbb7f99dd0f9b0,0xd3e14d46ee219ff85174c076ddfbb7f99dd0f9b0,0xfd086bc7cd5c481dcc9c85ebe478a1c0b69fcbb9,101838287,2184,
arbitrum,deposit,494566708,1786738940000,0x8bc911ed23f597e2def0b7d18cf851a7fe30baaf578effc27385a99b4f2a671a,0xbb48553d0c9470eb429ba35acd350c4c242ee902,0xbb48553d0c9470eb429ba35acd350c4c242ee902,0xfd086bc7cd5c481dcc9c85ebe478a1c0b69fcbb9,2000000,2184,
arbitrum,withdraw_final,494566876,1786739282000,0x371e6d927b9359cb58757514959f7eeca42f44ff726645c12fbc2c230c00b645,,,,,,219270611841581056
arbitrum,deposit,494570159,1786739806000,0xa14f65719e9efa8e521d5c11e8ddae9ac364468976c40e3373e729a793e648b2,0xd34f235a15aaddb8432090ecb26eedbb9ce7b2a1,0xd34f235a15aaddb8432090ecb26eedbb9ce7b2a1,0xfd086bc7cd5c481dcc9c85ebe478a1c0b69fcbb9,9000000,2184,
arbitrum,withdraw_submit,494571804,1786740218000,0x996739721dea3f003bfccf6fed021a48ba75d92514125be526e2d25ba5a48ad0,,0xbb48553d0c9470eb429ba35acd350c4c242ee902,0xfd086bc7cd5c481dcc9c85ebe478a1c0b69fcbb9,1000000,,219270611841581056
arbitrum,deposit,494577701,1786741703000,0x5b16fd5f969b12b58f0988756868d179e0b63e93a2f05d9513aff9043e5972be,0x49d11bca338b27adb85574b70c370670ac9e480b,0x49d11bca338b27adb85574b70c370670ac9e480b,0xfd086bc7cd5c481dcc9c85ebe478a1c0b69fcbb9,999999873,2184,
arbitrum,deposit,494581418,1786742638000,0xd16940d4b8af8a078312cbb91e603b458da4a7dcd8198030b34c4c729046fec5,0x82747cc234e678a64effa9b302105df16c10bd0b,0x82747cc234e678a64effa9b302105df16c10bd0b,0xfd086bc7cd5c481dcc9c85ebe478a1c0b69fcbb9,4490000,2184,
arbitrum,deposit,494652315,1786760540000,0x98ec3fdf7d9a77b65f9a97e55e291157b595a81ef26b3b2a4d9fd9e40b705bae,0xbb48553d0c9470eb429ba35acd350c4c242ee902,0xbb48553d0c9470eb429ba35acd350c4c242ee902,0xfd086bc7cd5c481dcc9c85ebe478a1c0b69fcbb9,2000000,2184,
arbitrum,withdraw_final,494652448,1786760873000,0x5ddd1d3ed847ca4f005e1849bf5e753609ed50ec6e10423384eca73d8b5363c5,,,,,,220640818078154752
arbitrum,withdraw_submit,494657378,1786761818000,0x7437c8a5fc6a18857e99134af4dfd65f7bf4cc554c9f575c353bee32a3e9476f,,0xbb48553d0c9470eb429ba35acd350c4c242ee902,0xfd086bc7cd5c481dcc9c85ebe478a1c0b69fcbb9,1000000,,220640818078154752
arbitrum,deposit,494659793,1786762431000,0x0c2f24dec5d73bb4521fe94d188e618e245493f228eb8e3817d112d28a30eb77,0xb6594c6dfbd86339b6027728293035da71f4bc9c,0xb6594c6dfbd86339b6027728293035da71f4bc9c,0xfd086bc7cd5c481dcc9c85ebe478a1c0b69fcbb9,212616493,2184,
arbitrum,deposit,494667004,1786764238000,0x099b62af428dcac5eb0ce23f38c3c6dde935d12fdda7f74c1cbdcd63acb0b352,0xd4401ee091d58855c277d313a209586672f42979,0xd4401ee091d58855c277d313a209586672f42979,0xfd086bc7cd5c481dcc9c85ebe478a1c0b69fcbb9,121000000,2184,
arbitrum,deposit,494668981,1786764734000,0x778b6b821b94608907dcc840ca5b83ba17b36c9ec43c132df25edd163ce3b64a,0x78eadf900c1a2d157edf4f34737f3caed5d5dec4,0x78eadf900c1a2d157edf4f34737f3caed5d5dec4,0xfd086bc7cd5c481dcc9c85ebe478a1c0b69fcbb9,489925026,2184,
arbitrum,deposit,494677528,1786766891000,0x2f0892e1022f35cb2ba55a6fa0a58156c3dcf05317ab6dabb6e63124578d6045,0x965a6258c8d58f025950582c16fb7f1ef4b0b578,0x965a6258c8d58f025950582c16fb7f1ef4b0b578,0xfd086bc7cd5c481dcc9c85ebe478a1c0b69fcbb9,250402763,2184,
arbitrum,deposit,494677881,1786766979000,0xba721f301287c03dc65e1a6cc8478f07c98a4c1bcccc9335da09da45fb7a06a4,0x48b576c87e788a762d6f95a456f2a39113b46950,0x48b576c87e788a762d6f95a456f2a39113b46950,0xfd086bc7cd5c481dcc9c85ebe478a1c0b69fcbb9,50707126,2184,
arbitrum,deposit,494687478,1786769400000,0x61aad1605e9e2ec786a91b73bd686423768e3e7e41b88e92c9514282275bb069,0xbe0a525998fd5f07d11b17562841ea0f08226eb7,0xbe0a525998fd5f07d11b17562841ea0f08226eb7,0xfd086bc7cd5c481dcc9c85ebe478a1c0b69fcbb9,1999900000,2184,
arbitrum,deposit,494687987,1786769527000,0x3e1a1138866362832823afcd4bf794eb147f60e71f303bcb18d1d8d20a00c07b,0xa0af20da6b46db8a4410da41171f996652a90e46,0xa0af20da6b46db8a4410da41171f996652a90e46,0xfd086bc7cd5c481dcc9c85ebe478a1c0b69fcbb9,1399820000,2184,
arbitrum,withdraw_final,494695388,1786771689000,0x77585d7bee2875d12bbc553238baca32de04a02b8ba407a31d83f9d76bbb8274,,,,,,221332866166947840
arbitrum,withdraw_submit,494700286,1786772618000,0x988215b5ae58c15f21bb6aa8ee73a39535338934fcc7aeba23f57ae17adff32d,,0x6b2f53f1ab17d6cb715578bd48ad06c12b7c91dc,0xfd086bc7cd5c481dcc9c85ebe478a1c0b69fcbb9,43876957,,221332866166947840
arbitrum,withdraw_final,494702198,1786773397000,0x53cd4ae4fce0e8a74b92112c6294660d92334c0442f8d78a4787d6606ac51314,,,,,,221446072898158592
arbitrum,deposit,494703460,1786773413000,0x984699f763038d0e5a02bc1d63c46a73f8009f4abb638c0329046178eb3dca86,0xef435ae15ed39e45b359aa7f9167aafaf0394e53,0xef435ae15ed39e45b359aa7f9167aafaf0394e53,0xfd086bc7cd5c481dcc9c85ebe478a1c0b69fcbb9,103245259,2184,
arbitrum,withdraw_submit,494706973,1786774298000,0x40e6b7f0578c4980e5429e41e2d0cf4ff46de753bfff14cbba6e8b301b798f8a,,0xcec317bb7568d859863b119d3fcd7ef7306614c0,0xfd086bc7cd5c481dcc9c85ebe478a1c0b69fcbb9,514070653,,221446072898158592
arbitrum,withdraw_final,494708767,1786775051000,0x061590ef7aac498d0c7974edb42567889ba57c6ace52cfa1c458eac3282979a5,,,,,,221549950981373952
arbitrum,withdraw_submit,494713657,1786775978000,0xefb2be807c1faad998701bc3bcb187886df1367ebd2186880bd50a3c56827118,,0x092b0a30a66ec490d09719d28ae692f0586104e9,0xfd086bc7cd5c481dcc9c85ebe478a1c0b69fcbb9,49000000,,221549950981373952
arbitrum,deposit,494713956,1786776053000,0xfc5cf41f2436a00ab1210381d1daa21f8a4b2200c3e4403e5c6cc23bd4c6c335,0x6b2f53f1ab17d6cb715578bd48ad06c12b7c91dc,0x6b2f53f1ab17d6cb715578bd48ad06c12b7c91dc,0xfd086bc7cd5c481dcc9c85ebe478a1c0b69fcbb9,20000000,2184,
arbitrum,withdraw_final,494719528,1786777760000,0x6d77532ab3ea9539161ee11e8bb972bcc05e9686441b8a12e2fbaa08849fde54,,,,,,221713932853706752
arbitrum,withdraw_final,494719555,1786777767000,0x474894be8736203500f0b5829446d7a9b1e7eeccf2da52ac87670b386ad7139a,,,,,,221714319404957696
arbitrum,deposit,494720922,1786777811000,0x58e22c843fd56c061da866f656bc5ad6f209cc7ef08cee7e200269c2a69a3321,0x854bdabb3f06534eb62502543c80561fcf52208d,0x854bdabb3f06534eb62502543c80561fcf52208d,0xfd086bc7cd5c481dcc9c85ebe478a1c0b69fcbb9,2000000,2184,
arbitrum,withdraw_submit,494724344,1786778678000,0x583fbc1b5485a45b595de1186ac9adbca267c8771aae9fde6471555dea2eb041,,0xa0af20da6b46db8a4410da41171f996652a90e46,0xfd086bc7cd5c481dcc9c85ebe478a1c0b69fcbb9,1301856857,,221713932853706752
arbitrum,withdraw_submit,494724344,1786778678000,0x583fbc1b5485a45b595de1186ac9adbca267c8771aae9fde6471555dea2eb041,,0xbe0a525998fd5f07d11b17562841ea0f08226eb7,0xfd086bc7cd5c481dcc9c85ebe478a1c0b69fcbb9,1839911307,,221714319404957696
arbitrum,withdraw_final,494725375,1786779239000,0xadc72767e0c83471d1f8b64c31a854ab8f846a19dea0e9b1b8c03b1db29e9ef4,,,,,,221809049178472448
arbitrum,withdraw_submit,494730277,1786780178000,0x7a0bbac3e13609d2450022f60c992c9e2f783875bbf7cd33a3cda022c6e526c1,,0x1769bf7ce214f591436c8fe567499789127940f9,0xfd086bc7cd5c481dcc9c85ebe478a1c0b69fcbb9,32398166,,221809049178472448
arbitrum,deposit,494731376,1786780455000,0xedeca9cc865fbb76aa93ca64ab64f8c4ef655465c6de5d74ed83cb5a10a192ac,0x7eda80d8ff18d0d460ff7a2cf490fc934c496f4c,0x7eda80d8ff18d0d460ff7a2cf490fc934c496f4c,0xfd086bc7cd5c481dcc9c85ebe478a1c0b69fcbb9,100000000,2184,
arbitrum,deposit,494731627,1786780519000,0x41b6636b9b6ac12fc1b0c538b3aa3a54187202fe9083657945626a2c576bc13d,0x7eda80d8ff18d0d460ff7a2cf490fc934c496f4c,0x7eda80d8ff18d0d460ff7a2cf490fc934c496f4c,0xfd086bc7cd5c481dcc9c85ebe478a1c0b69fcbb9,900000000,2184,
arbitrum,deposit,494738034,1786782139000,0xe456f53df2074f38092320eeeb55c80eb9a7b9b93d3ed4e0be91dcc08c5560fe,0xbb48553d0c9470eb429ba35acd350c4c242ee902,0xbb48553d0c9470eb429ba35acd350c4c242ee902,0xfd086bc7cd5c481dcc9c85ebe478a1c0b69fcbb9,2000000,2184,
arbitrum,withdraw_final,494738166,1786782473000,0xb288c4b15310165c5490789cdc3a85907e6af27fa9e51c49e5cd3ed0bb9bff8d,,,,,,222019571299647488
arbitrum,withdraw_submit,494743107,1786783418000,0x523400335f778fe0c1050ae5ea2cc3c20bff3be3a1fa24e5e620759c8f8f8f12,,0xbb48553d0c9470eb429ba35acd350c4c242ee902,0xfd086bc7cd5c481dcc9c85ebe478a1c0b69fcbb9,1000000,,222019571299647488
arbitrum,withdraw_final,494744675,1786784111000,0xd8af3235201504762e6d38923850061baf4ffeda3bdfdc2daaa79cc33d740a21,,,,,,222122169499385856
arbitrum,withdraw_submit,494749564,1786785038000,0xfcede670e0180377678cb8db41eb6a46b76ba4bba765dbe62e79628871b3861e,,0x314a8fdb917489f4ea856d37ebbe05902b00811f,0xfd086bc7cd5c481dcc9c85ebe478a1c0b69fcbb9,2249000000,,222122169499385856
arbitrum,deposit,494751006,1786785399000,0x0428650e9317dee813b2f934f932833f48248a76e48fc36f6d9b94a9d414628a,0x314a8fdb917489f4ea856d37ebbe05902b00811f,0x314a8fdb917489f4ea856d37ebbe05902b00811f,0xfd086bc7cd5c481dcc9c85ebe478a1c0b69fcbb9,49000000,2184,
arbitrum,deposit,494751718,1786785577000,0x1b2c0e3b2677d8222de1a14ef81abdf65df8b0ee366b4cfec9b545e2c7298420,0xebde960c3f9cbd18b191926c59a9696249a5f9a5,0xebde960c3f9cbd18b191926c59a9696249a5f9a5,0xfd086bc7cd5c481dcc9c85ebe478a1c0b69fcbb9,404315571,2184,
arbitrum,deposit,494754151,1786786185000,0xc7d4ac0bf200dcb6ef53314a386fc5b98e2ac081ca34861e533f5e2eba73fa05,0xf33f77557096cdc380ef7cfb6e3aa7850059ec5a,0xf33f77557096cdc380ef7cfb6e3aa7850059ec5a,0xfd086bc7cd5c481dcc9c85ebe478a1c0b69fcbb9,2200000000,2184,
arbitrum,withdraw_final,494755612,1786786850000,0xc72cb95050e412daf14577e6269ea86fc61000db214de7941d4b3d1b346db23f,,,,,,222302910296358912
arbitrum,withdraw_submit,494760604,1786787798000,0x39336bdd3f28f482504f9c411a00854553c1c503281a8ca8161aad65eac03e9a,,0x49d11bca338b27adb85574b70c370670ac9e480b,0xfd086bc7cd5c481dcc9c85ebe478a1c0b69fcbb9,759208710,,222302910296358912
arbitrum,deposit,494761659,1786788062000,0x41842ddc00d5a22bff45ace0d698dc777d095db6f3e85272868e37ed9123f618,0xd5cd3abec638f5718130d1403ff0fde32e9ae9a9,0xd5cd3abec638f5718130d1403ff0fde32e9ae9a9,0xfd086bc7cd5c481dcc9c85ebe478a1c0b69fcbb9,11310000,2184,
arbitrum,withdraw_final,494764018,1786788953000,0x34ef1f836c2e001eee7dc6ff088faef57245eab80c2eb1cd0a8a9e193c476fd4,,,,,,222439816682274816
arbitrum,deposit,494768802,1786789856000,0xa5cdc5045df171b8c623a731675f78cd0e970f17a85710d4fd6596dc55d87cd8,0x1c28867f17cb0abe1886d902d5af752569b87754,0x1c28867f17cb0abe1886d902d5af752569b87754,0xfd086bc7cd5c481dcc9c85ebe478a1c0b69fcbb9,1012000000,2184,
arbitrum,withdraw_submit,494768973,1786789898000,0xe19446c422f716092b912ee4b79076d7f255a5d8f53931a86eb02b04e26400d6,,0x9bd6279a4353c52de03673e51069582a4ef38d15,0xfd086bc7cd5c481dcc9c85ebe478a1c0b69fcbb9,18900000,,222439816682274816
arbitrum,withdraw_final,494774415,1786791567000,0xa7822dc2b19f1fb75aa220e2bcdea784ce5dcbecdcc7ce2418d8e30f69aec547,,,,,,222596282336673792
arbitrum,withdraw_final,494778548,1786792606000,0xaa5f480a2ce54d76c224aa7ab708c1b54ac9526f703ac4a0331e2ba41a5e5bf2,,,,,,222661797755224064
arbitrum,withdraw_submit,494779233,1786792478000,0x9d469766d4fbe4593800e9d23cbc76c48801dffb8c79e57f48e7290a68c4ca23,,0x37bc58c0cf70402fa02b0144999d8dc43aef239c,0xfd086bc7cd5c481dcc9c85ebe478a1c0b69fcbb9,4000000,,222596282336673792
arbitrum,withdraw_submit,494783520,1786793558000,0x8c7d8684ce61a1aa9cb4e8b9aa915905780db234aeb41e5915df59c89b6f6052,,0x9e18b3152d807db66c024bcd3bdd4b0addcfb179,0xfd086bc7cd5c481dcc9c85ebe478a1c0b69fcbb9,995413597,,222661797755224064
arbitrum,withdraw_final,494790323,1786795571000,0xfec4d241b22a879cb920eea417b40cc8805787259a9f547c7eabaa4031307d9b,,,,,,222852502893101056
arbitrum,withdraw_submit,494795205,1786796498000,0x1427a039c7f04247d7e70ed16a22055964e0fe89d80aa0e7ddbc9ac08bd952c8,,0x4ad5e43a67f17eb3d372413fa66d83bfbce7c331,0xfd086bc7cd5c481dcc9c85ebe478a1c0b69fcbb9,199000000,,222852502893101056
arbitrum,deposit,494796859,1786796913000,0x6a229a308e720e827c1519a27ab62d4ceee0534cb2613d55231665259cbc41a7,0xb77c2623b85653897ec7fcb38e5a9a111cb4cb43,0xb77c2623b85653897ec7fcb38e5a9a111cb4cb43,0xfd086bc7cd5c481dcc9c85ebe478a1c0b69fcbb9,1870000,2184,
arbitrum,deposit,494801046,1786797965000,0x4941f3084689e4e2a49e5d6004c303d698c857e90321d40fe5b01568b64e42ec,0x876bcc7a9d6d9a074848840cab69721167c42aea,0x876bcc7a9d6d9a074848840cab69721167c42aea,0xfd086bc7cd5c481dcc9c85ebe478a1c0b69fcbb9,41707438,2184,
arbitrum,deposit,494805655,1786799123000,0x56f5a0947d6fa6856e72542474a110e1b0fd09d15b070d2488f80c30e14535ce,0xc9d11f6acf24703e880aa90a2c911b562f028fa7,0xc9d11f6acf24703e880aa90a2c911b562f028fa7,0xfd086bc7cd5c481dcc9c85ebe478a1c0b69fcbb9,46935806,2184,
arbitrum,deposit,494806618,1786799366000,0x58d4d22486728f0a831afb4ecb8794a312922e0b4b9168ad2c2e8f0435ad41e0,0x1f4a34853a4130cd348e4464f789ef04d655027c,0x1f4a34853a4130cd348e4464f789ef04d655027c,0xfd086bc7cd5c481dcc9c85ebe478a1c0b69fcbb9,50000000,2184,
arbitrum,withdraw_final,494810123,1786800545000,0xdf4d62930b3082a1016383dde291cf8f4ccc17a07c0fa8a131242d044b9e26bd,,,,,,223167976843509760
arbitrum,withdraw_final,494811126,1786800797000,0x7e11376674f4617be595fb84d0dc816147cbf3b07139afc7d76e7fd151895d72,,,,,,223184675663773696
arbitrum,withdraw_submit,494815041,1786801478000,0xef109b8f465d57c4933671747b8c964f744133542b8ba9a4e082ce2873a26233,,0x1f4a34853a4130cd348e4464f789ef04d655027c,0xfd086bc7cd5c481dcc9c85ebe478a1c0b69fcbb9,49000000,,223167976843509760
arbitrum,withdraw_submit,494815995,1786801718000,0x4738b9b1f760d7bc1fb63618f4e381ea06b6595ef0398efba317cf6a2e9bfd34,,0x59aeb2219bfb79a31ca892b0874ad574d8d42cc1,0xfd086bc7cd5c481dcc9c85ebe478a1c0b69fcbb9,650928442,,223184675663773696
arbitrum,deposit,494816907,1786801946000,0x2d2291e60981422468595a95acbbee98a3997261bf41f0321f2a8bbb4c570aed,0x81851a17d071669d548da0b016d131ff48ef9c67,0x81851a17d071669d548da0b016d131ff48ef9c67,0xfd086bc7cd5c481dcc9c85ebe478a1c0b69fcbb9,50000000,2184,
arbitrum,deposit,494821487,1786803094000,0xfa253630b5521ccfd3d949d946d46c5bd9a5e74823809fa87adf4c1e536ebbad,0x54b548db636b7eac8b1b86186b9c29895b918b56,0x54b548db636b7eac8b1b86186b9c29895b918b56,0xfd086bc7cd5c481dcc9c85ebe478a1c0b69fcbb9,400900000,2184,
arbitrum,deposit,494824066,1786803740000,0xadfd5680e6c6c657e8f62204352ae84defe029e8d0cb90d3135401665903be55,0xbb48553d0c9470eb429ba35acd350c4c242ee902,0xbb48553d0c9470eb429ba35acd350c4c242ee902,0xfd086bc7cd5c481dcc9c85ebe478a1c0b69fcbb9,2000000,2184,
arbitrum,withdraw_final,494824226,1786804080000,0xb9904ccb1307f9842a2cd5548a654d58ab2bde09a9ea54866cfd6c53be7ceefc,,,,,,223396219987165184
arbitrum,withdraw_final,494827798,1786804974000,0xd64787a8ad8be99ec998757f67659302fa094d4d7d26b060835ded9ccd2f363e,,,,,,223453884213886976
arbitrum,withdraw_final,494827930,1786805007000,0xe3b45d2bdefa51986dbcf37cee18e58737a237a46d53ebcec3616b8d3c1b7575,,,,,,223455877074518016
arbitrum,withdraw_submit,494829174,1786805018000,0x8c74bd8d1fae7ba3fa4fff304ea3434b4253e3ec1425e4353afe76f35fc81e35,,0xbb48553d0c9470eb429ba35acd350c4c242ee902,0xfd086bc7cd5c481dcc9c85ebe478a1c0b69fcbb9,1000000,,223396219987165184
arbitrum,deposit,494829278,1786805044000,0x5d3ea2b338205023319d6534d72a6ea94a85a2b7056fa32f06ff8460b3e6e825,0x656c7e9fbea43bcd86b6bb06d00348f944839281,0x656c7e9fbea43bcd86b6bb06d00348f944839281,0xfd086bc7cd5c481dcc9c85ebe478a1c0b69fcbb9,90082066,2184,
arbitrum,withdraw_submit,494832774,1786805918000,0x9e24387004fd28465a7fc5de16b1719d8e42d32c90041417f53dc8751bc80422,,0x169e49ece0d4f19b92de549482d1562ddd235251,0xfd086bc7cd5c481dcc9c85ebe478a1c0b69fcbb9,296112598,,223453884213886976
arbitrum,withdraw_submit,494832774,1786805918000,0x9e24387004fd28465a7fc5de16b1719d8e42d32c90041417f53dc8751bc80422,,0x3c5d3cfa520eec0332d6065a3012a09ae66204a0,0xfd086bc7cd5c481dcc9c85ebe478a1c0b69fcbb9,335303705,,223455877074518016
arbitrum,withdraw_final,494833334,1786806358000,0x7b90737d14f017c6ba75be32952582e9bda27a29537b83e21df403a80c17a9cb,,,,,,223544808696709125
arbitrum,deposit,494834095,1786806248000,0x3c3de51eb5b5fee6b3aa5915d7b031132aee197f4286074763329294ab1ab234,0x8a53333222afa7c82c34b0f0e6653fcfe31f4104,0x8a53333222afa7c82c34b0f0e6653fcfe31f4104,0xfd086bc7cd5c481dcc9c85ebe478a1c0b69fcbb9,50086968,2184,
arbitrum,withdraw_submit,494838287,1786807298000,0x49556f56568fae418816feb9b84726dadebbed4b21886a8783ec13fadf9234b6,,0x758d9a820f23ab1e83889ce66887e30b46a7dd47,0xfd086bc7cd5c481dcc9c85ebe478a1c0b69fcbb9,90670649,,223544808696709125
arbitrum,withdraw_final,494841442,1786808389000,0x260190144c1f974ecd3696533cf10981c8bea6f1ef01de9100332ed395fa99dd,,,,,,223680306299797504
arbitrum,deposit,494842111,1786808257000,0x67f99c0676c8591d0b22f1217113abed21cf96296918942d21ad36222d19cf11,0x87c8d0a554a474f4b306a6e977e73c4e5d210b6f,0x87c8d0a554a474f4b306a6e977e73c4e5d210b6f,0xfd086bc7cd5c481dcc9c85ebe478a1c0b69fcbb9,84648113,2184,
arbitrum,withdraw_submit,494846408,1786809338000,0x34fed817ca014ca6dc1ca4c0664610f6e2a0b8cbb2c10cdc04efbdfdc8017ac6,,0x656c7e9fbea43bcd86b6bb06d00348f944839281,0xfd086bc7cd5c481dcc9c85ebe478a1c0b69fcbb9,83893684,,223680306299797504
arbitrum,withdraw_final,494854323,1786811627000,0x92dd02542e879bf4c2c9f1dab695833b5c4e436325bc8fc18a7ebd973bc187f7,,,,,,223892932975919104
arbitrum,withdraw_submit,494859319,1786812578000,0x6130aaf249afb1efa7c6a28bb623ede85f25bac22961d3964dad6128b2a70181,,0x9940048d0a2e62ccf34157161121e9c0ef2faa37,0xfd086bc7cd5c481dcc9c85ebe478a1c0b69fcbb9,99000000,,223892932975919104
arbitrum,withdraw_final,494872311,1786816145000,0x477a8a6bd6b7328ba697f13e274507f9bc271c837937609fcbff10191a716a7a,,,,,,224194577089691648
arbitrum,withdraw_submit,494877223,1786817080000,0xb4b515fdbe188dbb16317c615cfcf83072416b7755147cf9df66594211e7e798,,0x481304d1b13a36319278f6063fff208ed90c19d8,0xfd086bc7cd5c481dcc9c85ebe478a1c0b69fcbb9,13491286,,224194577089691648
arbitrum,withdraw_final,494881089,1786818350000,0xad149869c38c1fddf5116ad60570c92398520907e8402e8f1a67eacdab8747d0,,,,,,224342315391516672
arbitrum,withdraw_submit,494886044,1786819298000,0x9d6d99139a0e78001309d99611875df38f60e16dac27db37c551a5aedfdc72f7,,0x85d382fd00ad9f74886bdf5ae6fffd8ed6626434,0xfd086bc7cd5c481dcc9c85ebe478a1c0b69fcbb9,37901172,,224342315391516672
arbitrum,deposit,494886557,1786819428000,0xc2ae3c40c66a531189c0f3f0b1330701fb4837e9938dafcae99d2cef03c11880,0x4ad84dec6a79844fc3574b0bc4e207a3d9e03031,0x4ad84dec6a79844fc3574b0bc4e207a3d9e03031,0xfd086bc7cd5c481dcc9c85ebe478a1c0b69fcbb9,37901172,2184,
arbitrum,withdraw_final,494897254,1786822420000,0x9ffb528807a3fc30a66136760e662216f7780082ae2adebe8368ac5097efabaf,,,,,,224607340643483648
arbitrum,deposit,494898225,1786822365000,0x7b2d3ccb408fe0b8369b7b76ccf99c6fd21e1f485cbc0580553b868486f2a711,0x21e08c04f29febce461be04789c1ee44d0e15da8,0x21e08c04f29febce461be04789c1ee44d0e15da8,0xfd086bc7cd5c481dcc9c85ebe478a1c0b69fcbb9,71311722,2184,
arbitrum,withdraw_submit,494902001,1786823318000,0xf0e9ce62171fd71591719f8d0aceabc2c8f3ea0fcf85fd63de5ec12c1048d715,,0x1c28867f17cb0abe1886d902d5af752569b87754,0xfd086bc7cd5c481dcc9c85ebe478a1c0b69fcbb9,1000000000,,224607340643483648
arbitrum,deposit,494904547,1786823967000,0xb48a94fdb67c7fbbabd8d01ad8537f8ed183bf4824f774d99f26f174dba78bda,0x82747cc234e678a64effa9b302105df16c10bd0b,0x82747cc234e678a64effa9b302105df16c10bd0b,0xfd086bc7cd5c481dcc9c85ebe478a1c0b69fcbb9,9934732,2184,
arbitrum,deposit,494909994,1786825339000,0xdaa62bdb0fd614410a51abafdb9f6d453b5f1795bff088e490ab64456517d86e,0xbb48553d0c9470eb429ba35acd350c4c242ee902,0xbb48553d0c9470eb429ba35acd350c4c242ee902,0xfd086bc7cd5c481dcc9c85ebe478a1c0b69fcbb9,2000000,2184,
arbitrum,withdraw_final,494910164,1786825682000,0xd7c51d10c9ded57b90daac7a46bdc088c1b4ab1b176131049d2487c8eb6b98c2,,,,,,224822338107998208
arbitrum,withdraw_submit,494915087,1786826618000,0xb2c45cba761bad39630c4fb410359ebcd1fd07fce2dafeb92e479f711e389fc6,,0xbb48553d0c9470eb429ba35acd350c4c242ee902,0xfd086bc7cd5c481dcc9c85ebe478a1c0b69fcbb9,1000000,,224822338107998208
arbitrum,deposit,494926414,1786829479000,0x4a7871bbf02f6e4f9ee3fe630a6efecf0ab1cc0995e4853b4ecb2af2bfe4057d,0xafd0236999ccbb8d049fc39018d5da41d08c2eb1,0xafd0236999ccbb8d049fc39018d5da41d08c2eb1,0xfd086bc7cd5c481dcc9c85ebe478a1c0b69fcbb9,45223231,2184,
arbitrum,withdraw_final,494928955,1786830422000,0x89cca9e8f11890bf17bc8bb82e33da5bd2bca1d242cf655a412cf0aaf45e3872,,,,,,225121413856493568
arbitrum,deposit,494929298,1786830208000,0xbb96c3cbd1551cc2b1dee815ceef74a7d1400f2a88c53a7274cb6884753bc07d,0xafd0236999ccbb8d049fc39018d5da41d08c2eb1,0xafd0236999ccbb8d049fc39018d5da41d08c2eb1,0xfd086bc7cd5c481dcc9c85ebe478a1c0b69fcbb9,48056421,2184,
arbitrum,withdraw_submit,494933845,1786831358000,0x57a4dec61239667ffbb2014d833387cbb17133b81a65a7453e3215fd5b72fb53,,0x4ad84dec6a79844fc3574b0bc4e207a3d9e03031,0xfd086bc7cd5c481dcc9c85ebe478a1c0b69fcbb9,31082459,,225121413856493568
arbitrum,deposit,494934399,1786831499000,0xd1ec574c63ffa3f9bcba6498589cb4fe678b39960b2dfb54c3cdfa11fcb742fd,0xe6bab0750bac97ec19bb9147f5a07345483a7c0d,0xe6bab0750bac97ec19bb9147f5a07345483a7c0d,0xfd086bc7cd5c481dcc9c85ebe478a1c0b69fcbb9,31082459,2184,
arbitrum,withdraw_final,494940369,1786833305000,0x5a1c2059deefdfb6db570be280b912d5b41df949ffdce29c7693bb949e3f29a2,,,,,,225304929219117056
arbitrum,withdraw_submit,494945217,1786834238000,0x056d212bbbc8d744d5751de6bbf2c14074e0369fe89843695d4f3da32a929195,,0xafd0236999ccbb8d049fc39018d5da41d08c2eb1,0xfd086bc7cd5c481dcc9c85ebe478a1c0b69fcbb9,44675518,,225304929219117056
arbitrum,deposit,494973317,1786841389000,0x7a31a51ebc25cde878aa904c4e97717838d659310db0b80e4eeaf9d44e99c7a0,0xcb73c101c3b2d7ba5c6497ef842f736a0b678185,0xcb73c101c3b2d7ba5c6497ef842f736a0b678185,0xfd086bc7cd5c481dcc9c85ebe478a1c0b69fcbb9,29750798,2184,
arbitrum,deposit,494978084,1786842608000,0x66848eb8e2c96bcb0656e9c9f38aa9bcc4951fb290a6fda6aed6ceedd67fdc2e,0x1e484417f1ef7ce08263594d56f0379aefe7738b,0x1e484417f1ef7ce08263594d56f0379aefe7738b,0xfd086bc7cd5c481dcc9c85ebe478a1c0b69fcbb9,300942977,2184,
arbitrum,deposit,494981453,1786843467000,0x1f8783de362e7d6f793c8ab5a501d6a3d240540da1ca813fdb849f6cc63d6cc8,0xc5512becde4c386197e5ae75a6a9e8ac1c39dc29,0xc5512becde4c386197e5ae75a6a9e8ac1c39dc29,0xfd086bc7cd5c481dcc9c85ebe478a1c0b69fcbb9,875000000,2184,
arbitrum,withdraw_final,494988887,1786845662000,0xae1e8ad01c792a6bda1a85484e20223e8affffb05060c523e90fe8ad29cd7c6d,,,,,,226105665746108416
arbitrum,withdraw_final,494992356,1786846545000,0x6106a85b7b1ed24eb14f9d73e0ed3d9ebc8d3e4d069785e077b4fe9eb36b0978,,,,,,226165554778472448
arbitrum,withdraw_submit,494993754,1786846598000,0x28c6f3bdb1ba304f638459ffca78b356cab00e65369e96aedd3d1a479c523892,,0x45082f8cfb86c7b5eedf4cc8fe061d016727093a,0xfd086bc7cd5c481dcc9c85ebe478a1c0b69fcbb9,82122789,,226105665746108416
arbitrum,deposit,494995110,1786846940000,0xe4b337925b8433cec2653cd3b4f4e9d96d9e9df0df8100c717cdc3459fb7310f,0xbb48553d0c9470eb429ba35acd350c4c242ee902,0xbb48553d0c9470eb429ba35acd350c4c242ee902,0xfd086bc7cd5c481dcc9c85ebe478a1c0b69fcbb9,2000000,2184,
arbitrum,withdraw_final,494995280,1786847283000,0x93d63121e2814d0dab5a92a688cf06aa7c211183f056544568e716cf9b0cc14f,,,,,,226215934736465920
arbitrum,withdraw_final,494995495,1786847337000,0x2d76c8e03d62e47a222b242b2e8b7b9b63e583ade56a7504b54e019ff5d7c4a4,,,,,,226219551094734848
arbitrum,withdraw_submit,494997314,1786847498000,0xe9911e68ddb075f63b5e3a31867ae733b6fc45cc51b7cd56bcd13f8e983a3d04,,0x1c94f91f20cca4fb0a59db3b27f05a59009ade8c,0xfd086bc7cd5c481dcc9c85ebe478a1c0b69fcbb9,299000000,,226165554778472448
arbitrum,withdraw_final,494998916,1786848204000,0xadbd8bb5211b9602112390a6ec6acb85c95873cf757ebce519299f761c43f35a,,,,,,226277885344743424
arbitrum,withdraw_submit,495000152,1786848218000,0x656997c46840405329e73a3693d753f7ea61e4f8f2ef2eb3a7da37eeffd68d29,,0xbb48553d0c9470eb429ba35acd350c4c242ee902,0xfd086bc7cd5c481dcc9c85ebe478a1c0b69fcbb9,1000000,,226215934736465920
arbitrum,withdraw_submit,495000381,1786848278000,0xa0df13d113898387fc681b9d6846634738ff71a435b4a8a1e1923c4948aef1bc,,0xc5512becde4c386197e5ae75a6a9e8ac1c39dc29,0xfd086bc7cd5c481dcc9c85ebe478a1c0b69fcbb9,871000000,,226219551094734848
arbitrum,withdraw_submit,495003681,1786849118000,0x5f595fef05a68796fd36f6cc9fcd2b1c673da23ca30389ab7b59b4e3e6c4a586,,0x40bb9fd9cf1a4b92ec0013f86b06ca80bf8cf8a2,0xfd086bc7cd5c481dcc9c85ebe478a1c0b69fcbb9,28253364,,226277885344743424
arbitrum,deposit,495010236,1786850777000,0xfdb8d43dcd16a0f4cca011f99130137ed10cfd62f9f99049dd5cb479163c9bc2,0x799f0b8c7656a8396a006c2c3584dd12aecb847f,0x799f0b8c7656a8396a006c2c3584dd12aecb847f,0xfd086bc7cd5c481dcc9c85ebe478a1c0b69fcbb9,99991689,2184,
arbitrum,deposit,495012401,1786851323000,0xaa73d3c16404d5a4cd01f7749e7b23f24b337e32ff7cf1cc61b40d1b24cafc58,0xf068ffa82085a05ad756940827789e31cd90c037,0xf068ffa82085a05ad756940827789e31cd90c037,0xfd086bc7cd5c481dcc9c85ebe478a1c0b69fcbb9,33761881,2184,
arbitrum,deposit,495048449,1786860351000,0x5c843787d169028fb4d47c0e846b62d825737989c582f7b92b002fefcc32ef3a,0x48ce4a6b0ec79a66d44cdf080b9f825d0bf7f6c5,0x48ce4a6b0ec79a66d44cdf080b9f825d0bf7f6c5,0xfd086bc7cd5c481dcc9c85ebe478a1c0b69fcbb9,5073853,2184,
arbitrum,withdraw_final,495050037,1786861057000,0xf0be0a2caef264cb28ac35976068484234582b72c4f4d605b2605de8a21a40f6,,,,,,227102587806023680
arbitrum,withdraw_final,495050272,1786861117000,0x6ea8e18125f02b44434b8167afd531a6e7823e759157447feba12bd719a90749,,,,,,227106092499337216
arbitrum,withdraw_submit,495054788,1786861958000,0xc4c543c32e32d5ac118d00f650fd9da3f306857d9978efc4fd7d468485867d0f,,0x5ce69d01efe9778436070539bc6ea9350b6d578f,0xfd086bc7cd5c481dcc9c85ebe478a1c0b69fcbb9,36202958,,227102587806023680
arbitrum,withdraw_submit,495055016,1786862017000,0x159d8cd4e56cd8a8a28ce31a9996b4e6f23e8c569f00ed7cb75b248dabf49a11,,0xe24eb9796ce3266e04a186f2a66bd2d514a9369f,0xfd086bc7cd5c481dcc9c85ebe478a1c0b69fcbb9,27937371,,227106092499337216
arbitrum,deposit,495055164,1786862055000,0xf0318320b867357c036dd39246645222f32a2aedb78e8f81990372028fe139aa,0x799f0b8c7656a8396a006c2c3584dd12aecb847f,0x799f0b8c7656a8396a006c2c3584dd12aecb847f,0xfd086bc7cd5c481dcc9c85ebe478a1c0b69fcbb9,102000570,2184,
arbitrum,deposit,495056171,1786862307000,0x25e0a6e0ad190891c81eda59670db9cc6037cddfa15d48c1f060d6d254a50a61,0xbe8ede8d32db0223d6e7773ea93e00b993d8522a,0xbe8ede8d32db0223d6e7773ea93e00b993d8522a,0xfd086bc7cd5c481dcc9c85ebe478a1c0b69fcbb9,18900000,2184,
arbitrum,deposit,495062935,1786864018000,0x9fdc1bab2db6a19cb543085981b3ba0c854fd788c3b4c1f14765eb28ae99070e,0xd36babd25a0207a72db1d706a7e07a2b54351b6f,0xd36babd25a0207a72db1d706a7e07a2b54351b6f,0xfd086bc7cd5c481dcc9c85ebe478a1c0b69fcbb9,800000000,2184,
arbitrum,withdraw_final,495064777,1786864784000,0xa9f3a2e260b13255283bf77dd5bbb23e1f1864da70af726e729f4155d81173cc,,,,,,227343861888843777
arbitrum,withdraw_final,495068318,1786865680000,0xa3d1a3e9291babdb59652656f689da2e625c105c8bd395a2c9a1a3274c05c1ca,,,,,,227399421556424704
arbitrum,withdraw_submit,495069733,1786865738000,0x052c9583471833181cda1a53f96ced8332899ae6cd8aea48fe0fe6c85e8dbf1a,,0xd36babd25a0207a72db1d706a7e07a2b54351b6f,0xfd086bc7cd5c481dcc9c85ebe478a1c0b69fcbb9,799000000,,227343861888843777
arbitrum,deposit,495070972,1786866061000,0x20a305558f70d67f05bb52112c25c8885928ecd86ea062353b5adbb44cc11416,0xacd857ecafdca75adb12009fd27648a01e3f103a,0xacd857ecafdca75adb12009fd27648a01e3f103a,0xfd086bc7cd5c481dcc9c85ebe478a1c0b69fcbb9,798985979,2184,
arbitrum,withdraw_submit,495072965,1786866579000,0xbe290fb01a9dd1423bf2303f129ba3b9992f656e9e2d6b87099a604b5de66f65,,0xa464c305023ba73832570db5f4c6f96691c175d0,0xfd086bc7cd5c481dcc9c85ebe478a1c0b69fcbb9,7806442,,227399421556424704
arbitrum,deposit,495080725,1786868539000,0xed0ae3759b7b999aaf3896c95c4d29fbb070206ff3e875d4d2149344a37af055,0xbb48553d0c9470eb429ba35acd350c4c242ee902,0xbb48553d0c9470eb429ba35acd350c4c242ee902,0xfd086bc7cd5c481dcc9c85ebe478a1c0b69fcbb9,2000000,2184,
arbitrum,withdraw_final,495080898,1786868883000,0x8e0f99c45c2d1ef95b64c1cadc7bbea7d508466b1154c81ac6e4cec0ddb8e541,,,,,,227596869801345024
arbitrum,withdraw_submit,495085758,1786869818000,0x9b93d30a2406349e67849c3596387a13428bea016b509c5110e92cddc7061aaa,,0xbb48553d0c9470eb429ba35acd350c4c242ee902,0xfd086bc7cd5c481dcc9c85ebe478a1c0b69fcbb9,1000000,,227596869801345024
arbitrum,deposit,495086148,1786869916000,0x3c4b825089dad77a34f0155f2114cce213e3ae7427b30fc9fdf2b9bf859bd530,0x9112ad2833981ff7cf4378f20fc35f6bb149c3e1,0x9112ad2833981ff7cf4378f20fc35f6bb149c3e1,0xfd086bc7cd5c481dcc9c85ebe478a1c0b69fcbb9,1000000000,2184,
arbitrum,deposit,495088031,1786870394000,0xb10df0b83632dbbe80c95d71ff53021738be8224743a8047d6fb4209f6948495,0x0413cf295a5fc446356e1dd2bf0b99877fa88ff9,0x0413cf295a5fc446356e1dd2bf0b99877fa88ff9,0xfd086bc7cd5c481dcc9c85ebe478a1c0b69fcbb9,25000000,2184,
arbitrum,deposit,495088164,1786870427000,0x0d3a6b606526453e7dd62229fbe163696f0bfb4ccce8c8bd6e15fb058ee85b6f,0x99dde68651929c3d856f198b3172ee64cd88b020,0x99dde68651929c3d856f198b3172ee64cd88b020,0xfd086bc7cd5c481dcc9c85ebe478a1c0b69fcbb9,19500000,2184,
arbitrum,withdraw_final,495108709,1786875930000,0xa72d898ec7827e24e47e8e8711f914adac6934744f949384c4057fb11e640c2d,,,,,,228041072490577920
arbitrum,withdraw_submit,495113439,1786876839000,0xcb58c5da087ae8495e080656903ddaad58ef2769e3814ca1b5318b8b1e8fd2b6,,0x965a6258c8d58f025950582c16fb7f1ef4b0b578,0xfd086bc7cd5c481dcc9c85ebe478a1c0b69fcbb9,247044646,,228041072490577920
arbitrum,deposit,495119723,1786878432000,0x1b415a7a97e5bee525e84b8f442869bdf60905f8e5289d82efa1d8d9aefc0aed,0x82747cc234e678a64effa9b302105df16c10bd0b,0x82747cc234e678a64effa9b302105df16c10bd0b,0xfd086bc7cd5c481dcc9c85ebe478a1c0b69fcbb9,12888133,2184,
arbitrum,deposit,495122921,1786879235000,0x1363b2e3c461eb05e1d0093fc447425751cddf841091b440b81ae0fead990765,0xc28a6898db7672cb645c5665b3092900aa5391b6,0xc28a6898db7672cb645c5665b3092900aa5391b6,0xfd086bc7cd5c481dcc9c85ebe478a1c0b69fcbb9,60000000,2184,
arbitrum,withdraw_final,495125937,1786880292000,0xf671a9adbc16043522aebf3d4b3e6e91073e93bb1ea4b4f9ba3947f8358cd619,,,,,,228305212996059136
arbitrum,withdraw_submit,495130803,1786881218000,0xf0f35c1039e3e21ed5314f19220ca9b603d73cda792843c96641cf9b0843df55,,0x6b2f53f1ab17d6cb715578bd48ad06c12b7c91dc,0xfd086bc7cd5c481dcc9c85ebe478a1c0b69fcbb9,25177822,,228305212996059136
arbitrum,deposit,495137322,1786882855000,0x37550dd3ff734938596f100f455db93ffd736b466d5ea56aca377dfbc9b37186,0x29ea3bc51efc0bdb44f3712ceb4081cd041ba2a2,0x29ea3bc51efc0bdb44f3712ceb4081cd041ba2a2,0xfd086bc7cd5c481dcc9c85ebe478a1c0b69fcbb9,20964698,2184,
arbitrum,deposit,495140802,1786883727000,0x3879c31ae915e91aacfaad5ed676e1e2d907b63613f3963520d267b924f9787c,0x2aa7c65c086b70b6963f9506c179752f88cb3d63,0x2aa7c65c086b70b6963f9506c179752f88cb3d63,0xfd086bc7cd5c481dcc9c85ebe478a1c0b69fcbb9,19900000,2184,
arbitrum,withdraw_final,495151870,1786886808000,0x099dd3c1c8b8de5cb7514c201af2955e21fe6ecad297714213e3ca5fa87bfd60,,,,,,228708381588717574
arbitrum,withdraw_final,495156628,1786888003000,0x5414fa11a971e897386ff74370091872f7acbedc91567782d1b0cc82909696a0,,,,,,228781567806275584
arbitrum,withdraw_submit,495156844,1786887758000,0xd0b8884c33c5544bc32ca0820b78e258e8c17511333c243c70ecb7e46b2f8609,,0x9940048d0a2e62ccf34157161121e9c0ef2faa37,0xfd086bc7cd5c481dcc9c85ebe478a1c0b69fcbb9,999000000,,228708381588717574
arbitrum,deposit,495156912,1786887775000,0x157f6a5fdfa804878246589e667b92805f19c960fc6a103168be7daee6a9ef48,0xca09d245a82ff9a44cb57d9c2c5cd6b202448d60,0xca09d245a82ff9a44cb57d9c2c5cd6b202448d60,0xfd086bc7cd5c481dcc9c85ebe478a1c0b69fcbb9,32557692,2184,
arbitrum,withdraw_submit,495161633,1786888958000,0xd848d781dca1eeee274dbca1689cf08027c7d9375cefe824055f28e37edfa32f,,0x31668ccd3081e91003d9fac05e9691c6cc7b6501,0xfd086bc7cd5c481dcc9c85ebe478a1c0b69fcbb9,4356153,,228781567806275584
arbitrum,deposit,495166346,1786890140000,0x42f935d516fc3bc7f1ef646dc9dbb2078642249df3f4850fa2ec85e69a272279,0xbb48553d0c9470eb429ba35acd350c4c242ee902,0xbb48553d0c9470eb429ba35acd350c4c242ee902,0xfd086bc7cd5c481dcc9c85ebe478a1c0b69fcbb9,2000000,2184,
arbitrum,withdraw_final,495166497,1786890478000,0xb362e3b18ae0cf4b4d8cd5fc332d624de2a6f1b7edc749f4a56d9cc8e2c9b69a,,,,,,228945214654382080
arbitrum,withdraw_submit,495171453,1786891418000,0x46445a83ef1fb3dbf4bc0a3ff19fbc942570e8499d131852b1b23b9018809c37,,0xbb48553d0c9470eb429ba35acd350c4c242ee902,0xfd086bc7cd5c481dcc9c85ebe478a1c0b69fcbb9,1000000,,228945214654382080
arbitrum,withdraw_final,495176839,1786893073000,0x3fd179dbd0f2d19845c6626a0be0611b8451b0886930a92f136f2cfe1f6c7f15,,,,,,229104283079933952
arbitrum,deposit,495178649,1786893229000,0xacab7472353e71996907a6e0904ca2315c1f7bcebdebfcfd08606eae7b743e1b,0x3dc396ab8af60a37220f4565f430a85c3002d3fb,0x3dc396ab8af60a37220f4565f430a85c3002d3fb,0xfd086bc7cd5c481dcc9c85ebe478a1c0b69fcbb9,39000000,2184,
arbitrum,withdraw_submit,495181701,1786893998000,0xf9d0b33d824bbafae5e03d840a74bf95e7267c7173adb1908c2c120663c6bc46,,0x23f1dc09dfc8ea4edc192b6ffd8a9b1b3e8fc656,0xfd086bc7cd5c481dcc9c85ebe478a1c0b69fcbb9,48783779,,229104283079933952
arbitrum,withdraw_final,495181737,1786894307000,0x61220a07a122c4136fa6dfcd1a8d5a103e3fd91df37d59bf18fe043a268b80f8,,,,,,229178062007173120
arbitrum,withdraw_final,495183579,1786894771000,0x7223758794d264223f35c26a5803f8ee8a9dc68cb8525f20c299da690c42123a,,,,,,229208229870043136
arbitrum,withdraw_submit,495186707,1786895258000,0x6cb8877c1c99226ba372598f10fa6eaecd5e6cee5011c8db0e9e389bc3fc707a,,0x3777b5e94059adde594073b0c5177ea082fb1941,0xfd086bc7cd5c481dcc9c85ebe478a1c0b69fcbb9,710887168,,229178062007173120
arbitrum,withdraw_final,495186931,1786895615000,0x11888978242fe77f2b7367debae79d6e6d5213e2233787b028cddd75db0e0fb0,,,,,,229262191847538688
arbitrum,withdraw_submit,495188379,1786895678000,0x3fe310bace0bd4c5cafbf04831f9f8b84f7adff2ae14af04ea13821e90a81741,,0x686f252b2e566b29d90e21533923318b7bf88cdc,0xfd086bc7cd5c481dcc9c85ebe478a1c0b69fcbb9,64552948,,229208229870043136
arbitrum,withdraw_submit,495191717,1786896518000,0xc7155901ac0a1605753ffa260da435b9d517ebfa21c9ce730c50250175923dd0,,0xc618ed5ab9e9ab72caae457676d0ebb08d796996,0xfd086bc7cd5c481dcc9c85ebe478a1c0b69fcbb9,199000000,,229262191847538688
arbitrum,withdraw_final,495201798,1786899351000,0x18a36073a4162512d57e8041c7e6f30e0d5888361a99aeca16f68993fdf18e2f,,,,,,229516488258617344
arbitrum,withdraw_submit,495206797,1786900298000,0x227ceb92dc586d540eaa6914ef2057c78faada10ca7e5b31b315432cc8fddea6,,0x1e0f8350f9a820633887aec9904d91c8e88628cb,0xfd086bc7cd5c481dcc9c85ebe478a1c0b69fcbb9,205768839,,229516488258617344
arbitrum,deposit,495208539,1786900734000,0x706461b7a0c610ce76df1202f51e105f99367b7f4ac7fc7ce9351d11cd4461cf,0x0d1fb8bcc8b1ca63c56d1d5e5222ebd37c22f376,0x0d1fb8bcc8b1ca63c56d1d5e5222ebd37c22f376,0xfd086bc7cd5c481dcc9c85ebe478a1c0b69fcbb9,3730000,2184,
arbitrum,deposit,495209981,1786901095000,0x12ad331285b504c8c7399baa973d43366b6ca25866d908a045f4426306a6b616,0x6bc488b6ee75f700ffdc1fcad4cd1bdff993d338,0x6bc488b6ee75f700ffdc1fcad4cd1bdff993d338,0xfd086bc7cd5c481dcc9c85ebe478a1c0b69fcbb9,710803633,2184,
arbitrum,deposit,495215437,1786902460000,0x2c94df533ab48a5eb0b389dcdf9e92ee35789c6004ec8a8335c6a920d8770048,0x0af6154893418847de5b707617b94c4423b98981,0x0af6154893418847de5b707617b94c4423b98981,0xfd086bc7cd5c481dcc9c85ebe478a1c0b69fcbb9,1022239214,2184,
arbitrum,withdraw_final,495218312,1786903488000,0x304f6a81c25c2c4a4c73ea146e25fa8c08fd3251845bc28658cd5d80f0d42a9d,,,,,,229793410557411328
arbitrum,withdraw_submit,495223316,1786904438000,0x6b2c79688fc9c7dc0ab9b7944ff5c06adacff2583b969d340030244e202ae06c,,0xca09d245a82ff9a44cb57d9c2c5cd6b202448d60,0xfd086bc7cd5c481dcc9c85ebe478a1c0b69fcbb9,24356161,,229793410557411328
arbitrum,deposit,495233821,1786907092000,0xc2e2694001e65a5ac12520ea9a1a2ed06433b381f7b9dbaed055a5387be8ec40,0x522e93b6624e259b1ab702a613d52323ac444241,0x522e93b6624e259b1ab702a613d52323ac444241,0xfd086bc7cd5c481dcc9c85ebe478a1c0b69fcbb9,10900000,2184,
arbitrum,deposit,495243323,1786909502000,0x6d32c608a5cd89516004e9d452a084d21fb5dd894968a49a41070ecd7e361f83,0x840fc6758f7c9da99ea87c11a310ef4b21addb5c,0x840fc6758f7c9da99ea87c11a310ef4b21addb5c,0xfd086bc7cd5c481dcc9c85ebe478a1c0b69fcbb9,47921941,2184,
arbitrum,withdraw_final,495248695,1786911173000,0xc686d50e89f2cf4c1e38dfa94d6ac127e9d986cd0ddbe62f5022dfa7361015a9,,,,,,230294117857361920
arbitrum,deposit,495252090,1786911740000,0x3819e4d6bbb845dab43ada01a22de127b2e8abc848b1c5f465eff620a1e4667b,0xbb48553d0c9470eb429ba35acd350c4c242ee902,0xbb48553d0c9470eb429ba35acd350c4c242ee902,0xfd086bc7cd5c481dcc9c85ebe478a1c0b69fcbb9,2000000,2184,
arbitrum,withdraw_final,495252251,1786912080000,0x3439c57356629d1ad501f3aca0b2ce077ca6ffed953914b4c92acdbf5bf8f35e,,,,,,230353903797927936
arbitrum,withdraw_submit,495253603,1786912118000,0x9fe952bc3cf200bfea8818117d032685ed59191061418c712361dc3706b15934,,0x3f9920c88c5cb381c23b3d1a565fb7dc91ebf983,0xfd086bc7cd5c481dcc9c85ebe478a1c0b69fcbb9,127914550,,230294117857361920
arbitrum,withdraw_submit,495257147,1786913018000,0x12ec502133ec34d57a346327bb6164e2ff74450d99950c33f197054fce2bd24a,,0xbb48553d0c9470eb429ba35acd350c4c242ee902,0xfd086bc7cd5c481dcc9c85ebe478a1c0b69fcbb9,1000000,,230353903797927936
arbitrum,deposit,495269447,1786916126000,0x91102e88885415819adc01128731e6614bb411b9faed582bd3f17eb8a74dcd8a,0x757a9d479f15ecd09f18d06b6131306da4ed2def,0x757a9d479f15ecd09f18d06b6131306da4ed2def,0xfd086bc7cd5c481dcc9c85ebe478a1c0b69fcbb9,28845548,2184,
arbitrum,deposit,495271368,1786916611000,0xbd043c538d8e26236be99768c216d67e9559ff84d0c8cbb5aa8796f52ea9f481,0x00745751d32b837c85ce713ef6dcaf1b7813825d,0x00745751d32b837c85ce713ef6dcaf1b7813825d,0xfd086bc7cd5c481dcc9c85ebe478a1c0b69fcbb9,551151680,2184,
arbitrum,withdraw_final,495275552,1786917977000,0xd24ff3108e0b1330f5fe9937dd08c5bffd1b6297b92193f47e4bb3c85ebe6196,,,,,,230749564796141571
arbitrum,deposit,495275861,1786917754000,0x9fc9434b9fec371e6079dde655d643e40b023d718dca869f62e828590468592b,0x26c87ef6bb4baecd47b82464be935b55e0630e18,0x26c87ef6bb4baecd47b82464be935b55e0630e18,0xfd086bc7cd5c481dcc9c85ebe478a1c0b69fcbb9,199990238,2184,
arbitrum,withdraw_submit,495280396,1786918898000,0x0c3afd5c709372f1bb1245ef885759b0d3b353d1f75e7cb62eb1af2781a2111f,,0x90995551fa54fc72b17ca7d13bb49a03377aa407,0xfd086bc7cd5c481dcc9c85ebe478a1c0b69fcbb9,728325525,,230749564796141571
arbitrum,withdraw_final,495290300,1786921679000,0xb4af8c035e065266492025df8baa3c1671e404d2e08275dc1bb5af90e1eed42c,,,,,,230997100911919104
arbitrum,withdraw_submit,495295152,1786922618000,0xdc73ebc16742f6fc6cc5f44eab3de380f40ccc7b52fddf0041456a58d3c6c037,,0x338352ac120ddb4e0014fe90e4c387864a523700,0xfd086bc7cd5c481dcc9c85ebe478a1c0b69fcbb9,7957738,,230997100911919104
arbitrum,deposit,495324669,1786930105000,0x2d3e3fafedb234ec5c90c6732aafe3e40b0d1843ae1c6f695dcafab481b42f5b,0x79a09bb1c1f7e0cd36575cea8c4a6638b3af9e50,0x79a09bb1c1f7e0cd36575cea8c4a6638b3af9e50,0xfd086bc7cd5c481dcc9c85ebe478a1c0b69fcbb9,323444792,2184,
arbitrum,withdraw_final,495335653,1786933165000,0xc7e5f3d15f4e5136d2b972b770b36a796b359c1fe3396422b009e3b645f591b2,,,,,,231763675290009600
arbitrum,withdraw_final,495336566,1786933394000,0xec92290281a8b0c1b28cf322a8147554039353081c013ad6949253ddb8e60741,,,,,,231779137159692288
arbitrum,withdraw_final,495337537,1786933636000,0x7c7eb48afb7690c47b1fe4e251165ee3e9075b9244999fdb4c92989b9e9b9344,,,,,,231796188192440320
arbitrum,deposit,495337552,1786933340000,0x67e0e280715c18409cd9b7e6b30f88d7b2bfce9addd1a6871d3a40d24f752ad5,0xbb48553d0c9470eb429ba35acd350c4c242ee902,0xbb48553d0c9470eb429ba35acd350c4c242ee902,0xfd086bc7cd5c481dcc9c85ebe478a1c0b69fcbb9,2000000,2184,
arbitrum,withdraw_final,495337729,1786933684000,0x711ce6554980a7cff2279e4c7843d6781aadbe0b7d14de39f75df89a9867045f,,,,,,231799297731985408
arbitrum,deposit,495338290,1786933523000,0xf6afac0d6d7ef8c316da23767792b02e1c9f4babc2e142334e5db6489f3cce60,0x48b576c87e788a762d6f95a456f2a39113b46950,0x48b576c87e788a762d6f95a456f2a39113b46950,0xfd086bc7cd5c481dcc9c85ebe478a1c0b69fcbb9,84331601,2184,
arbitrum,withdraw_final,495338924,1786933982000,0x07666aa7b62772443ce58cbbaab7c8954c08cedcc638b4eb8d3051dbec2c627e,,,,,,231820051030736896
arbitrum,withdraw_submit,495340509,1786934078000,0x1c3cc8b64c35c5879c18cbe295dc44c444cc726492ca4d59b2e5766e1a3a988f,,0x2c62f7ff1f4c652d0d256ddd50b102b7d04e33a6,0xfd086bc7cd5c481dcc9c85ebe478a1c0b69fcbb9,117000000,,231763675290009600
arbitrum,withdraw_submit,495341453,1786934319000,0x423f155466dfb0b527879c729d04cf390f1fd93532fa60fd7e11a79ff8363dcb,,0xaad6624f5494066c96d1d0707106f1ad58fc1b63,0xfd086bc7cd5c481dcc9c85ebe478a1c0b69fcbb9,39562711,,231779137159692288
arbitrum,withdraw_final,495341897,1786934732000,0x6db5c50bdd38538313f4bef74f4842bfde70ed2b508e6346b5e343391d3512b5,,,,,,231870920627585024
arbitrum,withdraw_submit,495342395,1786934558000,0x653fdf69eb20e8fc5a996be2cdd33a44f915b4b061504d0616970e2137820aca,,0xa16321dbdbc43d8e3cd9d60cb7a2174a033faabe,0xfd086bc7cd5c481dcc9c85ebe478a1c0b69fcbb9,9999000000,,231796188192440320
arbitrum,withdraw_submit,495342626,1786934618000,0xb8da5e1e07df37faa27b406a92c746c152610925d708b66d0f45832067dcf49c,,0xbb48553d0c9470eb429ba35acd350c4c242ee902,0xfd086bc7cd5c481dcc9c85ebe478a1c0b69fcbb9,1000000,,231799297731985408
arbitrum,withdraw_submit,495343818,1786934918000,0x9b36e1a555849443b1888aeab07cdbae750f0d201f7fb432be2a1ad9d156910c,,0xa16321dbdbc43d8e3cd9d60cb7a2174a033faabe,0xfd086bc7cd5c481dcc9c85ebe478a1c0b69fcbb9,3999000000,,231820051030736896
arbitrum,deposit,495344143,1786935001000,0xb255a1f2473dc2948a2c9cdde5322733ec6dc8cb587a5a37faef039339b517e4,0xfd863da91e5cf813d95c491a7ce59aa96021e748,0xfd863da91e5cf813d95c491a7ce59aa96021e748,0xfd086bc7cd5c481dcc9c85ebe478a1c0b69fcbb9,1808696,2184,
arbitrum,withdraw_submit,495346681,1786935638000,0xce57358c0f8e47312723c38d08a5c3a7cd555af92c0cb25c338f1f929a949f89,,0xf36e4157ee21218ebb3eefe4d5aa46226875029f,0xfd086bc7cd5c481dcc9c85ebe478a1c0b69fcbb9,4000000,,231870920627585024
arbitrum,withdraw_final,495347568,1786936159000,0xda857c33428aa94c4b3f01d9603f7860dacc56487f0b85c3c97ccc0e9f6ef02d,,,,,,231971019131191296
arbitrum,withdraw_submit,495352384,1786937078000,0x84875c6f9be139addf00bbac0bddd860d4d7b6900e71f70703b092747958e816,,0x2c62f7ff1f4c652d0d256ddd50b102b7d04e33a6,0xfd086bc7cd5c481dcc9c85ebe478a1c0b69fcbb9,230000000,,231971019131191296
arbitrum,withdraw_final,495353287,1786937610000,0xc128b5396ff781ad390bd093478c71176e790b40016df47808fbbe1137706413,,,,,,232069949386915840
arbitrum,withdraw_submit,495357989,1786938520000,0x0c0e65254767c2d403e9451e4b3082f3cc258c1566d0c757e960b604d9c0b581,,0xd34f235a15aaddb8432090ecb26eedbb9ce7b2a1,0xfd086bc7cd5c481dcc9c85ebe478a1c0b69fcbb9,7423046,,232069949386915840
arbitrum,deposit,495374756,1786942767000,0x840f2e3c8e56fcb4934d88624f9aae4110aaf913b434dd4ae86fb7eda487ea4b,0x48b576c87e788a762d6f95a456f2a39113b46950,0x48b576c87e788a762d6f95a456f2a39113b46950,0xfd086bc7cd5c481dcc9c85ebe478a1c0b69fcbb9,51491431,2184,
arbitrum,deposit,495375501,1786942953000,0xa286dc71aa08f2fac2c997e9cb523bdb68a90ce3681d6db306c00a256d36fc9e,0xf7a9ec4bc8bd628543b3846934985fe13383fd6a,0xf7a9ec4bc8bd628543b3846934985fe13383fd6a,0xfd086bc7cd5c481dcc9c85ebe478a1c0b69fcbb9,19701945,2184,
arbitrum,withdraw_final,495385090,1786945698000,0x4beb1fa668d18b72a05b16615ace0a7b6873467ea95b8027300ef8e57b674ad5,,,,,,232599561808379904
arbitrum,deposit,495389144,1786946429000,0x6e35a266a689782932113769b9307b65a84d1efbb7a59de1edf7a78719c95ed4,0xf36e4157ee21218ebb3eefe4d5aa46226875029f,0xf36e4157ee21218ebb3eefe4d5aa46226875029f,0xfd086bc7cd5c481dcc9c85ebe478a1c0b69fcbb9,2000000,2184,
arbitrum,withdraw_submit,495389901,1786946619000,0xf3b6515fddeca06063a78c08daeeae49b6b5fbfe329b18f7814466f4b161c5f5,,0x2fe5351af4562457228ee0a1520a1b76f11abeda,0xfd086bc7cd5c481dcc9c85ebe478a1c0b69fcbb9,1053463400,,232599561808379904
arbitrum,deposit,495394339,1786947748000,0x3a8f0eca769f1d8e30173f190c96b559b6542680591f518f63300f3402d2f45b,0xf36e4157ee21218ebb3eefe4d5aa46226875029f,0xf36e4157ee21218ebb3eefe4d5aa46226875029f,0xfd086bc7cd5c481dcc9c85ebe478a1c0b69fcbb9,2000000,2184,
arbitrum,deposit,495394453,1786947776000,0xdeba3036f3eea3a3411cda7e130dddad61c2ad7b44d91c417644452c41384832,0xa5b47b6f9b6596664b5b18bbf750edc90c3d033f,0xa5b47b6f9b6596664b5b18bbf750edc90c3d033f,0xfd086bc7cd5c481dcc9c85ebe478a1c0b69fcbb9,101794019,2184,
arbitrum,deposit,495401870,1786949646000,0x741ae0266be5acef9b44a65a2c36a2101a0a87dc1fee5e01055fe171795d30b9,0x90a24afa7b8a922f1a9d6b3f8317c5e85c3b3695,0x90a24afa7b8a922f1a9d6b3f8317c5e85c3b3695,0xfd086bc7cd5c481dcc9c85ebe478a1c0b69fcbb9,101257741,2184,
arbitrum,withdraw_final,495403762,1786950423000,0xa220188a7fdc7c6d28768709ec808b7d0de3580301ebf3750eaa6ff16058c1ab,,,,,,232929552727277568
arbitrum,withdraw_final,495404303,1786950559000,0x88d44d3ce0862a1401452e15b54d691777b02220d051680a95125145fa874c2b,,,,,,232940023861739520
arbitrum,withdraw_final,495404781,1786950681000,0xfa8ffb5a54985395ff1c13ab60141238a52107420be1f81ede2358d879ea3753,,,,,,232948871519535108
arbitrum,withdraw_final,495404786,1786950682000,0xe865175aa5dbefa8d2c84b0b5a31b71c37531fe20769a515093eefa4dc8b97eb,,,,,,232948854331277312
arbitrum,deposit,495407634,1786951102000,0x3bb006d8e82b433250ec3928127397e4114b111634b65895a7c0b1557d4d7d52,0x11b7b83835080cba309118a714befbbd0eb18b2f,0x11b7b83835080cba309118a714befbbd0eb18b2f,0xfd086bc7cd5c481dcc9c85ebe478a1c0b69fcbb9,20039883,2184,
arbitrum,withdraw_submit,495408657,1786951358000,0xdb4cfa705f1a47ec28ce7194b7ee47491618ebc2693318597f2aad6aaca3b00c,,0xbd0818d7e1a6fc85ca8701456c65afa4fa1ef018,0xfd086bc7cd5c481dcc9c85ebe478a1c0b69fcbb9,21243281,,232929552727277568
arbitrum,withdraw_submit,495409136,1786951478000,0x7a2b39b385540445860185ab5d438b2aaca33167708c66b7cf1a2688ddc84bd5,,0x1c1a432b2a5f161215c79bec8036e45b6da0c8f1,0xfd086bc7cd5c481dcc9c85ebe478a1c0b69fcbb9,22945350,,232940023861739520
arbitrum,withdraw_submit,495409619,1786951598000,0x2838896a8594de886c66bd89c8d7a165c7781100ddfa8b1121e331220fa34be9,,0xe6bab0750bac97ec19bb9147f5a07345483a7c0d,0xfd086bc7cd5c481dcc9c85ebe478a1c0b69fcbb9,29145519,,232948854331277312
arbitrum,withdraw_submit,495409619,1786951598000,0x2838896a8594de886c66bd89c8d7a165c7781100ddfa8b1121e331220fa34be9,,0xa5b47b6f9b6596664b5b18bbf750edc90c3d033f,0xfd086bc7cd5c481dcc9c85ebe478a1c0b69fcbb9,104966841,,232948871519535108
arbitrum,withdraw_final,495420506,1786954618000,0x972d8144f623343e3eba55818a090759531095d899b1d0aa3d17132a873bb4a5,,,,,,233237922818555958
arbitrum,deposit,495422987,1786954939000,0x9bacd3aa53b8235e1a8fbbccf679e58f25419b2224bdc55ad5c4f2a3847044ae,0xbb48553d0c9470eb429ba35acd350c4c242ee902,0xbb48553d0c9470eb429ba35acd350c4c242ee902,0xfd086bc7cd5c481dcc9c85ebe478a1c0b69fcbb9,2000000,2184,
arbitrum,withdraw_final,495423169,1786955285000,0x6e566897f5e4ce5aa0bad5b961f3cd9a9b2276cfb4f3bb9a06fdce512209214e,,,,,,233287375051030528
arbitrum,deposit,495424528,1786955327000,0x438a0918465ea19dd19614b4b3aa3e71f9e19a57ee92c829e3636ae5aeb737e4,0xa16321dbdbc43d8e3cd9d60cb7a2174a033faabe,0xa16321dbdbc43d8e3cd9d60cb7a2174a033faabe,0xfd086bc7cd5c481dcc9c85ebe478a1c0b69fcbb9,5004498144,2184,
arbitrum,withdraw_submit,495425450,1786955558000,0xe4118b28ea443422bd0ba15b3fb215589d9f9c1d40f0e3ab0ad53e9869cccac6,,0xf36e4157ee21218ebb3eefe4d5aa46226875029f,0xfd086bc7cd5c481dcc9c85ebe478a1c0b69fcbb9,4000000,,233237922818555958
arbitrum,withdraw_submit,495428058,1786956218000,0x39ed14fb205e321c32b2f3d3eef5bb4930cda3974d81dfb115b5dce613d15d3e,,0xbb48553d0c9470eb429ba35acd350c4c242ee902,0xfd086bc7cd5c481dcc9c85ebe478a1c0b69fcbb9,1000000,,233287375051030528
arbitrum,deposit,495430422,1786956813000,0x81e2152ff68820d344d9e071e45383c36bc3ad6061e4d3b0761ee36f26b321e5,0xf2d53d7619ed232caad9072b1e6e6c807e4a42d9,0xf2d53d7619ed232caad9072b1e6e6c807e4a42d9,0xfd086bc7cd5c481dcc9c85ebe478a1c0b69fcbb9,200000000,2184,
arbitrum,deposit,495430712,1786956886000,0xc5c4f4a2d6568e864d571189f931156316975a53c36bf5a0487eb11bc949dd15,0x57f6b2985e28634eaec1bc7c1221c91df2b25a50,0x57f6b2985e28634eaec1bc7c1221c91df2b25a50,0xfd086bc7cd5c481dcc9c85ebe478a1c0b69fcbb9,24900000,2184,
arbitrum,deposit,495431081,1786956980000,0xca453972d6c22c34acf37daea0b665e22bd784ec4dbcbd230896dcb6be7e0b43,0xd32ead84df010ccef8195a4043e5fa10eb0da1eb,0xd32ead84df010ccef8195a4043e5fa10eb0da1eb,0xfd086bc7cd5c481dcc9c85ebe478a1c0b69fcbb9,11007149,2184,
arbitrum,deposit,495434137,1786957753000,0xdcca93716be1382cb32a570bc99238fd0652b0d5ae46df2d3f54fcd9ce1f02b5,0x2fe5351af4562457228ee0a1520a1b76f11abeda,0x2fe5351af4562457228ee0a1520a1b76f11abeda,0xfd086bc7cd5c481dcc9c85ebe478a1c0b69fcbb9,400000000,2184,
arbitrum,deposit,495438706,1786958911000,0x8d70f5ca1335c730dc1feff246317313de0ccf1b2be0061c11cb9292e39bcb30,0xccef861bab25549de5c8825ee3d553fb5304c636,0xccef861bab25549de5c8825ee3d553fb5304c636,0xfd086bc7cd5c481dcc9c85ebe478a1c0b69fcbb9,10000000,2184,
arbitrum,deposit,495440940,1786959476000,0x77e83d85437799a3f8088e60ceb6faf1c9126bf9c010cbf187a48cfc975c6336,0xd875ab45a5574b0cfae11d0d1262259f21ad7c33,0xd875ab45a5574b0cfae11d0d1262259f21ad7c33,0xfd086bc7cd5c481dcc9c85ebe478a1c0b69fcbb9,30000000,2184,
arbitrum,deposit,495443544,1786960133000,0x96863d2df6b077fdda42c413299c3bd61d0a6ce706833c44c67d5cc7e0322606,0xccef861bab25549de5c8825ee3d553fb5304c636,0xccef861bab25549de5c8825ee3d553fb5304c636,0xfd086bc7cd5c481dcc9c85ebe478a1c0b69fcbb9,1000000,2184,
arbitrum,deposit,495445627,1786960656000,0x2ab3b1214419304a4128254e1fa36e7e05a901effe21d6b81cc844b8cfaf7f8d,0xf36e4157ee21218ebb3eefe4d5aa46226875029f,0xf36e4157ee21218ebb3eefe4d5aa46226875029f,0xfd086bc7cd5c481dcc9c85ebe478a1c0b69fcbb9,2500000,2184,
arbitrum,deposit,495447294,1786961074000,0x3e8dec8009129fdef9d352205ff7e46325fe6d257419f97defb81dd5f4ca2625,0x8a722b91385dd9eeeedeeaf21aeb3acac40dc623,0x8a722b91385dd9eeeedeeaf21aeb3acac40dc623,0xfd086bc7cd5c481dcc9c85ebe478a1c0b69fcbb9,27991789,2184,
arbitrum,deposit,495451531,1786962140000,0x32bdee6825e1ca1ab47571c07687bb2efbfd50766018a19f832c5cdec2ff6679,0x86aff01440a9fe1c95ba5dcc7c4d6bbfd111442e,0x86aff01440a9fe1c95ba5dcc7c4d6bbfd111442e,0xfd086bc7cd5c481dcc9c85ebe478a1c0b69fcbb9,500465840,2184,
arbitrum,deposit,495457149,1786963549000,0x3489c1064cab94c90c0b8d7ff21d23d746ac4f9d3134502703cb801e9f37deb3,0xdbaa42cc2f069a84d6c1fc0e4dcc68628deae4d0,0xdbaa42cc2f069a84d6c1fc0e4dcc68628deae4d0,0xfd086bc7cd5c481dcc9c85ebe478a1c0b69fcbb9,25654575,2184,
arbitrum,deposit,495462404,1786964867000,0xf8cf2911cd5faf871817d17c2ecc6b33641de086702219e19633e9c173458228,0xe30b0c11971bca0760fb433ff30d58c6c501a57d,0xe30b0c11971bca0760fb433ff30d58c6c501a57d,0xfd086bc7cd5c481dcc9c85ebe478a1c0b69fcbb9,28378243,2184,
arbitrum,withdraw_final,495470075,1786967088000,0x7f103bccfb40b64f19559d7139b93546488f919b68963eb7dd3b56b0fc3a488f,,,,,,234150276943052800
arbitrum,deposit,495472048,1786967282000,0xf156fcc11c0661580726ec8c86979b2d9d5d1787cf1363e2449a42797571ab62,0xc050aeab010e7160b02bcd72ec7ce556ee0e92d7,0xc050aeab010e7160b02bcd72ec7ce556ee0e92d7,0xfd086bc7cd5c481dcc9c85ebe478a1c0b69fcbb9,101000000,2184,
arbitrum,withdraw_final,495473241,1786967881000,0x28dece29a0ae7cedd3e2780686c0f4b104d19f8cdd5c6f417edaee99e02e5475,,,,,,234207915391582208
arbitrum,deposit,495473433,1786967629000,0x62186553323c760bdd2d681d81aa225a86744e9d45e5c949e7d45070f1330fa4,0x9b022617980222a0602f4c8b75d17341f0fe1dc6,0x9b022617980222a0602f4c8b75d17341f0fe1dc6,0xfd086bc7cd5c481dcc9c85ebe478a1c0b69fcbb9,99087341,2184,
arbitrum,deposit,495474147,1786967808000,0xd4257e557150086faffc0af374f93dbfdbed13f142d440cbc7203fc21c6057c0,0xda1efa6fc801d6788cc785405610462f99ccb3e8,0xda1efa6fc801d6788cc785405610462f99ccb3e8,0xfd086bc7cd5c481dcc9c85ebe478a1c0b69fcbb9,799900000,2184,
arbitrum,withdraw_submit,495475064,1786968038000,0x31b73c5d1f7bdc662261c956b04340149cfbcae120036f645ab5ea2e87bb9b94,,0xcb73c101c3b2d7ba5c6497ef842f736a0b678185,0xfd086bc7cd5c481dcc9c85ebe478a1c0b69fcbb9,24445054,,234150276943052800
arbitrum,deposit,495476649,1786968435000,0xef5941f88f260d6a9a4bc652e6ac728f794305a1090e50d04315af9cb9a3b6c1,0x679943c5e575e48c76a3f16e1bd4bf0b32dd6ea2,0x679943c5e575e48c76a3f16e1bd4bf0b32dd6ea2,0xfd086bc7cd5c481dcc9c85ebe478a1c0b69fcbb9,300850000,2184,
arbitrum,withdraw_submit,495478184,1786968818000,0x05c2881a7a8f86fa8916a745937b16695c0942d64208cc0ebdc32628ced1024c,,0x876bcc7a9d6d9a074848840cab69721167c42aea,0xfd086bc7cd5c481dcc9c85ebe478a1c0b69fcbb9,36860323,,234207915391582208
arbitrum,deposit,495481177,1786969568000,0x6dbc3b8fda6e9c748917525ad9095f4a66f3c0649e21a907e0f7a0de3a2347f3,0xa97f1bcaf2e93eab173ee006817d46c5f0f7299f,0xa97f1bcaf2e93eab173ee006817d46c5f0f7299f,0xfd086bc7cd5c481dcc9c85ebe478a1c0b69fcbb9,499695260,2184,
arbitrum,deposit,495483997,1786970270000,0xef8744c0a30a87c1c6b6e10211cac26ece5d8c14bcc0ecabbb5e9193719981b0,0x240f8bc702228a6bf593d88b325912b68ff27b82,0x240f8bc702228a6bf593d88b325912b68ff27b82,0xfd086bc7cd5c481dcc9c85ebe478a1c0b69fcbb9,299900000,2184,
arbitrum,deposit,495488783,1786971467000,0x9d3cd4770dc0e9a4454dd4d816956e4b7efa69fd79791a782afd4b0823b936d5,0x2c62f7ff1f4c652d0d256ddd50b102b7d04e33a6,0x2c62f7ff1f4c652d0d256ddd50b102b7d04e33a6,0xfd086bc7cd5c481dcc9c85ebe478a1c0b69fcbb9,236069597,2184,
arbitrum,withdraw_final,495490597,1786972219000,0x6d64a0469da097ffd169da7f5daed063ea1e61860a5c81fd6c2cec3bd49d303d,,,,,,234529943466278912
arbitrum,withdraw_final,495490913,1786972299000,0x05daecdda99c37f198199c2a76f3d1eb62d683ce43f399a04cb595ce48207cb5,,,,,,234535990784425986
arbitrum,withdraw_submit,495495465,1786973138000,0xb84bbbcb15f187f1bc1154b0d76e70bf48693b1c8f2c7bcfb24bf81c0658fecb,,0x2c62f7ff1f4c652d0d256ddd50b102b7d04e33a6,0xfd086bc7cd5c481dcc9c85ebe478a1c0b69fcbb9,80000000,,234529943466278912
arbitrum,withdraw_submit,495495705,1786973198000,0x84b9a927f1c9d9c87c587c227a92fe19d36c798dea2b1e6e7d9ce45ee16fbe87,,0x799f0b8c7656a8396a006c2c3584dd12aecb847f,0xfd086bc7cd5c481dcc9c85ebe478a1c0b69fcbb9,192483050,,234535990784425986
arbitrum,deposit,495501461,1786974638000,0x433164e7e8983d7014bbc44520d074b6d78b9f1dc1fd34449673c099e4eb2636,0xe30b0c11971bca0760fb433ff30d58c6c501a57d,0xe30b0c11971bca0760fb433ff30d58c6c501a57d,0xfd086bc7cd5c481dcc9c85ebe478a1c0b69fcbb9,99850000,2184,
arbitrum,withdraw_final,495502476,1786975192000,0x1f22d814dac1f2273fae37a66b5939d15f04d9ad00da813c02955c2bd957b2ba,,,,,,234754389867233280
arbitrum,withdraw_submit,495507467,1786976138000,0x3971eb1b6b32f42adda5697b8fa62c01581621d46d7a8ecf04b999422034e068,,0x9b022617980222a0602f4c8b75d17341f0fe1dc6,0xfd086bc7cd5c481dcc9c85ebe478a1c0b69fcbb9,105195751,,234754389867233280
arbitrum,deposit,495509077,1786976540000,0x3cd31a51a522e50f0698f757317127acfaa9d98b7d090e61e7deff574792d60c,0xbb48553d0c9470eb429ba35acd350c4c242ee902,0xbb48553d0c9470eb429ba35acd350c4c242ee902,0xfd086bc7cd5c481dcc9c85ebe478a1c0b69fcbb9,2000000,2184,
arbitrum,withdraw_final,495509224,1786976877000,0x7a2e71cf35c2aa1084781e6f27f3b64cf402b558bb261f2738038bc56000460e,,,,,,234882646163849216
arbitrum,deposit,495513502,1786977644000,0xcaf043536fa54b6d93f8c1bd8b3e0b97911f2bc71c29fe53b15144b4a62aae1a,0x4946c068878f8219950749a9f93325309b4558f4,0x4946c068878f8219950749a9f93325309b4558f4,0xfd086bc7cd5c481dcc9c85ebe478a1c0b69fcbb9,1999950099,2184,
arbitrum,deposit,495513825,1786977725000,0x8904bec590ea48a924cbe6fef6e324f23fe57086f706e39c66d2c6175e460cdd,0xddac165bfad488d34d5d7dcfcc20a0f40fce5cf5,0xddac165bfad488d34d5d7dcfcc20a0f40fce5cf5,0xfd086bc7cd5c481dcc9c85ebe478a1c0b69fcbb9,6000000,2184,
arbitrum,withdraw_submit,495514198,1786977818000,0xa50ce554defeb5ea27542db725abcb5bd1743dd9cd3219660ba7cde5c74806a2,,0xbb48553d0c9470eb429ba35acd350c4c242ee902,0xfd086bc7cd5c481dcc9c85ebe478a1c0b69fcbb9,1000000,,234882646163849216
arbitrum,withdraw_final,495520233,1786979628000,0x29701dac366250a91a2d3b7c2a881ce6de7a3da487a21dc3e7bd3e137cdd720e,,,,,,235089998590771200
arbitrum,withdraw_final,495520422,1786979675000,0xedc60b91c09a98e8530b36ad9aa856b14eb33c5be47c6b2e4a9f517ee925161d,,,,,,235093597794336768
arbitrum,deposit,495521471,1786979638000,0xc0f1d7f67d8ea38698184f1117e355b24791b33f3df9b64eb17308b64ac5a267,0xcaadb48dff90c3720b3e46d330e146856642a6d4,0xcaadb48dff90c3720b3e46d330e146856642a6d4,0xfd086bc7cd5c481dcc9c85ebe478a1c0b69fcbb9,296950000,2184,
arbitrum,withdraw_final,495522759,1786980260000,0x080b51d7b791cc0b5f87fd73a58d6e26ad609147ba07fecef75b3f6fe33d93e8,,,,,,235137724279947264
arbitrum,withdraw_submit,495525228,1786980578000,0x6ac38c6a222e6486a24e5bdaee293f1bb3585608ee68d35159ebe3ce3114f6a9,,0x4c50fcbf295258fdd28c34030157e4e5dfc648e1,0xfd086bc7cd5c481dcc9c85ebe478a1c0b69fcbb9,100268385,,235089998590771200
arbitrum,withdraw_submit,495525228,1786980578000,0x6ac38c6a222e6486a24e5bdaee293f1bb3585608ee68d35159ebe3ce3114f6a9,,0xbf4d955f7d57aab483f6ac7e3210c39ae41c280e,0xfd086bc7cd5c481dcc9c85ebe478a1c0b69fcbb9,86805560,,235093597794336768
arbitrum,withdraw_submit,495527629,1786981178000,0xd3b4adeb57a9da97869fa04b2ad603afe9ca9d1e988b7ae136a305cfc4a2f652,,0xc84e7b106df1ee944887fa95e601cbdc11de91ac,0xfd086bc7cd5c481dcc9c85ebe478a1c0b69fcbb9,1093205,,235137724279947264
arbitrum,deposit,495528322,1786981352000,0xe985878d8fe0081a40ec80c42613427514ace6668511bc201cad58885913237c,0x21554f917cf9fd887aefe8702c5d7b1625d5c5f4,0x21554f917cf9fd887aefe8702c5d7b1625d5c5f4,0xfd086bc7cd5c481dcc9c85ebe478a1c0b69fcbb9,30500000,2184,
arbitrum,deposit,495533240,1786982583000,0xfc98a77e92ae6aae127f29c35c8fc164158f4b69281766d5b075b82e78b83dbd,0x81f03863e9fd87e8608afbeaed50eb9b88bd0408,0x81f03863e9fd87e8608afbeaed50eb9b88bd0408,0xfd086bc7cd5c481dcc9c85ebe478a1c0b69fcbb9,21885911,2184,
arbitrum,withdraw_final,495555567,1786988469000,0xc929c0921578e040ce3f6c79df2dc9351d2e9a9dc72aadb85d922258726cc67f,,,,,,235750006240313359
arbitrum,deposit,495556110,1786988305000,0x10ecc59022036ad08d61140a241fcfac76c805e6871b6d79eeda212a61bf6b0b,0xf6307a42a0c717b18325f29901068aa2f5b72d29,0xf6307a42a0c717b18325f29901068aa2f5b72d29,0xfd086bc7cd5c481dcc9c85ebe478a1c0b69fcbb9,85591959,2184,
arbitrum,withdraw_submit,495560472,1786989398000,0x53e67891f28d6f0b894595ee9b50555b631e58f9b0513a9c1ebac4b51ba07b2a,,0x11b7b83835080cba309118a714befbbd0eb18b2f,0xfd086bc7cd5c481dcc9c85ebe478a1c0b69fcbb9,29111777,,235750006240313359
arbitrum,deposit,495564923,1786990514000,0x12bf4bd2dc83b844f92e96471d32456befd2e2a411908dbf4c3c2e237048b6a5,0x55174e6a1ae1a1794aca906cd0813a31c81afdc2,0x55174e6a1ae1a1794aca906cd0813a31c81afdc2,0xfd086bc7cd5c481dcc9c85ebe478a1c0b69fcbb9,343028555,2184,
arbitrum,deposit,495595270,1786998139000,0x3b5de75617577819fa0ea49c3df980964301c744d3ad1b20d672a306389380e3,0xbb48553d0c9470eb429ba35acd350c4c242ee902,0xbb48553d0c9470eb429ba35acd350c4c242ee902,0xfd086bc7cd5c481dcc9c85ebe478a1c0b69fcbb9,2000000,2184,
arbitrum,withdraw_final,495595424,1786998478000,0xdf158757b1cee78b4e9754a846ac5c7347df08ff98176daa4b28a155efe227aa,,,,,,236472986654212096
arbitrum,withdraw_submit,495600378,1786999418000,0x2223f370194a3b08ed5d1dd171bcb5cdc852790a772b8cadac63f4bfaf435f99,,0xbb48553d0c9470eb429ba35acd350c4c242ee902,0xfd086bc7cd5c481dcc9c85ebe478a1c0b69fcbb9,1000000,,236472986654212096
arbitrum,deposit,495638834,1787009143000,0x5088ecea39a7a882b7893c89da705c1902bbd5ddb04f3ffe59f42655efe0497f,0xddac165bfad488d34d5d7dcfcc20a0f40fce5cf5,0xddac165bfad488d34d5d7dcfcc20a0f40fce5cf5,0xfd086bc7cd5c481dcc9c85ebe478a1c0b69fcbb9,15000000,2184,
arbitrum,withdraw_final,495648353,1787011829000,0xd955bc00698414bfad70325f0bd25112aec9fc10af21617ce3f36cf18b37081d,,,,,,237387033025183745
arbitrum,withdraw_submit,495653197,1787012738000,0x2e3331c075f39f1243facf446e2e094f595ae5868af48cc0bf539d7321b2a2f3,,0x98fb2b6c27a62113a0f89272ebbb6feb957e966f,0xfd086bc7cd5c481dcc9c85ebe478a1c0b69fcbb9,104128284,,237387033025183745
arbitrum,deposit,495669824,1787016947000,0x27d59db1384b1ba8438e400e8fd806f3f60563a8bf7085e62b27cee17400b5c9,0x28439b5fc7621cd7ac5dfe0cdb85874990202c82,0x28439b5fc7621cd7ac5dfe0cdb85874990202c82,0xfd086bc7cd5c481dcc9c85ebe478a1c0b69fcbb9,73108196,2184,
arbitrum,deposit,495680970,1787019740000,0x259a21eae96d0b37bbc60b1b7195bbb8b3ded6a4895f499f54206599cb258473,0xbb48553d0c9470eb429ba35acd350c4c242ee902,0xbb48553d0c9470eb429ba35acd350c4c242ee902,0xfd086bc7cd5c481dcc9c85ebe478a1c0b69fcbb9,2000000,2184,
arbitrum,withdraw_final,495681119,1787020077000,0x4ab1c5f2f2a71694a2209a315aeb6c86f002d12249bb8d2e0762fbc6c51dc6c3,,,,,,237994367149670400
arbitrum,deposit,495682475,1787020116000,0x860171292885f66c709308f3873bd6684ea61557ff12eff080e0c855f74b68f5,0x37e1a859cd160457f814c87e882bfb969c1451db,0x37e1a859cd160457f814c87e882bfb969c1451db,0xfd086bc7cd5c481dcc9c85ebe478a1c0b69fcbb9,70000000,2184,
arbitrum,withdraw_submit,495686088,1787021018000,0xe1eb84ea3de1651fdf0416a8bcea68f35b12df026838ec53b6f9374dd982dcb4,,0xbb48553d0c9470eb429ba35acd350c4c242ee902,0xfd086bc7cd5c481dcc9c85ebe478a1c0b69fcbb9,1000000,,237994367149670400
arbitrum,withdraw_final,495692241,1787022863000,0xccd099d4e49abb319c10af77fe8293a52f2575a0cd90b16eafc3272069be869f,,,,,,238205129789014016
arbitrum,deposit,495693613,1787022908000,0xae04ab16963d327fba73f897840c0b2a41fc9799e49dd973eefe3e69aa3b5116,0x890b09a1e79849c0a5e101ffc3051ec50cdfcc94,0x890b09a1e79849c0a5e101ffc3051ec50cdfcc94,0xfd086bc7cd5c481dcc9c85ebe478a1c0b69fcbb9,300900000,2184,
arbitrum,deposit,495696860,1787023730000,0x9e5cfe16f839c9a398825c92e21734e39a20415be7cc523ac667a8651a74a8c9,0x48b576c87e788a762d6f95a456f2a39113b46950,0x48b576c87e788a762d6f95a456f2a39113b46950,0xfd086bc7cd5c481dcc9c85ebe478a1c0b69fcbb9,31201762,2184,
arbitrum,withdraw_submit,495697045,1787023778000,0xfebf98b3ba3b58b9116fc3c72028822dc916c16909e277f34a5d5bc02878aa74,,0x37e1a859cd160457f814c87e882bfb969c1451db,0xfd086bc7cd5c481dcc9c85ebe478a1c0b69fcbb9,69000000,,238205129789014016
arbitrum,deposit,495718316,1787029218000,0xe34aef3b20fd543862ce6708ebfeae5e6ea819042f1c78a2599f5efc0cb33918,0x48b576c87e788a762d6f95a456f2a39113b46950,0x48b576c87e788a762d6f95a456f2a39113b46950,0xfd086bc7cd5c481dcc9c85ebe478a1c0b69fcbb9,20843989,2184,
arbitrum,withdraw_final,495723240,1787030769000,0xb57b84e3a4fb4063625e0fdda18f1d83aef1e6f16dc2fcd67f5d838ea1a1eee0,,,,,,238790035627835392
arbitrum,withdraw_submit,495728056,1787031698000,0x1732a46b45c46425a3c096d9cb21e2357edde2dfb69851289364dc506d694ffa,,0x06d1bd45caaa2881abb78c8111541bd0b192abc6,0xfd086bc7cd5c481dcc9c85ebe478a1c0b69fcbb9,54778932,,238790035627835392
arbitrum,deposit,495730998,1787032457000,0x8283b3d965ae2ab25498e1a8a29c69a6ed8f2978b34007a8269ef7f5f718d819,0x91896defbd943f197e147abbd36b44f4a8849b4d,0x91896defbd943f197e147abbd36b44f4a8849b4d,0xfd086bc7cd5c481dcc9c85ebe478a1c0b69fcbb9,36850000,2184,
arbitrum,deposit,495731055,1787032471000,0xf328bcab71930b81db9adad2a7a130c116f64684bfc72235449e9b891dae5ba9,0x22ad016c8512b304209d00a9ecb131203176801e,0x22ad016c8512b304209d00a9ecb131203176801e,0xfd086bc7cd5c481dcc9c85ebe478a1c0b69fcbb9,37850000,2184,
arbitrum,deposit,495731353,1787032547000,0xf4616bcc52b5326137030ba0c64c019c6bce543520a1e42a680d8358b02dd2fc,0x227fd2fd881cc6c99dfccc0fb40f2b1dc2f3f36e,0x227fd2fd881cc6c99dfccc0fb40f2b1dc2f3f36e,0xfd086bc7cd5c481dcc9c85ebe478a1c0b69fcbb9,41706117,2184,
arbitrum,deposit,495731948,1787032698000,0xc9ef4bf227c4eba0902f9a8868070b8ddd10b820a4b79115683ac9cb961fd635,0x5faef87c6044c46f670a739b721f73077b0b861e,0x5faef87c6044c46f670a739b721f73077b0b861e,0xfd086bc7cd5c481dcc9c85ebe478a1c0b69fcbb9,38850000,2184,
arbitrum,deposit,495731959,1787032701000,0x6291b539ac1207bbdbdb30b7874451349ba329fc4adabeaf9f67bf04baadbdeb,0x11e48ebd77cae336122cc1a3b2cf48fe961d8e10,0x11e48ebd77cae336122cc1a3b2cf48fe961d8e10,0xfd086bc7cd5c481dcc9c85ebe478a1c0b69fcbb9,35850000,2184,
arbitrum,deposit,495733473,1787033086000,0x1a6e9bca8a72db551af06fb85d5d79bd1e8a5c0bed3302a16e77827907b5c7f5,0xaf661aaa47fdc1084e653d3dda83cf0a395e9d9d,0xaf661aaa47fdc1084e653d3dda83cf0a395e9d9d,0xfd086bc7cd5c481dcc9c85ebe478a1c0b69fcbb9,34850000,2184,
arbitrum,deposit,495733474,1787033086000,0xa74d44cce549c9c04e29f1c4a54a3e79936dd8c73a710a646d45178eef9cc473,0xea5bbde9be6c8b03188072f7f314722353c77289,0xea5bbde9be6c8b03188072f7f314722353c77289,0xfd086bc7cd5c481dcc9c85ebe478a1c0b69fcbb9,37850000,2184,
arbitrum,deposit,495734012,1787033223000,0x6d7825adf72d564cc8a1a3e74bbb28864b011f1d2e7bb38c95b06132f52dfe6c,0x840a5b9b2fee4f4b07f7558779eb8c805e78b03f,0x840a5b9b2fee4f4b07f7558779eb8c805e78b03f,0xfd086bc7cd5c481dcc9c85ebe478a1c0b69fcbb9,38627936,2184,
arbitrum,deposit,495734012,1787033223000,0x15678cb22fe28ae35fc1e3ba06f87e9a40e1606231acb1e09b3d00a74350411e,0x23e871afa58b7e7416bd4d4d4ac49998e1c66e4e,0x23e871afa58b7e7416bd4d4d4ac49998e1c66e4e,0xfd086bc7cd5c481dcc9c85ebe478a1c0b69fcbb9,37850000,2184,
arbitrum,deposit,495734973,1787033466000,0xfc6c74d8355e2d6371d018a3d14b1481a4cde30865f32c49579919520b004c73,0x7f8346dbea203954a1b19512564acbdf6ae9c44f,0x7f8346dbea203954a1b19512564acbdf6ae9c44f,0xfd086bc7cd5c481dcc9c85ebe478a1c0b69fcbb9,35850000,2184,
arbitrum,deposit,495735019,1787033478000,0xa6b30687fb6d682f7f43cd712bc3f8c5cfc8c0d590d672e146c8669d768f293e,0x069eb920a8fe288da76b88e3452eded7548281fd,0x069eb920a8fe288da76b88e3452eded7548281fd,0xfd086bc7cd5c481dcc9c85ebe478a1c0b69fcbb9,37000000,2184,
arbitrum,deposit,495735884,1787033698000,0x733eb8de9b41597a7776b7f54503925a127c398429a84816e1f7e7862bd9df40,0xec769b947d836fc22c6253516496d6a1583f42fb,0xec769b947d836fc22c6253516496d6a1583f42fb,0xfd086bc7cd5c481dcc9c85ebe478a1c0b69fcbb9,39850000,2184,
arbitrum,deposit,495735889,1787033699000,0x7e32b035eb76bdf493e83a3c1720a4339d9ab777153695a03cd9c1a9f74d52b6,0x09338747e685402bdfc04618bd6c76d61238a667,0x09338747e685402bdfc04618bd6c76d61238a667,0xfd086bc7cd5c481dcc9c85ebe478a1c0b69fcbb9,42850000,2184,
arbitrum,deposit,495736828,1787033937000,0xb736d58b8b2a1928fa7be3d5f959367370c419a8efc7e59f351bf408ab32ff59,0x8580142a3bf203b2f26a5aff2b93a76564cb1419,0x8580142a3bf203b2f26a5aff2b93a76564cb1419,0xfd086bc7cd5c481dcc9c85ebe478a1c0b69fcbb9,36750000,2184,
arbitrum,deposit,495736828,1787033937000,0x090bc5cb3cd0aa2d85f97ab4f652983d27fc6bc2c22d61f9f0cdb4c12b2267be,0x5168d0ca6cd25d6cb6dd3d649c04eb2167b6923f,0x5168d0ca6cd25d6cb6dd3d649c04eb2167b6923f,0xfd086bc7cd5c481dcc9c85ebe478a1c0b69fcbb9,39450000,2184,
arbitrum,deposit,495737703,1787034157000,0xadd8cfee6a956f5b3d75b24340b75af0e797e158dc364dbe9389f8466dea8a45,0xd379dbb1016e5140d68f2d45882b93c5908cbfac,0xd379dbb1016e5140d68f2d45882b93c5908cbfac,0xfd086bc7cd5c481dcc9c85ebe478a1c0b69fcbb9,38850000,2184,
arbitrum,deposit,495737703,1787034157000,0x2257b27d089b9349b2f7b8e0e3f5b09d533acad24fb92b1d91967a956510a006,0xab8124604a7d73d236d4e3341b503aa850c9e6ae,0xab8124604a7d73d236d4e3341b503aa850c9e6ae,0xfd086bc7cd5c481dcc9c85ebe478a1c0b69fcbb9,35850000,2184,
arbitrum,withdraw_final,495753684,1787038474000,0x8aa79657f8e76b5572b207e9b62f64ee30ce329904c6d1078cf11d512d5c17c6,,,,,,239365501094985728
arbitrum,deposit,495754799,1787038452000,0x78bba5553cde5efb95e12963ef2410e1962b2ab77cd0075334b1916946472e51,0x90ae0d4bc22030f32a89d762daf4acbc379ca894,0x90ae0d4bc22030f32a89d762daf4acbc379ca894,0xfd086bc7cd5c481dcc9c85ebe478a1c0b69fcbb9,5435858,2184,
arbitrum,deposit,495755255,1787038567000,0xc88b7e6a5529c2b77939b230a43522f2c29b20b8f9ce4f0b1980a8a4de706f0f,0x33138cf210d05834736a4173d331a96dab04abfb,0x33138cf210d05834736a4173d331a96dab04abfb,0xfd086bc7cd5c481dcc9c85ebe478a1c0b69fcbb9,40000000,2184,
arbitrum,withdraw_final,495755531,1787038936000,0x8177ba2175dd3e72af4ec7aa0bc46af4c6d026e8e63629df6f1df722713558af,,,,,,239399611750416384
arbitrum,withdraw_submit,495758514,1787039380000,0x37f911a3bbd8461be2918521f85ae34fa0da2b645d53e001090f317fb353d23f,,0x0af6154893418847de5b707617b94c4423b98981,0xfd086bc7cd5c481dcc9c85ebe478a1c0b69fcbb9,980661677,,239365501094985728
arbitrum,withdraw_submit,495760433,1787039858000,0x46167d3cbf6d3d7b6d22a23a55147c51a61d9370cb99a314476c01d3490fbc87,,0xf36e4157ee21218ebb3eefe4d5aa46226875029f,0xfd086bc7cd5c481dcc9c85ebe478a1c0b69fcbb9,9000000,,239399611750416384
arbitrum,deposit,495761855,1787040216000,0x79f5a361318adbf4f233b1d0261d29506a82c1e2c58a04ed7df5024bcf13ea13,0x59077670dbccc6b388d56a140e2b65c337dd1748,0x59077670dbccc6b388d56a140e2b65c337dd1748,0xfd086bc7cd5c481dcc9c85ebe478a1c0b69fcbb9,10000000,2184,
arbitrum,withdraw_final,495762957,1787040792000,0x8174d9ac02de7203827c0b5e80b12ac8eea51b9e9e0e4a03939a30db9656712f,,,,,,239538287625109504
arbitrum,deposit,495766339,1787041339000,0xf74ead97afa793bdcb6f4184b77ba452534657c94aed989389c25dacb6d2f15d,0xbb48553d0c9470eb429ba35acd350c4c242ee902,0xbb48553d0c9470eb429ba35acd350c4c242ee902,0xfd086bc7cd5c481dcc9c85ebe478a1c0b69fcbb9,2000000,2184,
arbitrum,withdraw_final,495766510,1787041682000,0x68095fc06bca86cab7d71ace5b19cd76c24c5af00ba56c886c4ecc837cefb2ee,,,,,,239606079397298176
arbitrum,withdraw_submit,495767846,1787041718000,0x7736f1d3efc8da9c04e085ef57d803ee2be5d99e7d4e6d7637eee7dba04811ba,,0x7457fd965d22fb844d3e420494eefdb5df4b9a98,0xfd086bc7cd5c481dcc9c85ebe478a1c0b69fcbb9,191000000,,239538287625109504
arbitrum,deposit,495768372,1787041850000,0x3ab2a5c7c272d4e7708635cd5343e89464e5f9e4cf68f41a17bbedbd060d61b7,0x673b582d031940b9f968705c20f66dec42fa7205,0x673b582d031940b9f968705c20f66dec42fa7205,0xfd086bc7cd5c481dcc9c85ebe478a1c0b69fcbb9,980661677,2184,
arbitrum,withdraw_submit,495771440,1787042618000,0x1084506668d4d6e9cfe02e3cf464aba8d20225fe58479352e2bdbacbe3ad1e91,,0xbb48553d0c9470eb429ba35acd350c4c242ee902,0xfd086bc7cd5c481dcc9c85ebe478a1c0b69fcbb9,1000000,,239606079397298176
arbitrum,withdraw_final,495797746,1787049535000,0x715119affab9d3b1d7402cdc967b04807425bc3b558452a13e35684237b133fb,,,,,,240179981534101504
arbitrum,withdraw_final,495800128,1787050135000,0x0c5c8df01af26651b6e6d84e634176cd4e06d6235cd95f66236195adfec8fb57,,,,,,240222879654871040
arbitrum,withdraw_submit,495802680,1787050479000,0x5a414f68784923704cd6bf4ea0c35fc3b81282650c584755ab9b4dffdab2b730,,0xf9938356c9033204ccdf9e0cdd2d3faebb16202e,0xfd086bc7cd5c481dcc9c85ebe478a1c0b69fcbb9,1634173156,,240179981534101504
arbitrum,deposit,495802824,1787050515000,0x8e63467d6b6982eba2b21443bb82e74867ec086c2921ea9773165fce1161ae88,0x9b022617980222a0602f4c8b75d17341f0fe1dc6,0x9b022617980222a0602f4c8b75d17341f0fe1dc6,0xfd086bc7cd5c481dcc9c85ebe478a1c0b69fcbb9,617918284,2184,
arbitrum,withdraw_submit,495805066,1787051079000,0x2ea6eb54076b823afc8e75a5e67c3701040d78c3c339af050a0e7b3a48cbb973,,0xc3f01f6e61c0cedba21b6e22ea5a005e7b5ece03,0xfd086bc7cd5c481dcc9c85ebe478a1c0b69fcbb9,100000000,,240222879654871040
arbitrum,deposit,495822655,1787055504000,0xad4f1a97f0dbdbaccb75d29db62f4e34a0284ac35f9137ce81badbbce3683e07,0x3bcc29c7c56e1b06b969285de0db23bcc7038f5b,0x3bcc29c7c56e1b06b969285de0db23bcc7038f5b,0xfd086bc7cd5c481dcc9c85ebe478a1c0b69fcbb9,3245571,2184,
arbitrum,deposit,495831767,1787057789000,0x99db08a47daaae527c9a6f2dfe8d80b4a573cd9239c763b20d8122a30ae86857,0xccef861bab25549de5c8825ee3d553fb5304c636,0xccef861bab25549de5c8825ee3d553fb5304c636,0xfd086bc7cd5c481dcc9c85ebe478a1c0b69fcbb9,1000000,2184,
arbitrum,withdraw_final,495835169,1787058947000,0x99a29695ba95984f25ff6eb12331c7eda4812652d539c9a4a99c8183171a69f9,,,,,,240865028817813504
arbitrum,withdraw_submit,495840149,1787059898000,0xea3b9cb254436370a2500f5b248658832c743d29c46114ac8fdb29ffbc079103,,0xa16321dbdbc43d8e3cd9d60cb7a2174a033faabe,0xfd086bc7cd5c481dcc9c85ebe478a1c0b69fcbb9,999000000,,240865028817813504
arbitrum,deposit,495846250,1787061424000,0x2d28b22666e1692613a3f34b1f2deb2842315a3b105c53e3e75cb2550684e775,0xccef861bab25549de5c8825ee3d553fb5304c636,0xccef861bab25549de5c8825ee3d553fb5304c636,0xfd086bc7cd5c481dcc9c85ebe478a1c0b69fcbb9,6000000,2184,
arbitrum,withdraw_final,495846440,1787061772000,0xc43b9091dc9e8f422d6ed51d99db76f6f7ecca96f7ce2d7b3bae5da879319b86,,,,,,241079699873202176
arbitrum,withdraw_final,495846537,1787061796000,0xcab230ad7dccbb6bbfed97410825d6a8f24ae0509d2c98da05db4f9029f09446,,,,,,241081383479410688
arbitrum,withdraw_final,495847024,1787061918000,0x3ba8a7835d0e943b17768af076d01ea0ff092dbc2261cfe819bd5903fea62de8,,,,,,241090806658629632
arbitrum,deposit,495849092,1787062135000,0xf23f77583fc8ebecd1c26ea0f3df20159df83a65017654d835896cf20c87897a,0x035688d24b039b86603dc12aa4342281a8940dc9,0x035688d24b039b86603dc12aa4342281a8940dc9,0xfd086bc7cd5c481dcc9c85ebe478a1c0b69fcbb9,100000000,2184,
arbitrum,deposit,495850930,1787062594000,0xcb0f98135e89b47853d1270057a207b4b24a0a016c79439302e405f04ecfe601,0x13ff886d3fad3ee028f2ae2b9c14fd34948a58d2,0x13ff886d3fad3ee028f2ae2b9c14fd34948a58d2,0xfd086bc7cd5c481dcc9c85ebe478a1c0b69fcbb9,50044322,2184,
arbitrum,withdraw_submit,495851424,1787062718000,0xe893a762754addd8f0112921825fda40f0cd2e8dcb2e40a61f9cf925c0743f5b,,0xccef861bab25549de5c8825ee3d553fb5304c636,0xfd086bc7cd5c481dcc9c85ebe478a1c0b69fcbb9,17000000,,241079699873202176
arbitrum,withdraw_submit,495851424,1787062718000,0xe893a762754addd8f0112921825fda40f0cd2e8dcb2e40a61f9cf925c0743f5b,,0x0fc4acb5ceb9f2c681bf4da557fc4040ea66aef1,0xfd086bc7cd5c481dcc9c85ebe478a1c0b69fcbb9,21000000,,241081383479410688
arbitrum,withdraw_submit,495851907,1787062839000,0x0d91e03d3f1f6f771c39172f8acdb54292a7728641300020ef5d91c852c843c9,,0xc28a6898db7672cb645c5665b3092900aa5391b6,0xfd086bc7cd5c481dcc9c85ebe478a1c0b69fcbb9,110224959,,241090806658629632
arbitrum,deposit,495852313,1787062940000,0xbd11f5431e9cd9c3935e897b89eb2eebe30bdbe389dfcfef3270f8de6d5e6c53,0xbb48553d0c9470eb429ba35acd350c4c242ee902,0xbb48553d0c9470eb429ba35acd350c4c242ee902,0xfd086bc7cd5c481dcc9c85ebe478a1c0b69fcbb9,2000000,2184,
arbitrum,withdraw_final,495852467,1787063278000,0xe71152d3dbcd155aa275714b5e249b9f608c3fcf02d8a2d91142dc3b60f64739,,,,,,241195114217603072
arbitrum,withdraw_final,495857011,1787064411000,0xf365388a8710a9287b8b3aa87089c475630d1273ddecc5c8863b5014882423ca,,,,,,241282611299745793
arbitrum,withdraw_submit,495857439,1787064218000,0x8ab9ea891346888d663ee46149b6d0c55311b28cc72ba8b14a0e19799747121e,,0xbb48553d0c9470eb429ba35acd350c4c242ee902,0xfd086bc7cd5c481dcc9c85ebe478a1c0b69fcbb9,1000000,,241195114217603072
arbitrum,deposit,495858379,1787064454000,0x47459cbd0e5709788faa5a8f994e3ca54337ea1cae44c73e58290b09bbfe2f76,0xccef861bab25549de5c8825ee3d553fb5304c636,0xccef861bab25549de5c8825ee3d553fb5304c636,0xfd086bc7cd5c481dcc9c85ebe478a1c0b69fcbb9,20000000,2184,
arbitrum,withdraw_final,495858695,1787064833000,0xfa102e9bcb60402c178061b043781a01a37baba29a93141c78959bf19427a33f,,,,,,241314978181677056
arbitrum,deposit,495860890,1787065082000,0x2aae1168ccaa99301faa1573e4ae47cd8f7c728724bfe0321ce532a449c5e8fb,0xe3ebc14237c2e4aba505d76fb90de857314abc67,0xe3ebc14237c2e4aba505d76fb90de857314abc67,0xfd086bc7cd5c481dcc9c85ebe478a1c0b69fcbb9,1000662240,2184,
arbitrum,withdraw_submit,495861994,1787065358000,0xa73e39c31866b07c62c4ddb720a4762874a165c959310a0df2b675f5c20c0021,,0xc2284095c532613fc543ba0effc8ee0b1af4820c,0xfd086bc7cd5c481dcc9c85ebe478a1c0b69fcbb9,999000000,,241282611299745793
arbitrum,withdraw_submit,495863669,1787065777000,0x3823ff511e9ed7dcf5a0de1b8249bc0b1e50de4c92b512825124dcbd70412f9e,,0xccef861bab25549de5c8825ee3d553fb5304c636,0xfd086bc7cd5c481dcc9c85ebe478a1c0b69fcbb9,19000000,,241314978181677056
arbitrum,deposit,495870695,1787067536000,0x4435371f3c62d79626f6ed4ca48d35717f8fa4c0728166cc938e3cb0f60f4eec,0x91de35516490371611bafa410581ac1ffe4265c4,0x91de35516490371611bafa410581ac1ffe4265c4,0xfd086bc7cd5c481dcc9c85ebe478a1c0b69fcbb9,50100000,2184,
arbitrum,deposit,495871626,1787067769000,0x2541a6d65de578133d3643cd0bfd9f7f0a4650756456d02745df0d4accd0ee4b,0x8da96589031bd02e4b89600d496d36c246df1458,0x8da96589031bd02e4b89600d496d36c246df1458,0xfd086bc7cd5c481dcc9c85ebe478a1c0b69fcbb9,96386517,2184,
arbitrum,withdraw_final,495873732,1787068596000,0xf3fc8f3469f93d85b0436fc5f28f106f1ab6a93575bbb6303508401b07aa54da,,,,,,241602526225367040
arbitrum,withdraw_submit,495878530,1787069498000,0x6a474547895f7814fe990109ded177524fa56830bd8f6eba1cd690d78f10a5f2,,0x13ff886d3fad3ee028f2ae2b9c14fd34948a58d2,0xfd086bc7cd5c481dcc9c85ebe478a1c0b69fcbb9,52658308,,241602526225367040
arbitrum,deposit,495896288,1787073947000,0x3b250ef017057aff15e71b5f50d81bdec270d7904631c87d55064a5a4e91cd56,0xafd0236999ccbb8d049fc39018d5da41d08c2eb1,0xafd0236999ccbb8d049fc39018d5da41d08c2eb1,0xfd086bc7cd5c481dcc9c85ebe478a1c0b69fcbb9,31426551,2184,
arbitrum,withdraw_final,495900627,1787075338000,0x674905ed3e550075a4abde6a7589ef1538d8ed41bc3dd3962bb1d844e492b130,,,,,,242101687328702464
arbitrum,withdraw_final,495903865,1787076151000,0xd3fd7b94a85b50c8fb1a28b42cab49a417fc7a63785d5fb3e0058377e8217069,,,,,,242158578478088192
arbitrum,withdraw_submit,495905569,1787076278000,0xf08f43c048b8d54bc9c0625ad5f5f659df413ced2de2ed43209262fccf9d62e1,,0xc3f01f6e61c0cedba21b6e22ea5a005e7b5ece03,0xfd086bc7cd5c481dcc9c85ebe478a1c0b69fcbb9,201000000,,242101687328702464
arbitrum,deposit,495907222,1787076692000,0x473a19cdc2a009c650a9e935f2fa225f13e5a437f784e188dbe4f09355030937,0x634ceaa5abf564a6eaddb1e9966a7f2932f27319,0x634ceaa5abf564a6eaddb1e9966a7f2932f27319,0xfd086bc7cd5c481dcc9c85ebe478a1c0b69fcbb9,15000000,2184,
arbitrum,withdraw_submit,495908676,1787077058000,0x19e9b191ddd02ddfbf228d01d05f0349868711e5a271b3cb1f21d0bd97fbd6f1,,0x9b022617980222a0602f4c8b75d17341f0fe1dc6,0xfd086bc7cd5c481dcc9c85ebe478a1c0b69fcbb9,649356486,,242158578478088192
arbitrum,deposit,495914997,1787078650000,0x9e7b3d595b719a8bba867338bbdfdd3abc4239b9c35753b863cfec9eb44d9eae,0xf2e4115727cd713de5de4d8c0a01944bb1904e42,0xf2e4115727cd713de5de4d8c0a01944bb1904e42,0xfd086bc7cd5c481dcc9c85ebe478a1c0b69fcbb9,15000000,2184,
arbitrum,deposit,495919462,1787079776000,0x60a6c0cb5cee06c480a77f894f06cd3abdc51339b5472b99f64793014cb56a61,0x0d1fb8bcc8b1ca63c56d1d5e5222ebd37c22f376,0x0d1fb8bcc8b1ca63c56d1d5e5222ebd37c22f376,0xfd086bc7cd5c481dcc9c85ebe478a1c0b69fcbb9,19900000,2184,
arbitrum,deposit,495921668,1787080332000,0x251889618a18987f6b5406ab58d7e770a177557871f7481a0523169c1691acc0,0x001ab5172aea79ecb23f093cdf01a6a29bff0599,0x001ab5172aea79ecb23f093cdf01a6a29bff0599,0xfd086bc7cd5c481dcc9c85ebe478a1c0b69fcbb9,5002531,2184,
arbitrum,withdraw_final,495923696,1787081143000,0x858ad055acf6d37b6e21cafddbecd6a1a3ef9c89bea64e3ffc9be0efd6290db7,,,,,,242514785864777728
arbitrum,withdraw_submit,495928667,1787082099000,0x6400cb820cdce9a685b76cb0612641950993187236370ec0e9ee0510d913f1d0,,0xafd0236999ccbb8d049fc39018d5da41d08c2eb1,0xfd086bc7cd5c481dcc9c85ebe478a1c0b69fcbb9,24428784,,242514785864777728
arbitrum,deposit,495934345,1787083535000,0xf352de50d7b7edb14ae9954e293e565f69683bcf928bd5031b379397d4f285a5,0x0d1fb8bcc8b1ca63c56d1d5e5222ebd37c22f376,0x0d1fb8bcc8b1ca63c56d1d5e5222ebd37c22f376,0xfd086bc7cd5c481dcc9c85ebe478a1c0b69fcbb9,1200000,2184,
arbitrum,deposit,495935181,1787083744000,0x981e3589fcc8204482f9e162d06c2f505505d24972859b9f7888e5811553d29f,0x72edf2dcd26e180847573079b5d0b3d640123ff4,0x72edf2dcd26e180847573079b5d0b3d640123ff4,0xfd086bc7cd5c481dcc9c85ebe478a1c0b69fcbb9,10170000,2184,
arbitrum,deposit,495935432,1787083807000,0xe5cc2c65b90797e4b4ed2196d0ca40435a9fd1a99cbc765f2008714831380985,0x15d5a358fda3adc05487c3c1aabfb6e4d6634013,0x15d5a358fda3adc05487c3c1aabfb6e4d6634013,0xfd086bc7cd5c481dcc9c85ebe478a1c0b69fcbb9,129944846,2184,
arbitrum,deposit,495938345,1787084539000,0x6186a8ff5ae256f1649a1d1190ceefa847267d56962ae36f7f1676ac59739a40,0xbb48553d0c9470eb429ba35acd350c4c242ee902,0xbb48553d0c9470eb429ba35acd350c4c242ee902,0xfd086bc7cd5c481dcc9c85ebe478a1c0b69fcbb9,2000000,2184,
arbitrum,withdraw_final,495938507,1787084880000,0x485536ebac19a86c0ca6c68adb8cfacb885ab6be40286eacd2389146a6a108b4,,,,,,242784569944702976
arbitrum,withdraw_submit,495943451,1787085818000,0xae46e01a5be15abd650f66d29e8caef8bc28e05d86b5854c25539a6122bef33d,,0xbb48553d0c9470eb429ba35acd350c4c242ee902,0xfd086bc7cd5c481dcc9c85ebe478a1c0b69fcbb9,1000000,,242784569944702976
arbitrum,deposit,495964017,1787091031000,0xb2968935ade0a26ec077a011f30dfebd89bec4ee932510174d8f56c0d633c082,0xbeaa5b3408dc9d7cb75288d523b4b4791647cb6d,0xbeaa5b3408dc9d7cb75288d523b4b4791647cb6d,0xfd086bc7cd5c481dcc9c85ebe478a1c0b69fcbb9,54705343,2184,
arbitrum,deposit,496023647,1787106139000,0x06d2c3e19408bf285fbb40237c3696dffdc09124f522578d899b46ef95eebd00,0xbb48553d0c9470eb429ba35acd350c4c242ee902,0xbb48553d0c9470eb429ba35acd350c4c242ee902,0xfd086bc7cd5c481dcc9c85ebe478a1c0b69fcbb9,2000000,2184,
arbitrum,withdraw_final,496023800,1787106478000,0x7f4ec0208f5cf9d922316c4588c1c7d21bae1ca6ea96c79f2a0b7ab9ccec77a7,,,,,,244334357353857024
arbitrum,deposit,496025999,1787106733000,0xfc0552538b1ee5e38f158c38ea709f11bd0da62be33f4aa2d7f57d1c9a8ab060,0x4df0df2d3780a192e4ee87cce6156c562904e940,0x4df0df2d3780a192e4ee87cce6156c562904e940,0xfd086bc7cd5c481dcc9c85ebe478a1c0b69fcbb9,17569534,2184,
arbitrum,withdraw_submit,496028738,1787107418000,0x8f3124db32eb60cff516cf231445316b89d9d2ecb023bd081a236bf0bf4391fc,,0xbb48553d0c9470eb429ba35acd350c4c242ee902,0xfd086bc7cd5c481dcc9c85ebe478a1c0b69fcbb9,1000000,,244334357353857024
arbitrum,deposit,496055325,1787114104000,0x80663909f4fe8ab4873489a653b4176b444ebb6f363f2d40983098ebd700bc14,0x3bcc29c7c56e1b06b969285de0db23bcc7038f5b,0x3bcc29c7c56e1b06b969285de0db23bcc7038f5b,0xfd086bc7cd5c481dcc9c85ebe478a1c0b69fcbb9,141049718,2184,
arbitrum,withdraw_final,496069956,1787118096000,0x57a4bc1656c97f9e5603e07e8f133abd0f96ef2f2fcd0a57adb1b3d147390781,,,,,,245168173718962176
arbitrum,deposit,496071639,1787118216000,0xa79e93c799ba45c389b9eb547df7f03dd33d148f96f6b017e563c0de23f1fada,0xe3ebc14237c2e4aba505d76fb90de857314abc67,0xe3ebc14237c2e4aba505d76fb90de857314abc67,0xfd086bc7cd5c481dcc9c85ebe478a1c0b69fcbb9,2000378808,2184,
arbitrum,deposit,496074345,1787118896000,0xf42ac3c69ffb43629446a10c6e2952681e7d7d8906931d755a02350b07cac9e5,0x4feb1eed50f5a9a404bdaa30152ccb4f0b844f8e,0x4feb1eed50f5a9a404bdaa30152ccb4f0b844f8e,0xfd086bc7cd5c481dcc9c85ebe478a1c0b69fcbb9,16620675,2184,
arbitrum,withdraw_submit,496074759,1787118998000,0x5067fbc56c3752cd32848b561bbde688ab00b69c7575df714431bf2cf0731203,,0xaad6624f5494066c96d1d0707106f1ad58fc1b63,0xfd086bc7cd5c481dcc9c85ebe478a1c0b69fcbb9,7467443,,245168173718962176
arbitrum,deposit,496076510,1787119440000,0xfafa2d5080fa10cd8dcdd11214ac665d99f04b9440f7b766412f2a71bf01d425,0x4c6119e99487badf7c981ddce8b4b66380724b5c,0x4c6119e99487badf7c981ddce8b4b66380724b5c,0xfd086bc7cd5c481dcc9c85ebe478a1c0b69fcbb9,149800000,2184,
arbitrum,withdraw_final,496083532,1787121503000,0x051eb4848a82f004740bd805138a628f398a82a3b31a010a73ab35d4e6fc8c04,,,,,,245418819412033536
arbitrum,withdraw_submit,496088371,1787122419000,0x32c513bff70bb89ef233bd8dfe93598481757c573b1e897ecadc045812a8d914,,0xaf3d75ac07863a715de23954aeb26f1ab1a6cac1,0xfd086bc7cd5c481dcc9c85ebe478a1c0b69fcbb9,347931873,,245418819412033536
arbitrum,withdraw_final,496103039,1787126409000,0xce94829cf93a6c1ea477d210311ce96e3563f969cf63bab35c0c154fca13692c,,,,,,245778273835941888
arbitrum,withdraw_submit,496107937,1787127338000,0xf3b68d1564978f758925c654a49074328aed35c2b51bd99ccdf938305ce4abc2,,0xf94ec925c42ae833f9eb61868ec29947e19a0046,0xfd086bc7cd5c481dcc9c85ebe478a1c0b69fcbb9,29000000,,245778273835941888
arbitrum,deposit,496109535,1787127739000,0x9d7296ddf43f267beea30b2d517db5e6a2cd454c3f83eab6c0f72091118c29de,0xbb48553d0c9470eb429ba35acd350c4c242ee902,0xbb48553d0c9470eb429ba35acd350c4c242ee902,0xfd086bc7cd5c481dcc9c85ebe478a1c0b69fcbb9,2000000,2184,
arbitrum,withdraw_final,496109670,1787128073000,0xe89d11fd42dde20a02a48d98384390d2d9736aab94fdc532d959df81314f4e60,,,,,,245902630302253056
arbitrum,withdraw_submit,496114631,1787129019000,0x05c6905d32fcb7bb32b685721b330273c03c64c0b09e9b64b02130a446e42622,,0xbb48553d0c9470eb429ba35acd350c4c242ee902,0xfd086bc7cd5c481dcc9c85ebe478a1c0b69fcbb9,1000000,,245902630302253056
arbitrum,deposit,496119306,1787130192000,0x67ab3ad6fb0f4ca6e3a95a0d8846ea39d69fb55165fed0f9bba4c0907245c782,0xc72814f93934eba9fe6c1466cdb281edae87c8dd,0xc72814f93934eba9fe6c1466cdb281edae87c8dd,0xfd086bc7cd5c481dcc9c85ebe478a1c0b69fcbb9,251000000,2184,
arbitrum,deposit,496121109,1787130649000,0x883783c3253aeedcc0625a5711b699f9012e24e6cebe645d0314a312ff962cc6,0x8ffc4b1ebd03282b7b1c0e233c22735c92eeff0a,0x8ffc4b1ebd03282b7b1c0e233c22735c92eeff0a,0xfd086bc7cd5c481dcc9c85ebe478a1c0b69fcbb9,8761864,2184,
arbitrum,deposit,496127048,1787132150000,0x4508f7ec3f2168f1af39733c75ae416e6ea5dcb0644489fd219a696f97343469,0x640f66bcdb9c843559740e6e839c4e47d379a656,0x640f66bcdb9c843559740e6e839c4e47d379a656,0xfd086bc7cd5c481dcc9c85ebe478a1c0b69fcbb9,30951627,2184,
arbitrum,deposit,496162377,1787141075000,0x0c6cbfe39f808d9b79930fe5e8c47ae6309c1e5363d1ffaabeb2d793f4295670,0xd9e077e066125d7c97d57241b4671bbe36c7a861,0xd9e077e066125d7c97d57241b4671bbe36c7a861,0xfd086bc7cd5c481dcc9c85ebe478a1c0b69fcbb9,1000000000,2184,
arbitrum,deposit,496173265,1787143809000,0x2456a3b42a9e804915c9a6c62fbd52480bd8878aaa7dc557abdef55359fbe136,0xd9e077e066125d7c97d57241b4671bbe36c7a861,0xd9e077e066125d7c97d57241b4671bbe36c7a861,0xfd086bc7cd5c481dcc9c85ebe478a1c0b69fcbb9,1000000000,2184,
arbitrum,deposit,496173539,1787143878000,0x268c17aebea8069ca24e61907d727af46ae9b7137e82ae2d034b5f54788e205a,0xd9e077e066125d7c97d57241b4671bbe36c7a861,0xd9e077e066125d7c97d57241b4671bbe36c7a861,0xfd086bc7cd5c481dcc9c85ebe478a1c0b69fcbb9,50000000,2184,
arbitrum,deposit,496179656,1787145409000,0x1d7a9e447d901ec1a5dca11a4f8a7eac64d7058e34a9ea179a0ba8fadbc53310,0xef9b88e4f22a790426a5c96538cf0af729e9dc28,0xef9b88e4f22a790426a5c96538cf0af729e9dc28,0xfd086bc7cd5c481dcc9c85ebe478a1c0b69fcbb9,1099900000,2184,
arbitrum,withdraw_final,496180358,1787145883000,0x5af2ac8362bf54ea54de9215c357eba798e3776e3e38e45ce770d017cee658e8,,,,,,247203919510372352
arbitrum,withdraw_submit,496185137,1787146778000,0x0993595752173fda872878b6cbb52d592a0614385297bc78b9a714b5428a53e0,,0xcd9869d32d6c405a704fb0e9714c239f8f80c0c6,0xfd086bc7cd5c481dcc9c85ebe478a1c0b69fcbb9,289343366,,247203919510372352
arbitrum,deposit,496185200,1787146794000,0x3477b0d054699da6c9943db78dded66a50980bcce2a8c37311b5c1b447b41b47,0xb0264f254c541080b7b7d61b147d8adbb5d30f4f,0xb0264f254c541080b7b7d61b147d8adbb5d30f4f,0xfd086bc7cd5c481dcc9c85ebe478a1c0b69fcbb9,252950000,2184,
arbitrum,deposit,496190632,1787148151000,0x4f67ec0a69bed4582fdc236d19d4ca8bced52977a650e4298628b8b66aac0620,0x1ef5de46f22a88a66d6b01d2ff6b721c6b5f3590,0x1ef5de46f22a88a66d6b01d2ff6b721c6b5f3590,0xfd086bc7cd5c481dcc9c85ebe478a1c0b69fcbb9,10000000,2184,
arbitrum,deposit,496195399,1787149340000,0xe5aa9a7499feb729437d2861725fe86cb15b816b364bc083bb63787dbbef3049,0xbb48553d0c9470eb429ba35acd350c4c242ee902,0xbb48553d0c9470eb429ba35acd350c4c242ee902,0xfd086bc7cd5c481dcc9c85ebe478a1c0b69fcbb9,2000000,2184,
arbitrum,withdraw_final,496195567,1787149682000,0xace3b30960c62be43e4a6deaa3d28e76fa548026fc2e87b9df36da73275c4f94,,,,,,247497145500827648
arbitrum,deposit,496196880,1787149709000,0x43ee62b1610553c14de1f9ba4d2a702a4a4b11333ce9c361b1d4b873e4b049c2,0x28439b5fc7621cd7ac5dfe0cdb85874990202c82,0x28439b5fc7621cd7ac5dfe0cdb85874990202c82,0xfd086bc7cd5c481dcc9c85ebe478a1c0b69fcbb9,75045644,2184,
arbitrum,withdraw_submit,496200518,1787150619000,0x361bbe15e7137c4faf9440ae310b9448aa034c1acc45eac40bf03f98629d3b53,,0xbb48553d0c9470eb429ba35acd350c4c242ee902,0xfd086bc7cd5c481dcc9c85ebe478a1c0b69fcbb9,1000000,,247497145500827648
arbitrum,deposit,496206193,1787152035000,0x8fef36aa47b74e3f22095ffe3405f18031d5bf7f92d1d4f9c1fc8168b39ed8cd,0x2fe5351af4562457228ee0a1520a1b76f11abeda,0x2fe5351af4562457228ee0a1520a1b76f11abeda,0xfd086bc7cd5c481dcc9c85ebe478a1c0b69fcbb9,300000000,2184,
arbitrum,withdraw_final,496206705,1787152463000,0xa6697dbacbd17e4c27635436dc7c98637fcac5ba1b7083bdc3312167adec0217,,,,,,247711756439257090
arbitrum,deposit,496210239,1787153043000,0x14fc05bc68368c261c68ebaaf8c5e8dee077d10f30f7612365f472f5a7fc7320,0x656c7e9fbea43bcd86b6bb06d00348f944839281,0x656c7e9fbea43bcd86b6bb06d00348f944839281,0xfd086bc7cd5c481dcc9c85ebe478a1c0b69fcbb9,50030871,2184,
arbitrum,withdraw_submit,496211584,1787153378000,0x1e9e1ff76bffd97c60c8d501a803d5725c5949c55dcbd31e7c8fc08b072051e7,,0x90a24afa7b8a922f1a9d6b3f8317c5e85c3b3695,0xfd086bc7cd5c481dcc9c85ebe478a1c0b69fcbb9,83009547,,247711756439257090
arbitrum,deposit,496217614,1787154875000,0x5ea31372e510f5f71cfcc92ecd448c2b512947ec8b49b67cd353547db86910c0,0x3959c404db1bcf6832c96b088f6bc818a82589c7,0x3959c404db1bcf6832c96b088f6bc818a82589c7,0xfd086bc7cd5c481dcc9c85ebe478a1c0b69fcbb9,182991811,2184,
arbitrum,withdraw_final,496217840,1787155232000,0x452f857ebc9f2307fcdb0e6c66c16b18ff6e2c234e951b0179c5af56d3fe232c,,,,,,247925912106958876
arbitrum,deposit,496218297,1787155045000,0xea739d91269ed8f89f0bb65c764a446eb60e077c73a74d5f98264b8f249694dc,0x82056acb7e17d05bb029823f402d6d74a43ac9cc,0x82056acb7e17d05bb029823f402d6d74a43ac9cc,0xfd086bc7cd5c481dcc9c85ebe478a1c0b69fcbb9,4000000000,2184,
arbitrum,withdraw_final,496221389,1787156119000,0x342c5f6a3224471044711035884e6db8c710fba7e7ec95592d4123d5a7a76151,,,,,,247994468374937610
arbitrum,deposit,496222218,1787156025000,0xba31950dead81ef3216b36c98cb2b1e9abc6d2e6990e858053962a3d7b87b69b,0x5b209340dc6b727f4a841b7b91eec5e9b13f7361,0x5b209340dc6b727f4a841b7b91eec5e9b13f7361,0xfd086bc7cd5c481dcc9c85ebe478a1c0b69fcbb9,499964734,2184,
arbitrum,deposit,496222650,1787156133000,0xf768cea6bea43b1db0b705d23fc4717dc4b948c71ad546e605337343427f84c2,0x5406cc5c5de54f075a101f2d38d31506aee3bb36,0x5406cc5c5de54f075a101f2d38d31506aee3bb36,0xfd086bc7cd5c481dcc9c85ebe478a1c0b69fcbb9,1000000000,2184,
arbitrum,withdraw_submit,496222671,1787156138000,0x8e918ae092038ef600a83069d54aae4c4cdb53a2f73bfbc64af87b84e38b32ca,,0xcd8e25d8348a3d1160c1436a83088b3d397a1c57,0xfd086bc7cd5c481dcc9c85ebe478a1c0b69fcbb9,49000000,,247925912106958876
arbitrum,withdraw_submit,496226286,1787157038000,0x36219afcc0f4f2001873bfea4715c27aa12cdd46308dd91da8713c919ae49f63,,0xa97f1bcaf2e93eab173ee006817d46c5f0f7299f,0xfd086bc7cd5c481dcc9c85ebe478a1c0b69fcbb9,799000000,,247994468374937610
arbitrum,deposit,496227959,1787157456000,0x1bd23212a389012f48f218ab4704d08977c6be1a3e349ecfe6276c4d7015ca01,0x21a02d86a23d1670153a98880ca2b2b79b6ac9d1,0x21a02d86a23d1670153a98880ca2b2b79b6ac9d1,0xfd086bc7cd5c481dcc9c85ebe478a1c0b69fcbb9,220400000,2184,
arbitrum,deposit,496232325,1787158542000,0xced9c8f4fd1f36baed03442036ce0bf4dd9c8d14883d34fb7aa948fc77efe0ef,0xddac165bfad488d34d5d7dcfcc20a0f40fce5cf5,0xddac165bfad488d34d5d7dcfcc20a0f40fce5cf5,0xfd086bc7cd5c481dcc9c85ebe478a1c0b69fcbb9,8664698,2184,
arbitrum,withdraw_final,496243898,1787161732000,0x56e44c397063a441dbef3e1e75807fe222bf0cd97136f6e7f4dd7c9529a6c160,,,,,,248427306563928064
arbitrum,deposit,496244457,1787161572000,0x483a33d23af0056b88f1197e96e7e426408f39c2510ad07df06bb893ca0ae1d0,0x66dc2cccd7fa6206617a8bdee3fb6dc21b848a3a,0x66dc2cccd7fa6206617a8bdee3fb6dc21b848a3a,0xfd086bc7cd5c481dcc9c85ebe478a1c0b69fcbb9,2893568010,2184,
arbitrum,withdraw_submit,496248858,1787162678000,0x8f8715cb7bbc2aa2817487bbf5762a565cdf879f573c8fcab638dcadcf36854b,,0x656c7e9fbea43bcd86b6bb06d00348f944839281,0xfd086bc7cd5c481dcc9c85ebe478a1c0b69fcbb9,9254546,,248427306563928064
arbitrum,deposit,496262050,1787165983000,0xe685127d86b4c86f2a947a9bd106b9fe82cf3ff9c0f81bc362024158d1ec1397,0x5dcbece6747b5debf58e5e1dda1776f9ddc0bd34,0x5dcbece6747b5debf58e5e1dda1776f9ddc0bd34,0xfd086bc7cd5c481dcc9c85ebe478a1c0b69fcbb9,2000000,2184,
arbitrum,deposit,496272750,1787168646000,0xa1f71c6648df66a76418d0e9906f2e3057af73c0bc60a1b26613b24e5795f2b6,0xd3e14d46ee219ff85174c076ddfbb7f99dd0f9b0,0xd3e14d46ee219ff85174c076ddfbb7f99dd0f9b0,0xfd086bc7cd5c481dcc9c85ebe478a1c0b69fcbb9,15916047,2184,
arbitrum,deposit,496275943,1787169441000,0x501ee6aaed8f427d963d5d4d95b222233eed96d98967303792b36391a00b4f69,0x3dc396ab8af60a37220f4565f430a85c3002d3fb,0x3dc396ab8af60a37220f4565f430a85c3002d3fb,0xfd086bc7cd5c481dcc9c85ebe478a1c0b69fcbb9,40000000,2184,
arbitrum,withdraw_final,496281553,1787171142000,0x32b795db3afd4eb0d6cb8bafce21c3133a26b7fdc9c2bf0cf6f5baa6c4a4bae1,,,,,,249146327059922944
arbitrum,deposit,496281942,1787170940000,0xd212e4e184da1a2376f2104a59e513ea04f6bbafc7cd53651739d416226f66e8,0xbb48553d0c9470eb429ba35acd350c4c242ee902,0xbb48553d0c9470eb429ba35acd350c4c242ee902,0xfd086bc7cd5c481dcc9c85ebe478a1c0b69fcbb9,2000000,2184,
arbitrum,withdraw_final,496282092,1787171277000,0xe05d3bc9e74bbf14313ae60ca6e0293bd46b8fd634a6eaef39362a32c0bea6c5,,,,,,249156652144525312
arbitrum,withdraw_submit,496286589,1787172098000,0x208c1e770af279b00c27f94e29740b60130f0f951466c1cc7428a5bb85acac65,,0x2c62f7ff1f4c652d0d256ddd50b102b7d04e33a6,0xfd086bc7cd5c481dcc9c85ebe478a1c0b69fcbb9,268059971,,249146327059922944
arbitrum,withdraw_submit,496287066,1787172218000,0x744f0915978eebdc9306c193ee15178c7f035ecc2cc555ca906d62a25b7b2085,,0xbb48553d0c9470eb429ba35acd350c4c242ee902,0xfd086bc7cd5c481dcc9c85ebe478a1c0b69fcbb9,1000000,,249156652144525312
arbitrum,withdraw_final,496295306,1787174572000,0x2da04b6405ea41c492e4c2d4df5f7794a2ba976cc74487b6711985282b358706,,,,,,249410029466157075
arbitrum,withdraw_submit,496300378,1787175518000,0x5a44cb9ca422a5722c3db585d3fce85116c8fa0d7b8f74d0850f2b9b941a0400,,0xcd8e25d8348a3d1160c1436a83088b3d397a1c57,0xfd086bc7cd5c481dcc9c85ebe478a1c0b69fcbb9,22000000,,249410029466157075
arbitrum,deposit,496303167,1787176211000,0x63c7692ea6b034c4ecaf22cd146f23c63e677b7c8d67d6ed977088aace9777c1,0xda4970bb1ccf005e32521dff87a884a186fc52d4,0xda4970bb1ccf005e32521dff87a884a186fc52d4,0xfd086bc7cd5c481dcc9c85ebe478a1c0b69fcbb9,52333651,2184,
arbitrum,deposit,496304379,1787176515000,0xfe5c1e77daddf1fc3c00391bf497271f24c03a8e831ca968c040d848638fe149,0x2162feb49e9efe2506de3273f4edabe09d36cbaf,0x2162feb49e9efe2506de3273f4edabe09d36cbaf,0xfd086bc7cd5c481dcc9c85ebe478a1c0b69fcbb9,30834371,2184,
arbitrum,deposit,496313082,1787178673000,0x82b6bd7914ac130761b7d13d8a07b2814bcbfbf44f31fb7004732bb7b561abc9,0x2e8bd20de6532c11f3640f146f68ff70fabad6ae,0x2e8bd20de6532c11f3640f146f68ff70fabad6ae,0xfd086bc7cd5c481dcc9c85ebe478a1c0b69fcbb9,199950000,2184,
arbitrum,deposit,496317296,1787179724000,0x51dbaecfdfe7eed74914a80f4e75d1da1e2bef97f8bc1e0c1120f1716571425e,0x3bcc29c7c56e1b06b969285de0db23bcc7038f5b,0x3bcc29c7c56e1b06b969285de0db23bcc7038f5b,0xfd086bc7cd5c481dcc9c85ebe478a1c0b69fcbb9,99899000,2184,
arbitrum,withdraw_final,496327525,1787182579000,0x960bac19ee3a3e131ff8fadad076ec53c8b8b154b88bc8b7bda20b915b3468f7,,,,,,250026322896617472
arbitrum,withdraw_submit,496332412,1787183498000,0x6a5dba3262ede3b09b023cba80ba06560ad2a133187e5ee1e70bbb7c6445ebc7,,0xef435ae15ed39e45b359aa7f9167aafaf0394e53,0xfd086bc7cd5c481dcc9c85ebe478a1c0b69fcbb9,113000000,,250026322896617472
arbitrum,withdraw_final,496334535,1787184329000,0x0848089327856827de0907735e6376c19be11a49b493cd2b36c447abc834a520,,,,,,250161829127389184
arbitrum,deposit,496337107,1787184670000,0x5d2db411c7b387a7b872f7c1c83dcc6b076d65048517d19c9b7004f87425fdd6,0xa0e7fb81ab940b2d9c73c01ca6e20af95a9509a2,0xa0e7fb81ab940b2d9c73c01ca6e20af95a9509a2,0xfd086bc7cd5c481dcc9c85ebe478a1c0b69fcbb9,59698824,2184,
arbitrum,withdraw_submit,496339393,1787185238000,0x40c635dad09c1be290f1595e3540b931af299216fd4aa40d53bfa4157a70bef0,,0x227fd2fd881cc6c99dfccc0fb40f2b1dc2f3f36e,0xfd086bc7cd5c481dcc9c85ebe478a1c0b69fcbb9,404000000,,250161829127389184
arbitrum,withdraw_final,496347214,1787187490000,0xfed94958def78db71a4daa3bbf66e5e0d7ff42214e913432d3062fc9a63f11bd,,,,,,250404563473924097
arbitrum,withdraw_final,496351990,1787188683000,0xea5163bd0f5acd3845a4f50314db9478a54b38c762c0dc7bccf4223c750e84da,,,,,,250496424251228160
arbitrum,withdraw_submit,496352130,1787188418000,0x6a2687341efeab09e3f667525a076e2225ec8e5f4fbf90eed72f190b933c90c6,,0xda1efa6fc801d6788cc785405610462f99ccb3e8,0xfd086bc7cd5c481dcc9c85ebe478a1c0b69fcbb9,798933096,,250404563473924097
arbitrum,withdraw_final,496352436,1787188794000,0x8300097dbdb89e0997af03d2830253d6532501ab85daa370274dbf030401487f,,,,,,250505014198403078
arbitrum,withdraw_final,496355903,1787189665000,0x737fff956a15106e073b903d9d91995ae3c2bba338648a62560d1799c42db8df,,,,,,250572247603871744
arbitrum,withdraw_submit,496356909,1787189618000,0xf5aabd1edc281d134bfba146ee361187bc09d06e31cca2002a2e43755aa030ee,,0x890b09a1e79849c0a5e101ffc3051ec50cdfcc94,0xfd086bc7cd5c481dcc9c85ebe478a1c0b69fcbb9,219458167,,250496424251228160
arbitrum,withdraw_submit,496357386,1787189738000,0x6656e3422dcc574a12d1ba09d3d64a7b7a3067fee4f205ce1e9d6d754f121de0,,0xa97f1bcaf2e93eab173ee006817d46c5f0f7299f,0xfd086bc7cd5c481dcc9c85ebe478a1c0b69fcbb9,549000000,,250505014198403078
arbitrum,deposit,496358058,1787189907000,0xbc59e9633cf1a45763f5c7b002d403dcf2365590f50d02fdfedfd23f21350c4c,0x2fe5351af4562457228ee0a1520a1b76f11abeda,0x2fe5351af4562457228ee0a1520a1b76f11abeda,0xfd086bc7cd5c481dcc9c85ebe478a1c0b69fcbb9,399592816,2184,
arbitrum,withdraw_submit,496360724,1787190579000,0x8ebf85ddd830d8b354684db633fc204817a1b9b20a4066cbf70d6ddbac3347c2,,0x7ff4f8fe1dbbba8dc27103359bf96e97a4d44114,0xfd086bc7cd5c481dcc9c85ebe478a1c0b69fcbb9,1776683367,,250572247603871744
arbitrum,deposit,496368507,1787192539000,0x0164bc18e26957a7debb04b5e66562adeb5ea53485f54d15ef5f66fc6fd89a0f,0xbb48553d0c9470eb429ba35acd350c4c242ee902,0xbb48553d0c9470eb429ba35acd350c4c242ee902,0xfd086bc7cd5c481dcc9c85ebe478a1c0b69fcbb9,2000000,2184,
arbitrum,withdraw_final,496368679,1787192883000,0xefb8d2707829e0eafc469a38aa2a40d7703e454db38e05d031d3fe2a56fc9bed,,,,,,250820410805846016
arbitrum,withdraw_submit,496373592,1787193818000,0x664913bb6b2d9a575b378a68d69ed46bec1abff5ef63db737d2710aa5eed2885,,0xbb48553d0c9470eb429ba35acd350c4c242ee902,0xfd086bc7cd5c481dcc9c85ebe478a1c0b69fcbb9,1000000,,250820410805846016
arbitrum,withdraw_final,496379701,1787195662000,0xda87056b5ba02c822069fa84ccae4842dffd8d498f4d30889d957f8ad8609125,,,,,,251033905044389888
arbitrum,withdraw_submit,496384550,1787196578000,0xfbbc9d815358528242aceebbb2bdb01ddb231e35040a68a242feb5c5a7c220b6,,0xad3b2e2113848c464266a0296c957668293cee33,0xfd086bc7cd5c481dcc9c85ebe478a1c0b69fcbb9,1000000,,251033905044389888
arbitrum,withdraw_final,496385574,1787197136000,0xc0a731d492d3a66c2bab7630f2e43cdecf7b64e1e401626cf137fbebb5aa3ce2,,,,,,251146862684274688
arbitrum,withdraw_final,496390169,1787198295000,0x4b3bc693b8fe232cbc6e30dbecb27e8773c41db95872225c91a2b65df9808bff,,,,,,251232865096826880
arbitrum,deposit,496390207,1787198005000,0x9a77f65b593f4152f0ba011e9970885d6c8adb3bd373d25e26a03300f76b1fd8,0x85e0a5b1418a44a2e5b53a9af536f6acebb3ece3,0x85e0a5b1418a44a2e5b53a9af536f6acebb3ece3,0xfd086bc7cd5c481dcc9c85ebe478a1c0b69fcbb9,186950000,2184,
arbitrum,deposit,496390240,1787198013000,0xce579cd253ac12fe0ada2eab1fbf683e7dd19eaf8c9e4dd45616abb827890891,0x016ab81738932d0a9fd016e34e18cebfcc0c3ce7,0x016ab81738932d0a9fd016e34e18cebfcc0c3ce7,0xfd086bc7cd5c481dcc9c85ebe478a1c0b69fcbb9,9850000,2184,
arbitrum,withdraw_submit,496390496,1787198078000,0x6941a41f0496b14c00854fe5ba1b31e8af422df98891403f293c5da5d552f496,,0xad3b2e2113848c464266a0296c957668293cee33,0xfd086bc7cd5c481dcc9c85ebe478a1c0b69fcbb9,98000000,,251146862684274688
arbitrum,withdraw_submit,496394984,1787199218000,0x2e862a4d5ea117d579795371d90bdef2f9f18dfc04aff0e6b7abe53c72e320ce,,0x14150ecb658f246091e58e9135a1612f2dd5eb10,0xfd086bc7cd5c481dcc9c85ebe478a1c0b69fcbb9,44662856,,251232865096826880
arbitrum,withdraw_final,496407150,1787202609000,0x0b54a80d522375af60061d0830bc053f7ed8b10e561d2bc63461b2c083dc5e45,,,,,,251547617501118464
arbitrum,deposit,496408878,1787202759000,0x5085b44ed2f900bc0e8697aa17e247e4c7e3df832395f2cc1c87f8c42372ad46,0x21a02d86a23d1670153a98880ca2b2b79b6ac9d1,0x21a02d86a23d1670153a98880ca2b2b79b6ac9d1,0xfd086bc7cd5c481dcc9c85ebe478a1c0b69fcbb9,226015717,2184,
arbitrum,deposit,496408925,1787202771000,0xce0a824b79a45d383499093f3b335a444e3b0c33fe0b2d7a1f6f2cb27cda08ef,0xe5de835405edc53a2f370b217aba4200abeda20a,0xe5de835405edc53a2f370b217aba4200abeda20a,0xfd086bc7cd5c481dcc9c85ebe478a1c0b69fcbb9,1776683367,2184,
arbitrum,withdraw_submit,496411937,1787203538000,0x8b60e3fbc9de9e74065bbc5ee225d6a6d14cc66ba8efeb624d0d75c91539c9f6,,0x673b582d031940b9f968705c20f66dec42fa7205,0xfd086bc7cd5c481dcc9c85ebe478a1c0b69fcbb9,349000000,,251547617501118464
arbitrum,withdraw_final,496432934,1787209137000,0x9a702ff2b40ed05c94edae809ba964600025842b96f78a880fe81b9e5311e1b0,,,,,,252038549434531840
arbitrum,withdraw_final,496434363,1787209500000,0xd41b34a189ef16e901f0231e24b04708bbcc455fd790c9f43ac3582b8b818903,,,,,,252065496071929856
arbitrum,deposit,496435532,1787209495000,0xb4c3566dc83f14def67f17b4f5e9422d4bcd0bdae426213260b6e038724b8ada,0xae264b17cbc88bd198c73882b4f8448db6ba86db,0xae264b17cbc88bd198c73882b4f8448db6ba86db,0xfd086bc7cd5c481dcc9c85ebe478a1c0b69fcbb9,11000000000000,2184,
arbitrum,deposit,496436075,1787209631000,0xa004e16990965c290ae31c52ed72bc31038f761366f1804da20bb1fdaa2c49ae,0xc7acf3f0c300b535a587c0665e7b854501efa88d,0xc7acf3f0c300b535a587c0665e7b854501efa88d,0xfd086bc7cd5c481dcc9c85ebe478a1c0b69fcbb9,171000000,2184,
arbitrum,withdraw_submit,496437853,1787210078000,0xf20ab84a7977c51dc09640cc786b6b2a832e7d871aa027a13b68d08800d3ebe9,,0xad3b2e2113848c464266a0296c957668293cee33,0xfd086bc7cd5c481dcc9c85ebe478a1c0b69fcbb9,699807646,,252038549434531840
arbitrum,withdraw_submit,496439281,1787210438000,0x85208209fe2cccb1ef21afded23119732dba0519fbeb9e7ff93c9bcdd08ed07c,,0x5fdc62e19a5bfdc1b56a7843bf378635eb362e6e,0xfd086bc7cd5c481dcc9c85ebe478a1c0b69fcbb9,3912230,,252065496071929856
arbitrum,withdraw_final,496441785,1787211366000,0xc86b074dd1a50e4193996d83ce882fe97061fd147e1080fe2b12b4536f9abd39,,,,,,252207126900899840
arbitrum,withdraw_submit,496446712,1787212298000,0x5c8e10cc99f971463cf8a5446de4448547d247b49a487d41ece95ede902f1cc0,,0xd32ead84df010ccef8195a4043e5fa10eb0da1eb,0xfd086bc7cd5c481dcc9c85ebe478a1c0b69fcbb9,30523678,,252207126900899840
arbitrum,withdraw_final,496450470,1787213541000,0xc4664b6fb33a1c65028463532cd2b0554b257debf2c416567431dc2cbe623fca,,,,,,252372861094723584
arbitrum,deposit,496451863,1787213589000,0x7dcea80a603ad0c4ce2c08edf9be0c427e67c9d7c35f210efcb6ce5908d02a5c,0x7ce5407e27850c34feb55614e508afc401922827,0x7ce5407e27850c34feb55614e508afc401922827,0xfd086bc7cd5c481dcc9c85ebe478a1c0b69fcbb9,106119299,2184,
arbitrum,deposit,496454067,1787214139000,0xc0263937f620943612a6d811db6caca298dfca8f3c0e252535f92584323ca54d,0xbb48553d0c9470eb429ba35acd350c4c242ee902,0xbb48553d0c9470eb429ba35acd350c4c242ee902,0xfd086bc7cd5c481dcc9c85ebe478a1c0b69fcbb9,2000000,2184,
arbitrum,withdraw_final,496454226,1787214479000,0x9e254d305ba31296e61a5ac26069fb4a0a9c904e7505512fab26c86a2e3ae26c,,,,,,252445102444642304
arbitrum,withdraw_submit,496455349,1787214458000,0xc87b4b847f298e22eb9a8aba9ad8980301b64b774231dd290e238042f27f583d,,0xc43019ae36ef98d4b7de5bf0ef5a5176114c8732,0xfd086bc7cd5c481dcc9c85ebe478a1c0b69fcbb9,63582410,,252372861094723584
arbitrum,deposit,496456205,1787214671000,0xb93e5c7fd1ed8ef6a4404ab8a50a2bc2e5652cadfd036567c3c1d743b6e53cae,0x90ae0d4bc22030f32a89d762daf4acbc379ca894,0x90ae0d4bc22030f32a89d762daf4acbc379ca894,0xfd086bc7cd5c481dcc9c85ebe478a1c0b69fcbb9,5216510,2184,
arbitrum,deposit,496456295,1787214693000,0x7b27841b0e96be267351a0bb860e372a53c513ecad8405c50584bb47c1a1277a,0x5ef99dda021f1bede1adb7f6d55a00bcb25e6a8a,0x5ef99dda021f1bede1adb7f6d55a00bcb25e6a8a,0xfd086bc7cd5c481dcc9c85ebe478a1c0b69fcbb9,200000000,2184,
arbitrum,withdraw_submit,496459203,1787215419000,0x860d8250333af5141f8ea5ab0e8845e87afe9fe215e9ca4ace2ae47def74cb39,,0xbb48553d0c9470eb429ba35acd350c4c242ee902,0xfd086bc7cd5c481dcc9c85ebe478a1c0b69fcbb9,1000000,,252445102444642304
arbitrum,deposit,496459930,1787215601000,0x6c25a6d05ccd69cfcc73e9409986a75bc5a8b9e04c340cce3a9ff3fee784f338,0xd32ead84df010ccef8195a4043e5fa10eb0da1eb,0xd32ead84df010ccef8195a4043e5fa10eb0da1eb,0xfd086bc7cd5c481dcc9c85ebe478a1c0b69fcbb9,30726685,2184,
arbitrum,withdraw_final,496472097,1787218940000,0x69caf02f47bd1c2bd83d7d922ed2ddc0c3b38cf79e67d616c5edab49b8380f32,,,,,,252789180885630993
arbitrum,withdraw_final,496472542,1787219052000,0xb09ef4168051592c8c085f43c7507c8b1ffedb1a08f3b3c530747346063dcc6a,,,,,,252797676318359552
arbitrum,deposit,496474640,1787219274000,0x8bdbd11523df0dc00b7bd04471477f5b648e2b996ebe04caa5017b48bc33c480,0x6394e2af51676e54649ce253f1c29e02be341f0f,0x6394e2af51676e54649ce253f1c29e02be341f0f,0xfd086bc7cd5c481dcc9c85ebe478a1c0b69fcbb9,8248500000,2184,
arbitrum,withdraw_submit,496476973,1787219858000,0xe8ad0273bafe11c8983f1ab91182050a10157a1ca6b84acc7264c560598998c4,,0xcd8e25d8348a3d1160c1436a83088b3d397a1c57,0xfd086bc7cd5c481dcc9c85ebe478a1c0b69fcbb9,12282447,,252789180885630993
arbitrum,withdraw_submit,496477458,1787219979000,0xcbda9ea6ea5310e2741a66f547e7f138deded21f9ef03eef333d675d0114c09f,,0x90ae0d4bc22030f32a89d762daf4acbc379ca894,0xfd086bc7cd5c481dcc9c85ebe478a1c0b69fcbb9,3267711,,252797676318359552
arbitrum,deposit,496486137,1787222150000,0xc165211aa2379a0d20a8f230881d45cd39e2cf364802a0d7d6cc76e313e43f89,0xaa24c6793c7c0ae99760fb29b78aaf9f6f864967,0xaa24c6793c7c0ae99760fb29b78aaf9f6f864967,0xfd086bc7cd5c481dcc9c85ebe478a1c0b69fcbb9,65652002,2184,
arbitrum,deposit,496499298,1787225426000,0xeda7f5370064684830bf2138b9bbc5dddc9224444d8e8353cbaa8a223574442c,0x6dac5862c24d706d5a5fc84e92e6012f2ff0798d,0x6dac5862c24d706d5a5fc84e92e6012f2ff0798d,0xfd086bc7cd5c481dcc9c85ebe478a1c0b69fcbb9,30000212,2184,
arbitrum,deposit,496499966,1787225594000,0xeda0ac7b3ebb9743fae3960c8cc00076f19e6f642e8d028e39e3e0a295e93417,0xea3d3622c89eb1a86c68f14e99b231358ec75cc3,0xea3d3622c89eb1a86c68f14e99b231358ec75cc3,0xfd086bc7cd5c481dcc9c85ebe478a1c0b69fcbb9,352350709,2184,
arbitrum,withdraw_final,496501367,1787226242000,0xf85e129199a56fa310999110179081da43fd9f77e5fed64d1d5c220e0160443f,,,,,,253346719171870720
arbitrum,withdraw_final,496503999,1787226897000,0x7bc66d7b4123f20524637239afa17cbff23495a03ac8d1c1a4addf2c9e2fdfc4,,,,,,253397339635449857
arbitrum,withdraw_submit,496506325,1787227178000,0x935e96a08ae7c2baf1a9a93942db14b336b37a74e98d60cba365d9fb29743335,,0xbeaa5b3408dc9d7cb75288d523b4b4791647cb6d,0xfd086bc7cd5c481dcc9c85ebe478a1c0b69fcbb9,11717812,,253346719171870720
arbitrum,withdraw_submit,496508975,1787227838000,0x033a45674ef7e25085c8ec14d61b4c8c0b1a028534c39c50f0fd0a8f13376b62,,0xc06944c639387e5bd8eaef31ea71a885ef940050,0xfd086bc7cd5c481dcc9c85ebe478a1c0b69fcbb9,34918712,,253397339635449857
arbitrum,withdraw_final,496528311,1787232967000,0x0a7aef23f75aa3a19bccfacc8ff79590a97f2aa204320483a69eb092508c29e1,,,,,,253863910522748928
arbitrum,deposit,496530259,1787233154000,0x11add59761fa16750b848c9b2f9648488a2be8f30aace5fb9b0ad65bd2cb940d,0xd4401ee091d58855c277d313a209586672f42979,0xd4401ee091d58855c277d313a209586672f42979,0xfd086bc7cd5c481dcc9c85ebe478a1c0b69fcbb9,2600000,2184,
arbitrum,deposit,496530446,1787233201000,0xe96b916a3f9e30d18b72a9240cc01942a85b65f7826eab03ffa319e1d0c84678,0xd4401ee091d58855c277d313a209586672f42979,0xd4401ee091d58855c277d313a209586672f42979,0xfd086bc7cd5c481dcc9c85ebe478a1c0b69fcbb9,2820777,2184,
arbitrum,withdraw_submit,496533249,1787233899000,0x0fa669fb24e7b83441b84920576e3f5fd06865b4630fdacc08cbd5f10d6a61c7,,0x9781fca9d80b90a1044ea39ed721026c6b50e928,0xfd086bc7cd5c481dcc9c85ebe478a1c0b69fcbb9,65000000,,253863910522748928
arbitrum,deposit,496533916,1787234066000,0x3c15aa4de338637b60d7aed010bd91fd2903bcac36ffd6dbd661207a3cbd9b30,0x4504678e3b3269ffb063ab0c31479abcd40430d1,0x4504678e3b3269ffb063ab0c31479abcd40430d1,0xfd086bc7cd5c481dcc9c85ebe478a1c0b69fcbb9,5000000,2184,
arbitrum,deposit,496540647,1787235740000,0x601368d7369524342a0539e0142b6f5dd6342eebffaf0a5a2ac909be3f46a40c,0xbb48553d0c9470eb429ba35acd350c4c242ee902,0xbb48553d0c9470eb429ba35acd350c4c242ee902,0xfd086bc7cd5c481dcc9c85ebe478a1c0b69fcbb9,2000000,2184,
arbitrum,withdraw_final,496540769,1787236071000,0xd1cd923a3f07da9c2d71c43c205f764d7ebbb50f8d0d4d056da95df123a42e3c,,,,,,254104188181544960
arbitrum,deposit,496542617,1787236232000,0x9afdefeac822a9b0a5467cb24858e008e0f475e32ea1e50fae01fb02411c85a4,0x4504678e3b3269ffb063ab0c31479abcd40430d1,0x4504678e3b3269ffb063ab0c31479abcd40430d1,0xfd086bc7cd5c481dcc9c85ebe478a1c0b69fcbb9,19985002,2184,
arbitrum,withdraw_submit,496545770,1787237018000,0x9eafe2eb3cd08b3d0f167df3e96e7da44d45733147911135412bb723445c621f,,0xbb48553d0c9470eb429ba35acd350c4c242ee902,0xfd086bc7cd5c481dcc9c85ebe478a1c0b69fcbb9,1000000,,254104188181544960
arbitrum,deposit,496550426,1787238180000,0xa4b59f1a3c195086c987f374edf934f12ff764886f0f13f031ace49f17baa4fa,0x011d78a3bf68b30021aef71de6dca8cd71f923c7,0x011d78a3bf68b30021aef71de6dca8cd71f923c7,0xfd086bc7cd5c481dcc9c85ebe478a1c0b69fcbb9,209950000,2184,
arbitrum,withdraw_final,496551706,1787238799000,0x9c86fe6a1806fc5de84f28822670e9feb9da81d2600abc4b1b4204e37c2ae303,,,,,,254314847754256384
arbitrum,deposit,496554192,1787239118000,0xe657f5f9c5b0368a0a509771dc099009986a04a8e42b7e8bd97532297e8c667e,0x00be0def9a7e059f9c86def376ecd67d556a61e3,0x00be0def9a7e059f9c86def376ecd67d556a61e3,0xfd086bc7cd5c481dcc9c85ebe478a1c0b69fcbb9,47213024,2184,
arbitrum,deposit,496555207,1787239371000,0x2b47728173ec691790db0606df07bb53712c6c7c8d9b8d32ef502472eadbc95e,0x57df44e484c568f752c0104af6ac8755a0b939fe,0x57df44e484c568f752c0104af6ac8755a0b939fe,0xfd086bc7cd5c481dcc9c85ebe478a1c0b69fcbb9,402014411,2184,
arbitrum,deposit,496555712,1787239497000,0x83ad59b3bf9073d427a5515edd80a1987c0bff3075fd464185d945d399cf7502,0x28439b5fc7621cd7ac5dfe0cdb85874990202c82,0x28439b5fc7621cd7ac5dfe0cdb85874990202c82,0xfd086bc7cd5c481dcc9c85ebe478a1c0b69fcbb9,75017062,2184,
arbitrum,withdraw_final,496555927,1787239849000,0x51ec87a385330f9b565a9bdbec5cc704e39bc80f4b09c3245baaeb882bff9a71,,,,,,254396056983306240
arbitrum,withdraw_submit,496556602,1787239718000,0xcf6f02d445defbb9e1fee0156689e0c6b41b7a1d988f5d568d06b4cdad6c38ef,,0x1b9826b1fe5397c0cb5455fbb8d7aa2d4e4b282e,0xfd086bc7cd5c481dcc9c85ebe478a1c0b69fcbb9,244670786,,254314847754256384
arbitrum,withdraw_final,496560629,1787241023000,0xd1f69a6f73ca9ca988557fb6c5e7b77342f49437e18c9c2df38a1869bab058f8,,,,,,254487067331919872
arbitrum,withdraw_submit,496560928,1787240798000,0x016b5502136d524f47ad4bdad875a2a870c54302fa2585b7309f4845a816e90a,,0xd32ead84df010ccef8195a4043e5fa10eb0da1eb,0xfd086bc7cd5c481dcc9c85ebe478a1c0b69fcbb9,30358255,,254396056983306240
arbitrum,deposit,496563434,1787241425000,0xb50f573078c3368c9c258c700bf85c67c8771a6c13cace6ffd5f8486cd88231f,0x1b9826b1fe5397c0cb5455fbb8d7aa2d4e4b282e,0x1b9826b1fe5397c0cb5455fbb8d7aa2d4e4b282e,0xfd086bc7cd5c481dcc9c85ebe478a1c0b69fcbb9,140000000,2184,
arbitrum,withdraw_submit,496565500,1787241938000,0xab98297c42480427f239b800b9d145a89b43740929df9cacab7f1491c25d3519,,0xa889de7195503cbed2a5ac2a7d091b220b382129,0xfd086bc7cd5c481dcc9c85ebe478a1c0b69fcbb9,199000000,,254487067331919872
arbitrum,withdraw_final,496567372,1787242706000,0xd2f21d2655c12dc9c93ef88d95a96f442a9eeeba364f25a6f5b91ee57974e3c3,,,,,,254617024473333760
arbitrum,deposit,496569514,1787242941000,0xf13fdacb40ce106f27b5ddff24e28c2ce6bc9b7ca5d7027e0a6a6f479a6b15e0,0xef9b88e4f22a790426a5c96538cf0af729e9dc28,0xef9b88e4f22a790426a5c96538cf0af729e9dc28,0xfd086bc7cd5c481dcc9c85ebe478a1c0b69fcbb9,1999900000,2184,
arbitrum,withdraw_final,496571534,1787243743000,0xc667e8701b02dec5e1edf44d4e1c1ddc36685a677c04cfade1e4554bb7159047,,,,,,254697194320297984
arbitrum,withdraw_submit,496572233,1787243618000,0x68679132345f5efdbfed3bce6c75d95d1d940e033161cef79ec47fdedcfd0ea8,,0x57df44e484c568f752c0104af6ac8755a0b939fe,0xfd086bc7cd5c481dcc9c85ebe478a1c0b69fcbb9,36000000,,254617024473333760
arbitrum,withdraw_submit,496576566,1787244698000,0x9698eb2aa8c62de579ff46745b81f2d52796efd288a7e37f90da4cf908336fd9,,0x00be0def9a7e059f9c86def376ecd67d556a61e3,0xfd086bc7cd5c481dcc9c85ebe478a1c0b69fcbb9,46204587,,254697194320297984
arbitrum,withdraw_final,496583558,1787246743000,0xa7308159163cc4cbf4358d1267abbce98dcfe9ec5da30653d61ba8ac68912765,,,,,,254929036667518976
arbitrum,deposit,496585626,1787246958000,0x9fedfc90560e94c7467a19f3a69eefab8c49f527a7c407b8379364b63a2f7672,0x7457fd965d22fb844d3e420494eefdb5df4b9a98,0x7457fd965d22fb844d3e420494eefdb5df4b9a98,0xfd086bc7cd5c481dcc9c85ebe478a1c0b69fcbb9,816489813,2184,
arbitrum,withdraw_submit,496588592,1787247698000,0x26141ec8c6acba0eee8a7b62d37859fe25d295137de4a19864243181caa94397,,0x1b9826b1fe5397c0cb5455fbb8d7aa2d4e4b282e,0xfd086bc7cd5c481dcc9c85ebe478a1c0b69fcbb9,122046432,,254929036667518976
arbitrum,deposit,496593605,1787248949000,0xf62c49596a4e78ef3d3456d6655b61db690088f5d166d7de7a7518f7ab356dfb,0xacef4063823d0374ec7f42ff9dba34ce2a26594b,0xacef4063823d0374ec7f42ff9dba34ce2a26594b,0xfd086bc7cd5c481dcc9c85ebe478a1c0b69fcbb9,5000218,2184,
arbitrum,deposit,496627179,1787257340000,0x53fc93f80fd8bfde07a99f8895c3525f3aacef1c5b4d32db4563926bce2887ef,0xbb48553d0c9470eb429ba35acd350c4c242ee902,0xbb48553d0c9470eb429ba35acd350c4c242ee902,0xfd086bc7cd5c481dcc9c85ebe478a1c0b69fcbb9,2000000,2184,
arbitrum,withdraw_final,496627339,1787257680000,0xa8c07c7457fe48627f623583b43caf36a275bc4904ed53ce4b5711637fdbfa6c,,,,,,255769106484035584
arbitrum,withdraw_submit,496632286,1787258618000,0x332e1dfc2184244fe89c4de38763d102722eb43428e400f048ca1e49b269a591,,0xbb48553d0c9470eb429ba35acd350c4c242ee902,0xfd086bc7cd5c481dcc9c85ebe478a1c0b69fcbb9,1000000,,255769106484035584
arbitrum,withdraw_final,496684902,1787272104000,0xa88c8f33603ff0c3cf2c2b0845b7536a52fb3635f033eb26a0e683ab56a1c41d,,,,,,256859005983391745
arbitrum,deposit,496685184,1787271875000,0x23a446aa852225fbecf3ebfa37c41fe8195c1dfb9859e77b3f1d17c84b8fec3e,0x5c3bf459209915a16b31660a6c728e701bc9d525,0x5c3bf459209915a16b31660a6c728e701bc9d525,0xfd086bc7cd5c481dcc9c85ebe478a1c0b69fcbb9,100010029,2184,
arbitrum,withdraw_submit,496689761,1787273018000,0x5b0a632ef64e1deb7af737544201036f64816f0c239b1dd50ecc65c2e4df04ed,,0x065db0a316efaa3c3edd7ee6db7ba2e19282f7e4,0xfd086bc7cd5c481dcc9c85ebe478a1c0b69fcbb9,527560669,,256859005983391745
arbitrum,withdraw_final,496706178,1787277424000,0xbafb93be23f434566c4e940be84b8a733f72b9916e48820ac2bf080299f95d79,,,,,,257269476016259072
arbitrum,deposit,496708185,1787277624000,0xb1ebdb5666b7d46611bd444804b12c52477ecb1e935cca38ad39cc60bc1db2b6,0xf37319cb7f984f803fd48453b25c0110f9ce89bc,0xf37319cb7f984f803fd48453b25c0110f9ce89bc,0xfd086bc7cd5c481dcc9c85ebe478a1c0b69fcbb9,100000000,2184,
arbitrum,withdraw_final,496711073,1787278645000,0x316b53974200ea6f22bc83c0760c98750cb5446431085b25a2946cbe84680fdd,,,,,,257363870799101952
arbitrum,withdraw_submit,496711126,1787278358000,0xdfc7ca5267e72c097c8a6fc785f0aca391ec98a4db2203d0a0749be302627c40,,0x4feb1eed50f5a9a404bdaa30152ccb4f0b844f8e,0xfd086bc7cd5c481dcc9c85ebe478a1c0b69fcbb9,20000000,,257269476016259072
arbitrum,deposit,496713453,1787278940000,0xf9aa076c0499931f26c48f42875b793ae9efe97a7203166dc84d840a66a7c055,0xbb48553d0c9470eb429ba35acd350c4c242ee902,0xbb48553d0c9470eb429ba35acd350c4c242ee902,0xfd086bc7cd5c481dcc9c85ebe478a1c0b69fcbb9,2000000,2184,
arbitrum,withdraw_final,496713620,1787279282000,0x62bef2d71d2715c6723d5e7a258496047d6ddcb244c29f9135c176d6f850daad,,,,,,257413005216579584
arbitrum,withdraw_submit,496715915,1787279558000,0x5c97b28d0c5f030aeb1e6a80d6ab72cb27462c36ae709848fa42c3c316f9b814,,0x8a53333222afa7c82c34b0f0e6653fcfe31f4104,0xfd086bc7cd5c481dcc9c85ebe478a1c0b69fcbb9,49268086,,257363870799101952
arbitrum,deposit,496716619,1787279735000,0x31092a2d3cb130ce8f80cecbeff4bd5614118ac7156086309b4df1bde2ea8eb1,0xbd9ab66e05a35823944a90ee9fa6cf73d03a8ddc,0xbd9ab66e05a35823944a90ee9fa6cf73d03a8ddc,0xfd086bc7cd5c481dcc9c85ebe478a1c0b69fcbb9,255092541,2184,
arbitrum,withdraw_final,496716651,1787280043000,0x25e64964a2e7d9d31edb686d5204bb252c92b0b8dc0303ba9405708fc4f8bdb0,,,,,,257471588587274240
arbitrum,deposit,496717469,1787279947000,0xa6dd7e7155402ff6da92797698d998bbaf5708df1b87846309d7d2fd8b6f26b5,0x2fe5351af4562457228ee0a1520a1b76f11abeda,0x2fe5351af4562457228ee0a1520a1b76f11abeda,0xfd086bc7cd5c481dcc9c85ebe478a1c0b69fcbb9,499507003,2184,
arbitrum,withdraw_submit,496718549,1787280218000,0x2e9ca07368cb8326b2a19624b6c2df95d9a61c99e6eb8a4cf1c950e44930e8f9,,0xbb48553d0c9470eb429ba35acd350c4c242ee902,0xfd086bc7cd5c481dcc9c85ebe478a1c0b69fcbb9,1000000,,257413005216579584
arbitrum,withdraw_submit,496721417,1787280938000,0xf437c7e2bdc107199a082b4a8c6f1c31264427119bbf2e58348bf08bc8701b69,,0x227fd2fd881cc6c99dfccc0fb40f2b1dc2f3f36e,0xfd086bc7cd5c481dcc9c85ebe478a1c0b69fcbb9,200000000,,257471588587274240
arbitrum,deposit,496728046,1787282600000,0xbcb53acd4bae681ce09b4c3d638140e421eb66aa1dc016bcf55e8905206e47bd,0x28439b5fc7621cd7ac5dfe0cdb85874990202c82,0x28439b5fc7621cd7ac5dfe0cdb85874990202c82,0xfd086bc7cd5c481dcc9c85ebe478a1c0b69fcbb9,76564926,2184,
arbitrum,withdraw_final,496731147,1787283679000,0x6d2fa1aadc1a867bf6e3aa993e0997b9aaafa615ea3b930ec5f5bf3f57d6d8f6,,,,,,257751783651147776
arbitrum,deposit,496735420,1787284454000,0x176592b82f855fdeb28fe68708a97b9252f232d5d4459abfdb27aa4d87c45cd4,0x81b51a5e808b8953ba51e21fdb6f7ea21af9cb75,0x81b51a5e808b8953ba51e21fdb6f7ea21af9cb75,0xfd086bc7cd5c481dcc9c85ebe478a1c0b69fcbb9,10000000,2184,
arbitrum,withdraw_submit,496735995,1787284599000,0xcad1a55baaf5078667c7bb63bcccd3d40525cb070d2d72eb0f615e75f097de1a,,0xaad6624f5494066c96d1d0707106f1ad58fc1b63,0xfd086bc7cd5c481dcc9c85ebe478a1c0b69fcbb9,4059666,,257751783651147776
arbitrum,deposit,496739711,1787285531000,0x9029a61218359cf4832ea5d4a652acdfb564fea38f50a077b6fdcf3657cdefa0,0x81b51a5e808b8953ba51e21fdb6f7ea21af9cb75,0x81b51a5e808b8953ba51e21fdb6f7ea21af9cb75,0xfd086bc7cd5c481dcc9c85ebe478a1c0b69fcbb9,39900000,2184,
arbitrum,withdraw_final,496741010,1787286160000,0x44e7a7b02a7f937f6dad9cb86f79a89b5aa8757de41fa6c146ab6388574f35e6,,,,,,257942359948394496
arbitrum,deposit,496741242,1787285918000,0xe18477db9f97d53eb25c72c31a385ec7df3788c1d394203b831f8cc4d0522019,0x721b8086d0e4a2d8f2126d262ad1806bf556cdb2,0x721b8086d0e4a2d8f2126d262ad1806bf556cdb2,0xfd086bc7cd5c481dcc9c85ebe478a1c0b69fcbb9,20900000,2184,
arbitrum,deposit,496745082,1787286886000,0x3297dc3e21eb7ad074fdd5ce67ad6f3db7a48d1f5327f2d3ae3a55a3e24ffb7d,0x092b0a30a66ec490d09719d28ae692f0586104e9,0x092b0a30a66ec490d09719d28ae692f0586104e9,0xfd086bc7cd5c481dcc9c85ebe478a1c0b69fcbb9,100000049,2184,
arbitrum,withdraw_submit,496745770,1787287059000,0x378ef8408f67d349ec25b3223d8c197bf75a199479ecf201f1b77d4023020361,,0x81b51a5e808b8953ba51e21fdb6f7ea21af9cb75,0xfd086bc7cd5c481dcc9c85ebe478a1c0b69fcbb9,44848323,,257942359948394496
arbitrum,deposit,496747885,1787287591000,0x8e9320db715fe4a8935aa58fb923057b57fbc115e1b962efb0d3cbff7d2eabec,0xf6307a42a0c717b18325f29901068aa2f5b72d29,0xf6307a42a0c717b18325f29901068aa2f5b72d29,0xfd086bc7cd5c481dcc9c85ebe478a1c0b69fcbb9,50000000,2184,
arbitrum,deposit,496748365,1787287712000,0xe3d0f69a173318f90ca0cd51d6ee6d7e36a8a2f85b9ddbba38eb450a1e9c936f,0xc9d11f6acf24703e880aa90a2c911b562f028fa7,0xc9d11f6acf24703e880aa90a2c911b562f028fa7,0xfd086bc7cd5c481dcc9c85ebe478a1c0b69fcbb9,50000000,2184,
arbitrum,withdraw_final,496749515,1787288300000,0x32575b05194a74b4aa20f1dbf660f0ecf2102c7cdb337c2f2c83e55dca919351,,,,,,258105946658570240
arbitrum,withdraw_submit,496754368,1787289218000,0x961da43836b1da0965b1e58efef6b086908a7cf1573b459a2a365bd2bbb1ede2,,0xc47892e6bfaa9e566a9e62dac5dd3f8d0195d42c,0xfd086bc7cd5c481dcc9c85ebe478a1c0b69fcbb9,1000313271,,258105946658570240
arbitrum,deposit,496755539,1787289511000,0x8dced396cb687c96ffa8f3d26010817b7ffa3a060777d57d1f6f31a920d91ee1,0xf37319cb7f984f803fd48453b25c0110f9ce89bc,0xf37319cb7f984f803fd48453b25c0110f9ce89bc,0xfd086bc7cd5c481dcc9c85ebe478a1c0b69fcbb9,200000000,2184,
arbitrum,deposit,496756056,1787289642000,0xa9e391df8bca19d1a9ab25e3a41decd3a7b21ed988e1bca5eb99284a6c95ff06,0x8ffc4b1ebd03282b7b1c0e233c22735c92eeff0a,0x8ffc4b1ebd03282b7b1c0e233c22735c92eeff0a,0xfd086bc7cd5c481dcc9c85ebe478a1c0b69fcbb9,85000000,2184,
arbitrum,deposit,496757597,1787290029000,0x6a268dfbff3e02ffacb52fc9903f079a3ad71217e6cecc5a45ebd3087d5e2687,0xc8b7245524d5c76390fe0f5ccdb109044e5e0031,0xc8b7245524d5c76390fe0f5ccdb109044e5e0031,0xfd086bc7cd5c481dcc9c85ebe478a1c0b69fcbb9,200080335,2184,
arbitrum,deposit,496761143,1787290920000,0xc7bc39c56b7feaf85255c7a615cdd89b55d876dbcb538fb28efc14208934d304,0x4504678e3b3269ffb063ab0c31479abcd40430d1,0x4504678e3b3269ffb063ab0c31479abcd40430d1,0xfd086bc7cd5c481dcc9c85ebe478a1c0b69fcbb9,50000000,2184,
arbitrum,deposit,496765728,1787292073000,0x6719e2a9573c64d34f665faadb07f604836de3417f585d018346927cb07970c8,0x461ab089b0ee4307229c8df46d627ab6a031fd71,0x461ab089b0ee4307229c8df46d627ab6a031fd71,0xfd086bc7cd5c481dcc9c85ebe478a1c0b69fcbb9,19905744,2184,
arbitrum,deposit,496766581,1787292286000,0x39e35f2c9b9239a7088a6f18ef36d22b49c096dd1aad2e350fb473bc3ab179a3,0x9e315c6d00180901e6b230f9a59f26f81675aab0,0x9e315c6d00180901e6b230f9a59f26f81675aab0,0xfd086bc7cd5c481dcc9c85ebe478a1c0b69fcbb9,14100000,2184,
arbitrum,deposit,496766882,1787292361000,0x097c46ade1ef74f84355d69a4311e2d93205dcc38ebb8c4e4b22820324bbcee5,0x59aeb2219bfb79a31ca892b0874ad574d8d42cc1,0x59aeb2219bfb79a31ca892b0874ad574d8d42cc1,0xfd086bc7cd5c481dcc9c85ebe478a1c0b69fcbb9,335950114,2184,
arbitrum,deposit,496770093,1787293163000,0x4cea5ad51c03bed1be128ae770f61146d643b0f2bb09112d697c28834e9c406f,0xa2342780e69011a9248d0e1c8375394d11402667,0xa2342780e69011a9248d0e1c8375394d11402667,0xfd086bc7cd5c481dcc9c85ebe478a1c0b69fcbb9,10000000,2184,
arbitrum,deposit,496778920,1787295365000,0xe432ca01020026dca00b69276882f7ca5f4866b31314de8b6d56ebcd23aa5988,0x21e08c04f29febce461be04789c1ee44d0e15da8,0x21e08c04f29febce461be04789c1ee44d0e15da8,0xfd086bc7cd5c481dcc9c85ebe478a1c0b69fcbb9,200010274,2184,
arbitrum,deposit,496779650,1787295548000,0x7b1934f62671fe9a3ea8827d8ad97cbec9b7fe2d572b53433dca6a9ac045f588,0x4df0df2d3780a192e4ee87cce6156c562904e940,0x4df0df2d3780a192e4ee87cce6156c562904e940,0xfd086bc7cd5c481dcc9c85ebe478a1c0b69fcbb9,36497106,2184,
arbitrum,deposit,496785470,1787296999000,0x414e5952effbe4b7bb7eea5a01d1437b8c0b92bbf7f7c666c2e01cb2c46c9ce4,0x21e08c04f29febce461be04789c1ee44d0e15da8,0x21e08c04f29febce461be04789c1ee44d0e15da8,0xfd086bc7cd5c481dcc9c85ebe478a1c0b69fcbb9,36303428,2184,
arbitrum,deposit,496790502,1787298250000,0x7558b30c0611bcf8a0cbdb3254eda5bf8eaf32fec3f90e7a6a1e78ef7a6ce4e2,0x3afa43a5ca284ddc5e4a9bdc7330e197630b2774,0x3afa43a5ca284ddc5e4a9bdc7330e197630b2774,0xfd086bc7cd5c481dcc9c85ebe478a1c0b69fcbb9,2000000,2184,
arbitrum,deposit,496791561,1787298513000,0x576bf08653e44f4ece8e8b76848f878c27e0a191c08bd39f661ab7c60d51bcdb,0x5c3bf459209915a16b31660a6c728e701bc9d525,0x5c3bf459209915a16b31660a6c728e701bc9d525,0xfd086bc7cd5c481dcc9c85ebe478a1c0b69fcbb9,99471827,2184,
arbitrum,deposit,496792208,1787298671000,0x4d63da6b0a5769b2fbf647fed517755d391a1e492fb00bd5bd9840ecb3de5c70,0x5d3b45dbbe95c75a58cf93d2b3804d2fdef5c3bf,0x5d3b45dbbe95c75a58cf93d2b3804d2fdef5c3bf,0xfd086bc7cd5c481dcc9c85ebe478a1c0b69fcbb9,991257409,2184,
arbitrum,deposit,496793045,1787298881000,0x07892be228413e8044836fd24e2b94ae09b10d2876fcbbf6f806bbcca8653ca3,0x905d2113f068b4c67c6045c2cb13dbea39a7f1d3,0x905d2113f068b4c67c6045c2cb13dbea39a7f1d3,0xfd086bc7cd5c481dcc9c85ebe478a1c0b69fcbb9,14885833,2184,
arbitrum,withdraw_final,496793434,1787299278000,0x0ea4eb2a40a45fa5735740a27c52ad12d7071c0fd01ea9bd7655325cedafd6df,,,,,,258952012266209280
arbitrum,deposit,496797003,1787299867000,0x40aa7588854bc2b1111423f973f611bd63e833356eae0dfa52148005ac9ca3aa,0x8eb2dc07be573675a3cecfb94b10a428742e7647,0x8eb2dc07be573675a3cecfb94b10a428742e7647,0xfd086bc7cd5c481dcc9c85ebe478a1c0b69fcbb9,6401174032,2184,
arbitrum,withdraw_final,496797510,1787300295000,0xd3c6aafe42c988195f241eba039e1b6366629a0af76dc242c8296944ceb2f1a3,,,,,,259030515691028512
arbitrum,withdraw_submit,496798327,1787300199000,0x354bfe5fb01f72c2e4677cb24ced0e91908f8a7709dcbdfeb0758feb559551d6,,0x3afa43a5ca284ddc5e4a9bdc7330e197630b2774,0xfd086bc7cd5c481dcc9c85ebe478a1c0b69fcbb9,1000000,,258952012266209280
arbitrum,deposit,496799691,1787300540000,0xb8b2e765153ca0238e9a52c1c2a33ae36936858cdcc2752823f6d68f59f0055f,0xbb48553d0c9470eb429ba35acd350c4c242ee902,0xbb48553d0c9470eb429ba35acd350c4c242ee902,0xfd086bc7cd5c481dcc9c85ebe478a1c0b69fcbb9,2000000,2184,
arbitrum,withdraw_final,496799865,1787300882000,0x7983bfe692ce7527781393013bd49dae0e04058e3cdadcadc5e956c5b0ee1b8a,,,,,,259076007963656192
arbitrum,withdraw_final,496801217,1787301221000,0xbd635b86c4e20ed31fd9db82e1154e283febed94b7a292ab1615854901b6f917,,,,,,259102267410481152
arbitrum,deposit,496801632,1787301023000,0x73dc9cb510b596b892bb7fff5d4e72fcbf4928ac7bab4587e32b8ff2622e1fc5,0xafd0236999ccbb8d049fc39018d5da41d08c2eb1,0xafd0236999ccbb8d049fc39018d5da41d08c2eb1,0xfd086bc7cd5c481dcc9c85ebe478a1c0b69fcbb9,40777246,2184,
arbitrum,withdraw_submit,496802412,1787301219000,0xcc93b50a339a9deab5bfef5b144c2e6b0281876729022bb8a1428f24b2a342be,,0xadb2cc3215c14960240ac2e8f62371e1382497ef,0xfd086bc7cd5c481dcc9c85ebe478a1c0b69fcbb9,2060608,,259030515691028512
arbitrum,deposit,496803402,1787301465000,0xeb2da57084e07618a93b8f57cccee8439242120c5c1f5f2cd9218904911262f0,0xf37319cb7f984f803fd48453b25c0110f9ce89bc,0xf37319cb7f984f803fd48453b25c0110f9ce89bc,0xfd086bc7cd5c481dcc9c85ebe478a1c0b69fcbb9,300000000,2184,
arbitrum,deposit,496803936,1787301599000,0x540b288088e1e2f0448cb9d88d240cf9fc751fbf1eb2ea954ca836cd44d12843,0xa0e7fb81ab940b2d9c73c01ca6e20af95a9509a2,0xa0e7fb81ab940b2d9c73c01ca6e20af95a9509a2,0xfd086bc7cd5c481dcc9c85ebe478a1c0b69fcbb9,49694839,2184,
arbitrum,withdraw_final,496803939,1787301899000,0x5772d6a276acd897eeb2844fd40193aeb6a6058ea3ff65a1aab120ae0077947e,,,,,,259154863575793664
arbitrum,withdraw_submit,496804822,1787301818000,0x3b326c42edc46eebfc6cb65fdc55d4151917aee4393d0a7489218772d29bae47,,0xbb48553d0c9470eb429ba35acd350c4c242ee902,0xfd086bc7cd5c481dcc9c85ebe478a1c0b69fcbb9,1000000,,259076007963656192
arbitrum,withdraw_submit,496806017,1787302118000,0xf90509c7d1115f2b0af96992d81690aa927cf0e60bd91ae434e65fbf15654459,,0x227fd2fd881cc6c99dfccc0fb40f2b1dc2f3f36e,0xfd086bc7cd5c481dcc9c85ebe478a1c0b69fcbb9,100000000,,259102267410481152
arbitrum,deposit,496807146,1787302399000,0x8c5e52f34b55a569af648ec9014583fce7012d33c92cecb272ba58dd42d601f1,0x3bcc29c7c56e1b06b969285de0db23bcc7038f5b,0x3bcc29c7c56e1b06b969285de0db23bcc7038f5b,0xfd086bc7cd5c481dcc9c85ebe478a1c0b69fcbb9,3594530,2184,
arbitrum,withdraw_final,496807940,1787302895000,0xeb589cc05d716b17251e943cf8156d7df7521a1630a94a024a9a446aab0c9d4c,,,,,,259231872322633729
arbitrum,withdraw_submit,496808910,1787302838000,0x22d25cd99034e32710292e9f330f3a898731f7783e2876e6f92cc16c014c3def,,0xb89f1700d37c31951727d22dbd535757a14ff2ed,0xfd086bc7cd5c481dcc9c85ebe478a1c0b69fcbb9,770218629,,259154863575793664
arbitrum,withdraw_final,496812399,1787304004000,0x976611659b02fbb81e3e79d6fb94d734294c5ba70467a0c499574894e4845fba,,,,,,259317660020375552
arbitrum,withdraw_submit,496812777,1787303798000,0xe8fb2cc2f9dfd449f0e1129025684a52447879829a3916b5687ddcca8ead99ad,,0xafd0236999ccbb8d049fc39018d5da41d08c2eb1,0xfd086bc7cd5c481dcc9c85ebe478a1c0b69fcbb9,26856604,,259231872322633729
arbitrum,deposit,496812820,1787303809000,0x10dc68eb6d80f86411fe53ea6d801fab7dd00269190c284b72857750ae8be498,0x2fe5351af4562457228ee0a1520a1b76f11abeda,0x2fe5351af4562457228ee0a1520a1b76f11abeda,0xfd086bc7cd5c481dcc9c85ebe478a1c0b69fcbb9,499338264,2184,
arbitrum,withdraw_final,496813535,1787304288000,0x241cef8ebf7e2f828d509d414abd42348561e75f541b377afe376f563fc01422,,,,,,259339512797200384
arbitrum,deposit,496814972,1787304345000,0x9b942e1c825ffa742315b8dc37748a2d23c229f9dd5552f30eb523c9214546aa,0x28439b5fc7621cd7ac5dfe0cdb85874990202c82,0x28439b5fc7621cd7ac5dfe0cdb85874990202c82,0xfd086bc7cd5c481dcc9c85ebe478a1c0b69fcbb9,78017613,2184,
arbitrum,withdraw_submit,496817352,1787304938000,0x99996d7bfd89e7e7bb888a3373582cbb520a3d7907752c606c3612b48db0d7a3,,0x3c729aefecf454ba7670b1bfabbdab5cae5a143e,0xfd086bc7cd5c481dcc9c85ebe478a1c0b69fcbb9,7980000,,259317660020375552
arbitrum,withdraw_submit,496818553,1787305238000,0x21731816787cb1af3175f1534b6c8c775c0ecc27c24fddfa7cbadf2af0582e2a,,0xacd857ecafdca75adb12009fd27648a01e3f103a,0xfd086bc7cd5c481dcc9c85ebe478a1c0b69fcbb9,788461918,,259339512797200384
arbitrum,deposit,496820714,1787305778000,0x182486e40f45ee0320fba44479e39b6fce087238ee60f5d0b8d2c10f7c0c6663,0xef9b88e4f22a790426a5c96538cf0af729e9dc28,0xef9b88e4f22a790426a5c96538cf0af729e9dc28,0xfd086bc7cd5c481dcc9c85ebe478a1c0b69fcbb9,1999900000,2184,
arbitrum,deposit,496828879,1787307818000,0xe2bfefa648eb9365e2a510eb4b6e6fa30a3d5c2cdc773ae699f2c18c1b822c00,0xd5cd3abec638f5718130d1403ff0fde32e9ae9a9,0xd5cd3abec638f5718130d1403ff0fde32e9ae9a9,0xfd086bc7cd5c481dcc9c85ebe478a1c0b69fcbb9,18000547,2184,
arbitrum,deposit,496843753,1787311535000,0x89758fab9a951d1218e8c327844dc3d9bdc21326bf88687a6b764e7792160558,0x3d5a090a24cfba794e734142d95a66d738ac784b,0x3d5a090a24cfba794e734142d95a66d738ac784b,0xfd086bc7cd5c481dcc9c85ebe478a1c0b69fcbb9,5500000,2184,
arbitrum,withdraw_final,496845049,1787312160000,0x91e27992dbe7f6f94ce876c394a35a684ebb2275e86cf8f143dd13a18ac08252,,,,,,259947929278611456
arbitrum,deposit,496846648,1787312259000,0x5320b7617581fb79ce7579e4eb21ea43e9b4c9d618f36dc07391179db540d9e4,0xc8f5cfc5f2f1e4e2edbcb63736bfa0c54e98774b,0xc8f5cfc5f2f1e4e2edbcb63736bfa0c54e98774b,0xfd086bc7cd5c481dcc9c85ebe478a1c0b69fcbb9,299900000,2184,
arbitrum,withdraw_final,496849717,1787313325000,0x79d85e140de61d515053cda290c2d9f321cafb7d21b792c08125f0a548ab768e,,,,,,260037745634705409
arbitrum,withdraw_submit,496850008,1787313098000,0x3e70af159356e0fbd4562dbecb90f2f2bb96db6fbab34323d9be731b35db359a,,0x47412a9e7ea44077288b565d93bfce544abc4f4b,0xfd086bc7cd5c481dcc9c85ebe478a1c0b69fcbb9,78000000,,259947929278611456
arbitrum,deposit,496851030,1787313353000,0xddac613de670bcbdfb878766c9cba4b91a747c0ae7165c78913dd59f1cf18e6c,0xac0d2e1e1826e894e64e85bf927b713a8da989a8,0xac0d2e1e1826e894e64e85bf927b713a8da989a8,0xfd086bc7cd5c481dcc9c85ebe478a1c0b69fcbb9,990943060,2184,
arbitrum,deposit,496851598,1787313495000,0x72bf6dc04968eb6295ad4e1f1434f61aa782af29bfb708b6c813bdc4cd653c49,0xe33af3a510ffaa05895f325c5798a45bc5995fdc,0xe33af3a510ffaa05895f325c5798a45bc5995fdc,0xfd086bc7cd5c481dcc9c85ebe478a1c0b69fcbb9,970668009,2184,
arbitrum,withdraw_submit,496854574,1787314238000,0xccd6a18d70f3dff0afe8c0b6a564f3144ae2b8836eb630f1fa23e18f1225473d,,0xef435ae15ed39e45b359aa7f9167aafaf0394e53,0xfd086bc7cd5c481dcc9c85ebe478a1c0b69fcbb9,78000000,,260037745634705409
arbitrum,withdraw_final,496857680,1787315315000,0xedbfb461b8d7194aba00f1d75b9d2fc37488eae0dab93ecea26c90d20a913d97,,,,,,260191299313860608
arbitrum,deposit,496860741,1787315780000,0x63cdba3788e1cb09e7ef972bb42b944ea5183900de65dfa9765445c9a0cfe90a,0xa16321dbdbc43d8e3cd9d60cb7a2174a033faabe,0xa16321dbdbc43d8e3cd9d60cb7a2174a033faabe,0xfd086bc7cd5c481dcc9c85ebe478a1c0b69fcbb9,5000804237,2184,
arbitrum,withdraw_submit,496862494,1787316219000,0x0c45503aa746403893b01f7832037c52b7ffa798f05e73ebcc132c822942920b,,0xe30b0c11971bca0760fb433ff30d58c6c501a57d,0xfd086bc7cd5c481dcc9c85ebe478a1c0b69fcbb9,109343872,,260191299313860608
arbitrum,deposit,496866384,1787317191000,0xcfb7dd39fd9fce16306de20642e7bdce60233a16d6da54f06b5b3da2bb1970b3,0x7d82d044ab489727ec0700ddefdc9ffd528a4f3a,0x7d82d044ab489727ec0700ddefdc9ffd528a4f3a,0xfd086bc7cd5c481dcc9c85ebe478a1c0b69fcbb9,300000000,2184,
arbitrum,deposit,496869802,1787318045000,0x3fcfc98e2a54601f6288c21dff674066f36f0ce66c1042c4f3f525a3004b827b,0x0408a73d96abbf9c8a745f763805d58315997074,0x0408a73d96abbf9c8a745f763805d58315997074,0xfd086bc7cd5c481dcc9c85ebe478a1c0b69fcbb9,300000000,2184,
arbitrum,deposit,496881600,1787320970000,0x2b045597df14f4d52cc14926b4a9939bbb169cfd6e525c271ae97bc39c4c81d2,0x5fddcafcfe56c72e8b3d259395955851b5b21ef2,0x5fddcafcfe56c72e8b3d259395955851b5b21ef2,0xfd086bc7cd5c481dcc9c85ebe478a1c0b69fcbb9,99872667,2184,
arbitrum,deposit,496886301,1787322140000,0xdad4428336fcccec2492ee6ee607222d253ad7478a4a6f5bd4555a4e58114b28,0xbb48553d0c9470eb429ba35acd350c4c242ee902,0xbb48553d0c9470eb429ba35acd350c4c242ee902,0xfd086bc7cd5c481dcc9c85ebe478a1c0b69fcbb9,2000000,2184,
arbitrum,withdraw_final,496886467,1787322482000,0x5055b6386884e20ecd8b558319eebd1ec866312af3d3b2c418379dc711b4e4b3,,,,,,260745264183115776
arbitrum,withdraw_final,496888443,1787322976000,0x47ea02b2d2df06f22b63ce0004a7f0e29aae544dc3f5831f13d5a398da9df7b6,,,,,,260783609651134464
arbitrum,withdraw_submit,496891425,1787323419000,0x8a4b15f49fa9e34cb8a139d26491b610ad5eb718cb4639b36c817464136a170d,,0xbb48553d0c9470eb429ba35acd350c4c242ee902,0xfd086bc7cd5c481dcc9c85ebe478a1c0b69fcbb9,1000000,,260745264183115776
arbitrum,withdraw_submit,496893341,1787323898000,0xc5d90552c3f8ff1603ea0f3c76eacf97bac744d5fedeefb59f7d3f244a8f6d2a,,0x5fddcafcfe56c72e8b3d259395955851b5b21ef2,0xfd086bc7cd5c481dcc9c85ebe478a1c0b69fcbb9,95813683,,260783609651134464
arbitrum,deposit,496898416,1787325167000,0xaac966f3bb3fc38fa9bc87af848485927f8c474887fc2835ae139e6903d5da45,0x8a722b91385dd9eeeedeeaf21aeb3acac40dc623,0x8a722b91385dd9eeeedeeaf21aeb3acac40dc623,0xfd086bc7cd5c481dcc9c85ebe478a1c0b69fcbb9,48815655,2184,
arbitrum,deposit,496904133,1787326594000,0xf840db5bef5bccddd4f2ad50c6f7a52053ba5404a354e19cc5b1e9e363317f0e,0xf0c6c094c179e69e8a587fdc99e4ed4bcdf3874e,0xf0c6c094c179e69e8a587fdc99e4ed4bcdf3874e,0xfd086bc7cd5c481dcc9c85ebe478a1c0b69fcbb9,249900808,2184,
arbitrum,deposit,496904901,1787326786000,0x1256afc14ad92a027a0c914fa758884e832f7c7fef52c3f011339a650e8f5a1f,0x7457fd965d22fb844d3e420494eefdb5df4b9a98,0x7457fd965d22fb844d3e420494eefdb5df4b9a98,0xfd086bc7cd5c481dcc9c85ebe478a1c0b69fcbb9,1212556231,2184,
arbitrum,withdraw_final,496905008,1787327113000,0xdbc4bba3bbf09235e8ed02a71f130309959c77811fd407c5c6a3ab99be2bed8a,,,,,,261103885354008576
arbitrum,withdraw_submit,496909907,1787328038000,0xa95f948b81a62d067d8d59ace71455e7fcd1f664afedb104e3907d20d9265da2,,0x375b7f401f39cc4df8e28649d8abb8d4355d4cd8,0xfd086bc7cd5c481dcc9c85ebe478a1c0b69fcbb9,5881398056,,261103885354008576
arbitrum,deposit,496913250,1787328874000,0x5b3e7cebabd12b55c99f518f1cc944f7a3c96dd75593e4d133397f21ee5787f2,0xef9b88e4f22a790426a5c96538cf0af729e9dc28,0xef9b88e4f22a790426a5c96538cf0af729e9dc28,0xfd086bc7cd5c481dcc9c85ebe478a1c0b69fcbb9,1199900000,2184,
arbitrum,withdraw_final,496913763,1787329301000,0x676c743edd24f7f829614c5aff65801adeb0d7d8d638f073fdf6e3663c29bc84,,,,,,261273399152607259
arbitrum,withdraw_final,496915196,1787329661000,0x7004e07890056d489a9e753d4ddca855936f88e595333e25f18d760212beac08,,,,,,261301393728471040
arbitrum,withdraw_submit,496918550,1787330198000,0x21dbd56f7d1c0f5df87e974474ad72e8aa9666486e5f88a080eab940f7cc9e2d,,0x314a8fdb917489f4ea856d37ebbe05902b00811f,0xfd086bc7cd5c481dcc9c85ebe478a1c0b69fcbb9,724000000,,261273399152607259
arbitrum,withdraw_submit,496920227,1787330618000,0x6c03f6a2128213d4f1a675e2c0dbd4067623f7f008b983ade7c5085537b7d637,,0xf33f77557096cdc380ef7cfb6e3aa7850059ec5a,0xfd086bc7cd5c481dcc9c85ebe478a1c0b69fcbb9,709000000,,261301393728471040
arbitrum,deposit,496933185,1787333859000,0x12ba2218386de49e2e27e072e0b45de902f57e6a7e4903a83ef8c9071dce6d03,0xff19577461e1ce8b69b5ae4d838240156584faf6,0xff19577461e1ce8b69b5ae4d838240156584faf6,0xfd086bc7cd5c481dcc9c85ebe478a1c0b69fcbb9,998798720,2184,
arbitrum,deposit,496937109,1787334839000,0xafc32f48ba2e3cece0b16073fdb20428949071caf40542115dbff8048b14f85a,0x9e5880a24c228b3235a0965e345dafd84e5c4428,0x9e5880a24c228b3235a0965e345dafd84e5c4428,0xfd086bc7cd5c481dcc9c85ebe478a1c0b69fcbb9,20103615,2184,
arbitrum,withdraw_final,496951819,1787338818000,0xf2b5b15efe2599dc3ba74ecca11ea75b8b201ad79f7c5211a0d839ec79b024af,,,,,,262007769815580672
arbitrum,deposit,496952278,1787338632000,0x3c88a4b528799f86b4a8fed10edbe9136e023907672d9f4aec1051a503a37f7e,0x07574ab970031e85c3ab756e77cc13ee23616ceb,0x07574ab970031e85c3ab756e77cc13ee23616ceb,0xfd086bc7cd5c481dcc9c85ebe478a1c0b69fcbb9,349179448,2184,
arbitrum,withdraw_submit,496956694,1787339738000,0xca2bd726030dcce002d99c364c14b50fc2e3048928bda3b2e3c37c1dd4b28ac8,,0x59aeb2219bfb79a31ca892b0874ad574d8d42cc1,0xfd086bc7cd5c481dcc9c85ebe478a1c0b69fcbb9,52855760,,262007769815580672
arbitrum,withdraw_final,496962840,1787341581000,0x5fde9a3030b75733dc545454a4e5023a614101f30374f24c704e83b6f7c0b4d2,,,,,,262219700677640192
arbitrum,withdraw_submit,496967695,1787342498000,0xa2a03eed586f99ceafcfbc45bb9f6368c4e34026e9d80f2102f73698fe1a213a,,0x2b5630863a352d720633ef11f095f24072c41760,0xfd086bc7cd5c481dcc9c85ebe478a1c0b69fcbb9,117862334,,262219700677640192
arbitrum,deposit,496969155,1787342863000,0x89060afc3eb82841a19d09a00a7686bb6bcab1bb77e7387a65f04ffd335c9cf3,0x9f8bce2287a497ca9b9aadd17d02f66a5e520166,0x9f8bce2287a497ca9b9aadd17d02f66a5e520166,0xfd086bc7cd5c481dcc9c85ebe478a1c0b69fcbb9,25975098,2184,
arbitrum,deposit,496972661,1787343740000,0x6fc8bb7943c7621a8e658aa991487901c4fc70f3d654208551fabf9c22b2fd71,0xbb48553d0c9470eb429ba35acd350c4c242ee902,0xbb48553d0c9470eb429ba35acd350c4c242ee902,0xfd086bc7cd5c481dcc9c85ebe478a1c0b69fcbb9,2000000,2184,
arbitrum,withdraw_final,496972783,1787344071000,0xe5441f435c402c2c7df5f616aadd2464191d182dd8301d9dca1a2bf3f602961b,,,,,,262410715061551104
arbitrum,withdraw_final,496974767,1787344567000,0x0a2268856f784ba18fa7d1faedd5287bbc4b4947442ef0cb3575515acc502b2e,,,,,,262448905931718684
arbitrum,withdraw_submit,496977774,1787345018000,0xecd9ff2064e5b2ba07491609d79e006f3e613080a21c9181ca1130231b5602f4,,0xbb48553d0c9470eb429ba35acd350c4c242ee902,0xfd086bc7cd5c481dcc9c85ebe478a1c0b69fcbb9,1000000,,262410715061551104
arbitrum,withdraw_submit,496979682,1787345497000,0xb1d97c81cca92cc8bbc6d25a4973bfe156fb45b082f83cb96ff6c5bbbcc670b1,,0x8eb2dc07be573675a3cecfb94b10a428742e7647,0xfd086bc7cd5c481dcc9c85ebe478a1c0b69fcbb9,6156922570,,262448905931718684
arbitrum,deposit,496996571,1787349719000,0xe6843a58188a2c42c7542943de482f29acbe6d9fc95e791211ba443fe0637697,0x37bc58c0cf70402fa02b0144999d8dc43aef239c,0x37bc58c0cf70402fa02b0144999d8dc43aef239c,0xfd086bc7cd5c481dcc9c85ebe478a1c0b69fcbb9,19630873,2184,
arbitrum,withdraw_final,497001884,1787351343000,0xf538c1ca42b308c0cc93b13eb1a47a729d7f83764562c67377162246cd1f7a90,,,,,,262970744445599744
arbitrum,withdraw_submit,497006843,1787352281000,0xf3b751523509667b011ac3e42efe00f72170d69f866eabc66a2106146cdf8443,,0x37bc58c0cf70402fa02b0144999d8dc43aef239c,0xfd086bc7cd5c481dcc9c85ebe478a1c0b69fcbb9,19334876,,262970744445599744
arbitrum,deposit,497006983,1787352317000,0xf5f13b06928ffebd454a84a89766d7538b2c9dd117b82628ef0e2132bb79934b,0xafd0236999ccbb8d049fc39018d5da41d08c2eb1,0xafd0236999ccbb8d049fc39018d5da41d08c2eb1,0xfd086bc7cd5c481dcc9c85ebe478a1c0b69fcbb9,159393367,2184,
arbitrum,withdraw_final,497009934,1787353354000,0xa6c30e732782194913a8e01dc6558d500a397fcad156e0f7efe8c19f80e998b1,,,,,,263125655313448960
arbitrum,withdraw_submit,497014751,1787354258000,0x7ac36887f9683a0ab789cfa1c1679b1743371e1bdaec8ab58566f666eabd7566,,0xafd0236999ccbb8d049fc39018d5da41d08c2eb1,0xfd086bc7cd5c481dcc9c85ebe478a1c0b69fcbb9,160526424,,263125655313448960
arbitrum,withdraw_final,497017955,1787355360000,0xca4c3a87b86945f157d199c8f295a73692b2c23d102ad38cdd28e9e0cb20e1fe,,,,,,263280403006095360
arbitrum,deposit,497018513,1787355199000,0xa36a3ac9242b9cb6d57fb27371b80e871bb94219c54ce4d32992320fdc9bc087,0x3bcc29c7c56e1b06b969285de0db23bcc7038f5b,0x3bcc29c7c56e1b06b969285de0db23bcc7038f5b,0xfd086bc7cd5c481dcc9c85ebe478a1c0b69fcbb9,49950000,2184,
arbitrum,withdraw_submit,497022908,1787356298000,0xa4471b6c65201fcdd1e49be24681671ef235df462cdaecbac041da56b0023204,,0x227fd2fd881cc6c99dfccc0fb40f2b1dc2f3f36e,0xfd086bc7cd5c481dcc9c85ebe478a1c0b69fcbb9,300000000,,263280403006095360
arbitrum,withdraw_final,497038181,1787360420000,0x4bfe6288940c4a3798193266e1586fa650464cf6f81fe2c925e81336a2f63915,,,,,,263669166240694273
arbitrum,withdraw_submit,497043051,1787361339000,0xed28f9f4b33add7bc471af1554aaeeecaa65a669e70190c2625394f4e40b837b,,0x48b576c87e788a762d6f95a456f2a39113b46950,0xfd086bc7cd5c481dcc9c85ebe478a1c0b69fcbb9,100000000,,263669166240694273
arbitrum,deposit,497050498,1787363209000,0xa2ed859e21a379da8217047a611c5aefc02bfa5e99e41e78d9cf92f227082de8,0xf7a9ec4bc8bd628543b3846934985fe13383fd6a,0xf7a9ec4bc8bd628543b3846934985fe13383fd6a,0xfd086bc7cd5c481dcc9c85ebe478a1c0b69fcbb9,198363841,2184,
arbitrum,deposit,497059007,1787365340000,0xe9c173bc6a03f42d9351b2ac28d5dea36e63e17f1a3e752a3a4319c776d4cd30,0xbb48553d0c9470eb429ba35acd350c4c242ee902,0xbb48553d0c9470eb429ba35acd350c4c242ee902,0xfd086bc7cd5c481dcc9c85ebe478a1c0b69fcbb9,2000000,2184,
arbitrum,withdraw_final,497059182,1787365684000,0xb10b7ef9d4444e5bce968a1296fc21ce7a51ffa56e4d0a4fdfe928de03313960,,,,,,264075117967966208
arbitrum,deposit,497063264,1787366406000,0xcfbd596573edbafddcf6dacafed74c6c9fbde9c934c07883f4609f33419d31d7,0xfc6cb115d7422f7b419c55a213c5f14759c9cd75,0xfc6cb115d7422f7b419c55a213c5f14759c9cd75,0xfd086bc7cd5c481dcc9c85ebe478a1c0b69fcbb9,5000180,2184,
arbitrum,withdraw_submit,497064110,1787366618000,0xdeac73837894e030f4af10cc6a77559247427c129dd4ee9d7a5e6f6dcfe8cb6f,,0xbb48553d0c9470eb429ba35acd350c4c242ee902,0xfd086bc7cd5c481dcc9c85ebe478a1c0b69fcbb9,1000000,,264075117967966208
arbitrum,deposit,497083422,1787371450000,0xe86165558118cf1e05c7c7e124be3cf142ae1579ef3d9d0a866f8a3a7194061f,0xf1eab4a72d2fcf2ac2e11e65fa127f6107ea96fa,0xf1eab4a72d2fcf2ac2e11e65fa127f6107ea96fa,0xfd086bc7cd5c481dcc9c85ebe478a1c0b69fcbb9,5600206,2184,
arbitrum,deposit,497085389,1787371943000,0xabe9451af0adf4d294da821767a85d2fb2e67d28c1b0e58762163f958973abd1,0x70eb07ea4ba7e7c9cca0c36a798d94fe52bf5ade,0x70eb07ea4ba7e7c9cca0c36a798d94fe52bf5ade,0xfd086bc7cd5c481dcc9c85ebe478a1c0b69fcbb9,505963371,2184,
arbitrum,withdraw_final,497092209,1787373950000,0x5ae48c40e40820b902a3056fdb6970f8ee3079006cc054651eacc2c6a733664b,,,,,,264714904877924352
arbitrum,withdraw_submit,497097201,1787374898000,0x65c7d0eb737854952ed339e54a77b19f4a7ba8c9552451f642c9f7c83ba78cf8,,0x48b576c87e788a762d6f95a456f2a39113b46950,0xfd086bc7cd5c481dcc9c85ebe478a1c0b69fcbb9,500000000,,264714904877924352
arbitrum,withdraw_final,497099797,1787375847000,0x2ae0161351f18dd27f7e4c1a9776a68b3c0053b4e5e35e263d30b56d70495ad0,,,,,,264861114179780608
arbitrum,deposit,497101775,1787376042000,0xa5d5763ede639c86c6982e4064169c9f4cfc41171abe1c7468ebba635b2e3961,0xe3c7f5b82b2040630d67475a8668698c4523d0b5,0xe3c7f5b82b2040630d67475a8668698c4523d0b5,0xfd086bc7cd5c481dcc9c85ebe478a1c0b69fcbb9,100040625,2184,
arbitrum,withdraw_submit,497104639,1787376758000,0x6cad5dd9792a36bf187b6a494e1a44e050978bc1b37a5b2a214999f5f6e6b5a8,,0xff19577461e1ce8b69b5ae4d838240156584faf6,0xfd086bc7cd5c481dcc9c85ebe478a1c0b69fcbb9,997798720,,264861114179780608
arbitrum,deposit,497106108,1787377119000,0x7a2f807d65f4c19a76118f2a5827c8c6ee05c2434f1688d7d151ceeaa6e0f29f,0x0bf2f75e7bf3d5b96fca83a37a4a5acb3300a565,0x0bf2f75e7bf3d5b96fca83a37a4a5acb3300a565,0xfd086bc7cd5c481dcc9c85ebe478a1c0b69fcbb9,9900000,2184,
arbitrum,deposit,497112409,1787378684000,0x442a150450eb3b6edab06f31672e9f536f05cc797f41447b25509adf2a2e38be,0x7b55f538e47e7e7a17a0ccea07e8afc891353f03,0x7b55f538e47e7e7a17a0ccea07e8afc891353f03,0xfd086bc7cd5c481dcc9c85ebe478a1c0b69fcbb9,119000000,2184,
arbitrum,deposit,497125501,1787381965000,0xa1ac72322e707cd1c66d7d9e16c0ab9a90ac22c3c8f93612346404335f1959d5,0x66dc2cccd7fa6206617a8bdee3fb6dc21b848a3a,0x66dc2cccd7fa6206617a8bdee3fb6dc21b848a3a,0xfd086bc7cd5c481dcc9c85ebe478a1c0b69fcbb9,3995530483,2184,
arbitrum,withdraw_final,497134431,1787384504000,0x026a2fe84232b603c0ee6edc590924b4aabf01178814f0ec66836185d903b28c,,,,,,265529694550491137
arbitrum,deposit,497135047,1787384358000,0x4e4e298b2ad415e7c0ad6732bf95ed04ce7d04cf323c1bceb381298bf37ff133,0x48b576c87e788a762d6f95a456f2a39113b46950,0x48b576c87e788a762d6f95a456f2a39113b46950,0xfd086bc7cd5c481dcc9c85ebe478a1c0b69fcbb9,100000000,2184,
arbitrum,withdraw_submit,497139430,1787385459000,0xa374489073f01598cbcdb0c97c9e5631ad7bbc9e8b1e15a43db048dd789f71ad,,0x3043e1147b6f6456ac10e055b21587374eab520c,0xfd086bc7cd5c481dcc9c85ebe478a1c0b69fcbb9,499000000,,265529694550491137
arbitrum,withdraw_final,497140958,1787386143000,0x9c3d12bda064624fbb1ca5f58c3a08adddedeb7f761e9ada0633e74e21f8be95,,,,,,265656275839221762
arbitrum,withdraw_final,497144738,1787387093000,0x9a08c5d94feb82349cb68cf37b4b0afbaba3236cf20ae6269ceeedaf8c567936,,,,,,265729642466377728
arbitrum,deposit,497145322,1787386939000,0xb8e92610ee2c6e2f54982076f9a6f0d4932ff0e0ebb5ae6e919f820518c2b8e9,0xbb48553d0c9470eb429ba35acd350c4c242ee902,0xbb48553d0c9470eb429ba35acd350c4c242ee902,0xfd086bc7cd5c481dcc9c85ebe478a1c0b69fcbb9,2000000,2184,
arbitrum,withdraw_final,497145464,1787387275000,0xa8161d38363b5e9252dcccb36c4cc91359e559104cdcb0d18d347630d4070bff,,,,,,265743644042985473
arbitrum,withdraw_submit,497145877,1787387078000,0xc22fca447beb752252b33e65b4f443b6fc7a1187a0d0795fd16521a11e3cc06b,,0xf36e4157ee21218ebb3eefe4d5aa46226875029f,0xfd086bc7cd5c481dcc9c85ebe478a1c0b69fcbb9,2000000,,265656275839221762
arbitrum,withdraw_submit,497149709,1787388038000,0x8e7fe817c6e6f7b797a20def284a84484f82ab96d236e451d1baa05af960b7c9,,0x56c5fcccd42f273bdf4384ee697151336b3535fe,0xfd086bc7cd5c481dcc9c85ebe478a1c0b69fcbb9,121683192,,265729642466377728
arbitrum,withdraw_submit,497150431,1787388218000,0x8b279c9bb9d9234d6699142c7de66b43c1937d23e253683ca1327997919533d7,,0xbb48553d0c9470eb429ba35acd350c4c242ee902,0xfd086bc7cd5c481dcc9c85ebe478a1c0b69fcbb9,1000000,,265743644042985473
arbitrum,deposit,497158058,1787390130000,0xbc102010d20102afa9ecd72fdad1269cc7f1888e844ce6e2f387f20404e19472,0xd5cd3abec638f5718130d1403ff0fde32e9ae9a9,0xd5cd3abec638f5718130d1403ff0fde32e9ae9a9,0xfd086bc7cd5c481dcc9c85ebe478a1c0b69fcbb9,18000000,2184,
arbitrum,withdraw_final,497179654,1787395836000,0x96e106ba8df44770bbaa2096fee16ca0dbb9c5bae713c37839515411b8d63a07,,,,,,266404416184123392
arbitrum,deposit,497182562,1787396266000,0xec654cadcd094bb99ee9b036e23445167ce6a8b897f32b6b7d1f658774c0b2f0,0x240f8bc702228a6bf593d88b325912b68ff27b82,0x240f8bc702228a6bf593d88b325912b68ff27b82,0xfd086bc7cd5c481dcc9c85ebe478a1c0b69fcbb9,68000000,2184,
arbitrum,withdraw_submit,497184445,1787396738000,0xfbc704df8772c68495c771e8e7fd0a642514c83e08751103463775ee659fab84,,0x4fa6d573f4132b950759def2a5d2300578590205,0xfd086bc7cd5c481dcc9c85ebe478a1c0b69fcbb9,353868092,,266404416184123392
arbitrum,deposit,497188740,1787397816000,0x0b1143b7b5e9eff857e558a0c5ad4dceb3aa04efb13d690ddf54132339049ac9,0xc2559a2dd7670cff1ba46dcae99fa7a1615b9515,0xc2559a2dd7670cff1ba46dcae99fa7a1615b9515,0xfd086bc7cd5c481dcc9c85ebe478a1c0b69fcbb9,399900000,2184,
arbitrum,deposit,497199982,1787400641000,0xb8d2ec74e77b8dfb713062424269c6c0fc56baa5186d93117e4218551d407d13,0x637dc6233f878838a83ca27bdecd6e1a261b1457,0x637dc6233f878838a83ca27bdecd6e1a261b1457,0xfd086bc7cd5c481dcc9c85ebe478a1c0b69fcbb9,103046172,2184,
arbitrum,deposit,497201328,1787400978000,0x69a72d172c2430bf3604f13ddceff962c3ae1838d814ca9c8ecfd7807d2f43fb,0x637dc6233f878838a83ca27bdecd6e1a261b1457,0x637dc6233f878838a83ca27bdecd6e1a261b1457,0xfd086bc7cd5c481dcc9c85ebe478a1c0b69fcbb9,400000000,2184,
arbitrum,deposit,497212728,1787403841000,0x0e8a28e745fb310e2d2e9cfca6767bb61851c4aa1e276dd539ba4bd38b3c73f4,0xeb1366ee094792cee149fd3a22c4e4ea604794eb,0xeb1366ee094792cee149fd3a22c4e4ea604794eb,0xfd086bc7cd5c481dcc9c85ebe478a1c0b69fcbb9,1499850000,2184,
arbitrum,deposit,497219555,1787405553000,0x92d057e524c0cd55c114e5ceaab27cb8d01bf0145d86adcc6c4c0ca3d52c0c5a,0xc8f5cfc5f2f1e4e2edbcb63736bfa0c54e98774b,0xc8f5cfc5f2f1e4e2edbcb63736bfa0c54e98774b,0xfd086bc7cd5c481dcc9c85ebe478a1c0b69fcbb9,1719900000,2184,
arbitrum,deposit,497231496,1787408539000,0xdc6e069732b231017ae2770fb9f5b96abfbe7e8e1bb37fe2bcc4a82a7e93eaa6,0xbb48553d0c9470eb429ba35acd350c4c242ee902,0xbb48553d0c9470eb429ba35acd350c4c242ee902,0xfd086bc7cd5c481dcc9c85ebe478a1c0b69fcbb9,2000000,2184,
arbitrum,withdraw_final,497231625,1787408871000,0x576f2ce89f00283cd66541c6720c240e6fd7f3c09a5394cb2159f40310421019,,,,,,267405993955033088
arbitrum,deposit,497233540,1787409051000,0x02e2f616ea76b8e05ca3a2d8aba569c20a15d518e2f1fc4682ba9ce1366e223e,0x656c7e9fbea43bcd86b6bb06d00348f944839281,0x656c7e9fbea43bcd86b6bb06d00348f944839281,0xfd086bc7cd5c481dcc9c85ebe478a1c0b69fcbb9,47488166,2184,
arbitrum,deposit,497234288,1787409239000,0x64a8f319e6a6831c832406010b31312bf5cd67af995afff33b9e67033491c93e,0x8eb2dc07be573675a3cecfb94b10a428742e7647,0x8eb2dc07be573675a3cecfb94b10a428742e7647,0xfd086bc7cd5c481dcc9c85ebe478a1c0b69fcbb9,100000122,2184,
arbitrum,withdraw_submit,497236599,1787409818000,0x39a9950e9ca8393d6ad58b2aa60f005c61485e3663fdacfd6ea96091deac786f,,0xbb48553d0c9470eb429ba35acd350c4c242ee902,0xfd086bc7cd5c481dcc9c85ebe478a1c0b69fcbb9,1000000,,267405993955033088
arbitrum,deposit,497239759,1787410609000,0x2f7acc99f29321bb0761920c6b572c5ff1ef49ba427003e6ea0cc4bab17cd0aa,0xdd770f2f58eb44ca149c76bf20fe5e0063bfe894,0xdd770f2f58eb44ca149c76bf20fe5e0063bfe894,0xfd086bc7cd5c481dcc9c85ebe478a1c0b69fcbb9,420933680,2184,
arbitrum,deposit,497242785,1787411367000,0x348e6b9295dcc6280295cacf7b6199f78eb3630b329e1abca0a4a1af5efddc3e,0xb59cf25f8d5c1c7fdd873088146f0dda2adb654e,0xb59cf25f8d5c1c7fdd873088146f0dda2adb654e,0xfd086bc7cd5c481dcc9c85ebe478a1c0b69fcbb9,353868092,2184,
arbitrum,deposit,497245778,1787412117000,0xa124ef49f04dd3f92c1dadaa3fda287fa44f90d2752ccaa1201003e1974f9961,0xdd770f2f58eb44ca149c76bf20fe5e0063bfe894,0xdd770f2f58eb44ca149c76bf20fe5e0063bfe894,0xfd086bc7cd5c481dcc9c85ebe478a1c0b69fcbb9,122299668,2184,
arbitrum,deposit,497253432,1787414039000,0x02d49c4fc565fac366a68601dc72d8850842cabe1131f6badf3cb15b2d530c90,0x00be0def9a7e059f9c86def376ecd67d556a61e3,0x00be0def9a7e059f9c86def376ecd67d556a61e3,0xfd086bc7cd5c481dcc9c85ebe478a1c0b69fcbb9,46204587,2184,
arbitrum,deposit,497253439,1787414041000,0xe3f5d4b6baf24b559d093f37ea04c0761fe69933f5eb8413b8dfe288b0482062,0x59077670dbccc6b388d56a140e2b65c337dd1748,0x59077670dbccc6b388d56a140e2b65c337dd1748,0xfd086bc7cd5c481dcc9c85ebe478a1c0b69fcbb9,11975085,2184,
arbitrum,deposit,497255918,1787414663000,0x5b55cb76a591daa7a6671e8d28305715a7d73eb8ca03ea7aa7d1f47441e0c396,0x227fd2fd881cc6c99dfccc0fb40f2b1dc2f3f36e,0x227fd2fd881cc6c99dfccc0fb40f2b1dc2f3f36e,0xfd086bc7cd5c481dcc9c85ebe478a1c0b69fcbb9,32915702,2184,
arbitrum,withdraw_final,497261169,1787416281000,0x6c8e8528f4d083eea9a10297678f8d85ee7ca55911a5789a5aa4bbf017cdf8ce,,,,,,267973367737352192
arbitrum,withdraw_submit,497266020,1787417198000,0x4a842d95e5a1e8d1505ed10724e1770cc95869bffb613ad1f284b98b46b96b14,,0x5b7a9b0d85876ffc7ab61da5730b251551452c9d,0xfd086bc7cd5c481dcc9c85ebe478a1c0b69fcbb9,189220873,,267973367737352192
arbitrum,deposit,497268235,1787417755000,0xbd937eb47595a3a5bb98d034ef784747311a41b07146014ab0b7abe9f48ebff9,0xdaaf659400e49ce376cf5de5629cc4887fdde7af,0xdaaf659400e49ce376cf5de5629cc4887fdde7af,0xfd086bc7cd5c481dcc9c85ebe478a1c0b69fcbb9,137176014,2184,
arbitrum,deposit,497295495,1787424632000,0xc28bc479fef553662289ced86cce5abba128284516c41b79787f9c82ec28d114,0x48b576c87e788a762d6f95a456f2a39113b46950,0x48b576c87e788a762d6f95a456f2a39113b46950,0xfd086bc7cd5c481dcc9c85ebe478a1c0b69fcbb9,100000000,2184,
arbitrum,deposit,497298415,1787425369000,0xd57e4bf2579c5fe01eb24f739a4d74e720e8d1f6e78721f2bb6e7e6d0103ecb7,0x489d69939b4aca357f630055e351a81f1fbb7fb6,0x489d69939b4aca357f630055e351a81f1fbb7fb6,0xfd086bc7cd5c481dcc9c85ebe478a1c0b69fcbb9,200008588,2184,
arbitrum,deposit,497299255,1787425581000,0x45b190ba3a1a20b24e151f8f05a233d8c7ba5d6a0b46fb76de7d52563cae9d77,0xa97f1bcaf2e93eab173ee006817d46c5f0f7299f,0xa97f1bcaf2e93eab173ee006817d46c5f0f7299f,0xfd086bc7cd5c481dcc9c85ebe478a1c0b69fcbb9,479554576,2184,
arbitrum,deposit,497317291,1787430139000,0xfe3cb010670f3f9ea96207efcb8d30a532601496fc1149287330771984854244,0xbb48553d0c9470eb429ba35acd350c4c242ee902,0xbb48553d0c9470eb429ba35acd350c4c242ee902,0xfd086bc7cd5c481dcc9c85ebe478a1c0b69fcbb9,2000000,2184,
arbitrum,withdraw_final,497317426,1787430473000,0x046e599d06682f97af0a604b8ccdfd7c11ff4e80d2768e7557f5d03b304662e7,,,,,,269051129638158336
arbitrum,withdraw_submit,497322386,1787431418000,0x6acc973f1552f6d0399c789aebd14ac9694e995ae24ca4e88cec58c65f9dcf00,,0xbb48553d0c9470eb429ba35acd350c4c242ee902,0xfd086bc7cd5c481dcc9c85ebe478a1c0b69fcbb9,1000000,,269051129638158336
arbitrum,deposit,497327471,1787432704000,0xe5de39ff37be77b51a8bd3969c7ac8633f143dd038694c866bc036cbb5d8fb77,0x9cd6e1bb43002d0ac088bf9df13d039544a2909c,0x9cd6e1bb43002d0ac088bf9df13d039544a2909c,0xfd086bc7cd5c481dcc9c85ebe478a1c0b69fcbb9,119918842,2184,
arbitrum,withdraw_final,497364298,1787442299000,0xef7d7858db5ad5f3838fa12f18458b05a536d4121024b659e5db337ebfcb24e1,,,,,,269943984619520000
arbitrum,withdraw_submit,497369174,1787443238000,0xd614c005f1d052a9b14de19bbfdb2207e1cd940e905591f9d381f674caedebe1,,0x240f8bc702228a6bf593d88b325912b68ff27b82,0xfd086bc7cd5c481dcc9c85ebe478a1c0b69fcbb9,188504686,,269943984619520000
arbitrum,deposit,497396068,1787450066000,0xe03f3dd57b9e73c0fef14835622da5557cd066019c541ff64d47295a94a50c0b,0xd5cd3abec638f5718130d1403ff0fde32e9ae9a9,0xd5cd3abec638f5718130d1403ff0fde32e9ae9a9,0xfd086bc7cd5c481dcc9c85ebe478a1c0b69fcbb9,16991032,2184,
arbitrum,withdraw_final,497397325,1787450683000,0x97a520260482546e06e5885e8115bf879394d99a3152aa51b8185fa2b31b8489,,,,,,270580971227578368
arbitrum,withdraw_final,497397359,1787450691000,0xbd14a0a1b7d0ca43077024cff64aa01f56260f6115ad924e2758922ec59b3a00,,,,,,270581495217782784
arbitrum,withdraw_final,497401350,1787451699000,0xc606fd0d237ebfe9e71a85bb56f243b5f082c10f51ee5a63366a405f6b2958bf,,,,,,270658564094164992
arbitrum,withdraw_submit,497402297,1787451638000,0xcc2fe131d006b568e783d7918cb1401d6ff7691b84d226b9d0c9a02fabd4168c,,0xc3fa32d3c7ae8e899522fc31d2c9852c5c4f8fc4,0xfd086bc7cd5c481dcc9c85ebe478a1c0b69fcbb9,24000000,,270580971227578368
arbitrum,withdraw_submit,497402297,1787451638000,0xcc2fe131d006b568e783d7918cb1401d6ff7691b84d226b9d0c9a02fabd4168c,,0xddac165bfad488d34d5d7dcfcc20a0f40fce5cf5,0xfd086bc7cd5c481dcc9c85ebe478a1c0b69fcbb9,1000000,,270581495217782784
arbitrum,deposit,497402698,1787451739000,0x27944a332fa84e54d7afa21d89fd4fa83c9222abfbd1ebaaa8223d3cbc971620,0xbb48553d0c9470eb429ba35acd350c4c242ee902,0xbb48553d0c9470eb429ba35acd350c4c242ee902,0xfd086bc7cd5c481dcc9c85ebe478a1c0b69fcbb9,2000000,2184,
arbitrum,withdraw_final,497402860,1787452080000,0xafc23010d99059030a7b64332796a1b5e159011b3c23834de2e5e17910145c9d,,,,,,270687838595448832
arbitrum,withdraw_submit,497406099,1787452598000,0x7ec10b7f49078f30cca4fa0ee89e172f97ab51eae8266e0a140be39224f8d389,,0xd4401ee091d58855c277d313a209586672f42979,0xfd086bc7cd5c481dcc9c85ebe478a1c0b69fcbb9,54000000,,270658564094164992
arbitrum,withdraw_submit,497407762,1787453018000,0xb14eba5c38e781c39d0d002c97cd0a4183c065f64173680293f4a71b1fd5b56a,,0xbb48553d0c9470eb429ba35acd350c4c242ee902,0xfd086bc7cd5c481dcc9c85ebe478a1c0b69fcbb9,1000000,,270687838595448832
arbitrum,deposit,497430370,1787458748000,0x112d21ac951fd62cbf65f9a97c833ef9239a734942db966918580cd97e0d0129,0xf7d4041e751e0b4f6ea72eb82f2b200d278704a4,0xf7d4041e751e0b4f6ea72eb82f2b200d278704a4,0xfd086bc7cd5c481dcc9c85ebe478a1c0b69fcbb9,4896652,2184,
arbitrum,withdraw_final,497440007,1787461495000,0x354e5e8bbcd06bc6cf07d4365d55411579e8f454d3fb46116da7eafea06c7415,,,,,,271400657133502464
arbitrum,deposit,497442202,1787461745000,0x57a4b197abad5c2b507c174948b5dbb9bece26d216ce96c07fddacf14c6494d3,0x9e5880a24c228b3235a0965e345dafd84e5c4428,0x9e5880a24c228b3235a0965e345dafd84e5c4428,0xfd086bc7cd5c481dcc9c85ebe478a1c0b69fcbb9,49474549,2184,
arbitrum,withdraw_submit,497444977,1787462438000,0xb8e81be2c988aa4943a26ed4e09f22120d6fc50d1ea6db499e03be63d6c54f41,,0x092b0a30a66ec490d09719d28ae692f0586104e9,0xfd086bc7cd5c481dcc9c85ebe478a1c0b69fcbb9,5567498,,271400657133502464
arbitrum,deposit,497446801,1787462895000,0xbecb4f63b5c507e013d5d46e7ae1d077125bb72b72fc078151801797120c3a40,0xac137ecb50150999c9e2d152eb4dcf37fb747a22,0xac137ecb50150999c9e2d152eb4dcf37fb747a22,0xfd086bc7cd5c481dcc9c85ebe478a1c0b69fcbb9,10009941,2184,
arbitrum,deposit,497451516,1787464085000,0xd5ab8662fa77cc2efad49713593f8bfd0daa8fbdc50f61ed83cbe938385af0ad,0xb1bfba6fd726cff84605e08fd7935ed74c01f58c,0xb1bfba6fd726cff84605e08fd7935ed74c01f58c,0xfd086bc7cd5c481dcc9c85ebe478a1c0b69fcbb9,20551353,2184,
arbitrum,deposit,497463648,1787467148000,0xff287df6a11950df6edb8161cc5e88dbe702f36cde683642ec44b2e5eb07c45c,0x4df0df2d3780a192e4ee87cce6156c562904e940,0x4df0df2d3780a192e4ee87cce6156c562904e940,0xfd086bc7cd5c481dcc9c85ebe478a1c0b69fcbb9,30121528,2184,
arbitrum,deposit,497467919,1787468228000,0xe345253567d22f2d3970e637139531b0844724977abeaf88ebcb56b44cb1cc3d,0xd7221a967acdf74be21a1d36544d1068d125b5de,0xd7221a967acdf74be21a1d36544d1068d125b5de,0xfd086bc7cd5c481dcc9c85ebe478a1c0b69fcbb9,1000000,2184,
arbitrum,deposit,497473668,1787469682000,0x1bde39a688630e3b6edbd597c6d7e7d29cb458e466c61b98f6b0991981845e9b,0x48b576c87e788a762d6f95a456f2a39113b46950,0x48b576c87e788a762d6f95a456f2a39113b46950,0xfd086bc7cd5c481dcc9c85ebe478a1c0b69fcbb9,50000000,2184,
arbitrum,deposit,497481078,1787471562000,0xbe3c55b98ca9fe85b44968ab5454ecbb58bb5d1d88dc73dc43b34326bc84c8c1,0x7e55339898ba134cf19d0279263f666a112b1258,0x7e55339898ba134cf19d0279263f666a112b1258,0xfd086bc7cd5c481dcc9c85ebe478a1c0b69fcbb9,99000000,2184,
arbitrum,deposit,497486812,1787473007000,0x8f82c4490c844873f89864aa7692586bc909ee2e89fa39e73957ac383403b3d5,0x52c2a662d7550928c0859c6866ab0f670942cb16,0x52c2a662d7550928c0859c6866ab0f670942cb16,0xfd086bc7cd5c481dcc9c85ebe478a1c0b69fcbb9,119900000,2184,
arbitrum,deposit,497488129,1787473340000,0x772319f262aaf1c6fcc3bbdf0b656da83bfc4c408439ed62df5e6de55904478e,0xbb48553d0c9470eb429ba35acd350c4c242ee902,0xbb48553d0c9470eb429ba35acd350c4c242ee902,0xfd086bc7cd5c481dcc9c85ebe478a1c0b69fcbb9,2000000,2184,
arbitrum,withdraw_final,497488289,1787473681000,0x02ed8d1cfe83e0d9c809d2b8a63aee77e33bb1ec3939b9a6b24fec6a787602fc,,,,,,272327322101612544
arbitrum,withdraw_final,497490099,1787474138000,0x58fcb1fdb2043565cf4947117249ee3b52c88abef31c67bc424cebceb199d2f9,,,,,,272361836475580416
arbitrum,withdraw_submit,497493202,1787474618000,0x712c952fe816b534213ca0447fce477bec5f261bf540905054e23da88bfcdb2b,,0xbb48553d0c9470eb429ba35acd350c4c242ee902,0xfd086bc7cd5c481dcc9c85ebe478a1c0b69fcbb9,1000000,,272327322101612544
arbitrum,withdraw_submit,497494867,1787475038000,0x08842f8edbb99a5eeb548341194da9c8edc1da22000da38769b336831791ec52,,0x52c2a662d7550928c0859c6866ab0f670942cb16,0xfd086bc7cd5c481dcc9c85ebe478a1c0b69fcbb9,108476973,,272361836475580416
arbitrum,withdraw_final,497495767,1787475567000,0xb8bd2a378d29ed9ec31970a827f7829311cbb13c4a6b74997190d22710c9ce27,,,,,,272471409664458752
arbitrum,withdraw_submit,497500577,1787476478000,0x915fcf0110c100aea28ee0d81eeb2ea6b897c745e6dedb758fe169c599aee1da,,0xa0e7fb81ab940b2d9c73c01ca6e20af95a9509a2,0xfd086bc7cd5c481dcc9c85ebe478a1c0b69fcbb9,49000000,,272471409664458752
arbitrum,withdraw_final,497509003,1787478908000,0xef53faf5732f82720376090c3d9b8ae897fdf27d4d566e9d20014c5add22d0c2,,,,,,272724383259164673
arbitrum,withdraw_submit,497513869,1787479838000,0x5c2e799d037043cd13d7357ad076ffe73ced5b485e207478742ff42e812c12e7,,0x757a9d479f15ecd09f18d06b6131306da4ed2def,0xfd086bc7cd5c481dcc9c85ebe478a1c0b69fcbb9,30000000,,272724383259164673
arbitrum,deposit,497520467,1787481499000,0x650e5dc92621948510201891f5b12418e55dd73db7caf4dd73956330ebc889b5,0xe3ebc14237c2e4aba505d76fb90de857314abc67,0xe3ebc14237c2e4aba505d76fb90de857314abc67,0xfd086bc7cd5c481dcc9c85ebe478a1c0b69fcbb9,1657900000,2184,
arbitrum,deposit,497557428,1787490786000,0xfc30a81d87987703b58291768ba42c3948c28273a17f5d0925a4dd9c4904f1df,0x6b1b97f3cf07409bfb30ef3f9800a491dbdae2a9,0x6b1b97f3cf07409bfb30ef3f9800a491dbdae2a9,0xfd086bc7cd5c481dcc9c85ebe478a1c0b69fcbb9,29903953,2184,
arbitrum,deposit,497561218,1787491735000,0x02f7d5bed4b91d0bc2a8464d4f3bace35d9e6bd80f6291fad0763c205e027cee,0x2c6a2a8526cec910b0b7d23502fc7c66a388432c,0x2c6a2a8526cec910b0b7d23502fc7c66a388432c,0xfd086bc7cd5c481dcc9c85ebe478a1c0b69fcbb9,45901074,2184,
arbitrum,deposit,497574060,1787494939000,0xdc29ca767c006cb2b1db3cb40be2bf15ebf717bbaa9b1940c9499d50a49c6d2f,0xbb48553d0c9470eb429ba35acd350c4c242ee902,0xbb48553d0c9470eb429ba35acd350c4c242ee902,0xfd086bc7cd5c481dcc9c85ebe478a1c0b69fcbb9,2000000,2184,
arbitrum,withdraw_final,497574207,1787495276000,0x5f7704db666b04f64484b046dee5d02e5d99d1f80f7968b322832e07da5c7d40,,,,,,273977981112680448
arbitrum,withdraw_submit,497579170,1787496218000,0xd79f054e98ef0519594475f9b00fdc2ddcbbb02dbba319717b47bc16bcc86b6c,,0xbb48553d0c9470eb429ba35acd350c4c242ee902,0xfd086bc7cd5c481dcc9c85ebe478a1c0b69fcbb9,1000000,,273977981112680448
arbitrum,withdraw_final,497580314,1787496803000,0x562f7bb01959a14f96ae89e162ccfe0e7885ea3e0bfa38b3d932e8ae9c79d9a9,,,,,,274095577329827840
arbitrum,deposit,497580737,1787496609000,0xc0a58403638793db380897bd9fe5dd4d2911e8a94f73a78bb7f52558d8864af6,0x15d5a358fda3adc05487c3c1aabfb6e4d6634013,0x15d5a358fda3adc05487c3c1aabfb6e4d6634013,0xfd086bc7cd5c481dcc9c85ebe478a1c0b69fcbb9,1755000000,2184,
arbitrum,deposit,497582320,1787497005000,0xdf2dafe75d05c1154781f964346f00a5507fd3b61b0c24de9dfac78d1dc80c5b,0x4bba7715fd58180ed3d43b5f192671e7a9c68502,0x4bba7715fd58180ed3d43b5f192671e7a9c68502,0xfd086bc7cd5c481dcc9c85ebe478a1c0b69fcbb9,55000000,2184,
arbitrum,deposit,497584533,1787497556000,0xbb39572a5679fbb21220277eb3bf2b31b95a13c02245d718ad105c8301d50c32,0x10142f5bdc4efdc1678d20a871718ef38de95958,0x10142f5bdc4efdc1678d20a871718ef38de95958,0xfd086bc7cd5c481dcc9c85ebe478a1c0b69fcbb9,999900000,2184,
arbitrum,withdraw_submit,497585183,1787497718000,0xf70a772531ae6aa6818bc708b104f487effd1aaa1a5f836002356aaaa8f7f4eb,,0xeb62ef7d3faf9757e0c74cf3e9ef2e8ceeb49a9d,0xfd086bc7cd5c481dcc9c85ebe478a1c0b69fcbb9,2234275798,,274095577329827840
arbitrum,deposit,497586032,1787497931000,0x898e2948c32459c5cac3f6196617bca274c437b6d0813b6c649ea82eeb5a112e,0xeb62ef7d3faf9757e0c74cf3e9ef2e8ceeb49a9d,0xeb62ef7d3faf9757e0c74cf3e9ef2e8ceeb49a9d,0xfd086bc7cd5c481dcc9c85ebe478a1c0b69fcbb9,1034275798,2184,
arbitrum,withdraw_final,497611381,1787504591000,0x1db59ba2758442df994ecc888cd7b7eb633432a6c3c064ca9929bb4e4df84522,,,,,,274691400950349824
arbitrum,withdraw_submit,497616280,1787505518000,0x840c8ffb3384c265f95ed972b692400b719c7af17420525050585c022d668751,,0x1d1a547b52f26cb7041065544836fbfa8043b6da,0xfd086bc7cd5c481dcc9c85ebe478a1c0b69fcbb9,3453376,,274691400950349824
arbitrum,withdraw_final,497641670,1787512201000,0x8c039378572e8921e65e3cb945271e711cf498496aa15a38e7ef97628efaddef,,,,,,275268000301449216
arbitrum,withdraw_submit,497646554,1787513138000,0x4639e0905747aa1540aba1fc8f4f97bbd5c626aa3f20cead0d73e56d7b985373,,0x10142f5bdc4efdc1678d20a871718ef38de95958,0xfd086bc7cd5c481dcc9c85ebe478a1c0b69fcbb9,1001000000,,275268000301449216
arbitrum,withdraw_final,497651212,1787514619000,0x6f39c5609285fe1f764f013f4199ef16aa4c415a7b34b6232a054b389cda4d03,,,,,,275449806271283200
arbitrum,withdraw_submit,497656036,1787515538000,0x55363582e38c9e87453adfa705ca1f33ce90a2675132bb099ae688ac32471e3c,,0xa4c3f7dacfb9e85e3f620fa4d42873356ad53859,0xfd086bc7cd5c481dcc9c85ebe478a1c0b69fcbb9,85055342,,275449806271283200
arbitrum,deposit,497657629,1787515945000,0xb3ba586fbb6d2c04fe1b08473ceaa17b63a4a667aa6df300dbfd77f1f239e1ef,0x25501048bb02e65299a7c82a573e4286037846df,0x25501048bb02e65299a7c82a573e4286037846df,0xfd086bc7cd5c481dcc9c85ebe478a1c0b69fcbb9,199900000,2184,
arbitrum,deposit,497661923,1787517022000,0x0b5da88c5acd40f7eda44c42327e499520823ec5cdf182c6781288cdadd15c25,0xbdbdeabcae1e56823fecfb4c8c994123d5b8d96f,0xbdbdeabcae1e56823fecfb4c8c994123d5b8d96f,0xfd086bc7cd5c481dcc9c85ebe478a1c0b69fcbb9,5230800,2184,
arbitrum,deposit,497682949,1787522315000,0x37289ee592b1e2e95763d8d624e9748fdbeeaaf84ab20df3cae099e26c626b5d,0xd4401ee091d58855c277d313a209586672f42979,0xd4401ee091d58855c277d313a209586672f42979,0xfd086bc7cd5c481dcc9c85ebe478a1c0b69fcbb9,19331115,2184,
arbitrum,deposit,497738543,1787536326000,0xc880939a031370ce9e8d6f044c3b9303ac3f315c1253e7d10a8bcb3abb790b7b,0xfd863da91e5cf813d95c491a7ce59aa96021e748,0xfd863da91e5cf813d95c491a7ce59aa96021e748,0xfd086bc7cd5c481dcc9c85ebe478a1c0b69fcbb9,2391106,2184,
arbitrum,deposit,497739417,1787536546000,0x904f9ea82da322796a73ab345629ddf88e1c02fe47f3c35480a33fdde7bacecd,0x634ceaa5abf564a6eaddb1e9966a7f2932f27319,0x634ceaa5abf564a6eaddb1e9966a7f2932f27319,0xfd086bc7cd5c481dcc9c85ebe478a1c0b69fcbb9,10000000,2184,
arbitrum,withdraw_final,497756880,1787541251000,0xe43af1f00fcfc728ce537875e8331a5262b9e7ead24f03a3cae555116b1480d1,,,,,,277485706668933120
arbitrum,withdraw_submit,497761728,1787542178000,0x22b5c5bf4ea6eab964f981f8fc68b01585c9a5480a9616dc23fe657ea8f5c98b,,0x7481e623da7fa4a71f40dedd1d7a1a7656042069,0xfd086bc7cd5c481dcc9c85ebe478a1c0b69fcbb9,8612494,,277485706668933120
arbitrum,withdraw_final,497788526,1787549263000,0xfb9150938c0343029284ec7379addc99d6eff00e289f60960070cc138c4a87e5,,,,,,278097584893984768
arbitrum,deposit,497792514,1787549969000,0x1f0d76a03121b39461637a81606d82384a2fd0c594af6a6a19c98b3440e482c9,0xa76afd7418183cdb49404a3db5570630d24d6a93,0xa76afd7418183cdb49404a3db5570630d24d6a93,0xfd086bc7cd5c481dcc9c85ebe478a1c0b69fcbb9,999580700,2184,
arbitrum,withdraw_submit,497793504,1787550218000,0xa7ba9010fe391ec5857860b0965303655379e30ca92002f06c248ecf387014f8,,0x721b8086d0e4a2d8f2126d262ad1806bf556cdb2,0xfd086bc7cd5c481dcc9c85ebe478a1c0b69fcbb9,21000000,,278097584893984768
arbitrum,withdraw_final,497799015,1787551922000,0xe03b54c8f0baf7401f3567522a83388b022a3c29b20acf05687cd1070978aee7,,,,,,278301836362907648
arbitrum,withdraw_final,497800077,1787552190000,0xb1d9d25ce17d1285e1ec301841c55e3d7a56d6de6303d8720775530c47a2e0e8,,,,,,278322529532117022
arbitrum,withdraw_final,497801608,1787552574000,0x6e8f9618afff8e0e9e88fe21a3e005ee99b574706ae0442e48f9728b5a89c388,,,,,,278352250705805312
arbitrum,withdraw_submit,497803918,1787552858000,0xdacd7c530ae95a6507ce6af72cf982542bb5912b9dd37cde9e195e72fa3b479c,,0xa76afd7418183cdb49404a3db5570630d24d6a93,0xfd086bc7cd5c481dcc9c85ebe478a1c0b69fcbb9,879000000,,278301836362907648
arbitrum,withdraw_submit,497804870,1787553098000,0x94672f6705e574658f4b82ee800d597c560bddc52813ab08f5f0eacf6ae895d7,,0xa2342780e69011a9248d0e1c8375394d11402667,0xfd086bc7cd5c481dcc9c85ebe478a1c0b69fcbb9,1000000,,278322529532117022
arbitrum,deposit,497805508,1787553258000,0x50c3e7bba9d4fed9a4e70663d336c116d91bb2e86b289c71b8b8792f7828abbd,0x905311a82b450495f4a961a1a9a2f933156c7cb3,0x905311a82b450495f4a961a1a9a2f933156c7cb3,0xfd086bc7cd5c481dcc9c85ebe478a1c0b69fcbb9,21000000,2184,
arbitrum,withdraw_submit,497806548,1787553520000,0xea39113c78019584eccc43c790181344ed43b3f857503a6aacb57837e8e96cf9,,0xa2342780e69011a9248d0e1c8375394d11402667,0xfd086bc7cd5c481dcc9c85ebe478a1c0b69fcbb9,1000000,,278352250705805312
arbitrum,withdraw_final,497814601,1787555854000,0xaf0b92973ad8cc421f921215a7a445421eafe41a76d78233f07deb4ff1a3b350,,,,,,278603746781429760
arbitrum,deposit,497818559,1787556552000,0x81a1da6b5b8550e02b529bf9c2335ff1e836b570964ca5bcd9053576b1371a79,0x2a3adf5c8d93def10fc85b1609ef442f7f665126,0x2a3adf5c8d93def10fc85b1609ef442f7f665126,0xfd086bc7cd5c481dcc9c85ebe478a1c0b69fcbb9,22260000000,2184,
arbitrum,withdraw_submit,497819388,1787556758000,0x14dfb6281392667bf6aa8015ca73c3175dfaf827c571643cb096a5c95934ba82,,0x21e08c04f29febce461be04789c1ee44d0e15da8,0xfd086bc7cd5c481dcc9c85ebe478a1c0b69fcbb9,65113266,,278603746781429760
arbitrum,deposit,497829040,1787559182000,0xed384724f6ce9537a25b608b24af6bb21dd6f7721de9ab858ffcbac586bbfb77,0x2a3adf5c8d93def10fc85b1609ef442f7f665126,0x2a3adf5c8d93def10fc85b1609ef442f7f665126,0xfd086bc7cd5c481dcc9c85ebe478a1c0b69fcbb9,1081000000,2184,
arbitrum,deposit,497831261,1787559740000,0x1c2643865b288b8954fdfb59be5a720418f40c74c75476561592a4a0b5c5d77a,0xbb48553d0c9470eb429ba35acd350c4c242ee902,0xbb48553d0c9470eb429ba35acd350c4c242ee902,0xfd086bc7cd5c481dcc9c85ebe478a1c0b69fcbb9,2000000,2184,
arbitrum,withdraw_final,497831403,1787560075000,0xe34e035c382c5c7f3df729ac2b07b97e9e8e8f80d0e0f7c7630a753e9f0cbe01,,,,,,278928618116087808
arbitrum,withdraw_submit,497836369,1787561018000,0x427d8469b557ab8954de754226701a8fdba6faaf80c95a8ce23972acd26b7536,,0xbb48553d0c9470eb429ba35acd350c4c242ee902,0xfd086bc7cd5c481dcc9c85ebe478a1c0b69fcbb9,1000000,,278928618116087808
arbitrum,withdraw_final,497837329,1787561560000,0xe1084170a3b5e11f4ce9be1c16a2e94734ea80ae243db15f8fbcf0ee06bd0d83,,,,,,279042529247100928
arbitrum,withdraw_final,497837459,1787561592000,0x331fa5c450f462217c0d0c87f7ac1844f0a05e229f3bb16142dfc863ec220acf,,,,,,279045071855157248
arbitrum,withdraw_final,497839218,1787562035000,0xa349d2bd1f8fc3805411031bfdc33458d436208ad7121eaf4c668fb58664cbfa,,,,,,279078838913204224
arbitrum,withdraw_final,497839437,1787562090000,0xb0434f34b450e4b8ff882a17a478418f07c4ad8fb3e543bb2132b2f8008bd910,,,,,,279083039378636800
arbitrum,withdraw_final,497839587,1787562128000,0x9c5dd9097f5ec86ce0e221852060bc8b23424c92c0ca4b569bb087382cdf49ee,,,,,,279085770961059840
arbitrum,withdraw_submit,497842100,1787562458000,0x588e312250b9fb0f147489ad39335e9762ac6e8705a237da3f4404bf6e453b5e,,0xefc61a2878c6916a66721cf79b8a8d9ed74bfaa4,0xfd086bc7cd5c481dcc9c85ebe478a1c0b69fcbb9,29000000,,279042529247100928
arbitrum,withdraw_submit,497842342,1787562518000,0xdec613eb5223ad5e6be3533490c24928dc5a0f0b540bd65ca3a03568bac78441,,0x21a02d86a23d1670153a98880ca2b2b79b6ac9d1,0xfd086bc7cd5c481dcc9c85ebe478a1c0b69fcbb9,29000000,,279045071855157248
arbitrum,withdraw_submit,497844010,1787562938000,0x141b8c393b59e1ef042d923fe62af7f0ceb509d1afbd0b7c7468a6289df31f0e,,0x1dcaa0ea953607895ac81774c64981db39298baf,0xfd086bc7cd5c481dcc9c85ebe478a1c0b69fcbb9,9000000,,279078838913204224
arbitrum,withdraw_submit,497844249,1787562998000,0xc698d880336be877aa3de3ef1f7ed23b53376644cbbede0eee969dbde5e543a6,,0x7e6eb58f2e9878abcc0ef859bf3055bf161f51e4,0xfd086bc7cd5c481dcc9c85ebe478a1c0b69fcbb9,29000000,,279083039378636800
arbitrum,withdraw_submit,497844486,1787563058000,0x9e09cdf6d7f958f7cc8d0306355e1171efb742043203a337252ba07a28aceb52,,0x416a1ced90638940211585b34d53d0956f511d48,0xfd086bc7cd5c481dcc9c85ebe478a1c0b69fcbb9,9000000,,279085770961059840
arbitrum,deposit,497844495,1787563060000,0x43927453fe4dbbac15cb840215fa58186b74e95b9cc950a574168881a55c96ea,0xea62ddd89de724a936b30a7a66493dd982392b04,0xea62ddd89de724a936b30a7a66493dd982392b04,0xfd086bc7cd5c481dcc9c85ebe478a1c0b69fcbb9,2999000000,2184,
arbitrum,withdraw_final,497844517,1787563365000,0x0744263af0275f0d5de671a085924017bc82ea6450b0915eb21ce1b3a9fb9319,,,,,,279179925259288576
arbitrum,deposit,497845642,1787563348000,0xbd093f3f9d8e8e3b137065948869609ba7c748c5675c1e2148026417f9001803,0x541a576eae09a87f10b68a11756a2cd77fe535eb,0x541a576eae09a87f10b68a11756a2cd77fe535eb,0xfd086bc7cd5c481dcc9c85ebe478a1c0b69fcbb9,349900000,2184,
arbitrum,deposit,497847089,1787563711000,0xfd2be30b27db3097777cdad409a0e98b8c6f9899196cbaa90e110a447161e293,0x83aa3231a1234425a149ee1e13ed30bd657d8cb1,0x83aa3231a1234425a149ee1e13ed30bd657d8cb1,0xfd086bc7cd5c481dcc9c85ebe478a1c0b69fcbb9,50405084,2184,
arbitrum,withdraw_submit,497849503,1787564318000,0x1f49f6d6628a4322c9f8855bf42d446ed729eb4fc44a080cdf233476b4fb2e45,,0x133f98090c9b579dad7f70ff9bc20437f2a1034e,0xfd086bc7cd5c481dcc9c85ebe478a1c0b69fcbb9,69000000,,279179925259288576
arbitrum,withdraw_final,497851407,1787565096000,0xe1ac17270c506a92215567c3ee6862fd4f19f3ffd1eb907d334115d7d2de1df0,,,,,,279310440729673753
arbitrum,withdraw_final,497852663,1787565413000,0x2ac09fee4e80c302ab36a1a85f5829a233cbf927b9c8ed020e5fe13794717ba2,,,,,,279334355094994944
arbitrum,withdraw_final,497852893,1787565470000,0xd3359362de31d8b362c80057fd6739e5e9a31b54e352f5dbd639ef5b1a7dea56,,,,,,279338693007769600
arbitrum,withdraw_submit,497856190,1787565998000,0x8abce855b948f0843e0fd235af354cee7b7b61e6c2b44cf017341b73c0cd1b4c,,0x637dc6233f878838a83ca27bdecd6e1a261b1457,0xfd086bc7cd5c481dcc9c85ebe478a1c0b69fcbb9,548339332,,279310440729673753
arbitrum,withdraw_submit,497857623,1787566357000,0xdf0306e1370f4f9b0cbe4253405a6be0394373178a1899ef46cbfd8a1724b308,,0x02706649f0f6706e76e3075318304cccbdb8b434,0xfd086bc7cd5c481dcc9c85ebe478a1c0b69fcbb9,99000000,,279334355094994944
arbitrum,withdraw_submit,497857864,1787566418000,0x1cada7b5e629e73330032739c8ef25b635bf94d8d42e732a75be5672b29dfc8b,,0x50553392ea61103cc762f84ff8d622d7d93cabc3,0xfd086bc7cd5c481dcc9c85ebe478a1c0b69fcbb9,71130192,,279338693007769600
arbitrum,withdraw_final,497863092,1787568027000,0xfca1d2401cb5c6d62f76871032ba8203d42a9039f37b2a8d8a85aa638d8b1135,,,,,,279533813363638272
arbitrum,withdraw_submit,497867918,1787568938000,0x84a132805362ec80fdb35772881e8a035bd32cbf33887feedcdf03feebfebd1b,,0x656c7e9fbea43bcd86b6bb06d00348f944839281,0xfd086bc7cd5c481dcc9c85ebe478a1c0b69fcbb9,135167235,,279533813363638272
arbitrum,withdraw_final,497876334,1787571344000,0x248dd912ee471b70eb9da6d7dcbf347204ac2c8191cb9d6dafc70df7fda9ffa2,,,,,,279787121940627456
arbitrum,withdraw_submit,497881589,1787572357000,0x2b4d0c92887b4015a251665f80387bfa384dacd33821f6ec503613045acbe37d,,0x59077670dbccc6b388d56a140e2b65c337dd1748,0xfd086bc7cd5c481dcc9c85ebe478a1c0b69fcbb9,199000000,,279787121940627456
arbitrum,deposit,497884292,1787573032000,0x98cb844b875c13f15065a6cbd600f4cdcda7688d4a0eeaab80079979a1074481,0x77b8fd431f11e3a3d53daa5ee7c8c3645743f993,0x77b8fd431f11e3a3d53daa5ee7c8c3645743f993,0xfd086bc7cd5c481dcc9c85ebe478a1c0b69fcbb9,1000000000,2184,
arbitrum,deposit,497884385,1787573055000,0x38ec5f36a7aeea93ee664bc67238dc7ebee67cbf308cfef79a6b200b6029281f,0xd541724e772082c8686bcfd8774f247cc5ab2e1c,0xd541724e772082c8686bcfd8774f247cc5ab2e1c,0xfd086bc7cd5c481dcc9c85ebe478a1c0b69fcbb9,999802915,2184,
arbitrum,withdraw_final,497893088,1787575534000,0xf6eb4d1064f103413af3a3868e8da49677317770e4825ed487ddcb11b996e9b3,,,,,,280110378371776512
arbitrum,withdraw_final,497893869,1787575730000,0xf153f4e7dd733ff5daf914f2894c78919272d9799d20aedc9f28889fd09a50c7,,,,,,280125376414351389
arbitrum,deposit,497897498,1787576336000,0x3142271ae50f9becc8dacfebd09a92a7c805bac8b0785ca70b1751ef7db83fac,0x6745c67cd04d56a2c797ff3deac4b0c17a88d0b4,0x6745c67cd04d56a2c797ff3deac4b0c17a88d0b4,0xfd086bc7cd5c481dcc9c85ebe478a1c0b69fcbb9,10801740,2184,
arbitrum,withdraw_submit,497897903,1787576437000,0x31bd12121147da4aeca825909e8ae9ac7739226199f254059daf70c6fcf67233,,0xdaa61a0d6da01fb14e9e4a342a5cf10d3c55871b,0xfd086bc7cd5c481dcc9c85ebe478a1c0b69fcbb9,49000000,,280110378371776512
arbitrum,withdraw_submit,497898860,1787576677000,0x08f9dc98368415276df8edaa425b45a472653f8420339ece3fc5ce370d57de4c,,0x6394e2af51676e54649ce253f1c29e02be341f0f,0xfd086bc7cd5c481dcc9c85ebe478a1c0b69fcbb9,6963985377,,280125376414351389
arbitrum,withdraw_final,497899450,1787577123000,0xf74459e4a74c1ba73f77038227b857719997a378d8be4c34bc1b9e4acd9bcebc,,,,,,280233145704382464
arbitrum,withdraw_final,497901001,1787577511000,0xaa1974e31a143747c4395d5ec94a080ded10e353ca1b8c0778b3c6f35f9aa00f,,,,,,280263184735010830
arbitrum,withdraw_final,497902499,1787577885000,0xa22b4c8bb8df0b6edaa0d641ec26f27e055d21b826dbf6a72b73c830fd8f5121,,,,,,280292192935739392
arbitrum,withdraw_final,497902766,1787577952000,0xe10e2d8d65cf2a4fe256f90b5d41c7e7cf05d42b59f7c42b45420423a31358ab,,,,,,280297398415130624
arbitrum,withdraw_final,497903196,1787578060000,0x1dbe4ca8adebca80aab205bc4fdd852721e306d325ec4cf182fbe10859994cbd,,,,,,280305713476009984
arbitrum,withdraw_final,497903717,1787578189000,0xf566f3be4d5b7a78b94d10d3e2c405096f182a60a4b662068680ec3f49fc0d62,,,,,,280315789469286400
arbitrum,withdraw_submit,497904390,1787578058000,0xbb0462ed5a925d6e3d1411bbb7f5d47f746a9c14f266097c31af82efeffb3cfb,,0x0bb7a0194d4bd767ea78aa5b6c0ba1ca1dd7fff0,0xfd086bc7cd5c481dcc9c85ebe478a1c0b69fcbb9,30000000,,280233145704382464
arbitrum,withdraw_final,497904518,1787578390000,0xf462c7de8722354c14ce8fa203f7518df173890571fe3d54da2c56bc43a642e5,,,,,,280331105322663936
arbitrum,withdraw_final,497905101,1787578535000,0x2da7e837ea80d3318c4acfaa91e52b1c3d881f8ea8f9e3edc40f6f71c9eaa9bc,,,,,,280342315195695104
arbitrum,withdraw_submit,497905829,1787578417000,0x31c265486923eeaabd266321944944952eba754093b1f48221b91f0305071e93,,0x8eb2dc07be573675a3cecfb94b10a428742e7647,0xfd086bc7cd5c481dcc9c85ebe478a1c0b69fcbb9,125916226,,280263184735010830
arbitrum,withdraw_submit,497907512,1787578837000,0xc52b62813b0ea230163ec4399a8ab204682c3fb8d1a126445dcf47209900eded,,0x14d801daa47272f790794e5008867a6aad4c089d,0xfd086bc7cd5c481dcc9c85ebe478a1c0b69fcbb9,49000000,,280292192935739392
arbitrum,withdraw_submit,497907751,1787578897000,0xd3e0ac4d475469ff13c0059bdf306647212fe2c8dfe8a0c5e90103aa6ca62173,,0x3c5d3cfa520eec0332d6065a3012a09ae66204a0,0xfd086bc7cd5c481dcc9c85ebe478a1c0b69fcbb9,99000000,,280297398415130624
arbitrum,withdraw_submit,497907991,1787578957000,0x5f9ff336471584cf3244b9edb14896d88c5bd2a997a37149b4d83694ef8ef7aa,,0x6a14795b4c73c426bdb25bef8c91d5583211a3c1,0xfd086bc7cd5c481dcc9c85ebe478a1c0b69fcbb9,49000000,,280305713476009984
arbitrum,withdraw_submit,497908717,1787579137000,0xca3fb65a8fc0cc74c124a6088cc81a6e96ae75478dbdf942707258de49c3e731,,0x169e49ece0d4f19b92de549482d1562ddd235251,0xfd086bc7cd5c481dcc9c85ebe478a1c0b69fcbb9,99000000,,280315789469286400
arbitrum,withdraw_submit,497909435,1787579317000,0x5f6f39cd1d4cb26efb7ec5ff99cc53ff41697627e915d4220966dc9574231fc7,,0xf1fad7bf5fffec6c2437ca2463bfe1f56430fad1,0xfd086bc7cd5c481dcc9c85ebe478a1c0b69fcbb9,49000000,,280331105322663936
arbitrum,withdraw_submit,497909922,1787579438000,0x40bef6574ddaf34121b190ab205afb88b1a21c73801c792889ca24d4f2987db8,,0xef435ae15ed39e45b359aa7f9167aafaf0394e53,0xfd086bc7cd5c481dcc9c85ebe478a1c0b69fcbb9,99000000,,280342315195695104
arbitrum,withdraw_final,497909953,1787579745000,0x97edb53b59d056319163388dcf28ec4ee3918ff35fbdb5123d2bd6ed26f0a70b,,,,,,280435893955723264
arbitrum,deposit,497911349,1787579792000,0xc2bf3336de8c9679e1d7a000b220af780bd19541718fd83e0fef9340c8788d5b,0xeb40efcbcdac4565bcecf6de65afe7a9e31cf236,0xeb40efcbcdac4565bcecf6de65afe7a9e31cf236,0xfd086bc7cd5c481dcc9c85ebe478a1c0b69fcbb9,49950000,2184,
arbitrum,withdraw_final,497911467,1787580122000,0x9b2467695a988ddeaf12b7aa6891f91162df7f14f60f646efb24e0e0f80cc86d,,,,,,280465056779468801
arbitrum,withdraw_final,497911730,1787580188000,0xed03ce4e25ab792d879b729a4b58fad904eb25506cfcd75840db4cea8875b6ba,,,,,,280470150589710336
arbitrum,withdraw_final,497913487,1787580627000,0x082d98d4209095d764fd07bbede7a5c4b81c8879160f2f257f0fe0507fe08ca9,,,,,,280504175324823552
arbitrum,deposit,497914773,1787580647000,0x6ee33642448620f9282311483a241bfd39cafa7a14218b7b17b473926d5e6de3,0x71738d739ca65389553f7c89a80db0a6951912f5,0x71738d739ca65389553f7c89a80db0a6951912f5,0xfd086bc7cd5c481dcc9c85ebe478a1c0b69fcbb9,10062676,2184,
arbitrum,withdraw_submit,497914973,1787580697000,0xdc3eb9a993da4881009d617ab764687c81d788988230c5cd4381c770990513d0,,0x7c46171d19f318203ed419d1bed4b5d33505997e,0xfd086bc7cd5c481dcc9c85ebe478a1c0b69fcbb9,50790423,,280435893955723264
arbitrum,deposit,497915200,1787580754000,0x5811d4b32d6cff6ac5f41e8dfad8b2a6b256877aa1b96eb5e0536f951e0ef1e6,0xec7e857db8975c5a200e4997a559b95d80b8efda,0xec7e857db8975c5a200e4997a559b95d80b8efda,0xfd086bc7cd5c481dcc9c85ebe478a1c0b69fcbb9,100000000,2184,
arbitrum,withdraw_submit,497916412,1787581057000,0x2a546d10d3dc4cc195ecc518cd7575a88290b4152449bffd8a9dcb6b7a3404d4,,0xddac165bfad488d34d5d7dcfcc20a0f40fce5cf5,0xfd086bc7cd5c481dcc9c85ebe478a1c0b69fcbb9,49000000,,280465056779468801
arbitrum,withdraw_submit,497916652,1787581117000,0x612e1af311edd7846f645a904eaf39ce10d1472a97cf0c6d0936bced5c6ede8e,,0xd72fc6b5913d5dab1dc6c349e55f3c824b91eaf8,0xfd086bc7cd5c481dcc9c85ebe478a1c0b69fcbb9,17281975,,280470150589710336
arbitrum,deposit,497917548,1787581340000,0x03c08d30efa99447de7ef7e015ff254209d18ba46106579f389b1ab369f0c5f1,0xbb48553d0c9470eb429ba35acd350c4c242ee902,0xbb48553d0c9470eb429ba35acd350c4c242ee902,0xfd086bc7cd5c481dcc9c85ebe478a1c0b69fcbb9,2000000,2184,
arbitrum,withdraw_final,497917707,1787581680000,0x026cacae11a2940546366ab13be231fd891fc3ef4e9c1393be586ecfd1617fad,,,,,,280585255721631744
arbitrum,withdraw_submit,497918333,1787581537000,0x0f476466a46e27ebc04f8d178d01ab58ab8708ccca7173b94b36364d2d34e97e,,0xafd0236999ccbb8d049fc39018d5da41d08c2eb1,0xfd086bc7cd5c481dcc9c85ebe478a1c0b69fcbb9,84829251,,280504175324823552
arbitrum,withdraw_final,497919855,1787582217000,0xbf868477f4963b87c3fbc69bf07c83b0d96f8bfbd22d2fe678504e161be8f7be,,,,,,280626865360601088
arbitrum,withdraw_final,497920250,1787582316000,0x54425f244af4b7d881828cb8e37c763b079136e401ca1e13cf53c18ed449213b,,,,,,280634476046843904
arbitrum,withdraw_final,497921664,1787582668000,0xd6fd7b19be052592bd3070f6bbca638e5304336b390a25a957eb271c87cbb401,,,,,,280661757691691008
arbitrum,withdraw_submit,497922667,1787582618000,0x4b36a69c80d45a3464969376b2acf607f6faf45daddfbc74f84694c07af32164,,0xbb48553d0c9470eb429ba35acd350c4c242ee902,0xfd086bc7cd5c481dcc9c85ebe478a1c0b69fcbb9,1000000,,280585255721631744
arbitrum,withdraw_submit,497924828,1787583158000,0x3abbb766930efed6089872048fb6b559affa9394f4c23770559e6c28ec7bbace,,0x3249521fe65422b3c41d04a0d92ee43af7000571,0xfd086bc7cd5c481dcc9c85ebe478a1c0b69fcbb9,55776089,,280626865360601088
arbitrum,withdraw_submit,497925071,1787583217000,0x657d8bab02c652865d6ee62fbcc3c8f67ddfa48c52354485f8c126d4db860dda,,0xec7e857db8975c5a200e4997a559b95d80b8efda,0xfd086bc7cd5c481dcc9c85ebe478a1c0b69fcbb9,99000000,,280634476046843904
arbitrum,deposit,497925928,1787583432000,0x99063058d5271f334f9e21dd3a48497646ef80e41f8941873ce343730f625ec2,0xec7e857db8975c5a200e4997a559b95d80b8efda,0xec7e857db8975c5a200e4997a559b95d80b8efda,0xfd086bc7cd5c481dcc9c85ebe478a1c0b69fcbb9,99000000,2184,
arbitrum,withdraw_submit,497926506,1787583577000,0xd739cc7f8e6f88cc0b241d245f9e9ebaeaf5d8bfd1c18d5a2eeb07ebbd22b877,,0x51760bdda420906420f34e10087a763e229c620d,0xfd086bc7cd5c481dcc9c85ebe478a1c0b69fcbb9,49000000,,280661757691691008
arbitrum,withdraw_final,497928156,1787584288000,0x230eebb8b5e321e5e70896fdcc2f29676a408702564170d6910b7484988046fc,,,,,,280786921628631040
arbitrum,withdraw_final,497928276,1787584318000,0x1c9b3faf1788b37bbf46689f49df7936d48fa31cd92c48ffdd4192f4adbbe71c,,,,,,280789326818705446
arbitrum,withdraw_final,497929514,1787584628000,0x27092dd23e4697b1213d08c97813edf5e1a5fbad854f3805ba0026adead3be48,,,,,,280813284125310976
arbitrum,deposit,497929988,1787584446000,0x6e813eaefcce138994ae425c578fafa2e56d9e00b18613c6a6202fdece060b6f,0x0e8e1e28df6079f956f6aa7f1a97fc565513796a,0x0e8e1e28df6079f956f6aa7f1a97fc565513796a,0xfd086bc7cd5c481dcc9c85ebe478a1c0b69fcbb9,114850000,2184,
arbitrum,deposit,497930685,1787584621000,0xa45aa8958b7d17795522fac453ac77b57d52129c91b7ba8b8716b7522012f256,0xb9532abc3205cbc40f052d3d1844d1f04ecfe911,0xb9532abc3205cbc40f052d3d1844d1f04ecfe911,0xfd086bc7cd5c481dcc9c85ebe478a1c0b69fcbb9,51519725,2184,
arbitrum,withdraw_submit,497932995,1787585197000,0xebec6fa35985df6a3d372b7941c0bb2e80ef5ce8ecaafceb01a59844b4c0af20,,0xe13a3dafe54b59d63232283024e23fee8ca88d95,0xfd086bc7cd5c481dcc9c85ebe478a1c0b69fcbb9,3200000,,280786921628631040
arbitrum,deposit,497933057,1787585213000,0x43f067e678a977ab315af94c8039039637a1c5cfb3405bcdbe4e6a6fdf861fe5,0x731106917c5689e03acbcbcc1abb8dd3b24a3a99,0x731106917c5689e03acbcbcc1abb8dd3b24a3a99,0xfd086bc7cd5c481dcc9c85ebe478a1c0b69fcbb9,119551325,2184,
arbitrum,withdraw_submit,497933234,1787585257000,0x23e46645c4a77249119cb57e235556052a6224fe12f8565e7da786526f7ef35a,,0x90995551fa54fc72b17ca7d13bb49a03377aa407,0xfd086bc7cd5c481dcc9c85ebe478a1c0b69fcbb9,299000000,,280789326818705446
arbitrum,deposit,497934317,1787585527000,0x86ba3b5a5de35591087466f2da4d00338ca1f35b9954915ec13b395e7820cefc,0x0533e3dc69f63f0cd9fb4cd3dbde7bacd96a8251,0x0533e3dc69f63f0cd9fb4cd3dbde7bacd96a8251,0xfd086bc7cd5c481dcc9c85ebe478a1c0b69fcbb9,129850003,2184,
arbitrum,withdraw_submit,497934439,1787585557000,0x3c8534b5134a43491228a7c6d744bcbc8606aeb9a0b901099c5029fd81bb2a43,,0x077d32943cc3e9be108c04b6e5eb42ba77959a7a,0xfd086bc7cd5c481dcc9c85ebe478a1c0b69fcbb9,99000000,,280813284125310976
arbitrum,withdraw_final,497936265,1787586314000,0xd09ccb7d9300fe4dd372ad71725061a01543b48a61c279b9a7dbfd5eae2977ba,,,,,,280943644993650716
arbitrum,deposit,497936316,1787586027000,0x8e512d0070e0fc69dd440d39dcc0e5105d9429bfa1799cec4655bd8f1d5dd337,0x6bc330cfb0e06d94adb15db3816c09fda78ccf22,0x6bc330cfb0e06d94adb15db3816c09fda78ccf22,0xfd086bc7cd5c481dcc9c85ebe478a1c0b69fcbb9,126850203,2184,
arbitrum,deposit,497937689,1787586370000,0x5c26c320f6a7dddaefb88ccf7b0a27a82813006177fc0c69a1f35996cb4efbb4,0xbaae89ad4dec8c26fa09a41c0163a496a8b41e51,0xbaae89ad4dec8c26fa09a41c0163a496a8b41e51,0xfd086bc7cd5c481dcc9c85ebe478a1c0b69fcbb9,123180500,2184,
arbitrum,deposit,497937863,1787586414000,0xd37a57840694b83d5706c9de59da8f90644ca378148a934cced1f2b7095612e5,0xf48609effee28f595241c1bd57ee1993a0ae9617,0xf48609effee28f595241c1bd57ee1993a0ae9617,0xfd086bc7cd5c481dcc9c85ebe478a1c0b69fcbb9,332918922,2184,
arbitrum,deposit,497938435,1787586557000,0x7b1355435b36ce52ac2b4cdb1ab1bd3a252addbd32e6ed899eae3b848ee81970,0x70fc89be023ec11a00f6322daffdc69b8a34504c,0x70fc89be023ec11a00f6322daffdc69b8a34504c,0xfd086bc7cd5c481dcc9c85ebe478a1c0b69fcbb9,1017602,2184,
arbitrum,withdraw_final,497939971,1787587241000,0x0d6b05d0b5ec32d8e996bc25f292308b0b61bba8138e5bdb680bf5de278c4256,,,,,,281014752442843136
arbitrum,withdraw_final,497940473,1787587364000,0xa6352fc8b16bf87952ab9692e54e7e87d37c580a94dc33b64622c8505d44c706,,,,,,281024364604817408
arbitrum,withdraw_submit,497941162,1787587237000,0xc298f721c6885802b5fcf4de88777026335fd0149264efa54bbe7f0821470b01,,0xaa24c6793c7c0ae99760fb29b78aaf9f6f864967,0xfd086bc7cd5c481dcc9c85ebe478a1c0b69fcbb9,64652002,,280943644993650716
arbitrum,deposit,497941713,1787587375000,0x304e16c9e031588cb34fe5bc8c7db1d8590c5030bb79ea3fed28c8e963c9cafe,0xacef4063823d0374ec7f42ff9dba34ce2a26594b,0xacef4063823d0374ec7f42ff9dba34ce2a26594b,0xfd086bc7cd5c481dcc9c85ebe478a1c0b69fcbb9,200000000,2184,
arbitrum,withdraw_final,497941955,1787587734000,0x0a6e2135dd7da706c55808840a24871baaddcc3d0dcf5a4ca12e8078174c6b7e,,,,,,281053046375448577
arbitrum,withdraw_submit,497944763,1787588137000,0x3978ae9dc5d0af9eacf96638907acd35cc7b716e918453f54bccf99e191f5465,,0x48b576c87e788a762d6f95a456f2a39113b46950,0xfd086bc7cd5c481dcc9c85ebe478a1c0b69fcbb9,1300000000,,281014752442843136
arbitrum,withdraw_submit,497945484,1787588317000,0x9d46ba9a771c265ae2679f09d4badbc9a4017fb871dbc60cf75b9da7abc16db2,,0xa7e68a71b05922db9b30ff858e5755538e7f9136,0xfd086bc7cd5c481dcc9c85ebe478a1c0b69fcbb9,1257360,,281024364604817408
arbitrum,withdraw_final,497945517,1787588625000,0x53a30a232d842e81875addb3b88d27a8ccb3b27c02751c0a401d27a70d5e1ee4,,,,,,281121834571661312
arbitrum,withdraw_submit,497946924,1787588677000,0x3e3a4ebcf889fb1a8da68cd56c66c3932a71f60ca825ee66089eff349458de90,,0x21a02d86a23d1670153a98880ca2b2b79b6ac9d1,0xfd086bc7cd5c481dcc9c85ebe478a1c0b69fcbb9,200000000,,281053046375448577
arbitrum,withdraw_submit,497950518,1787589578000,0xe10b17fab7a5db126cee2213e64df716e2753203356053e46ffb44894fd01f4c,,0x092b0a30a66ec490d09719d28ae692f0586104e9,0xfd086bc7cd5c481dcc9c85ebe478a1c0b69fcbb9,559000000,,281121834571661312
arbitrum,withdraw_final,497951495,1787590122000,0x450a002db944a0c5d3120b6e541d9d8dcb7395c02948ef3e2e3181e84b85e48c,,,,,,281236785072177152
arbitrum,deposit,497955640,1787590860000,0x873764e588cc8c531ef8c0b1263f02d222067e152b1b5b8f44e108db9d2e5505,0x4878f6b58f59387fab115c3034064ce4bfe7176a,0x4878f6b58f59387fab115c3034064ce4bfe7176a,0xfd086bc7cd5c481dcc9c85ebe478a1c0b69fcbb9,1498592045,2184,
arbitrum,withdraw_submit,497956269,1787591017000,0x1d1f77ea3bf165b48a0bab56f80b9f36a40ed530b870d3fdf7e9d10870fd7cba,,0x375b7f401f39cc4df8e28649d8abb8d4355d4cd8,0xfd086bc7cd5c481dcc9c85ebe478a1c0b69fcbb9,49000000,,281236785072177152
arbitrum,withdraw_final,497958823,1787591955000,0x10cb87c9bcbf4dd338b65de690812f9a3cfef17a709f0ebdd2b68c7f509aff00,,,,,,281378355792576512
arbitrum,deposit,497960765,1787592141000,0xad10211d387810da67c5c692752c7a2b3cf30b31f74f6ce568d8d2b6c91dc3ba,0xea282801149c7c973da5753b8e9df84b35f8c8e2,0xea282801149c7c973da5753b8e9df84b35f8c8e2,0xfd086bc7cd5c481dcc9c85ebe478a1c0b69fcbb9,116679820,2184,
arbitrum,withdraw_submit,497963716,1787592877000,0x8c6f8a632dec66544d81053fe5f8a58dda1d2f8daee28b93146a36ca342a4092,,0x55174e6a1ae1a1794aca906cd0813a31c81afdc2,0xfd086bc7cd5c481dcc9c85ebe478a1c0b69fcbb9,1156899976,,281378355792576512
arbitrum,withdraw_final,497970106,1787594777000,0x831f544e3dd55672d3753a340c22c37c97edca15b80e984506cacc7cb818075c,,,,,,281595990371205120
arbitrum,withdraw_final,497970216,1787594804000,0x82aa7001ace002aede278cf9042937cbe282e78031f620ba33e9b45966a54ea4,,,,,,281598180804526080
arbitrum,withdraw_final,497970653,1787594914000,0xf052217cebb24a6a5973564a48c1c82586de50d1d81345c88a660abcdfa5a0c0,,,,,,281606590375657476
arbitrum,deposit,497971588,1787594848000,0x6ba181fd0dc452679ebd8eeb96013d521fe16d65066af8c529d3c097f47e885c,0xc3adbc98274c5dfb603d3df4a4347f14afb54441,0xc3adbc98274c5dfb603d3df4a4347f14afb54441,0xfd086bc7cd5c481dcc9c85ebe478a1c0b69fcbb9,19808174,2184,
arbitrum,withdraw_final,497972938,1787595486000,0xb18f0647edbc36ab5cd7535b8d733f11dc15863a8c69654f1973aef50db6e224,,,,,,281650278762020864
arbitrum,deposit,497973090,1787595224000,0x488e5e2fe93cf263d11ea2fb0bc0f81c01fc34c4f9971a50ec9ea05ffc32a796,0xd02d23e3aaebabd36c8253a38e80c4dddfcff127,0xd02d23e3aaebabd36c8253a38e80c4dddfcff127,0xfd086bc7cd5c481dcc9c85ebe478a1c0b69fcbb9,149536468,2184,
arbitrum,withdraw_submit,497974978,1787595697000,0x75a529998245a97c0e68540758cea4e2c93853a0bf4fb6958f8b30f7395ac9cb,,0x3777b5e94059adde594073b0c5177ea082fb1941,0xfd086bc7cd5c481dcc9c85ebe478a1c0b69fcbb9,133269479,,281595990371205120
arbitrum,withdraw_submit,497975218,1787595757000,0x1651b565422bfa7451bc72bf81387232ef7bf06e0cb8c4875136a925439ef234,,0x092b0a30a66ec490d09719d28ae692f0586104e9,0xfd086bc7cd5c481dcc9c85ebe478a1c0b69fcbb9,99000000,,281598180804526080
arbitrum,deposit,497975227,1787595760000,0xba9042efcbd5146d85fd35c4b9e33195eebaf97acae06e009af183f168d20508,0x634ceaa5abf564a6eaddb1e9966a7f2932f27319,0x634ceaa5abf564a6eaddb1e9966a7f2932f27319,0xfd086bc7cd5c481dcc9c85ebe478a1c0b69fcbb9,10000000,2184,
arbitrum,withdraw_submit,497975456,1787595817000,0xce2d4bd5638ae84e27fdd4bcf1d11c8951bf16d6d1a12adccd99865e76bb0b7b,,0xc9d11f6acf24703e880aa90a2c911b562f028fa7,0xfd086bc7cd5c481dcc9c85ebe478a1c0b69fcbb9,170000000,,281606590375657476
arbitrum,withdraw_submit,497977858,1787596418000,0xae48133ee922145ddd68c0e2b4af5766c898105f92f9f419f8fe63cd83a4602a,,0xea282801149c7c973da5753b8e9df84b35f8c8e2,0xfd086bc7cd5c481dcc9c85ebe478a1c0b69fcbb9,117668662,,281650278762020864
arbitrum,deposit,497981097,1787597229000,0xd651c9e458e46897790631820067cbc5bb3ea577f4052582aa3ad567443b5753,0x62dca82278c2d8bf6890cb9dbc50ecc77112a97a,0x62dca82278c2d8bf6890cb9dbc50ecc77112a97a,0xfd086bc7cd5c481dcc9c85ebe478a1c0b69fcbb9,117668662,2184,
arbitrum,deposit,497981121,1787597235000,0x17cc7d87a29de9291521ed4b29ceb4b11780203e4a14fdc64c282bd0c085113f,0x5ce69d01efe9778436070539bc6ea9350b6d578f,0x5ce69d01efe9778436070539bc6ea9350b6d578f,0xfd086bc7cd5c481dcc9c85ebe478a1c0b69fcbb9,503611940,2184,
arbitrum,deposit,497985953,1787598446000,0x8dd01176b6a146bfba82c37c12128ec6f1d2240f3b98c09006cbffc224bbec9d,0x61b4027e5fef0dfe5b14e88734106593549d1b70,0x61b4027e5fef0dfe5b14e88734106593549d1b70,0xfd086bc7cd5c481dcc9c85ebe478a1c0b69fcbb9,77971845,2184,
arbitrum,withdraw_final,497990631,1787599914000,0x206111f2f21297c902e1235899e65e820275b2d0850e2aa51f3fd2c0fcc7447f,,,,,,281988619101536256
arbitrum,withdraw_submit,497995591,1787600858000,0x410072e6c63bdb484c92b26dfcecdb451750b74640eb129c0a076fd84cf8fce1,,0xf6307a42a0c717b18325f29901068aa2f5b72d29,0xfd086bc7cd5c481dcc9c85ebe478a1c0b69fcbb9,135000000,,281988619101536256
arbitrum,deposit,498003891,1787602940000,0x8c11e5dccc8e3e939fed5bfa3dcc0bfe5b058dfbeeed948c4b21801f4c95d56a,0xbb48553d0c9470eb429ba35acd350c4c242ee902,0xbb48553d0c9470eb429ba35acd350c4c242ee902,0xfd086bc7cd5c481dcc9c85ebe478a1c0b69fcbb9,2000000,2184,
arbitrum,withdraw_final,498004062,1787603282000,0x7f471e81f6df814803c625d84153999b447d4d8feac717988d0da2bd86fd019f,,,,,,282242743730700288
arbitrum,withdraw_submit,498008996,1787604218000,0x4bbc9a38c3b9b06bc8dd0a283f64bfbb219a11b31cb6ae0f262cfd14ee90cc23,,0xbb48553d0c9470eb429ba35acd350c4c242ee902,0xfd086bc7cd5c481dcc9c85ebe478a1c0b69fcbb9,1000000,,282242743730700288
arbitrum,deposit,498039361,1787611860000,0x9b0bb3b6e58e7e96b8bdb3f6b31decf73054a9217b27a866abaa55ca654b8f45,0xa50b2cff60052de6e3deced6658f654a32292ed2,0xa50b2cff60052de6e3deced6658f654a32292ed2,0xfd086bc7cd5c481dcc9c85ebe478a1c0b69fcbb9,42052770,2184,
arbitrum,deposit,498046508,1787613654000,0x1b37f42f7a2b2854cc7cfa55e595ff5fa22a105da67044af771f8af469d15f01,0xd5cd3abec638f5718130d1403ff0fde32e9ae9a9,0xd5cd3abec638f5718130d1403ff0fde32e9ae9a9,0xfd086bc7cd5c481dcc9c85ebe478a1c0b69fcbb9,16868113,2184,
arbitrum,withdraw_final,498055814,1787616310000,0x45ec61b8dfb87a6892fc380a6fb103dd336f3b8a41b96822f823abef9c28c654,,,,,,283199516432138240
arbitrum,deposit,498057152,1787616345000,0xab8110fecd050881fb3e63d3a239ccbf8cd8810c81c4dbcc995c49c2767dfa9c,0x2e36623b7ffb5829e6d61bc4d5f70aaca4c1c4a2,0x2e36623b7ffb5829e6d61bc4d5f70aaca4c1c4a2,0xfd086bc7cd5c481dcc9c85ebe478a1c0b69fcbb9,200017530,2184,
arbitrum,deposit,498057540,1787616442000,0xcbb210bf76b875284777053d7694c46cde3e829d8635a919edb5b5f2f4d430a2,0x2e36623b7ffb5829e6d61bc4d5f70aaca4c1c4a2,0x2e36623b7ffb5829e6d61bc4d5f70aaca4c1c4a2,0xfd086bc7cd5c481dcc9c85ebe478a1c0b69fcbb9,200018978,2184,
arbitrum,withdraw_submit,498060718,1787617237000,0x426153317355a9e376c197ba6ae77ac50675b8a2f73c42f53fba9da6fafa333b,,0x4feb1eed50f5a9a404bdaa30152ccb4f0b844f8e,0xfd086bc7cd5c481dcc9c85ebe478a1c0b69fcbb9,31917783,,283199516432138240
arbitrum,deposit,498067378,1787618910000,0x2c46648401bd3918e60d011316d7ea6c46b8086631a2814cdce25864ce0eb8cc,0xdc9dcab83072b77e0e056908471a8641f5a5fe8c,0xdc9dcab83072b77e0e056908471a8641f5a5fe8c,0xfd086bc7cd5c481dcc9c85ebe478a1c0b69fcbb9,17400855195,2184,
arbitrum,deposit,498087919,1787624072000,0x5cf58ddfefc912f2ccb5141ddf2b53e70fe788b1d772dc362346a7401632acc8,0x72c5cd18a51d53db34072546a7a38a4f73600d92,0x72c5cd18a51d53db34072546a7a38a4f73600d92,0xfd086bc7cd5c481dcc9c85ebe478a1c0b69fcbb9,399000000,2184,
arbitrum,deposit,498089776,1787624540000,0xa1b395feae8a06a064862aecb6a9f9c98df67885187890ca786b6ee7491d6ecd,0xbb48553d0c9470eb429ba35acd350c4c242ee902,0xbb48553d0c9470eb429ba35acd350c4c242ee902,0xfd086bc7cd5c481dcc9c85ebe478a1c0b69fcbb9,2000000,2184,
arbitrum,withdraw_final,498089937,1787624880000,0x3eab425c41e629bfb28de3b51f10c75ced4e0c1a8b8962de298864e0716fbd55,,,,,,283857831822622720
arbitrum,deposit,498090964,1787624837000,0xfa1f125896ab09bf7d9554ba1fcf0a4967004297df6ae13a5d9384efcb4b78fd,0x2e8bd20de6532c11f3640f146f68ff70fabad6ae,0x2e8bd20de6532c11f3640f146f68ff70fabad6ae,0xfd086bc7cd5c481dcc9c85ebe478a1c0b69fcbb9,199950000,2184,
arbitrum,withdraw_submit,498094883,1787625817000,0x28e676bb54046ad05aa966caf81f67cc6f18d01d9c2624a7bceafc6de47a55b4,,0xbb48553d0c9470eb429ba35acd350c4c242ee902,0xfd086bc7cd5c481dcc9c85ebe478a1c0b69fcbb9,1000000,,283857831822622720
arbitrum,deposit,498097556,1787626487000,0x0a81916b3d045c3a0c435cfaaf244bd102b3fbe1d6e27b748c7505dc0a78bc90,0x5d2410bc46cdebb2614d7184ed876a51571d25c4,0x5d2410bc46cdebb2614d7184ed876a51571d25c4,0xfd086bc7cd5c481dcc9c85ebe478a1c0b69fcbb9,12092588,2184,
arbitrum,withdraw_final,498102321,1787627985000,0x52f88dff28e2d1168c4871bfe67aecfa779e038952aab494d4d29b4289a09cb9,,,,,,284097628453470208
arbitrum,withdraw_final,498104198,1787628455000,0x9f51a4011ec94f44a2e21673cb8448eb4b47fdc9078945518deda1d320cd4ff6,,,,,,284133697593016325
arbitrum,withdraw_submit,498107298,1787628937000,0x5eac46feaf6997d710d9d89cc83cb8a7cf4fb5875e3076d18c2c876c4759a6ef,,0xa0af20da6b46db8a4410da41171f996652a90e46,0xfd086bc7cd5c481dcc9c85ebe478a1c0b69fcbb9,149000000,,284097628453470208
arbitrum,deposit,498107454,1787628977000,0xcd596e1353f7df7e60e691d9f0c754d340222acc835266ea91f1e04069f39ecf,0x48b576c87e788a762d6f95a456f2a39113b46950,0x48b576c87e788a762d6f95a456f2a39113b46950,0xfd086bc7cd5c481dcc9c85ebe478a1c0b69fcbb9,25000000,2184,
arbitrum,deposit,498108753,1787629304000,0x39d9540bf1ecee4fdb9d82cfd4ca7ff7a48182f133a2956decf45beda94fad66,0x52de8592abb4b6956923d144a14756642b544b1c,0x52de8592abb4b6956923d144a14756642b544b1c,0xfd086bc7cd5c481dcc9c85ebe478a1c0b69fcbb9,201006847,2184,
arbitrum,withdraw_submit,498108969,1787629358000,0xa9efdedfa3c917fd5ed49842884118d95b782b2abe83275c14fbe7fe1fb3116e,,0xbe0a525998fd5f07d11b17562841ea0f08226eb7,0xfd086bc7cd5c481dcc9c85ebe478a1c0b69fcbb9,149000000,,284133697593016325
arbitrum,deposit,498115657,1787631041000,0x8db64551df694207cfea0edef57b1f85686ecb3856cb34aa0b014db374fc1028,0x3bcc29c7c56e1b06b969285de0db23bcc7038f5b,0x3bcc29c7c56e1b06b969285de0db23bcc7038f5b,0xfd086bc7cd5c481dcc9c85ebe478a1c0b69fcbb9,99950000,2184,
arbitrum,deposit,498116516,1787631255000,0x6f44f0dd655740e4b2481dbd2f3f280b6a2e1544b5d3ee2f0bf3772a45cf66db,0x055d3640c23a9a02bcc761fa10a2e750a79c0e4e,0x055d3640c23a9a02bcc761fa10a2e750a79c0e4e,0xfd086bc7cd5c481dcc9c85ebe478a1c0b69fcbb9,78474116,2184,
arbitrum,deposit,498130531,1787634800000,0x624eae1b5982273ca1836dd45d7d093e73dda1fb8ec2f24d45becf5392036c61,0x2164d6b2ef215a4f46912bdd18f27a25041ebe29,0x2164d6b2ef215a4f46912bdd18f27a25041ebe29,0xfd086bc7cd5c481dcc9c85ebe478a1c0b69fcbb9,50012129,2184,
arbitrum,deposit,498132425,1787635282000,0x63f86802232312967ce0810fe0388ebc605db277e070419b9450096919e653a8,0xd9bb05f0b584fc018164e39b63d071154336fe61,0xd9bb05f0b584fc018164e39b63d071154336fe61,0xfd086bc7cd5c481dcc9c85ebe478a1c0b69fcbb9,19900000,2184,
arbitrum,deposit,498134172,1787635730000,0x4aa468c855437eff6b4032070164cf4f1fb46841a76f4effbf61383d8663d572,0x9c6a0bdc812976e2f6249b4263823abeb352dacf,0x9c6a0bdc812976e2f6249b4263823abeb352dacf,0xfd086bc7cd5c481dcc9c85ebe478a1c0b69fcbb9,101027354,2184,
arbitrum,withdraw_final,498139951,1787637493000,0xfda797c152f0883cdba305beffaf1e5b20813c97dd89a4a47fe8268e14834206,,,,,,284824663312302080
arbitrum,deposit,498142377,1787637802000,0x0975772436aaa498479a77306a11dc3f113a167c5c7a241cae97c77b1c87eddf,0xbf9527a6380c956b3dda6c5530c05157275a795e,0xbf9527a6380c956b3dda6c5530c05157275a795e,0xfd086bc7cd5c481dcc9c85ebe478a1c0b69fcbb9,999850000,2184,
arbitrum,withdraw_submit,498144821,1787638417000,0x196d488d40f1f436171b1319aa7b9fd64ce0e8ebfaf9eed2aeb7f6a734f0ca42,,0x21e08c04f29febce461be04789c1ee44d0e15da8,0xfd086bc7cd5c481dcc9c85ebe478a1c0b69fcbb9,49000000,,284824663312302080
arbitrum,deposit,498147600,1787639115000,0xa3a0baa4b6c5536d803e389a589bf6d1d45ebb05c867031da917ec2a240651dd,0x07e8aaddcaa09f6f2806f92ebb735fab04a67d1c,0x07e8aaddcaa09f6f2806f92ebb735fab04a67d1c,0xfd086bc7cd5c481dcc9c85ebe478a1c0b69fcbb9,3000783521,2184,
arbitrum,deposit,498155567,1787641117000,0x95d196c4c614b1caa7ceb5528ee02dc668ea7ad8fd75ec9f8af31706e7a6d98b,0x314923f06c408b1eb0f22ccf0ccec628a6f40333,0x314923f06c408b1eb0f22ccf0ccec628a6f40333,0xfd086bc7cd5c481dcc9c85ebe478a1c0b69fcbb9,99000217,2184,
arbitrum,withdraw_final,498158274,1787642097000,0xa19f73cc14a027b89cc4921e2ad85817ee53207ff13d236181f8902402454d05,,,,,,285179891475808256
arbitrum,deposit,498161516,1787642613000,0x368769191dd04de50a49bfcba491f47e2245780be19bc839beddadfb60461558,0x7bb9a724e79a128146a1f7fe6beb167396cb97c0,0x7bb9a724e79a128146a1f7fe6beb167396cb97c0,0xfd086bc7cd5c481dcc9c85ebe478a1c0b69fcbb9,4000000,2184,
arbitrum,deposit,498162326,1787642817000,0xca708154e1f615546ff6568c6be7f14582e72066aad46b8b34979b1ae67b6450,0xff2cd8ddd4a4c62348fd84e3228c377f839e483d,0xff2cd8ddd4a4c62348fd84e3228c377f839e483d,0xfd086bc7cd5c481dcc9c85ebe478a1c0b69fcbb9,35009289,2184,
arbitrum,withdraw_submit,498163198,1787643037000,0x586bec33582920049193e54f90aa3d399b3172c5623fa0f7d638145cea67fa09,,0xbe8ede8d32db0223d6e7773ea93e00b993d8522a,0xfd086bc7cd5c481dcc9c85ebe478a1c0b69fcbb9,17900000,,285179891475808256
arbitrum,deposit,498166923,1787643975000,0xdb060d95f8b841d5dca920f6fd40fc1db60e93c0b8ff1822331133d70a2ca599,0x5ca1df6a197a9f554e1ceb2c7b64fe5debacc181,0x5ca1df6a197a9f554e1ceb2c7b64fe5debacc181,0xfd086bc7cd5c481dcc9c85ebe478a1c0b69fcbb9,98815665,2184,
arbitrum,deposit,498169677,1787644666000,0xad71af5c2b465b01e5e3b52f717af70dc0c4d4e502203a9ec37e4503861b1307,0x4fa20c4fbc0ba2cacbf28f1dbb1f0375fed07861,0x4fa20c4fbc0ba2cacbf28f1dbb1f0375fed07861,0xfd086bc7cd5c481dcc9c85ebe478a1c0b69fcbb9,5088671,2184,
arbitrum,deposit,498169851,1787644710000,0xd2ad0666c712865b092707e58789e4ac3a324ddd9a32f92b77b19990941ce91b,0xa4d76378ffc044d95fcf102e40ae6da73a1a3f02,0xa4d76378ffc044d95fcf102e40ae6da73a1a3f02,0xfd086bc7cd5c481dcc9c85ebe478a1c0b69fcbb9,50837416,2184,
arbitrum,deposit,498171610,1787645149000,0xb71ed8111402e0fdee137dcee364b45b603efe97db59cd093c52e7ac7c2758c4,0x9690cd121285b41f81b4dd171000da8c7b08ad10,0x9690cd121285b41f81b4dd171000da8c7b08ad10,0xfd086bc7cd5c481dcc9c85ebe478a1c0b69fcbb9,499421526,2184,
arbitrum,deposit,498173325,1787645579000,0xd2dc4f058a1bed38b649f49bf0198b72af0d7705caefb8d906feeecf53b2320a,0x48b576c87e788a762d6f95a456f2a39113b46950,0x48b576c87e788a762d6f95a456f2a39113b46950,0xfd086bc7cd5c481dcc9c85ebe478a1c0b69fcbb9,75000000,2184,
arbitrum,deposit,498175559,1787646139000,0x4f8361d1a1265ad3109f9a633112032fbf786b5ac06532f157ca21c363ed831f,0xbb48553d0c9470eb429ba35acd350c4c242ee902,0xbb48553d0c9470eb429ba35acd350c4c242ee902,0xfd086bc7cd5c481dcc9c85ebe478a1c0b69fcbb9,2000000,2184,
arbitrum,withdraw_final,498175731,1787646483000,0x15f78a77934a6d597b6d8464369ff8c5392cf5996f1d76c270df0885fd085636,,,,,,285518764395462656
arbitrum,deposit,498177826,1787646708000,0xc158d955ff61a01c70757d11f46157f9c4421e51142b20f599b17ce9374d553b,0x0b26dada3524e1d97db8e0e45b065adb8f89d3df,0x0b26dada3524e1d97db8e0e45b065adb8f89d3df,0xfd086bc7cd5c481dcc9c85ebe478a1c0b69fcbb9,50000000,2184,
arbitrum,withdraw_final,498177950,1787647040000,0x0f669e6af08e140fffbb60e62471088b25ee8ee48680c07616a46a1b9e932a80,,,,,,285561860093116416
arbitrum,withdraw_submit,498180653,1787647417000,0x61f33d5b611a456bd8894a35064e44d25202d8134c296d1456dc20fdc2762d83,,0xbb48553d0c9470eb429ba35acd350c4c242ee902,0xfd086bc7cd5c481dcc9c85ebe478a1c0b69fcbb9,1000000,,285518764395462656
arbitrum,withdraw_submit,498182803,1787647957000,0xe7ff87fce50657d52c90130a18d4d90c6cb152b1605de642039e4924e1bc6920,,0xb07efde98c2ba33ceccb3dcccf3ae0a641c8a669,0xfd086bc7cd5c481dcc9c85ebe478a1c0b69fcbb9,40644067,,285561860093116416
arbitrum,deposit,498182981,1787648002000,0x31d941286c093240eb751912b79e4f9041ac61e5e8f304198d7e9f7fa3ede931,0x656c7e9fbea43bcd86b6bb06d00348f944839281,0x656c7e9fbea43bcd86b6bb06d00348f944839281,0xfd086bc7cd5c481dcc9c85ebe478a1c0b69fcbb9,50014473,2184,
arbitrum,deposit,498183613,1787648160000,0x7e20477830e5fa4ec58cf1bf6557d775d4ca10a5d24e32a53e40f9560e635cc4,0xc72814f93934eba9fe6c1466cdb281edae87c8dd,0xc72814f93934eba9fe6c1466cdb281edae87c8dd,0xfd086bc7cd5c481dcc9c85ebe478a1c0b69fcbb9,67639128,2184,
arbitrum,withdraw_final,498186589,1787649209000,0x4264a2840ca76de0337cd3ca070b5af49dd3e45b61419b7cc03d5556526ab214,,,,,,285729965129859072
arbitrum,withdraw_final,498189884,1787650035000,0x493c52eb619f30d75bbb2afd94504badb5534c1bbcb686c20607729b2f0bb41a,,,,,,285793848452448256
arbitrum,withdraw_submit,498191399,1787650117000,0xdee37c4989786910de9d937813483f66d3e3993e4e3c1bced3b8d7755af9fe87,,0x3e2c21764076c2f9f4b00fe46142e8130ca358c5,0xfd086bc7cd5c481dcc9c85ebe478a1c0b69fcbb9,69863722,,285729965129859072
arbitrum,withdraw_final,498192869,1787650786000,0x7c76d4731b77bc79bffbc5f7f6764790b9dc9dc7d4b0017df804a30caa18b8f7,,,,,,285851993744867328
arbitrum,withdraw_submit,498194742,1787650957000,0x9382eb53714b23cf446ae988fcfb337d3e87bdda16dfc2a46efce115ce5e9d70,,0xf0230d66d017a5ce8c4b64195706f8628f198a60,0xfd086bc7cd5c481dcc9c85ebe478a1c0b69fcbb9,499000000,,285793848452448256
arbitrum,withdraw_final,498196540,1787651709000,0x132e1a2c9dd7b72b87bb21cb05b362fddac7f1c5bbb46484ac18581bf09c0ae1,,,,,,285923461983895552
arbitrum,withdraw_submit,498197853,1787651737000,0x24dce8b95bd82953b8e2e7ac8e4af81965ea7c6ea183eb2db15577dbb53a1d98,,0x0d1fb8bcc8b1ca63c56d1d5e5222ebd37c22f376,0xfd086bc7cd5c481dcc9c85ebe478a1c0b69fcbb9,18855447,,285851993744867328
arbitrum,deposit,498200701,1787652450000,0x5914a16ca6ca21536a52d8cabfbefafb7a2782209f58ec3b432fc3faf5974744,0x48b576c87e788a762d6f95a456f2a39113b46950,0x48b576c87e788a762d6f95a456f2a39113b46950,0xfd086bc7cd5c481dcc9c85ebe478a1c0b69fcbb9,25032800,2184,
arbitrum,deposit,498201231,1787652583000,0xd4c20c95e89687affe857ef9cc1f13d1b6cfa7493c037f653d73cde283451765,0x5ca1df6a197a9f554e1ceb2c7b64fe5debacc181,0x5ca1df6a197a9f554e1ceb2c7b64fe5debacc181,0xfd086bc7cd5c481dcc9c85ebe478a1c0b69fcbb9,871919804,2184,
arbitrum,withdraw_submit,498201445,1787652637000,0x2f374bb4b4b6a3e66aaca65c0d971daef4cae8d827a131aeefc32982409f3482,,0x2e36623b7ffb5829e6d61bc4d5f70aaca4c1c4a2,0xfd086bc7cd5c481dcc9c85ebe478a1c0b69fcbb9,537681462,,285923461983895552
arbitrum,deposit,498202222,1787652832000,0x8f45668ceae35cef52865a0703fae4aefd107bb120dacdde43d581b7a82974ca,0x48b576c87e788a762d6f95a456f2a39113b46950,0x48b576c87e788a762d6f95a456f2a39113b46950,0xfd086bc7cd5c481dcc9c85ebe478a1c0b69fcbb9,50012459,2184,
arbitrum,withdraw_final,498207407,1787654436000,0x3d079ec8327144d1921823435d288ab98d5286c62716de3718d93220dc3d989b,,,,,,286133881030049792
arbitrum,withdraw_submit,498212184,1787655337000,0x3bd6b917edfdc9bc766fee49fd5b089674de78607a4f616cf12facdb5ed1bd76,,0xb6fec2db938f60bd23df375cda8de9e38132cebc,0xfd086bc7cd5c481dcc9c85ebe478a1c0b69fcbb9,39379804,,286133881030049792
arbitrum,deposit,498215635,1787656206000,0xa2dad9bc41124c31ad0e17fcd461ca88e1e3e01fe87e8563c42b9d8a3c10ebc3,0xda1efdfd64d24c5061bae4a3456fa1b2a4e957df,0xda1efdfd64d24c5061bae4a3456fa1b2a4e957df,0xfd086bc7cd5c481dcc9c85ebe478a1c0b69fcbb9,1401171512,2184,
arbitrum,withdraw_final,498217985,1787657096000,0x55a9b7577d39431dfadf346bc50890685486f86e59c1b653d965fb7eda87a691,,,,,,286339446767353880
arbitrum,withdraw_final,498222144,1787658144000,0x919aa00accb2834f5dea252096a431d0ffbc31cd482bb1ac6cea5f826acc7615,,,,,,286420552917188608
arbitrum,deposit,498222335,1787657892000,0x315550203eebebc9c38dfe1ad38ce1c2cbf62535ae75e030d0274d669221c3db,0x00f559349247decd6e2b4b9f374df0c75bf093c3,0x00f559349247decd6e2b4b9f374df0c75bf093c3,0xfd086bc7cd5c481dcc9c85ebe478a1c0b69fcbb9,350811769,2184,
arbitrum,withdraw_final,498222384,1787658204000,0x77e036ea960160abc404982f6df6ce1d55cc829793e765e4b1b789e22fd7774a,,,,,,286425225837412352
arbitrum,withdraw_final,498222615,1787658262000,0xdda7e873e4acd88f30b7dc69448b479d16e34d9e59689361446877fe3c592580,,,,,,286429632469663744
arbitrum,withdraw_submit,498222917,1787658038000,0xf0248227fcfd933f92238863a271a0c62a698b5a930e7e029a299baeb98493f3,,0x757a9d479f15ecd09f18d06b6131306da4ed2def,0xfd086bc7cd5c481dcc9c85ebe478a1c0b69fcbb9,32000000,,286339446767353880
arbitrum,withdraw_submit,498226972,1787659058000,0xac44f59e554f2ca8a7dc153a4c74b7061c53f0a32ae60c11de775c04fa3102cc,,0x7183cf85196d31dd51eb70ed9bacb6da67e55504,0xfd086bc7cd5c481dcc9c85ebe478a1c0b69fcbb9,24466475,,286420552917188608
arbitrum,withdraw_submit,498227210,1787659118000,0x3c86de5f4ffe40826274ed9d382ab7dc9cd42f175d236cb3115d0291eea8b318,,0x963872830cf7db67dc123d3ed1fe554f0bee79bb,0xfd086bc7cd5c481dcc9c85ebe478a1c0b69fcbb9,29267209,,286425225837412352
arbitrum,withdraw_submit,498227449,1787659178000,0x8cc42795469a6526653c38e861439cc94cfae9d12f86d3f4781d19a142aa122b,,0x2a95f78c4e673713cff8a6473be8502dadca4792,0xfd086bc7cd5c481dcc9c85ebe478a1c0b69fcbb9,383592458,,286429632469663744
arbitrum,withdraw_final,498227480,1787659486000,0xb55499b91b7fcc627630ca0aeea28722255937a9c6a305e561adc248458e22c1,,,,,,286524422397886464
arbitrum,withdraw_final,498230897,1787660341000,0x72bb5b88cf6ab9d665beddf78246dd2d1ac0c9f943eb8a158305b703740e7fae,,,,,,286590685174300684
arbitrum,deposit,498231207,1787660119000,0xd2de874e3bc3da4fad61b1bf401bfc7b28f9e67bcab5a4b428f63b3dcdac88e7,0x4be495a7b13a0ef0303ccd3d5ded6039a41e03db,0x4be495a7b13a0ef0303ccd3d5ded6039a41e03db,0xfd086bc7cd5c481dcc9c85ebe478a1c0b69fcbb9,8052188,2184,
arbitrum,withdraw_final,498231930,1787660601000,0x2b62080ecc05ebbf57c32509cdf9f79e96b7b5b8bdfc6e0169ac387ccacaad9a,,,,,,286610639567192065
arbitrum,withdraw_final,498232381,1787660713000,0xbeba33ea00b782d2cd92a32427fe807cd2811cade2881a1b6c3152444391f606,,,,,,286619323986870272
arbitrum,withdraw_submit,498232480,1787660437000,0x3c8a619dde5ff7d82e5776cf8ac3dcd0aff238ac5568886e9162852c67339b0d,,0xa50b2cff60052de6e3deced6658f654a32292ed2,0xfd086bc7cd5c481dcc9c85ebe478a1c0b69fcbb9,43488560,,286524422397886464
arbitrum,withdraw_final,498232499,1787660742000,0x26ee1f7cdd8283dcc90309f7724c07738cc5fdcaeb19f895ce4aea4a3800d211,,,,,,286621608909471745
arbitrum,withdraw_final,498233218,1787660923000,0xcc668c4f271bb3dc620c6b69b54a14afbf1c5b2997c56d771062aa998205a8e5,,,,,,286635558963249152
arbitrum,withdraw_submit,498235825,1787661277000,0x84f88cf1c2a4e7226269bcdb03fd8bc4d22a80403bb18b34b9df1cfe830a94ce,,0x5667ccd3b8970500de513e18fa7e49f6c8676af7,0xfd086bc7cd5c481dcc9c85ebe478a1c0b69fcbb9,30383095,,286590685174300684
arbitrum,withdraw_submit,498236778,1787661517000,0x0f0d6ebc9bc3391b08da387329002dbb0c89f801af2c95b3c8b6b781cba838fc,,0xfc5e6eee01937faf5d2299a3fb6a0f6a683f8689,0xfd086bc7cd5c481dcc9c85ebe478a1c0b69fcbb9,45000000,,286610639567192065
arbitrum,deposit,498236969,1787661564000,0x855ee59b2dde9b3c3e918842272c72e9d329a0516375e49b20b8a31ca62baef0,0xeed7f675f40b0f5eeed57affe902eceab1b5e1c8,0xeed7f675f40b0f5eeed57affe902eceab1b5e1c8,0xfd086bc7cd5c481dcc9c85ebe478a1c0b69fcbb9,10100000,2184,
arbitrum,withdraw_final,498237116,1787661901000,0x49da21e019d1a8fafcf3470a39319dc839ed8b1615162d36d56ef3299a59808c,,,,,,286711390918410240
arbitrum,withdraw_submit,498237260,1787661637000,0x3e293f6fa79d938e02884825d08a6a14699d3919c12ccae3ef7a553e890aacc4,,0xfaeaea57032e11fb058c7de44c5c096a2ed0eb60,0xfd086bc7cd5c481dcc9c85ebe478a1c0b69fcbb9,50561776,,286619323986870272
arbitrum,withdraw_submit,498237260,1787661637000,0x3e293f6fa79d938e02884825d08a6a14699d3919c12ccae3ef7a553e890aacc4,,0x476c87a2c9968ab4d3de39915e7c32b9159b7f38,0xfd086bc7cd5c481dcc9c85ebe478a1c0b69fcbb9,51857912,,286621608909471745
arbitrum,withdraw_submit,498237975,1787661817000,0x9f1e5dfe602fa94e40916ee705181fdc684de7cf5d6325cce430bc8d0e18d4eb,,0xa464c305023ba73832570db5f4c6f96691c175d0,0xfd086bc7cd5c481dcc9c85ebe478a1c0b69fcbb9,49000000,,286635558963249152
arbitrum,withdraw_final,498238152,1787662161000,0x32e95b62636bdb0e125a879e8a2abc7530108a7118dc89b0d47e1ae3dadbb467,,,,,,286731465612328986
arbitrum,deposit,498240962,1787662568000,0x3649fa66a56eed315ec1c9609f9596fce0dfbf99aaa2a704c404d4cbd82da79c,0x70dafa11ff44c7680010d7590806057c3025dea4,0x70dafa11ff44c7680010d7590806057c3025dea4,0xfd086bc7cd5c481dcc9c85ebe478a1c0b69fcbb9,4999491494,2184,
arbitrum,withdraw_submit,498242028,1787662837000,0x4d7e7af03d4fc01cd8be6b7f933b8dee947dbd8e565c298f3c694d1199cebd5d,,0xaad6624f5494066c96d1d0707106f1ad58fc1b63,0xfd086bc7cd5c481dcc9c85ebe478a1c0b69fcbb9,11743649,,286711390918410240
arbitrum,withdraw_final,498242359,1787663220000,0x289d362afa1e37e598871d0157d2c92ba1565d38a873268d52dc865edc1504a5,,,,,,286813593955991552
arbitrum,withdraw_submit,498242984,1787663077000,0x63c30a03d5673ca12452c7dbf3e8e0481844f6f6f084b10eba5fa8fbb04c4d61,,0xa97f1bcaf2e93eab173ee006817d46c5f0f7299f,0xfd086bc7cd5c481dcc9c85ebe478a1c0b69fcbb9,643324833,,286731465612328986
arbitrum,deposit,498244007,1787663335000,0xc9baa09d3a507d8792817c72bdf15b2bae6b1a40e35f85661980800d70e08f67,0xdddda6f358eaceb800c82d41ccc53676b5cc6f6c,0xdddda6f358eaceb800c82d41ccc53676b5cc6f6c,0xfd086bc7cd5c481dcc9c85ebe478a1c0b69fcbb9,230660000,2184,
arbitrum,withdraw_submit,498247288,1787664157000,0xe4dd3f32be345c18a5cd37255ecf0c7be9ebc732e656ef0871e1bf3694b9aee1,,0xf33f77557096cdc380ef7cfb6e3aa7850059ec5a,0xfd086bc7cd5c481dcc9c85ebe478a1c0b69fcbb9,2534812052,,286813593955991552
arbitrum,deposit,498248149,1787664372000,0x02ede81b50c9a60c1280dea3ec8c7a64d2c8900a6b3a58ece487e57c0725ebd9,0x095e5cae1411b7dfe4c010a7765f8f610de3c420,0x095e5cae1411b7dfe4c010a7765f8f610de3c420,0xfd086bc7cd5c481dcc9c85ebe478a1c0b69fcbb9,10052686,2184,
arbitrum,withdraw_final,498249908,1787665111000,0x7585123590f3455efcdacbc34160eca612857208389e22ede066289badf28ad7,,,,,,286959485421879296
arbitrum,deposit,498252507,1787665460000,0xe668593c786c369fa8518f7545044071b7bc60b2ea8d46a124e68bccb8d996eb,0x2bba45068b66eae2822d4336043feae80c162ae1,0x2bba45068b66eae2822d4336043feae80c162ae1,0xfd086bc7cd5c481dcc9c85ebe478a1c0b69fcbb9,280224466,2184,
arbitrum,withdraw_submit,498254736,1787666017000,0x416b461d3b917054c876da6eb47d0af0a436fda41b7c45ab52847b2fffd397a4,,0x1b9826b1fe5397c0cb5455fbb8d7aa2d4e4b282e,0xfd086bc7cd5c481dcc9c85ebe478a1c0b69fcbb9,77100468,,286959485421879296
arbitrum,deposit,498255269,1787666151000,0x77b638f3cd7f6f13108042b7f25c8bb3d77abb0259481f074214b00b87b437a1,0x314a8fdb917489f4ea856d37ebbe05902b00811f,0x314a8fdb917489f4ea856d37ebbe05902b00811f,0xfd086bc7cd5c481dcc9c85ebe478a1c0b69fcbb9,1811213372,2184,
arbitrum,deposit,498260433,1787667440000,0x8677281e9f47a613b716fb3afc0aed24b12c6d870cb67fc7ac8d5359e95649ae,0x47ed904998f9e57417d64a28574912c957a6b604,0x47ed904998f9e57417d64a28574912c957a6b604,0xfd086bc7cd5c481dcc9c85ebe478a1c0b69fcbb9,100114187,2184,
arbitrum,withdraw_final,498260620,1787667787000,0x7eeaead21768c064b2a364415b2c400a727a3bb68327e4c9d5c34fadc3dd425d,,,,,,287165420505399296
arbitrum,deposit,498261635,1787667740000,0xd6b1053a417c2874ce58bff9d90c7916bb3811f63e55b7cbd21efb9acc8dd4df,0xbb48553d0c9470eb429ba35acd350c4c242ee902,0xbb48553d0c9470eb429ba35acd350c4c242ee902,0xfd086bc7cd5c481dcc9c85ebe478a1c0b69fcbb9,2000000,2184,
arbitrum,withdraw_final,498261772,1787668074000,0xdbc5f49fa246ca31bba9bde08c021356ec7829ee90c1e45e959f07974a7118c5,,,,,,287187496628912128
arbitrum,deposit,498262121,1787667862000,0xc8c0454c308d99ae7175f7c3ca32283f110984f6059c7ca4b60b0293d974b197,0xa98b2ce87ceb3cc3a6bcdccbda318125fbf3b962,0xa98b2ce87ceb3cc3a6bcdccbda318125fbf3b962,0xfd086bc7cd5c481dcc9c85ebe478a1c0b69fcbb9,101917849,2184,
arbitrum,withdraw_final,498263422,1787668487000,0xd79c915314fcd9f25cd0be1b2cc4ef1e11a088109c20d6505b0f48545738f45e,,,,,,287219476967981056
arbitrum,withdraw_submit,498265539,1787668717000,0xdcb604032afa6cc2840a5a0212a9c1c677969520f09d6ce721e5520d9bc83d65,,0x1b8d5b8a6c49b50877b60ea2806e737b98a74cf4,0xfd086bc7cd5c481dcc9c85ebe478a1c0b69fcbb9,1000000,,287165420505399296
arbitrum,deposit,498266314,1787668910000,0x741f6cbceb092a976f5834cbaf70ff630776d296bca079413781d4f7a19fbb6f,0x4af298e502990729a89e5609cad23f9ba23ca7e5,0x4af298e502990729a89e5609cad23f9ba23ca7e5,0xfd086bc7cd5c481dcc9c85ebe478a1c0b69fcbb9,10081551,2184,
arbitrum,withdraw_submit,498266741,1787669017000,0x84e50cb2aff55036ca28895a82e5ba1879715619729d833b488fbea52dc7cdf7,,0xbb48553d0c9470eb429ba35acd350c4c242ee902,0xfd086bc7cd5c481dcc9c85ebe478a1c0b69fcbb9,1000000,,287187496628912128
arbitrum,deposit,498267286,1787669155000,0x4dbf54102a7944c82e5d3b7f4d738d66ebbc04e2b611311ac1600f05b90da9bb,0x83447d7d9c8d4bb4ad8ed10447540a1f555c1638,0x83447d7d9c8d4bb4ad8ed10447540a1f555c1638,0xfd086bc7cd5c481dcc9c85ebe478a1c0b69fcbb9,18000000,2184,
arbitrum,withdraw_submit,498268414,1787669437000,0xfc65a4ea9a0a71e79e15f9744c0fdca8c7983bf4aaffc9182e0b3790ada84064,,0x3256074c1319d249350b02451b9068a4a211e36d,0xfd086bc7cd5c481dcc9c85ebe478a1c0b69fcbb9,46000000,,287219476967981056
arbitrum,withdraw_final,498270832,1787670342000,0x64f699da652fc355854b73226a93799d0ab6a82275180ce6b6c1f7fa3a0f68d5,,,,,,287362344760115200
arbitrum,deposit,498274626,1787670993000,0x36521331784fdc178fc369e2583670a060b151ace86f0466055ec3119a9f3a28,0x01b86aeebcd1ff94ac1195cfc8fd9e39db24db45,0x01b86aeebcd1ff94ac1195cfc8fd9e39db24db45,0xfd086bc7cd5c481dcc9c85ebe478a1c0b69fcbb9,10100000000,2184,
arbitrum,withdraw_submit,498275602,1787671237000,0xcdfb24e9c40135a291306a239a4b9c2e11db41aa3311d9a3b922abd82f273b4e,,0x176056cb00956522a68d634d36969710b6d1c525,0xfd086bc7cd5c481dcc9c85ebe478a1c0b69fcbb9,149000000,,287362344760115200
arbitrum,deposit,498277695,1787671761000,0x4051cbc9a1636a37ec665d1a0d451fd68d22995e2a0948da5819a40f313f66ce,0xee92656bdda091ed8cbc45cde8e6bd2ddde9889e,0xee92656bdda091ed8cbc45cde8e6bd2ddde9889e,0xfd086bc7cd5c481dcc9c85ebe478a1c0b69fcbb9,999093369,2184,
arbitrum,withdraw_final,498280665,1787672804000,0x1165b12752dd110bfd12939caf1a0d7e31221b56e14974e703b6f48b628f5721,,,,,,287552491548049408
arbitrum,deposit,498282908,1787673065000,0x589c3a2d93c80428585d3611843ae63f65880111d3d15d308734237db16c02ca,0xa67f83cd0c11dffd98709f562cdb48201eea968d,0xa67f83cd0c11dffd98709f562cdb48201eea968d,0xfd086bc7cd5c481dcc9c85ebe478a1c0b69fcbb9,999841007,2184,
arbitrum,deposit,498282935,1787673071000,0x7c3c266af4b1fa3e45367e14aaed60982364536d0b787bbce9a5ad8b54361091,0x7f163c9f5e453be0c0c8798a1b801c15401d1a35,0x7f163c9f5e453be0c0c8798a1b801c15401d1a35,0xfd086bc7cd5c481dcc9c85ebe478a1c0b69fcbb9,339021633,2184,
arbitrum,deposit,498283730,1787673270000,0x3a5b1bf7cc36626dd8d6b6f0c084336cb2dd7181e7f09196da1f1ef7743afbc6,0xf1eab4a72d2fcf2ac2e11e65fa127f6107ea96fa,0xf1eab4a72d2fcf2ac2e11e65fa127f6107ea96fa,0xfd086bc7cd5c481dcc9c85ebe478a1c0b69fcbb9,35450000,2184,
arbitrum,withdraw_submit,498285681,1787673757000,0xbcc67618cca253b5ec26b68d184b66b064bc24325b8314d92e2431c39494c39b,,0xda4970bb1ccf005e32521dff87a884a186fc52d4,0xfd086bc7cd5c481dcc9c85ebe478a1c0b69fcbb9,51333651,,287552491548049408
arbitrum,deposit,498285864,1787673803000,0x725ebecc827c5e9cb206dc2549db41b4aaad5de7767c3538e3b931b6fa9d37e4,0x9e61ae0d849ad4d74d156c7769285642a645d39d,0x9e61ae0d849ad4d74d156c7769285642a645d39d,0xfd086bc7cd5c481dcc9c85ebe478a1c0b69fcbb9,1088000000,2184,
arbitrum,deposit,498287460,1787674201000,0xb68417479a5a93f2412db5087abe7f27b31f2d7e34cc1ea0dd69c38b6e53139e,0x840fc6758f7c9da99ea87c11a310ef4b21addb5c,0x840fc6758f7c9da99ea87c11a310ef4b21addb5c,0xfd086bc7cd5c481dcc9c85ebe478a1c0b69fcbb9,18125189,2184,
arbitrum,withdraw_final,498291045,1787675394000,0x4b0d13f543b55ea57e128b7fba5a18f9646bfe4e6d335e717ddcdc688c4ec3cf,,,,,,287753135240249344
arbitrum,withdraw_submit,498296017,1787676337000,0x02c3c32c24fe81d13d85913d20fc7f506b8343f6b7abbf2d5294a961bcfae303,,0xdddda6f358eaceb800c82d41ccc53676b5cc6f6c,0xfd086bc7cd5c481dcc9c85ebe478a1c0b69fcbb9,224403176,,287753135240249344
arbitrum,deposit,498296772,1787676526000,0xf03a8bb66ed0342104e0427a917dcbdb9546b6b23f141abb90feff5cdfe9f042,0x74028a31bb4f1c2e1b479c0c5f66f3e405827cd5,0x74028a31bb4f1c2e1b479c0c5f66f3e405827cd5,0xfd086bc7cd5c481dcc9c85ebe478a1c0b69fcbb9,1999900000,2184,
arbitrum,withdraw_final,498307503,1787679514000,0x269bb6be1b250db53100f0b357ec6f33b948e2245f2a532d6300daad1d86688f,,,,,,288072216954798080
arbitrum,withdraw_submit,498312302,1787680417000,0x0c586e2b0cd3fd140ed272338e69db66d0017ef23270f7a1bceefa0dffb4c7f0,,0x7f163c9f5e453be0c0c8798a1b801c15401d1a35,0xfd086bc7cd5c481dcc9c85ebe478a1c0b69fcbb9,297397035,,288072216954798080
arbitrum,deposit,498317469,1787681708000,0x10f16cd29644e11eaec317fc95378b75c3527e399d9aa8f9c6e59cd3e7947c85,0x3a6a0b0c5e43eb1ae96036a12f1a3d8f6153efd1,0x3a6a0b0c5e43eb1ae96036a12f1a3d8f6153efd1,0xfd086bc7cd5c481dcc9c85ebe478a1c0b69fcbb9,4000000000,2184,
arbitrum,deposit,498319753,1787682279000,0xd64536c276903c7aa87a421172ef3b7255156a8e85b2a570a61663f03062d738,0x2a5810ba18c3cb17fbdad57151509e2ad795b9c6,0x2a5810ba18c3cb17fbdad57151509e2ad795b9c6,0xfd086bc7cd5c481dcc9c85ebe478a1c0b69fcbb9,10000000,2184,
arbitrum,deposit,498323068,1787683103000,0x0497632ab53bfd816277b398378ee569f26cc3cee935ca37fff885682fbef421,0x2a5810ba18c3cb17fbdad57151509e2ad795b9c6,0x2a5810ba18c3cb17fbdad57151509e2ad795b9c6,0xfd086bc7cd5c481dcc9c85ebe478a1c0b69fcbb9,40000000,2184,
arbitrum,withdraw_final,498323497,1787683511000,0x541bfe8a634ba53dc1cc36387b45090451f6b1d3281b815a8c4a9e7458ca2a36,,,,,,288381042262278144
arbitrum,deposit,498327688,1787684256000,0xc4ae0c588056f1922b5c820fbe1f69f16506515a74055d6c716597b6d8b6da52,0x6af8fe3e4c5d5a23a0daf6c5eed4fb3843369b6b,0x6af8fe3e4c5d5a23a0daf6c5eed4fb3843369b6b,0xfd086bc7cd5c481dcc9c85ebe478a1c0b69fcbb9,100000000,2184,
arbitrum,deposit,498328356,1787684424000,0x8c84b10d086d03f066464396adacc4bb228f2356f6d072399830e16bff0c64b6,0x82e43b3edf45980251340d3ea8e59fcdd566ab7c,0x82e43b3edf45980251340d3ea8e59fcdd566ab7c,0xfd086bc7cd5c481dcc9c85ebe478a1c0b69fcbb9,22783830,2184,
arbitrum,withdraw_submit,498328409,1787684437000,0xe1ad6dff412ec7e289d8537251eab8b893315a59b1837f3ef114ff11816e09a6,,0x7457fd965d22fb844d3e420494eefdb5df4b9a98,0xfd086bc7cd5c481dcc9c85ebe478a1c0b69fcbb9,488000000,,288381042262278144
arbitrum,deposit,498331037,1787685094000,0x197900476ea6b33da4ef8bbdcb51368195c9d4d4cc566c7fb43037bf264c431d,0x591d0453de29ff2bb484336d6d44f5ec5994ced1,0x591d0453de29ff2bb484336d6d44f5ec5994ced1,0xfd086bc7cd5c481dcc9c85ebe478a1c0b69fcbb9,103000000,2184,
arbitrum,deposit,498339830,1787687289000,0x062314749473d7758a31f7a4717bc1b04c51a063acbe061bcb86ba71d2ffe07b,0xfc5e6eee01937faf5d2299a3fb6a0f6a683f8689,0xfc5e6eee01937faf5d2299a3fb6a0f6a683f8689,0xfd086bc7cd5c481dcc9c85ebe478a1c0b69fcbb9,22900000,2184,
arbitrum,deposit,498342280,1787687901000,0xcba93edc29adf3966a763f25d1310836b70109308fe6c9e76f04e33b4110cbce,0x5218e3979fdea391f57d0a0df8d0b91b5786ee1f,0x5218e3979fdea391f57d0a0df8d0b91b5786ee1f,0xfd086bc7cd5c481dcc9c85ebe478a1c0b69fcbb9,1427484755,2184,
arbitrum,deposit,498348029,1787689340000,0x085d61d3d4e45973c9fc0f0f63f3736dc474777222f7209e4d1201d05bb55de5,0xbb48553d0c9470eb429ba35acd350c4c242ee902,0xbb48553d0c9470eb429ba35acd350c4c242ee902,0xfd086bc7cd5c481dcc9c85ebe478a1c0b69fcbb9,2000000,2184,
arbitrum,withdraw_final,498348164,1787689674000,0x1e910d0e6df3097463beb58b5b0ce378286cc51cc5471a34b2ddf6bf2ae42a0c,,,,,,288856950416867328
arbitrum,withdraw_final,498350022,1787690138000,0xc683dacddc1ba9283ed043e51273a553afc8f0f1fb0d163e3b4c53553c7462f4,,,,,,288892796230696960
arbitrum,withdraw_submit,498353135,1787690617000,0x4316ba2e47c034b7d5571d93ba0051a6d2eacea90f4d43f8f1cbfbd8ea8bdf13,,0xbb48553d0c9470eb429ba35acd350c4c242ee902,0xfd086bc7cd5c481dcc9c85ebe478a1c0b69fcbb9,1000000,,288856950416867328
arbitrum,withdraw_submit,498354814,1787691037000,0x5c0a986cda30a5d5700903537bc852f24f3967169fd1badcfd20336ac6587671,,0xa16321dbdbc43d8e3cd9d60cb7a2174a033faabe,0xfd086bc7cd5c481dcc9c85ebe478a1c0b69fcbb9,4999000000,,288892796230696960
arbitrum,deposit,498363106,1787693106000,0x911a0b345924c48c0f2272d62b6083555e12be28936a7f972ea69161cfb56358,0xc344872814da175ba136d0050cf96873ca969a93,0xc344872814da175ba136d0050cf96873ca969a93,0xfd086bc7cd5c481dcc9c85ebe478a1c0b69fcbb9,111687616,2184,
arbitrum,deposit,498367543,1787694219000,0x5d115799a5271b95514a63e9df10f9db746a79eb3267def4384d2f71700d28a6,0x48b576c87e788a762d6f95a456f2a39113b46950,0x48b576c87e788a762d6f95a456f2a39113b46950,0xfd086bc7cd5c481dcc9c85ebe478a1c0b69fcbb9,50003399,2184,
arbitrum,deposit,498432894,1787710800000,0xeb2e9d29177c927d9d8baa34e37a1454519e98109a82d203cca49c18b0c1109e,0x48b576c87e788a762d6f95a456f2a39113b46950,0x48b576c87e788a762d6f95a456f2a39113b46950,0xfd086bc7cd5c481dcc9c85ebe478a1c0b69fcbb9,119889800,2184,
arbitrum,deposit,498433441,1787710940000,0xda8fc22d4356662d0449b4e5b287fce48918d0e5f53fcabf9ee850690a66238e,0xbb48553d0c9470eb429ba35acd350c4c242ee902,0xbb48553d0c9470eb429ba35acd350c4c242ee902,0xfd086bc7cd5c481dcc9c85ebe478a1c0b69fcbb9,2000000,2184,
arbitrum,withdraw_final,498433634,1787711289000,0x8b7f7a05a01f98ab4f639de2b2bee45baa29bf8d2dafd2f7a2d0416693620caf,,,,,,290518415565651968
arbitrum,withdraw_final,498436652,1787712059000,0x943b572338b78b2f12e12c516699a5e016067e701ab82804ddac348cf4f0d481,,,,,,290578064063070208
arbitrum,deposit,498437255,1787711914000,0xbd1ec816a3dd85997cd0898357d0ee9708f4473e18b2310e8cb8cab341408447,0x5a9669e4e050548a9e83ba38c4470f991c2d1ac0,0x5a9669e4e050548a9e83ba38c4470f991c2d1ac0,0xfd086bc7cd5c481dcc9c85ebe478a1c0b69fcbb9,1000000,2184,
arbitrum,withdraw_submit,498438458,1787712218000,0x67ee2aa19b493e90cf5fbe6b3e02ee5a7f7802033acdc3cd5cb0bb39760913a9,,0xbb48553d0c9470eb429ba35acd350c4c242ee902,0xfd086bc7cd5c481dcc9c85ebe478a1c0b69fcbb9,1000000,,290518415565651968
arbitrum,withdraw_submit,498441486,1787712997000,0x45abf6cc88a9a798659c7d17a7ad27d34b769563be64476408608f23a252c9ac,,0x5a9669e4e050548a9e83ba38c4470f991c2d1ac0,0xfd086bc7cd5c481dcc9c85ebe478a1c0b69fcbb9,1000000,,290578064063070208
arbitrum,deposit,498442661,1787713292000,0xb15c27ea128de099ba095958a07fd5c89fc46bd720774482b5efe2de1c0fe660,0x7f50ee38616c11688ac7b1a5b8d5ccd282e9203e,0x7f50ee38616c11688ac7b1a5b8d5ccd282e9203e,0xfd086bc7cd5c481dcc9c85ebe478a1c0b69fcbb9,49503707,2184,
arbitrum,withdraw_final,498446356,1787714535000,0xa09e454569e4eee1bc60c8f9634a0dbdddfef88b9ce2edaeb7e64da85cd0ba57,,,,,,290769241651544064
arbitrum,deposit,498447733,1787714585000,0x5cb396b4693abdb1da4a634e8910754e8acb1e5070957a20abc445112a35e881,0xc20fdd2b41313760497a21da031ee5796ffcf620,0xc20fdd2b41313760497a21da031ee5796ffcf620,0xfd086bc7cd5c481dcc9c85ebe478a1c0b69fcbb9,2000000,2184,
arbitrum,withdraw_final,498448689,1787715131000,0xfb673085edd58cc702600bd177f0f9a0a3f91e86773ba02bc4be5dc6b71a1546,,,,,,290814931509444608
arbitrum,withdraw_submit,498451151,1787715457000,0xa7f9f99e0ed201ff839a57bdd7489be97666fdd6f1be58d83a469d468f2ce2ef,,0xc8b7245524d5c76390fe0f5ccdb109044e5e0031,0xfd086bc7cd5c481dcc9c85ebe478a1c0b69fcbb9,209821833,,290769241651544064
arbitrum,withdraw_submit,498453473,1787716058000,0xd501cccc76d69a444cfad519c0b034068d0ae2f43948f2481e0d374bb48be603,,0xc20fdd2b41313760497a21da031ee5796ffcf620,0xfd086bc7cd5c481dcc9c85ebe478a1c0b69fcbb9,1000000,,290814931509444608
arbitrum,deposit,498457639,1787717126000,0xe9b59bb7f0ccb775fcc12dfb64c2286a5438783e59126ec4d830b3cb12770b45,0xb6056fe886b81abeb0e98b55a79b62b52a3a8c35,0xb6056fe886b81abeb0e98b55a79b62b52a3a8c35,0xfd086bc7cd5c481dcc9c85ebe478a1c0b69fcbb9,3970306,2184,
arbitrum,deposit,498469237,1787720095000,0xc811c2b4844688136554b2c5e17fc9e2274210a53fcb4deb2e28202018692f90,0xb6056fe886b81abeb0e98b55a79b62b52a3a8c35,0xb6056fe886b81abeb0e98b55a79b62b52a3a8c35,0xfd086bc7cd5c481dcc9c85ebe478a1c0b69fcbb9,100000000,2184,
arbitrum,withdraw_final,498472532,1787721233000,0x168810dcbe0cdcf34f1fe4c8810f76909000c345eb11cb8a7ccfad153012d7c8,,,,,,291282490260193281
arbitrum,withdraw_final,498474527,1787721749000,0xedf107e72a24f0be5d212de29e84e919debbf7f1da4263366413c2e031bce5b2,,,,,,291322459217461248
arbitrum,withdraw_submit,498477339,1787722177000,0x4033b042db0d5a2529c0548b271ee985c085d7ee5774c92335c2feff1b72492e,,0x470d235ca1caff614abee02d98ac3aa89a6758bd,0xfd086bc7cd5c481dcc9c85ebe478a1c0b69fcbb9,259000204,,291282490260193281
arbitrum,deposit,498477491,1787722216000,0x4ba85bece7a4cb6d006cc617da6b609e5154cca52dace6cdeb13afded4685f16,0x21810108fb2c3a28b6fbb95767ed4865a4e3f2e2,0x21810108fb2c3a28b6fbb95767ed4865a4e3f2e2,0xfd086bc7cd5c481dcc9c85ebe478a1c0b69fcbb9,110350281,2184,
arbitrum,withdraw_submit,498479201,1787722657000,0x84b88b2b0909639a154cfdc39a06b1228b234063c44db548fb10907dd1440a09,,0xc3f01f6e61c0cedba21b6e22ea5a005e7b5ece03,0xfd086bc7cd5c481dcc9c85ebe478a1c0b69fcbb9,159000000,,291322459217461248
arbitrum,deposit,498480391,1787722961000,0x4de9dd8e8f3d209d0b2231d08b4b98fc4c014452ce018fe542e2cef3878fd659,0xbf617ab82ba86fd2097a0c35fbf3d052f4042b72,0xbf617ab82ba86fd2097a0c35fbf3d052f4042b72,0xfd086bc7cd5c481dcc9c85ebe478a1c0b69fcbb9,999490000,2184,
arbitrum,withdraw_final,498480555,1787723303000,0xfb99105de69acc0a253946ddd86c4800e03033e2c245e81474deae61ba25f257,,,,,,291442366122819584
arbitrum,deposit,498483581,1787723780000,0xbade0d209616eb7675471b3c81f5151eee91b140776ff1b4600d5f71143f754c,0xdd6888885176a381751c95c0362cb4dc3ab89ce5,0xdd6888885176a381751c95c0362cb4dc3ab89ce5,0xfd086bc7cd5c481dcc9c85ebe478a1c0b69fcbb9,100011845,2184,
arbitrum,withdraw_submit,498485281,1787724217000,0x432184adf390a2714811c0776907b6d967b034bfc84f7d0c5aeaba8cdb4e5fc5,,0x673b582d031940b9f968705c20f66dec42fa7205,0xfd086bc7cd5c481dcc9c85ebe478a1c0b69fcbb9,1068160542,,291442366122819584
arbitrum,deposit,498492249,1787725992000,0x2f7e8f7ab8b88688ea645777081677cef5c01c04116bb90245a2c740e7b636e1,0xad3b2e2113848c464266a0296c957668293cee33,0xad3b2e2113848c464266a0296c957668293cee33,0xfd086bc7cd5c481dcc9c85ebe478a1c0b69fcbb9,699900000,2184,
arbitrum,withdraw_final,498502272,1787728831000,0x08cbc868f5bebeeed2055197a46343510a6fbe3bf4f5f74a62e96cd1834a1bc4,,,,,,291867378893979648
arbitrum,withdraw_submit,498507040,1787729737000,0x87a1e2a4aba023580a9cd830b14837e8269858f469b587b95f9d936ca9db58d9,,0x4878f6b58f59387fab115c3034064ce4bfe7176a,0xfd086bc7cd5c481dcc9c85ebe478a1c0b69fcbb9,1724370015,,291867378893979648
arbitrum,deposit,498507874,1787729947000,0x651484b719b755fc5fb8f52bff0a096132963a3283d8a9e7bb0767132294d78d,0xb6056fe886b81abeb0e98b55a79b62b52a3a8c35,0xb6056fe886b81abeb0e98b55a79b62b52a3a8c35,0xfd086bc7cd5c481dcc9c85ebe478a1c0b69fcbb9,900000000,2184,
arbitrum,deposit,498508087,1787730000000,0x28c6a9e926de5c0490ba42ad6b1b42e5c1483db5042644ec70e88e619afee9fe,0x481d87216f6e3aab1ceef97105c14bebd7717322,0x481d87216f6e3aab1ceef97105c14bebd7717322,0xfd086bc7cd5c481dcc9c85ebe478a1c0b69fcbb9,1000000000,2184,
arbitrum,deposit,498508300,1787730054000,0x2b0921dc5e057faefc4f5d23ab0fa2ef25f070e7b40322a246e2279400ed1611,0xfa2d225333320488e25ab5a3f253beab3b7d76f8,0xfa2d225333320488e25ab5a3f253beab3b7d76f8,0xfd086bc7cd5c481dcc9c85ebe478a1c0b69fcbb9,1000000000,2184,
arbitrum,deposit,498508486,1787730101000,0xd259faa01d130df67cef09a5104c58a7b1c3734fcb400728780d30565249dbba,0x2a046a076e8145ea6b28d9d36ee5c5f9e7218b39,0x2a046a076e8145ea6b28d9d36ee5c5f9e7218b39,0xfd086bc7cd5c481dcc9c85ebe478a1c0b69fcbb9,1000000000,2184,
arbitrum,deposit,498509010,1787730234000,0xddb693ea37053bcb4eea1e51acb3c2933a0d86d7d7213f8ae0e4b0acb92c9ba7,0x22052df0fb864587ee14dc1f88c78ca45f1896c4,0x22052df0fb864587ee14dc1f88c78ca45f1896c4,0xfd086bc7cd5c481dcc9c85ebe478a1c0b69fcbb9,1000000000,2184,
arbitrum,deposit,498516108,1787732025000,0xf7cbebdefef59e577b5db9215d359ba0028d4a9762d4637cbd7db424d23f42a6,0xc51e3f86d6a94477b60f785d529a22bae75b6944,0xc51e3f86d6a94477b60f785d529a22bae75b6944,0xfd086bc7cd5c481dcc9c85ebe478a1c0b69fcbb9,1000000000,2184,
arbitrum,deposit,498518136,1787732539000,0x60f9be46298de8bca0f69c5d5488e1a65bc9ebc5f391360ab408493c0b1a2f0f,0xbb48553d0c9470eb429ba35acd350c4c242ee902,0xbb48553d0c9470eb429ba35acd350c4c242ee902,0xfd086bc7cd5c481dcc9c85ebe478a1c0b69fcbb9,2000000,2184,
arbitrum,withdraw_final,498518265,1787732872000,0xbf77e3bad64d4a680ef7da9604c6645702e58edba5a05e7e4d580882a826df77,,,,,,292177166295105536
arbitrum,withdraw_submit,498523186,1787733817000,0x279270a92a0804291a276f78492956f4c174f3ad27f03ed090f6d158cbff4367,,0xbb48553d0c9470eb429ba35acd350c4c242ee902,0xfd086bc7cd5c481dcc9c85ebe478a1c0b69fcbb9,1000000,,292177166295105536
arbitrum,deposit,498532109,1787736067000,0xfd56428ef91e0d37ac2c53278aac11bca80d2213bed7cfde164f79bf6cb78be9,0x70dafa11ff44c7680010d7590806057c3025dea4,0x70dafa11ff44c7680010d7590806057c3025dea4,0xfd086bc7cd5c481dcc9c85ebe478a1c0b69fcbb9,10000000196,2184,
arbitrum,deposit,498533984,1787736537000,0xd72b35b7d04e6682e601dbd38b52397a37aace87f6afc772b426ffbfcf0888b1,0x2fe5351af4562457228ee0a1520a1b76f11abeda,0x2fe5351af4562457228ee0a1520a1b76f11abeda,0xfd086bc7cd5c481dcc9c85ebe478a1c0b69fcbb9,500850000,2184,
arbitrum,deposit,498534834,1787736752000,0x0a7f7f5e9a06c443ee63b8698e463276461141d18252cc97818cc3fbde9c79bc,0x016ab81738932d0a9fd016e34e18cebfcc0c3ce7,0x016ab81738932d0a9fd016e34e18cebfcc0c3ce7,0xfd086bc7cd5c481dcc9c85ebe478a1c0b69fcbb9,10000000,2184,
arbitrum,deposit,498536001,1787737044000,0xacd677053f74135c274420856212146ef4e566cc4b0eb3873035ec4ffb2e4873,0xcb4d5e7026c3f86348c80d918ba9e511295399f1,0xcb4d5e7026c3f86348c80d918ba9e511295399f1,0xfd086bc7cd5c481dcc9c85ebe478a1c0b69fcbb9,25877169,2184,
arbitrum,deposit,498550822,1787740771000,0x102d024048db7a15e03542a554fa3b7491b60355ef792c7f379bde75095b2859,0x86aff01440a9fe1c95ba5dcc7c4d6bbfd111442e,0x86aff01440a9fe1c95ba5dcc7c4d6bbfd111442e,0xfd086bc7cd5c481dcc9c85ebe478a1c0b69fcbb9,311011382,2184,
arbitrum,deposit,498551812,1787741020000,0x60c0cb6f541e13d2fde93745e568cd8d0a3fb98d7873321fd802c0758c760c87,0x54d9cf7c39897446f9eb8ead6016d3c452077327,0x54d9cf7c39897446f9eb8ead6016d3c452077327,0xfd086bc7cd5c481dcc9c85ebe478a1c0b69fcbb9,99970000,2184,
arbitrum,withdraw_final,498551909,1787741344000,0xcd606aa87711aace98e943488f3102b440445f2a1998cdae2e22e326c2fe1453,,,,,,292829743617671168
arbitrum,withdraw_submit,498556810,1787742277000,0x6e9b5808e7195920b2fe19e5183f72fa02a963261b35f8d5f7c66bc6a80775c9,,0xeed7f675f40b0f5eeed57affe902eceab1b5e1c8,0xfd086bc7cd5c481dcc9c85ebe478a1c0b69fcbb9,3987474,,292829743617671168
arbitrum,deposit,498570984,1787745845000,0xa62f99e2fb63667f96a1aa5ddfc6f3f5e9a208b04ce2ffa1f200dfa7aba2019b,0x055d3640c23a9a02bcc761fa10a2e750a79c0e4e,0x055d3640c23a9a02bcc761fa10a2e750a79c0e4e,0xfd086bc7cd5c481dcc9c85ebe478a1c0b69fcbb9,180340621,2184,
arbitrum,deposit,498573496,1787746475000,0xd8285c77532ba19c00c42a1241ba446a9e02024a4ab65a50b3b52c3b0bb5519c,0x1ef5de46f22a88a66d6b01d2ff6b721c6b5f3590,0x1ef5de46f22a88a66d6b01d2ff6b721c6b5f3590,0xfd086bc7cd5c481dcc9c85ebe478a1c0b69fcbb9,60000000,2184,
arbitrum,deposit,498574560,1787746742000,0xd41625c71e16751a8203a7354ac306f7eaa360d3d8d40409f597ae8b05acf524,0x499156e2a542b20f0c0b4b4e7d9ddec7470812ad,0x499156e2a542b20f0c0b4b4e7d9ddec7470812ad,0xfd086bc7cd5c481dcc9c85ebe478a1c0b69fcbb9,50230137,2184,
arbitrum,deposit,498578432,1787747712000,0x20b74a59ab97287695574beda49913e07ab9a863d65c2cbb53b7aca69b0201f6,0x4be495a7b13a0ef0303ccd3d5ded6039a41e03db,0x4be495a7b13a0ef0303ccd3d5ded6039a41e03db,0xfd086bc7cd5c481dcc9c85ebe478a1c0b69fcbb9,29718633,2184,
arbitrum,deposit,498584199,1787749155000,0xe9ad2bbf47844825eb7528565f182c5aec9eb7e4e45b91dd52155910f6c1486e,0xcc22cb2860f0769adf97c4f3673b9c2fd4a2b3fb,0xcc22cb2860f0769adf97c4f3673b9c2fd4a2b3fb,0xfd086bc7cd5c481dcc9c85ebe478a1c0b69fcbb9,100615596,2184,
arbitrum,deposit,498595024,1787751867000,0x4460a7cbd2cf88eb5c2b3c853dd09fc2a488343f6feb4e76273f5887cc162c5e,0x45082f8cfb86c7b5eedf4cc8fe061d016727093a,0x45082f8cfb86c7b5eedf4cc8fe061d016727093a,0xfd086bc7cd5c481dcc9c85ebe478a1c0b69fcbb9,28397295,2184,
arbitrum,deposit,498596905,1787752338000,0xbd927ec145631990f68425a8f0f8e53513788f04358e82dbf90761c360024299,0xab03fbf45ee719eef883063a1a0064507ae94236,0xab03fbf45ee719eef883063a1a0064507ae94236,0xfd086bc7cd5c481dcc9c85ebe478a1c0b69fcbb9,15001549943,2184,
arbitrum,deposit,498604096,1787754140000,0x50901f6484992022befffc37e9d84ec70ee129bb3ff43dda7394185acad6630a,0xbb48553d0c9470eb429ba35acd350c4c242ee902,0xbb48553d0c9470eb429ba35acd350c4c242ee902,0xfd086bc7cd5c481dcc9c85ebe478a1c0b69fcbb9,2000000,2184,
arbitrum,withdraw_final,498604228,1787754473000,0x372be56ab6f543ecb58eb8736db8bf70736f06bc4c3fb5af0d1bcf4fa6c667a8,,,,,,293839662236041216
arbitrum,withdraw_final,498604532,1787754549000,0xff674d945e8898016b0a7c3083df8e8f2cdf863e07729c2b29469e55b047906e,,,,,,293845383145062400
arbitrum,deposit,498604833,1787754324000,0xc67bf58baa60d48ec3596ae14ee81aadfe37aae7971924dbafd5dfe489c712be,0x54e77a9ac534eaf7f76843ec589c7209d290b90c,0x54e77a9ac534eaf7f76843ec589c7209d290b90c,0xfd086bc7cd5c481dcc9c85ebe478a1c0b69fcbb9,160000000,2184,
arbitrum,deposit,498606798,1787754816000,0x650e10f7c8aa5032dceb6d7bba12e144a48097e2015c9a9c4644677df551cf28,0xb64167027272308a919f64150063d8e38ee13df3,0xb64167027272308a919f64150063d8e38ee13df3,0xfd086bc7cd5c481dcc9c85ebe478a1c0b69fcbb9,109900000,2184,
arbitrum,withdraw_submit,498609206,1787755417000,0xba164485543f2f65b5cc131f9375bdb557b37a6fe67bc14cdcb196decb882bfe,,0xbb48553d0c9470eb429ba35acd350c4c242ee902,0xfd086bc7cd5c481dcc9c85ebe478a1c0b69fcbb9,1000000,,293839662236041216
arbitrum,withdraw_submit,498609445,1787755477000,0x64550cef56f4f9ceca063a2fcbc509245cea81632d4f62b2499adb2d5eb86ee5,,0x4af298e502990729a89e5609cad23f9ba23ca7e5,0xfd086bc7cd5c481dcc9c85ebe478a1c0b69fcbb9,4172992,,293845383145062400
arbitrum,deposit,498611763,1787756056000,0x3a1d2a1be14cc753e34207642a56d94186e8075975ea10c99cd01bfba017339a,0xb9b98205f564666f7b432b942642e45d23acd5d4,0xb9b98205f564666f7b432b942642e45d23acd5d4,0xfd086bc7cd5c481dcc9c85ebe478a1c0b69fcbb9,10215883374,2184,
arbitrum,withdraw_final,498614545,1787757052000,0x5d24643170ffabd976ee82250a72cbf8ecff9320dbc491373bf5ffe290a24dc0,,,,,,294038819882139648
arbitrum,withdraw_final,498616080,1787757435000,0x266b5a48f06a8e2dc72fd096f0436037c19eda52040d4458fc165c5cd56797c9,,,,,,294068223236636695
arbitrum,deposit,498618634,1787757773000,0xfa54e2363a78467937f69ec8319612a7a99cdf023d61698c2f8e5cbbdac28916,0xad920cd7046c3e3c5b562bbf61c60d7a0b5d85cf,0xad920cd7046c3e3c5b562bbf61c60d7a0b5d85cf,0xfd086bc7cd5c481dcc9c85ebe478a1c0b69fcbb9,357063121,2184,
arbitrum,withdraw_final,498619423,1787758269000,0xb6b1bd0c5d5e34a3550ba2159f7e50949e529a4098f8d9a47ea088199f7861e5,,,,,,294132862494441615
arbitrum,withdraw_submit,498619533,1787757997000,0xca98ff4b6010670620cd6164a2b1c2ec7497c496eaa24ff95033538f5658e5d8,,0xe3c7f5b82b2040630d67475a8668698c4523d0b5,0xfd086bc7cd5c481dcc9c85ebe478a1c0b69fcbb9,100000000,,294038819882139648
arbitrum,withdraw_submit,498620976,1787758357000,0xee69ed12e0dc2ed71c3af7d58a02e361f3f440a056cff69926a6c7c95c87fb6f,,0x12f65e1295c6f5aae2dfe2cfb59a44c6e2a2a737,0xfd086bc7cd5c481dcc9c85ebe478a1c0b69fcbb9,102179619,,294068223236636695
arbitrum,withdraw_submit,498624338,1787759197000,0xcd439681a4b45b46ba9cf61ba20e4aa2dd66502989debd9305ef4794575da124,,0x5ce69d01efe9778436070539bc6ea9350b6d578f,0xfd086bc7cd5c481dcc9c85ebe478a1c0b69fcbb9,596220033,,294132862494441615
arbitrum,deposit,498626681,1787759783000,0x7c4a2415d2972f4c553153f6c48b4cdbae3c14ff3732aea037bd9f6b6bd4df7a,0xd1cc16f21ddedcc3e146e92dc3baf0107d9f12b7,0xd1cc16f21ddedcc3e146e92dc3baf0107d9f12b7,0xfd086bc7cd5c481dcc9c85ebe478a1c0b69fcbb9,102794394,2184,
arbitrum,deposit,498637546,1787762502000,0x64bf4582ef9ffe1a26648127089929d352b594c1db2e186c4c6f2cf50d29b323,0x48b576c87e788a762d6f95a456f2a39113b46950,0x48b576c87e788a762d6f95a456f2a39113b46950,0xfd086bc7cd5c481dcc9c85ebe478a1c0b69fcbb9,41468145,2184,
arbitrum,deposit,498638297,1787762690000,0x7f19ad74fead221ff624298b495a79e218060f68de947c20c77c777b4d38e1ce,0xab03fbf45ee719eef883063a1a0064507ae94236,0xab03fbf45ee719eef883063a1a0064507ae94236,0xfd086bc7cd5c481dcc9c85ebe478a1c0b69fcbb9,19988089823,2184,
arbitrum,deposit,498638798,1787762816000,0xc4ce8f701677985130a952e43fc472da30fb7b5a57d75a0f6f428deb13893faa,0x5c051c0ff69b6f5fdd47e847eb370dd48726ec4d,0x5c051c0ff69b6f5fdd47e847eb370dd48726ec4d,0xfd086bc7cd5c481dcc9c85ebe478a1c0b69fcbb9,798805443,2184,
arbitrum,deposit,498640211,1787763170000,0x8e0837fa6a61123d5362284ab162fed9aaf6cb9dabd672f78ba7e96fff070895,0xd9bb05f0b584fc018164e39b63d071154336fe61,0xd9bb05f0b584fc018164e39b63d071154336fe61,0xfd086bc7cd5c481dcc9c85ebe478a1c0b69fcbb9,10000000,2184,
arbitrum,deposit,498642587,1787763763000,0x13f03c759a5d8e9fe8cbb2af7696028a1014d64ea992bf6eea151565c9e88550,0xf3287eb8b160286f85739ca25e8f6a6ba35add70,0xf3287eb8b160286f85739ca25e8f6a6ba35add70,0xfd086bc7cd5c481dcc9c85ebe478a1c0b69fcbb9,431599023,2184,
arbitrum,deposit,498650543,1787765756000,0x54d742c8ed3b321e394f9fef8f75c14193813999dc405701dc8392ec911e661d,0xbf617ab82ba86fd2097a0c35fbf3d052f4042b72,0xbf617ab82ba86fd2097a0c35fbf3d052f4042b72,0xfd086bc7cd5c481dcc9c85ebe478a1c0b69fcbb9,6631102599,2184,
arbitrum,deposit,498651003,1787765872000,0x6a44d679de90bfa76c0ae6018ea2b48595603c43bcf3e388f6670a2e7c9b1649,0x7fe9ffcde4e064130750568e10300451fe367dbd,0x7fe9ffcde4e064130750568e10300451fe367dbd,0xfd086bc7cd5c481dcc9c85ebe478a1c0b69fcbb9,59868330,2184,
arbitrum,deposit,498657246,1787767436000,0x33fcdc1bb7c26f1472a3a861f27c1ae49f0285be7ad21508a84177c0889ff655,0x156e4b32ed658b8631371536f12796a41165aa10,0x156e4b32ed658b8631371536f12796a41165aa10,0xfd086bc7cd5c481dcc9c85ebe478a1c0b69fcbb9,150933156,2184,
arbitrum,deposit,498661117,1787768406000,0x72646b65037980d251ca3802926693d0e20eff7fd85aa4c942ba40db6850be49,0xa235bf004c3663070a377723cfb0577af6a1b392,0xa235bf004c3663070a377723cfb0577af6a1b392,0xfd086bc7cd5c481dcc9c85ebe478a1c0b69fcbb9,894457641,2184,
arbitrum,withdraw_final,498665639,1787769839000,0xf713609d4b0e1740d7feedac0ba5991fab3ba053c60bbc83d785b687d40c9b6b,,,,,,295027306596925440
arbitrum,deposit,498668884,1787770353000,0x0c85a0059a4793a06817291cfa4ed4ed6a9068e7361f319daa29b4a065ffb9f7,0x2a5810ba18c3cb17fbdad57151509e2ad795b9c6,0x2a5810ba18c3cb17fbdad57151509e2ad795b9c6,0xfd086bc7cd5c481dcc9c85ebe478a1c0b69fcbb9,50000000,2184,
arbitrum,deposit,498668903,1787770358000,0x16d64d76cbb2ce2cded5761a5a91beca0678b0c4733ac31fb6c1daa844567943,0x0fc4acb5ceb9f2c681bf4da557fc4040ea66aef1,0x0fc4acb5ceb9f2c681bf4da557fc4040ea66aef1,0xfd086bc7cd5c481dcc9c85ebe478a1c0b69fcbb9,75100000,2184,
arbitrum,withdraw_submit,498670577,1787770777000,0x4ce0f225d5f74fd73466061432ad6b77e1fd9bc72e3598a3130e48fa97830963,,0xc344872814da175ba136d0050cf96873ca969a93,0xfd086bc7cd5c481dcc9c85ebe478a1c0b69fcbb9,115061873,,295027306596925440
arbitrum,deposit,498683964,1787774129000,0x092766d2bdc78d8aa1bd616ce55db1efb12b69bdf1d5867b84db506457b6a736,0x227fd2fd881cc6c99dfccc0fb40f2b1dc2f3f36e,0x227fd2fd881cc6c99dfccc0fb40f2b1dc2f3f36e,0xfd086bc7cd5c481dcc9c85ebe478a1c0b69fcbb9,46583489,2184,
arbitrum,deposit,498684246,1787774200000,0x00adb70e8ea0094ee6124b4c3a79baf0634941ff9ce0a48314011ef9a44ca76c,0xf2e4115727cd713de5de4d8c0a01944bb1904e42,0xf2e4115727cd713de5de4d8c0a01944bb1904e42,0xfd086bc7cd5c481dcc9c85ebe478a1c0b69fcbb9,8244289,2184,
arbitrum,deposit,498685157,1787774429000,0x6719a26a9e91a7cbb9994d42e3036255e96ef68344ac1724168f522f4474d815,0x3dd62d754bddfc9f3449128f9ae4d605a9e15418,0x3dd62d754bddfc9f3449128f9ae4d605a9e15418,0xfd086bc7cd5c481dcc9c85ebe478a1c0b69fcbb9,200000000,2184,
arbitrum,withdraw_final,498686860,1787775156000,0x9309b416aeb155cc93b95c9d58513c5e09dedf82c126fa8dc6039a52a3a3fe07,,,,,,295438601255124992
arbitrum,deposit,498690369,1787775739000,0x8d6d047c663a599e3552fa10cdbdc3c8860c37b83bba2b9856ee82c4505a59ca,0xbb48553d0c9470eb429ba35acd350c4c242ee902,0xbb48553d0c9470eb429ba35acd350c4c242ee902,0xfd086bc7cd5c481dcc9c85ebe478a1c0b69fcbb9,2000000,2184,
arbitrum,withdraw_final,498690499,1787776071000,0xbe7596478cee9cca43315f4482c68c06849ac72fc46c8ad6a143d2d4dfcad3ec,,,,,,295509502571053056
arbitrum,withdraw_final,498691064,1787776213000,0x08709cc43dc2fbf0ad4a506e84eee9d62f1b97c120d1d72b2069d90bc0a14615,,,,,,295520274357420032
arbitrum,withdraw_submit,498691641,1787776057000,0x2ba9f2b7c4c57b3908154216a058e6fe959f831e25d754a2bf0f27b0a7e2f2f0,,0x3dc396ab8af60a37220f4565f430a85c3002d3fb,0xfd086bc7cd5c481dcc9c85ebe478a1c0b69fcbb9,85846744,,295438601255124992
arbitrum,withdraw_final,498694106,1787776975000,0xd6235ebd9ba355ea90250f8e24f53c0301aada8b188a869e0248e9c4d96cafd4,,,,,,295579424634437632
arbitrum,withdraw_submit,498695458,1787777017000,0x6a8ea9eb844927c204ef3d7e1865334fee5c563aeba0bea6aeab61951ae7f8d3,,0xbb48553d0c9470eb429ba35acd350c4c242ee902,0xfd086bc7cd5c481dcc9c85ebe478a1c0b69fcbb9,1000000,,295509502571053056
arbitrum,withdraw_submit,498695936,1787777137000,0x6a85116453cd22cb9143a01e6c2cfaf55518ca1debe60dd303e47aff2684fd70,,0x58ea4953f07a23232ff6fdfce008bbfe010f801c,0xfd086bc7cd5c481dcc9c85ebe478a1c0b69fcbb9,30309457,,295520274357420032
arbitrum,withdraw_submit,498699020,1787777917000,0x9d44d1ad099bf5f9a389c374beb5b44364ed068f122dbd790d76c7adddb4c914,,0x0fc4acb5ceb9f2c681bf4da557fc4040ea66aef1,0xfd086bc7cd5c481dcc9c85ebe478a1c0b69fcbb9,48209626,,295579424634437632
arbitrum,deposit,498719955,1787783248000,0x6892f4a7747f9cd2dd92cda952d95e10e34b99c7928228363fac8f5b67786a2b,0xc344872814da175ba136d0050cf96873ca969a93,0xc344872814da175ba136d0050cf96873ca969a93,0xfd086bc7cd5c481dcc9c85ebe478a1c0b69fcbb9,50110000,2184,
arbitrum,deposit,498749473,1787790912000,0xc1aa8c7f3964f492cfb065ac614b9e9fdc1fbf0b6679ad7cc1c5ec7d9887a81e,0x358dd5e2f84607a013f1e4e225b63ba8c9d4f97e,0x358dd5e2f84607a013f1e4e225b63ba8c9d4f97e,0xfd086bc7cd5c481dcc9c85ebe478a1c0b69fcbb9,4980000,2184,
arbitrum,deposit,498755563,1787792487000,0xc5b18bd79af6579a4847201d2bff760d15049e17223aa439fb446cf77e51a455,0x00745751d32b837c85ce713ef6dcaf1b7813825d,0x00745751d32b837c85ce713ef6dcaf1b7813825d,0xfd086bc7cd5c481dcc9c85ebe478a1c0b69fcbb9,2176315662,2184,
arbitrum,deposit,498755973,1787792592000,0x60dcce67c831aa24515d1a5483f209cd347efe4786075f0d59328448e7b4be59,0x358dd5e2f84607a013f1e4e225b63ba8c9d4f97e,0x358dd5e2f84607a013f1e4e225b63ba8c9d4f97e,0xfd086bc7cd5c481dcc9c85ebe478a1c0b69fcbb9,17000000,2184,
arbitrum,deposit,498763550,1787794534000,0x3ac601dd328cc5efa1703f696ffd22bef044a17c29d6778ad09de4f6004fded0,0x79c012f44fe8899044e3c7793aa0b07181140fcf,0x79c012f44fe8899044e3c7793aa0b07181140fcf,0xfd086bc7cd5c481dcc9c85ebe478a1c0b69fcbb9,50000000,2184,
arbitrum,deposit,498767907,1787795646000,0x8b110563b82850985f2c74c45d253a88cb62873d1051c099c9812ca38f76912f,0x59498862c977b22e0dcafc2bee8558b7f6fd981c,0x59498862c977b22e0dcafc2bee8558b7f6fd981c,0xfd086bc7cd5c481dcc9c85ebe478a1c0b69fcbb9,10000000,2184,
arbitrum,deposit,498768093,1787795695000,0x0f10c623ae5f39c8e799486b29405ca1252c909e2ccc7c803e7fca39b97604c0,0x59498862c977b22e0dcafc2bee8558b7f6fd981c,0x59498862c977b22e0dcafc2bee8558b7f6fd981c,0xfd086bc7cd5c481dcc9c85ebe478a1c0b69fcbb9,10000000,2184,
arbitrum,withdraw_final,498777203,1787798346000,0x3e5bca781b57d6a8302d8cc15f74bbbaeff2c0b21fa59f9a6a067903003833b5,,,,,,297228571842183209
arbitrum,withdraw_final,498781530,1787799447000,0x939336bab1b5a0c636e4d3428223f7d4d01272921117a19dbb030ce43caf6fa3,,,,,,297313775374041088
arbitrum,withdraw_submit,498782034,1787799277000,0x37c956c311a839a4c4b37af4b6696f9036d179eab940702551c5e948b910e90b,,0x5218e3979fdea391f57d0a0df8d0b91b5786ee1f,0xfd086bc7cd5c481dcc9c85ebe478a1c0b69fcbb9,1215505815,,297228571842183209
arbitrum,deposit,498782377,1787799364000,0x68021aeff7452591e3d79f8ef4d1e3a5d469f6b7234da80a5725d3fa9d9e264b,0x48b576c87e788a762d6f95a456f2a39113b46950,0x48b576c87e788a762d6f95a456f2a39113b46950,0xfd086bc7cd5c481dcc9c85ebe478a1c0b69fcbb9,45902504,2184,
arbitrum,withdraw_submit,498786133,1787800357000,0xef0706ac096160ed1704fda6d6c2a0c4c601e3d13e3cc179ee4fc9cd06de336e,,0xf82566c9a41425f59b88d39899df16fdf21b6fc0,0xfd086bc7cd5c481dcc9c85ebe478a1c0b69fcbb9,39777485,,297313775374041088
arbitrum,deposit,498786262,1787800389000,0x5002cf1c4bc6ad874531c282c732b75c55d04144f1108a41bd754f0bb2b9e153,0x4983440e269f56876245cdca2acb5e344753ecbb,0x4983440e269f56876245cdca2acb5e344753ecbb,0xfd086bc7cd5c481dcc9c85ebe478a1c0b69fcbb9,13042199,2184,
arbitrum,deposit,498794088,1787802464000,0x3fb70afffc04cb4c068aa63ad1a92d888f0a4ff36988316bd968ecb99483145b,0x0531fea6d198171c7a1dbe559307b051222c8ca0,0x0531fea6d198171c7a1dbe559307b051222c8ca0,0xfd086bc7cd5c481dcc9c85ebe478a1c0b69fcbb9,1971685574,2184,
arbitrum,deposit,498803918,1787805031000,0xcd7fd7c56efe0aad8a4fb38cf2760baeba1fdfe587b82a141a7fe7a05b6b24ab,0xc7f784f80d42a745d219d3d3752bab6700af0587,0xc7f784f80d42a745d219d3d3752bab6700af0587,0xfd086bc7cd5c481dcc9c85ebe478a1c0b69fcbb9,100120000,2184,
arbitrum,deposit,498824192,1787810251000,0x9ed020f5a852d9a02c1dd5d88cab1591c692f61bff811094d84b14bb4bc421ca,0x5d2410bc46cdebb2614d7184ed876a51571d25c4,0x5d2410bc46cdebb2614d7184ed876a51571d25c4,0xfd086bc7cd5c481dcc9c85ebe478a1c0b69fcbb9,84230312,2184,
arbitrum,deposit,498825131,1787810493000,0x8991671b4fc780f53f492971719ef11b27a40b15d296c7f29bc071a0c786d7e9,0x8559e50c15112cf50a6b6aeb5f629b08aa2433d9,0x8559e50c15112cf50a6b6aeb5f629b08aa2433d9,0xfd086bc7cd5c481dcc9c85ebe478a1c0b69fcbb9,110258284,2184,
arbitrum,withdraw_final,498826550,1787811156000,0xe12f4d6dc85419201bad5aacfb4ee48caf81b5876dfeaca004e40ce588b47914,,,,,,298213940406517760
arbitrum,withdraw_submit,498831219,1787812057000,0x53a718dc850ca6b4105dc78bbf8debad15b7df4473e685418855e3f9921ba18c,,0x5d2410bc46cdebb2614d7184ed876a51571d25c4,0xfd086bc7cd5c481dcc9c85ebe478a1c0b69fcbb9,71000000,,298213940406517760
arbitrum,deposit,498838526,1787813925000,0x78e992900d9fc243cf09730116007f100c4a7eb7de086a335ed85b12071b78a7,0x7a465e4459d8e7603889428cbf69979058262e12,0x7a465e4459d8e7603889428cbf69979058262e12,0xfd086bc7cd5c481dcc9c85ebe478a1c0b69fcbb9,98394892,2184,
arbitrum,deposit,498849827,1787816802000,0xac6c89fd2efbaa9afed1fd446361526fadbf82789c62597ca6c9ec78a608a002,0xb3d58b9e1671046ecc083126e923af63b279698c,0xb3d58b9e1671046ecc083126e923af63b279698c,0xfd086bc7cd5c481dcc9c85ebe478a1c0b69fcbb9,3000000,2184,
arbitrum,deposit,498855053,1787818109000,0x02bf23337e1077255a2ffb565b764c6a54119767a90be72eb9e4b4c26a7f5ad8,0x7bb9a724e79a128146a1f7fe6beb167396cb97c0,0x7bb9a724e79a128146a1f7fe6beb167396cb97c0,0xfd086bc7cd5c481dcc9c85ebe478a1c0b69fcbb9,30000000,2184,
arbitrum,deposit,498855353,1787818185000,0x5303fb8b767a9c0785f5f4fcc0c6c53a9ae14789ecab4392abea117741f6d652,0xb3d58b9e1671046ecc083126e923af63b279698c,0xb3d58b9e1671046ecc083126e923af63b279698c,0xfd086bc7cd5c481dcc9c85ebe478a1c0b69fcbb9,4000000,2184,
arbitrum,deposit,498858079,1787818869000,0xf996154a24a9765ebde5d0c28489e908fd9900ce2cff0317fa4d73a13d6bbc03,0xb3d58b9e1671046ecc083126e923af63b279698c,0xb3d58b9e1671046ecc083126e923af63b279698c,0xfd086bc7cd5c481dcc9c85ebe478a1c0b69fcbb9,6909659,2184,
arbitrum,deposit,498858360,1787818940000,0x450781ca2173a22c4f77f7cac4256651a1de44f8d7a9bc39c7dc31c1bc41e7df,0xbb48553d0c9470eb429ba35acd350c4c242ee902,0xbb48553d0c9470eb429ba35acd350c4c242ee902,0xfd086bc7cd5c481dcc9c85ebe478a1c0b69fcbb9,2000000,2184,
arbitrum,withdraw_final,498858488,1787819272000,0x2b835b3930da5631c5631d49cbf8fd5de15df543c80d1e66e0004609bd622f76,,,,,,298838463002705920
arbitrum,withdraw_final,498861276,1787819971000,0xbaf720188b3028c9d976de7cfa3861484dde96a2a64619ac35e66cc7e554efd6,,,,,,298892510862770176
arbitrum,withdraw_submit,498863455,1787820217000,0xf3b1476c4cacedbda7f9e52c3b062c1ac2222fd22adca2e5915427f1b3e81c8a,,0xbb48553d0c9470eb429ba35acd350c4c242ee902,0xfd086bc7cd5c481dcc9c85ebe478a1c0b69fcbb9,1000000,,298838463002705920
arbitrum,withdraw_final,498863944,1787820640000,0xd5b607c1d77f965edfbe22ef699313f0a526463a909edcf551ca44989fcc6abe,,,,,,298944265243852800
arbitrum,withdraw_submit,498866077,1787820877000,0x264ea3704c8cae67ea7848b051940e9ea8b23035d94517565d03c90083aa8131,,0x04cead50e7e40d2b025c5091f6b26e4e84940a20,0xfd086bc7cd5c481dcc9c85ebe478a1c0b69fcbb9,9618711,,298892510862770176
arbitrum,deposit,498867753,1787821297000,0xc61c2d022314ac02b4422df42a9a1c41a681dd68aded215939e0b0a4ccd74c70,0xace79be95bce8f21733edb52bc4a20f6375afb93,0xace79be95bce8f21733edb52bc4a20f6375afb93,0xfd086bc7cd5c481dcc9c85ebe478a1c0b69fcbb9,2035001306,2184,
arbitrum,withdraw_submit,498868712,1787821537000,0x1aaf64b38361aed4726c64afc0c5c02edc3f05730b005b439079b9c7a6db1909,,0xfa113f1a6c42db00454cb82d7fcf205bff251b0e,0xfd086bc7cd5c481dcc9c85ebe478a1c0b69fcbb9,999895245,,298944265243852800
arbitrum,deposit,498877011,1787823611000,0x782cfdacf64a6d5e4c7be011e98ef66618db3ff7c6ca89e9aa4641a405d5a749,0xb3d58b9e1671046ecc083126e923af63b279698c,0xb3d58b9e1671046ecc083126e923af63b279698c,0xfd086bc7cd5c481dcc9c85ebe478a1c0b69fcbb9,6164480,2184,
arbitrum,withdraw_final,498878750,1787824347000,0x11952ab3d8c086785c4e27eec252a278618bb0ac2f804a5aa90b5d38991f2a74,,,,,,299230834055970864
arbitrum,deposit,498882039,1787824869000,0x17eeeff8feab7f5ff0017e2c65324a71468ab13999a5b7ad3906071b0715cf85,0x016ab81738932d0a9fd016e34e18cebfcc0c3ce7,0x016ab81738932d0a9fd016e34e18cebfcc0c3ce7,0xfd086bc7cd5c481dcc9c85ebe478a1c0b69fcbb9,9000000,2184,
arbitrum,withdraw_submit,498883590,1787825257000,0x99df6dd54eb5937d37bac994baa94f77daf3d97874ff5dc33f3c3c90cef700cd,,0xd1cc16f21ddedcc3e146e92dc3baf0107d9f12b7,0xfd086bc7cd5c481dcc9c85ebe478a1c0b69fcbb9,30444916,,299230834055970864
arbitrum,deposit,498884031,1787825369000,0x871086f1c31deea2786781ca6b6245d1e8fc3618fe85239f8c725eca619a26fb,0xad5ee74b9be273ae8679f17b40b8acfd6e25741a,0xad5ee74b9be273ae8679f17b40b8acfd6e25741a,0xfd086bc7cd5c481dcc9c85ebe478a1c0b69fcbb9,4000000,2184,
arbitrum,deposit,498885754,1787825802000,0xdb64c55e1becf7c815eb41374e24208261950ef0b8a59da4b82a53d4c1c1d19f,0xb3d58b9e1671046ecc083126e923af63b279698c,0xb3d58b9e1671046ecc083126e923af63b279698c,0xfd086bc7cd5c481dcc9c85ebe478a1c0b69fcbb9,2000000,2184,
arbitrum,deposit,498886026,1787825870000,0x3d56800a94d2aa6401b03296cda06b25f1aa5bf8f80cc1b1df95c89f21dccf30,0x499156e2a542b20f0c0b4b4e7d9ddec7470812ad,0x499156e2a542b20f0c0b4b4e7d9ddec7470812ad,0xfd086bc7cd5c481dcc9c85ebe478a1c0b69fcbb9,6999840,2184,
arbitrum,deposit,498886707,1787826040000,0x2c69426c27dc864fc19df16d30a69e2c5e7ccaaace74d5adb1dcd3a479117edd,0xb3d58b9e1671046ecc083126e923af63b279698c,0xb3d58b9e1671046ecc083126e923af63b279698c,0xfd086bc7cd5c481dcc9c85ebe478a1c0b69fcbb9,1522137,2184,
arbitrum,deposit,498887954,1787826352000,0x60fa6fb76ad0ab920d27220ad8955da807b0ea347cf0de7440bb8450bf72c593,0xb3d58b9e1671046ecc083126e923af63b279698c,0xb3d58b9e1671046ecc083126e923af63b279698c,0xfd086bc7cd5c481dcc9c85ebe478a1c0b69fcbb9,2232491,2184,
arbitrum,deposit,498889214,1787826668000,0x17f0aa23c63df50fe0b131e38f4896659c5e69e65743f71214f9e150799c1209,0xca58891ad8b04283f2b2545b4fbe385006038bb1,0xca58891ad8b04283f2b2545b4fbe385006038bb1,0xfd086bc7cd5c481dcc9c85ebe478a1c0b69fcbb9,101000000,2184,
arbitrum,deposit,498889272,1787826683000,0xa7b59e47e7511f0f04c57d33e933b4ab7305f2790f73cd2efcdd9bfb51954cba,0xd5cd3abec638f5718130d1403ff0fde32e9ae9a9,0xd5cd3abec638f5718130d1403ff0fde32e9ae9a9,0xfd086bc7cd5c481dcc9c85ebe478a1c0b69fcbb9,9991759,2184,
arbitrum,deposit,498890461,1787826981000,0x163308396aa1cab194e299ca27739dcf3e2b9a482c40c0e77dc3986f39606f40,0x656c7e9fbea43bcd86b6bb06d00348f944839281,0x656c7e9fbea43bcd86b6bb06d00348f944839281,0xfd086bc7cd5c481dcc9c85ebe478a1c0b69fcbb9,43072553,2184,
arbitrum,withdraw_final,498892138,1787827701000,0xaa909f061d9769dabdf0ef185d92a4c0e2b2fa9ca1249211849bbb29c1321139,,,,,,299490370331344897
arbitrum,withdraw_submit,498896987,1787828618000,0x16924ec8e287756da53ac151b1e44bec0241ec70f373d26d1012845726fed921,,0x9e61ae0d849ad4d74d156c7769285642a645d39d,0xfd086bc7cd5c481dcc9c85ebe478a1c0b69fcbb9,1027537258,,299490370331344897
arbitrum,deposit,498899377,1787829218000,0xcbc29df9d7bdda2a1a2da455a66f164c679ab09ef46ef547878cae901e0d9e6a,0x890a6ccadbbf5a310a71bf51fa897625b2cd7b1b,0x890a6ccadbbf5a310a71bf51fa897625b2cd7b1b,0xfd086bc7cd5c481dcc9c85ebe478a1c0b69fcbb9,1214966696,2184,
arbitrum,deposit,498902576,1787830020000,0x809d5e158b1a9d2dce9dbb8125f1c117460b3b0b2b64ce1253776c1372580b54,0x7515dab2c8576fabb80345363c2a7b2e4414bd82,0x7515dab2c8576fabb80345363c2a7b2e4414bd82,0xfd086bc7cd5c481dcc9c85ebe478a1c0b69fcbb9,100963648,2184,
arbitrum,deposit,498906125,1787830908000,0x7b8fc928b71c4eb217372e29acf9bdd513c7831b9a97c9593fb40f17882c21e3,0x634ceaa5abf564a6eaddb1e9966a7f2932f27319,0x634ceaa5abf564a6eaddb1e9966a7f2932f27319,0xfd086bc7cd5c481dcc9c85ebe478a1c0b69fcbb9,10000000,2184,
arbitrum,deposit,498907145,1787831165000,0xb21c4327fed5911886d390c7e84b4fd246ef58da5c1fb802372268d2321e87d0,0x7eda80d8ff18d0d460ff7a2cf490fc934c496f4c,0x7eda80d8ff18d0d460ff7a2cf490fc934c496f4c,0xfd086bc7cd5c481dcc9c85ebe478a1c0b69fcbb9,2000000000,2184,
arbitrum,withdraw_final,498909500,1787832056000,0x799c4f086a1ce248f973656361fe9bc49dbc8f8e7d81f9bfae3c3663dd1671c1,,,,,,299827052805095424
arbitrum,withdraw_final,498913175,1787832980000,0xf016299b64e92d2ab4120a248155c2d0b4ae59a5b64accc24bc73cbb52273be9,,,,,,299898667110760467
arbitrum,withdraw_submit,498914443,1787832998000,0x5279ec76e89de13c44b88f8c480034db468664402828168b0c2482fe12bc36c8,,0x72c5cd18a51d53db34072546a7a38a4f73600d92,0xfd086bc7cd5c481dcc9c85ebe478a1c0b69fcbb9,189000000,,299827052805095424
arbitrum,withdraw_submit,498918026,1787833898000,0x7878c1ed413ff026bf03b084c41fe0f2c95da7ca81f1068d74806909c79a428b,,0xf48609effee28f595241c1bd57ee1993a0ae9617,0xfd086bc7cd5c481dcc9c85ebe478a1c0b69fcbb9,249000000,,299898667110760467
arbitrum,deposit,498918590,1787834039000,0x672f54e26c7594fefde2995f22729d5ebce53e70a7cec647f29dd5a4bd8d021f,0xf36e4157ee21218ebb3eefe4d5aa46226875029f,0xf36e4157ee21218ebb3eefe4d5aa46226875029f,0xfd086bc7cd5c481dcc9c85ebe478a1c0b69fcbb9,2000000,2184,
arbitrum,deposit,498921361,1787834735000,0xc4185b90b39a3f28e77c809543f5f8267bf28ecf5c534e80d21a5046f80ec442,0x0ce68a85c14881e862a4bb631bce74b6e83d5332,0x0ce68a85c14881e862a4bb631bce74b6e83d5332,0xfd086bc7cd5c481dcc9c85ebe478a1c0b69fcbb9,2000000,2184,
arbitrum,deposit,498923947,1787835387000,0x3b02a0341820613b2a8f2da3672a2521e507c4a289c89aa3a49abc06747d14ef,0x4cd1f8562243d8715acf220f76bd7d41243edf30,0x4cd1f8562243d8715acf220f76bd7d41243edf30,0xfd086bc7cd5c481dcc9c85ebe478a1c0b69fcbb9,239976249,2184,
arbitrum,deposit,498924696,1787835577000,0x4631c62bfbda6f75c9d68d060f855070456e6ea493ff844e53215610cb5c3c10,0xb60abdd9ab0b334d49401b7c62ea86377956b18b,0xb60abdd9ab0b334d49401b7c62ea86377956b18b,0xfd086bc7cd5c481dcc9c85ebe478a1c0b69fcbb9,5000000,2184,
arbitrum,deposit,498933613,1787837813000,0x11e8fae684c1c33ef5ff9dafa9e7fed7f9534cd56b0ffbe6f929089be306ede7,0x59d5680b31a50dcdf1447f6b1b0e7aecffdf4078,0x59d5680b31a50dcdf1447f6b1b0e7aecffdf4078,0xfd086bc7cd5c481dcc9c85ebe478a1c0b69fcbb9,2710000,2184,
arbitrum,withdraw_final,498934911,1787838439000,0x0582b6bed5e2657c2fbf48e85a42157879977813c705467aa1d69f7938be512b,,,,,,300319711315361793
arbitrum,withdraw_submit,498939800,1787839359000,0xca08944f75776aa571a5511018290322b17219b8a74bb23f01017cfcf2bbeca1,,0x99dde68651929c3d856f198b3172ee64cd88b020,0xfd086bc7cd5c481dcc9c85ebe478a1c0b69fcbb9,9504439,,300319711315361793
arbitrum,deposit,498944521,1787840540000,0x826505c3df82ec24592f7354d0d9191f1392f361bfaac026dbcd224539a9efde,0xbb48553d0c9470eb429ba35acd350c4c242ee902,0xbb48553d0c9470eb429ba35acd350c4c242ee902,0xfd086bc7cd5c481dcc9c85ebe478a1c0b69fcbb9,2000000,2184,
arbitrum,withdraw_final,498944660,1787840875000,0x760da71e411fb3c249e7d770be129b6b7613184aad4a785a7bb429defc1b5ec3,,,,,,300506559580995584
arbitrum,deposit,498948236,1787841469000,0xb7d05ac34e08a9a9e2d1ef68970b0ae8b8e6d8d8743955adacce4fd3cf528982,0xee67f1cd8fe4c96fd7aef30a770177e670cd8379,0xee67f1cd8fe4c96fd7aef30a770177e670cd8379,0xfd086bc7cd5c481dcc9c85ebe478a1c0b69fcbb9,2710000,2184,
arbitrum,withdraw_submit,498949630,1787841817000,0xf94c95a1844104178c3c35da7f55a98872e5640c7766ca8146d0551133062e9c,,0xbb48553d0c9470eb429ba35acd350c4c242ee902,0xfd086bc7cd5c481dcc9c85ebe478a1c0b69fcbb9,1000000,,300506559580995584
arbitrum,deposit,498960404,1787844514000,0xb887520e0cfa45cd85eff3f9798cf2d5a53097f581935a47b7db0a357fff8646,0xe448d9d70efe95714e38d210e58d458dab0a77d5,0xe448d9d70efe95714e38d210e58d458dab0a77d5,0xfd086bc7cd5c481dcc9c85ebe478a1c0b69fcbb9,31767226,2184,
arbitrum,deposit,498963816,1787845368000,0x67b0ac47fc6e1a51df4d204215b2c66c891d5ea58386caa804e4afd30f4f289c,0x124081c4787981ec60d6ef061542e1c8d7fb453c,0x124081c4787981ec60d6ef061542e1c8d7fb453c,0xfd086bc7cd5c481dcc9c85ebe478a1c0b69fcbb9,2710000,2184,
arbitrum,deposit,498964908,1787845640000,0xa4973f5dccc2d204ec0753bf6385d3c20103cdf5f7ab87866a3e2d0987d3b36d,0x51c974a78d7283096e549f918709f97e4d6ccd74,0x51c974a78d7283096e549f918709f97e4d6ccd74,0xfd086bc7cd5c481dcc9c85ebe478a1c0b69fcbb9,150000000,2184,
arbitrum,withdraw_final,498975234,1787848526000,0x60f96667f5089b751bec7648c7bfb5a302b9c9361ea8652baa2cc12b1158e017,,,,,,301097461177384960
arbitrum,withdraw_submit,498980060,1787849437000,0xc3783b438dc2597cbdaad2c4dc46e428a6350827e0d09271168dfe8e109116cb,,0xd9e077e066125d7c97d57241b4671bbe36c7a861,0xfd086bc7cd5c481dcc9c85ebe478a1c0b69fcbb9,1646000000,,301097461177384960
arbitrum,deposit,498988809,1787851630000,0xad1d334fe613020c0fdb2e744775aa09c84b565543c73d11fa238f941c7eeeac,0xd6432ddb805911acf08050b881d72a1443a67796,0xd6432ddb805911acf08050b881d72a1443a67796,0xfd086bc7cd5c481dcc9c85ebe478a1c0b69fcbb9,252432174,2184,
arbitrum,deposit,498989117,1787851707000,0x40cf0baa997912918499b5180ff5aeaa1370f4416805f5d4fc6cccff6b8a167c,0x90add0ea7aace0792570eba72206340498c477cb,0x90add0ea7aace0792570eba72206340498c477cb,0xfd086bc7cd5c481dcc9c85ebe478a1c0b69fcbb9,1500000,2184,
arbitrum,deposit,498994570,1787853076000,0x19c3135cbb5e1fd7a1d19b2d7efb96bfdb55fea76b1dc00ce81f1b59ca10dcdd,0x7457fd965d22fb844d3e420494eefdb5df4b9a98,0x7457fd965d22fb844d3e420494eefdb5df4b9a98,0xfd086bc7cd5c481dcc9c85ebe478a1c0b69fcbb9,599978582,2184,
arbitrum,deposit,498995726,1787853367000,0x12a499765ae796c3d714e5d87bcadf5aa3bc5ec475dc099372c717ddb5c27a9e,0xbf9527a6380c956b3dda6c5530c05157275a795e,0xbf9527a6380c956b3dda6c5530c05157275a795e,0xfd086bc7cd5c481dcc9c85ebe478a1c0b69fcbb9,1000000000,2184,
arbitrum,deposit,498996097,1787853460000,0xf8901c23150da3242e1ca838d37df620c8c900f606ab9333bb68a491726a59ae,0xbf9527a6380c956b3dda6c5530c05157275a795e,0xbf9527a6380c956b3dda6c5530c05157275a795e,0xfd086bc7cd5c481dcc9c85ebe478a1c0b69fcbb9,2000000000,2184,
arbitrum,withdraw_final,499007869,1787856716000,0x05b138231fec014e8ca973c16a18f07410d3855f08f1bc76d84a4ee8e19cf73b,,,,,,301729714718900225
arbitrum,deposit,499011001,1787857202000,0xf6b153406e87671ea7ac7fdf5ed45ebf6b2465f0f66ebe59a866448069accc9c,0x5dbe60215ec84f37f615f966baf270b3adf27da7,0x5dbe60215ec84f37f615f966baf270b3adf27da7,0xfd086bc7cd5c481dcc9c85ebe478a1c0b69fcbb9,101900000,2184,
arbitrum,withdraw_submit,499012811,1787857657000,0xd1246f69447cce1485cb5e4bb71dd227918abd4c832039d2059d7e846948d945,,0xfd41ac34a5388aead22f878d0cfba357da41d6e8,0xfd086bc7cd5c481dcc9c85ebe478a1c0b69fcbb9,89188000,,301729714718900225
arbitrum,deposit,499030633,1787862139000,0x401c1dd600430eb58782c9c17b6cdd164caef4b6cfb9308ee85facc820aa20ca,0xbb48553d0c9470eb429ba35acd350c4c242ee902,0xbb48553d0c9470eb429ba35acd350c4c242ee902,0xfd086bc7cd5c481dcc9c85ebe478a1c0b69fcbb9,2000000,2184,
arbitrum,withdraw_final,499030768,1787862473000,0xa8af1507e4986fdb0402ffb7dcba16b7f79c8a27caf322d2c4512ad61a093cd2,,,,,,302174896677453824
arbitrum,withdraw_submit,499035729,1787863417000,0xd0dec5f8804f50b3f76ae888daac9a6bd3d87a2543a445348b1e8d8d644d42e2,,0xbb48553d0c9470eb429ba35acd350c4c242ee902,0xfd086bc7cd5c481dcc9c85ebe478a1c0b69fcbb9,1000000,,302174896677453824
arbitrum,deposit,499080258,1787874593000,0xf7049c27fd90ef921f1b85c90f3bdf4718a3510d243212ea219341366112e1e9,0x4d7c5ecc7e7e68605540a9d53b337d1d9c48be3c,0x4d7c5ecc7e7e68605540a9d53b337d1d9c48be3c,0xfd086bc7cd5c481dcc9c85ebe478a1c0b69fcbb9,100300000,2184,
arbitrum,withdraw_final,499081808,1787875282000,0x751ba2925a4f86f798a661228a6583a1764102b16fb18a358ac55bc95e21c6f8,,,,,,303151383278780416
arbitrum,withdraw_submit,499086650,1787876197000,0x8ac0ff157aa5312a23066e20ff412cbba99aafcdb01fc37ba66f647a1668fa74,,0xab03fbf45ee719eef883063a1a0064507ae94236,0xfd086bc7cd5c481dcc9c85ebe478a1c0b69fcbb9,5000000000,,303151383278780416
arbitrum,deposit,499086670,1787876202000,0xb5442645aad57f1faf9140281458b37e956ab359338d96353323990a3f5cfd23,0x33abaf6f3d324c68140932903fcf108cfb0548b0,0x33abaf6f3d324c68140932903fcf108cfb0548b0,0xfd086bc7cd5c481dcc9c85ebe478a1c0b69fcbb9,105572871,2184,
arbitrum,withdraw_final,499109272,1787882168000,0x19c0ddc85329e96afc3b6c0a6ed797d238d6e48acfeec13db4c9247749bb55dc,,,,,,303683272032911425
arbitrum,deposit,499110909,1787882277000,0xd2c426aabb49601c18a9eb538dae7914e40683e0f0c613b74b1939860ce7d753,0x33abaf6f3d324c68140932903fcf108cfb0548b0,0x33abaf6f3d324c68140932903fcf108cfb0548b0,0xfd086bc7cd5c481dcc9c85ebe478a1c0b69fcbb9,334971783,2184,
arbitrum,deposit,499111867,1787882517000,0xd1ce1d2b1caf76dbef799dc10ab0f74589690d1d9082cbeef298c1c17cb5c750,0xf36e4157ee21218ebb3eefe4d5aa46226875029f,0xf36e4157ee21218ebb3eefe4d5aa46226875029f,0xfd086bc7cd5c481dcc9c85ebe478a1c0b69fcbb9,10200000,2184,
arbitrum,withdraw_submit,499114172,1787883097000,0x9e113aae78864d9c6bd5c26b2e9989a9a583d11805736778f96ad457bf89617c,,0x5cac8d60692e0d1aab7086121aa586c9a7523e3f,0xfd086bc7cd5c481dcc9c85ebe478a1c0b69fcbb9,33757574,,303683272032911425
arbitrum,deposit,499116732,1787883740000,0xc8116e2a0b3197c57219fb20328ccdf8a081af4091c4e5bc7ba872a5085f3822,0xbb48553d0c9470eb429ba35acd350c4c242ee902,0xbb48553d0c9470eb429ba35acd350c4c242ee902,0xfd086bc7cd5c481dcc9c85ebe478a1c0b69fcbb9,2000000,2184,
arbitrum,withdraw_final,499116866,1787884074000,0xe9cbdb023d0a2723a00721a0671051cce6620ea3d9be3295a5cbd24459897078,,,,,,303830890037903360
arbitrum,withdraw_submit,499121824,1787885017000,0x2b527ab3a9ced8be13ae8202598cb61574e07c7e9128aae25fea4b0ab8590374,,0xbb48553d0c9470eb429ba35acd350c4c242ee902,0xfd086bc7cd5c481dcc9c85ebe478a1c0b69fcbb9,1000000,,303830890037903360
arbitrum,deposit,499128459,1787886681000,0xfd2d746a8d000b2bb36d2758de00784dff3ee6d171d8369feed2bf5d41c4d9ea,0x48b576c87e788a762d6f95a456f2a39113b46950,0x48b576c87e788a762d6f95a456f2a39113b46950,0xfd086bc7cd5c481dcc9c85ebe478a1c0b69fcbb9,55492174,2184,
arbitrum,withdraw_final,499136896,1787889104000,0xd6f74b75e5ff00efae6c23db6f19c03e8c4695b3c09617965b4fca00a8ffea30,,,,,,304218330443546624
arbitrum,withdraw_submit,499141853,1787890057000,0x89987388c4b347191b54d79f78ce030b3f692cd7ce4cc40ff097a37a207b48e8,,0x245d194aff472490a3424200bfdeecab85ddec21,0xfd086bc7cd5c481dcc9c85ebe478a1c0b69fcbb9,3946677,,304218330443546624
arbitrum,withdraw_final,499150944,1787892643000,0x305005d09d79fc2050dafe11aa288911c731773deda7278b0292075ef8621be7,,,,,,304490923427889152
arbitrum,deposit,499152786,1787892811000,0x29611a975bc43803feb7710ecaaa7f089678186c5e07312aafb522e5d1d72fd7,0xda071e732205f2b9976a097e6e0f2a7dca00c91e,0xda071e732205f2b9976a097e6e0f2a7dca00c91e,0xfd086bc7cd5c481dcc9c85ebe478a1c0b69fcbb9,11107215,2184,
arbitrum,withdraw_submit,499155865,1787893597000,0xaac881da6955c5f75254e65f1efe07484cc67930d0361b18f8cfdffe6f59f151,,0xca58891ad8b04283f2b2545b4fbe385006038bb1,0xfd086bc7cd5c481dcc9c85ebe478a1c0b69fcbb9,25881096,,304490923427889152
arbitrum,withdraw_final,499156562,1787894075000,0xca9f4627f109106b95b34127e418bbada6e387a7ad60b3b585f2eecd9f9e02b4,,,,,,304600840247705600
arbitrum,withdraw_submit,499161275,1787894978000,0xe813452b5a4bd947b798d4de605e018ab5fd6067df262cac8bafe328723351db,,0xdd6888885176a381751c95c0362cb4dc3ab89ce5,0xfd086bc7cd5c481dcc9c85ebe478a1c0b69fcbb9,112489234,,304600840247705600
arbitrum,deposit,499168972,1787896938000,0x78d007d00df5560a89104cd8c2d9ad6f3bc2fc73fbe6a6f6cb94e5880fcaab35,0xc5612c4d4ca7ece9fe482f5bbd0441116d2f4bbe,0xc5612c4d4ca7ece9fe482f5bbd0441116d2f4bbe,0xfd086bc7cd5c481dcc9c85ebe478a1c0b69fcbb9,410000000,2184,
arbitrum,deposit,499171241,1787897516000,0xaa94b4f817db9cda54b72771d053ae5b0b8d85d03d40415b1eec16b78229080f,0xa97c8404f1f02e2b611a83ddae865bd2455320ad,0xa97c8404f1f02e2b611a83ddae865bd2455320ad,0xfd086bc7cd5c481dcc9c85ebe478a1c0b69fcbb9,75481156,2184,
arbitrum,withdraw_final,499176003,1787899022000,0x1cc770b9b9a8ff058a7547f8c03be0a7c2295637c7867977ba14a0c27e961208,,,,,,304982559761104896
arbitrum,deposit,499176614,1787898877000,0xf4f5ec46dc38a362cf6d803d75905d587b66f73e3175df4e7f5f08d963927c37,0xa753c986fa6d34e976e566f046386d34228b841d,0xa753c986fa6d34e976e566f046386d34228b841d,0xfd086bc7cd5c481dcc9c85ebe478a1c0b69fcbb9,119900000,2184,
arbitrum,deposit,499180247,1787899796000,0xb013307b22b436ad2dca3bcafa57b3c0d5cf1cc3c7ebfd6afc40f1802bc3c745,0xfa20ca035b51889b5315e260908ecd0d6adce96f,0xfa20ca035b51889b5315e260908ecd0d6adce96f,0xfd086bc7cd5c481dcc9c85ebe478a1c0b69fcbb9,124034080,2184,
arbitrum,withdraw_submit,499180886,1787899957000,0xa9f3859407ada888aeb22e1ab12d98ea5637d5be48e150f9a83c520ae55b5dec,,0xa97c8404f1f02e2b611a83ddae865bd2455320ad,0xfd086bc7cd5c481dcc9c85ebe478a1c0b69fcbb9,36507322,,304982559761104896
arbitrum,deposit,499182651,1787900401000,0xe19afcf162db8e19c8a6ddfca3e545f2aa2cfd02d21873d5cedd5ac406c2745b,0x48b576c87e788a762d6f95a456f2a39113b46950,0x48b576c87e788a762d6f95a456f2a39113b46950,0xfd086bc7cd5c481dcc9c85ebe478a1c0b69fcbb9,35082555,2184,
arbitrum,deposit,499185447,1787901108000,0x1a09e044fdfe2255816b0bc88d016d038a129480160a8a9461de9a51c9a73fd5,0xcfb9a2dedfac8198d67d7701781d2ed0a66e20d9,0xcfb9a2dedfac8198d67d7701781d2ed0a66e20d9,0xfd086bc7cd5c481dcc9c85ebe478a1c0b69fcbb9,999882503,2184,
arbitrum,deposit,499187310,1787901579000,0x0445bab9321065d453480cc0ac4cd1d61c1b61f109cbb20dba11add5a3163dd5,0xd073987f437215db8279302043568ed15f48ed2d,0xd073987f437215db8279302043568ed15f48ed2d,0xfd086bc7cd5c481dcc9c85ebe478a1c0b69fcbb9,100806060,2184,
arbitrum,deposit,499187314,1787901580000,0xbe876404abd4a60b266fd0e48444abb6fc6c05a177801a6daedcbd4fa9749b68,0xae264b17cbc88bd198c73882b4f8448db6ba86db,0xae264b17cbc88bd198c73882b4f8448db6ba86db,0xfd086bc7cd5c481dcc9c85ebe478a1c0b69fcbb9,17600000000000,2184,
arbitrum,deposit,499187743,1787901689000,0x6ab8a2fa6cf62851eebf5f3e72ecba170bffa846e83d5ce8216cc7b3d4830546,0x74449ab85bcb2707feec8fc51ec6b9b355d6ed0c,0x74449ab85bcb2707feec8fc51ec6b9b355d6ed0c,0xfd086bc7cd5c481dcc9c85ebe478a1c0b69fcbb9,121963163,2184,
arbitrum,withdraw_final,499194266,1787903636000,0xc3a704f01b731d124f6fe468e013154e1473677738429eab1dee15b6f0374caf,,,,,,305338603951620096
arbitrum,withdraw_submit,499199194,1787904577000,0x97ee06a7bdbf1741e4e6b6ad2bfab5bcf9a2bb67b9c92b380fbf5b87bc2812c5,,0x49d11bca338b27adb85574b70c370670ac9e480b,0xfd086bc7cd5c481dcc9c85ebe478a1c0b69fcbb9,99000000,,305338603951620096
arbitrum,deposit,499202213,1787905340000,0xa65bdd060297f6dfe7a563f2d19802bd6c4d5b28c3d5bdb8a38f04a299333f33,0xbb48553d0c9470eb429ba35acd350c4c242ee902,0xbb48553d0c9470eb429ba35acd350c4c242ee902,0xfd086bc7cd5c481dcc9c85ebe478a1c0b69fcbb9,2000000,2184,
arbitrum,withdraw_final,499202342,1787905672000,0xca88b8e97b4c985017ab4225b5522d8a7b8f901eeccbf0ade7e9c622878a2f7d,,,,,,305495971549151232
arbitrum,withdraw_submit,499207281,1787906618000,0xb50dc26e7eb979fb7dfb93fdf17628424ca77ddb5268c0372c35e9ed99af343b,,0xbb48553d0c9470eb429ba35acd350c4c242ee902,0xfd086bc7cd5c481dcc9c85ebe478a1c0b69fcbb9,1000000,,305495971549151232
arbitrum,deposit,499215046,1787908567000,0xef2652702329fac0e1f6cbae429a4147f92f1275fb918b0ab44abb2c7a8ad14e,0x3d83d2742f58b067ce3dd5f88d01d7ed84137d3e,0x3d83d2742f58b067ce3dd5f88d01d7ed84137d3e,0xfd086bc7cd5c481dcc9c85ebe478a1c0b69fcbb9,73687468,2184,
arbitrum,deposit,499223328,1787910644000,0xd95482598bc13b78a35875bd24d368de6eca881fa6344217af96f78d9f878a31,0x2fae8db04a04774b9430e1fa1b987b11c59f4ef8,0x2fae8db04a04774b9430e1fa1b987b11c59f4ef8,0xfd086bc7cd5c481dcc9c85ebe478a1c0b69fcbb9,10000000,2184,
arbitrum,deposit,499227621,1787911721000,0x5d0c552e89478d2abb0812bbfb4cc17d661029c62a8bf7ee3feb155991beb595,0x54b548db636b7eac8b1b86186b9c29895b918b56,0x54b548db636b7eac8b1b86186b9c29895b918b56,0xfd086bc7cd5c481dcc9c85ebe478a1c0b69fcbb9,100356545,2184,
arbitrum,deposit,499229798,1787912267000,0xf438bcf9b00dc2fb65209ce740f181e5b23aead357f5f370e21f2113ea1a77b8,0x54b548db636b7eac8b1b86186b9c29895b918b56,0x54b548db636b7eac8b1b86186b9c29895b918b56,0xfd086bc7cd5c481dcc9c85ebe478a1c0b69fcbb9,300900000,2184,
arbitrum,withdraw_final,499229981,1787912612000,0xf782b80eef462bc51d15eaab7f1c363f3e5cf64fdcb98b6c7eb5bee8133d2b0c,,,,,,306031742949523456
arbitrum,withdraw_final,499231035,1787912876000,0x756275a31d39f347b5b4a927af0ea1381d54341cd13ac02846c3bbe07e89679d,,,,,,306052109684441088
arbitrum,deposit,499231843,1787912779000,0xcece55d910d60889a94b1a4b092d88a15ebcd6869375f5c86028e87ad777138e,0x91bb9e4210bda0fa29356a8230e1ad53b218a90e,0x91bb9e4210bda0fa29356a8230e1ad53b218a90e,0xfd086bc7cd5c481dcc9c85ebe478a1c0b69fcbb9,5000000,2184,
arbitrum,deposit,499233835,1787913277000,0xae7599ca8bf327f5b18cafbe5be822db7c3d7dd036e21b14d0c744543b26ab95,0x905311a82b450495f4a961a1a9a2f933156c7cb3,0x905311a82b450495f4a961a1a9a2f933156c7cb3,0xfd086bc7cd5c481dcc9c85ebe478a1c0b69fcbb9,41180159,2184,
arbitrum,withdraw_submit,499234794,1787913517000,0xa535099fc865ca86699ab71d8c0e6847771089f514599682671162bd026ea4c8,,0x721b8086d0e4a2d8f2126d262ad1806bf556cdb2,0xfd086bc7cd5c481dcc9c85ebe478a1c0b69fcbb9,20188945,,306031742949523456
arbitrum,withdraw_submit,499235987,1787913817000,0xd5de6708eb60927cf0aff7b34a731d3ff06425d83a320c0438340b42bb98d462,,0x2fe5351af4562457228ee0a1520a1b76f11abeda,0xfd086bc7cd5c481dcc9c85ebe478a1c0b69fcbb9,1476413123,,306052109684441088
arbitrum,withdraw_final,499246730,1787916812000,0xeda77d4fe0904426bf88b6231a56672269eddeef4b8cf501d0f2e99b8129f23b,,,,,,306355111054016512
arbitrum,deposit,499247302,1787916656000,0x69ddf5590bc4c60a2ed1c963c5ec440428c8d024fd1c479a7b9d4f28ee97afb8,0xe94c6eb936fe7672a872fad256f52e1310ab2464,0xe94c6eb936fe7672a872fad256f52e1310ab2464,0xfd086bc7cd5c481dcc9c85ebe478a1c0b69fcbb9,88200293,2184,
arbitrum,withdraw_submit,499251525,1787917718000,0x2dd994d0077ee62d31ac14f0c83d3a5704111c6069402a4a66bf335a851e2b5e,,0xd6432ddb805911acf08050b881d72a1443a67796,0xfd086bc7cd5c481dcc9c85ebe478a1c0b69fcbb9,149000000,,306355111054016512
arbitrum,withdraw_final,499277084,1787924434000,0xb13fbdb3428129b5637f0b5727ed0844c87e3774025411e4da766d15534ba3f4,,,,,,306941889469218816
arbitrum,withdraw_submit,499281897,1787925337000,0x39f40191e0058e6cc591d9aafe1b1ea8b568cbd478c5f9652da9815403471164,,0x28439b5fc7621cd7ac5dfe0cdb85874990202c82,0xfd086bc7cd5c481dcc9c85ebe478a1c0b69fcbb9,134333044,,306941889469218816
arbitrum,deposit,499288329,1787926940000,0x1a1c6201935586768371445210c4760ccaff0ed5df764272b65f64d93f5453f7,0xbb48553d0c9470eb429ba35acd350c4c242ee902,0xbb48553d0c9470eb429ba35acd350c4c242ee902,0xfd086bc7cd5c481dcc9c85ebe478a1c0b69fcbb9,2000000,2184,
arbitrum,withdraw_final,499288467,1787927275000,0x424ada5178c588d80e0c3bc4ee70a533e864857fccf8c55bcebdf99e2f8549bd,,,,,,307159859059490816
arbitrum,withdraw_final,499288558,1787927297000,0xe39fbc43b37560bd6320aea8c2fd1d082ecd8399c48cd3c3d60db17e7de64a88,,,,,,307161637188534273
arbitrum,withdraw_submit,499293447,1787928217000,0x6d70b182e3b4d02a38770ed6ad132d7118f9fa43144dba876c821fceb73123c1,,0xbb48553d0c9470eb429ba35acd350c4c242ee902,0xfd086bc7cd5c481dcc9c85ebe478a1c0b69fcbb9,1000000,,307159859059490816
arbitrum,withdraw_submit,499293447,1787928217000,0x6d70b182e3b4d02a38770ed6ad132d7118f9fa43144dba876c821fceb73123c1,,0xc7acf3f0c300b535a587c0665e7b854501efa88d,0xfd086bc7cd5c481dcc9c85ebe478a1c0b69fcbb9,192424748,,307161637188534273
arbitrum,withdraw_final,499297011,1787929407000,0x99fcdc67f73922e21850d7632646e546a96d1922bf947b5057c3ee959dc23bd6,,,,,,307323480150376448
arbitrum,withdraw_submit,499301859,1787930317000,0x0d5a8826a7f92f4ea9a6945a6bfa494cf402031968b9049a3c7cbc6f639d9927,,0x771be05c078cbe33c6531eaf035d5bebe52e303e,0xfd086bc7cd5c481dcc9c85ebe478a1c0b69fcbb9,296000000,,307323480150376448
arbitrum,withdraw_final,499305103,1787931427000,0x28f714caadd6ec369540214d4b55c6e328a14df77250d2aad06ba0ca48e538ee,,,,,,307479490546630765
arbitrum,deposit,499309953,1787932337000,0x94a9719ec4058fe52263736201198700f744e8ff3c3470e5d737ab232ac82c7c,0x3959c404db1bcf6832c96b088f6bc818a82589c7,0x3959c404db1bcf6832c96b088f6bc818a82589c7,0xfd086bc7cd5c481dcc9c85ebe478a1c0b69fcbb9,200000000,2184,
arbitrum,withdraw_submit,499310031,1787932357000,0xc2d7c54443aeffd1f019c49a1bae89b4603265fb020dbedd1ee9c9289c994aae,,0xadb2cc3215c14960240ac2e8f62371e1382497ef,0xfd086bc7cd5c481dcc9c85ebe478a1c0b69fcbb9,3163259,,307479490546630765
arbitrum,deposit,499310394,1787932448000,0x8700dde124148212ad88b7fc82d6190c28717dc6d9b72faeaee3dab356579820,0x3d83d2742f58b067ce3dd5f88d01d7ed84137d3e,0x3d83d2742f58b067ce3dd5f88d01d7ed84137d3e,0xfd086bc7cd5c481dcc9c85ebe478a1c0b69fcbb9,200000000,2184,
arbitrum,deposit,499310895,1787932574000,0x6ec0035a0b130a7a257b8b57559bda8b1dc0d63ee395b735d708f4f8c08bc3cb,0xca72c93172ba6eff168e59e7f17c3c7a8fea9b62,0xca72c93172ba6eff168e59e7f17c3c7a8fea9b62,0xfd086bc7cd5c481dcc9c85ebe478a1c0b69fcbb9,371760964,2184,
arbitrum,deposit,499314424,1787933454000,0x684516fb099ef3b0066d122d80fa215ba9316ec925ca2ca11afe37c2de17041e,0x656c7e9fbea43bcd86b6bb06d00348f944839281,0x656c7e9fbea43bcd86b6bb06d00348f944839281,0xfd086bc7cd5c481dcc9c85ebe478a1c0b69fcbb9,58779323,2184,
arbitrum,deposit,499314705,1787933525000,0x30956dce5472987397096d59e4369e73cd69fa6658b79819a5d6d751a82ddd04,0xca72c93172ba6eff168e59e7f17c3c7a8fea9b62,0xca72c93172ba6eff168e59e7f17c3c7a8fea9b62,0xfd086bc7cd5c481dcc9c85ebe478a1c0b69fcbb9,1109066700,2184,
arbitrum,deposit,499342456,1787940454000,0xafb19f47ea1d9e30899ed7059b91f8a653650180832637c85c338ed89e0adc52,0x79d7e4a805f200efff88ca0cc13c51eb3987131a,0x79d7e4a805f200efff88ca0cc13c51eb3987131a,0xfd086bc7cd5c481dcc9c85ebe478a1c0b69fcbb9,102191436,2184,
arbitrum,deposit,499345348,1787941179000,0xe6591ec5f4cb769804bddd1d5dae02a1467a8ce05d2ab64b33c60611e2d9d374,0x54e77a9ac534eaf7f76843ec589c7209d290b90c,0x54e77a9ac534eaf7f76843ec589c7209d290b90c,0xfd086bc7cd5c481dcc9c85ebe478a1c0b69fcbb9,207956402,2184,
arbitrum,deposit,499345455,1787941206000,0x9c19ad115fce50d5bbb6f2e7cb1cc8bb082c3a162b34eb136b44d03cb1dad520,0x48b576c87e788a762d6f95a456f2a39113b46950,0x48b576c87e788a762d6f95a456f2a39113b46950,0xfd086bc7cd5c481dcc9c85ebe478a1c0b69fcbb9,38703127,2184,
arbitrum,withdraw_final,499349291,1787942467000,0xc703b69a8ab3e41fd82d01ca018d63d1dbc7280663ce5dc9f5e2ef94e15fbbc9,,,,,,308332075897847808
arbitrum,withdraw_submit,499354215,1787943397000,0xff7084a951b3bcf2a5b80375d5dc6163b4f089421d70d5e0c398e5a766c3a106,,0xaad6624f5494066c96d1d0707106f1ad58fc1b63,0xfd086bc7cd5c481dcc9c85ebe478a1c0b69fcbb9,25252460,,308332075897847808
arbitrum,deposit,499364712,1787946022000,0x0313b80d987c78ec26933626fa1fb02e9a3097fe1400311f73e04011e3e87093,0x419d2b28d95e3439860e8c84b1f4635b03bbf164,0x419d2b28d95e3439860e8c84b1f4635b03bbf164,0xfd086bc7cd5c481dcc9c85ebe478a1c0b69fcbb9,267865174,2184,
arbitrum,deposit,499365652,1787946258000,0x9486b9c54c7b4ac7097f0439989ef25b754d65b95a1b85841f99fdc418ed0de9,0x08721d5bea4a4794be8856a1bdafc8e5cac63a31,0x08721d5bea4a4794be8856a1bdafc8e5cac63a31,0xfd086bc7cd5c481dcc9c85ebe478a1c0b69fcbb9,279855149,2184,
arbitrum,deposit,499368898,1787947071000,0xc3054571693c2db4d924d884bf00bede151b68fbb28f017576f643b5d3d565ff,0x036a289fa66233ba4db7917f1d5f72564ecab3b2,0x036a289fa66233ba4db7917f1d5f72564ecab3b2,0xfd086bc7cd5c481dcc9c85ebe478a1c0b69fcbb9,10050000,2184,
arbitrum,withdraw_final,499370055,1787947660000,0x643a70b6ed5bc31c26e5e8b016f5fa04f55d6cb2fce2759344627c5e6e6d01f9,,,,,,308733268797161472
arbitrum,deposit,499370526,1787947478000,0xaaa89fe377cc7b173a793a6a8c705c90a55d1cbfffbed18578872cbfb9365671,0xb156667c4e54622962af618c44adacc0e37d443c,0xb156667c4e54622962af618c44adacc0e37d443c,0xfd086bc7cd5c481dcc9c85ebe478a1c0b69fcbb9,254560467,2184,
arbitrum,deposit,499373296,1787948173000,0x3adf95a6fff0d118026147eafcc6ca725d94a08b79bb93f0e502572df3a31207,0x0757cf20d3bfa53bc5f288229390e09a7ec5d023,0x0757cf20d3bfa53bc5f288229390e09a7ec5d023,0xfd086bc7cd5c481dcc9c85ebe478a1c0b69fcbb9,179900000,2184,
arbitrum,withdraw_final,499374140,1787948686000,0xa89e81b799561df5d961f298b63abe3b11a7096d226e96e27a5429c1c35a5293,,,,,,308812760051875840
arbitrum,deposit,499374403,1787948451000,0x1aabe4ecaf3ff654aa8850bf17244334c0be08aed43c286742d142d265b8d8ce,0x59498862c977b22e0dcafc2bee8558b7f6fd981c,0x59498862c977b22e0dcafc2bee8558b7f6fd981c,0xfd086bc7cd5c481dcc9c85ebe478a1c0b69fcbb9,10000000,2184,
arbitrum,deposit,499374759,1787948540000,0x450e9ad238188afa6860a0900a2ddeebfc6fb6c50be6a51ad2b91ac1d4ed835c,0xbb48553d0c9470eb429ba35acd350c4c242ee902,0xbb48553d0c9470eb429ba35acd350c4c242ee902,0xfd086bc7cd5c481dcc9c85ebe478a1c0b69fcbb9,2000000,2184,
arbitrum,withdraw_submit,499374828,1787948557000,0x832b4eedbf8e0e6efaff813d7e9bf0e24092cfc8c20150f1c1a627c635ca21e0,,0xdd770f2f58eb44ca149c76bf20fe5e0063bfe894,0xfd086bc7cd5c481dcc9c85ebe478a1c0b69fcbb9,298000000,,308733268797161472
arbitrum,withdraw_final,499374865,1787948866000,0x0835d71feae1b981af2b383bcd8e019e448b61754958a2d95b0bede20ed81c82,,,,,,308826692917395456
arbitrum,withdraw_submit,499379134,1787949637000,0x1dcbe9a5c133a9b9522c15314884395d0737c71d9de196fdaae50ba5c74cde05,,0x59498862c977b22e0dcafc2bee8558b7f6fd981c,0xfd086bc7cd5c481dcc9c85ebe478a1c0b69fcbb9,6274892,,308812760051875840
arbitrum,withdraw_final,499379323,1787949984000,0x2cf95fde9a1d6f3539801e9ad4d8c5d79b68b233d0aa70781c4b1694ea427399,,,,,,308913124839260160
arbitrum,withdraw_submit,499379849,1787949817000,0x109bd2d531caaefd7f3f044cdae5e3d04f13f18cb892af364bce4b018bef568b,,0xbb48553d0c9470eb429ba35acd350c4c242ee902,0xfd086bc7cd5c481dcc9c85ebe478a1c0b69fcbb9,1000000,,308826692917395456
arbitrum,withdraw_submit,499384155,1787950898000,0x7ce234f269947dbf5657bfa445248734d403f9896538ec3407ac0856062547c4,,0x7a465e4459d8e7603889428cbf69979058262e12,0xfd086bc7cd5c481dcc9c85ebe478a1c0b69fcbb9,29000000,,308913124839260160
arbitrum,withdraw_final,499384741,1787951345000,0xfc4d20a843e0086c248c6820dc76f93d07d67747c30efca9f53894499bd82a93,,,,,,309018025124691968
arbitrum,withdraw_submit,499389668,1787952278000,0x7e449ba2e598a4a47cf3b106f6e8316ae31d1fd03cb3738437a2b32d4d3869a3,,0x0757cf20d3bfa53bc5f288229390e09a7ec5d023,0xfd086bc7cd5c481dcc9c85ebe478a1c0b69fcbb9,141074445,,309018025124691968
arbitrum,deposit,499399068,1787954635000,0x20d60917e61e0a0a222f7b5578c1635c7329ed00c162482c16ac9bc83df56197,0xca72c93172ba6eff168e59e7f17c3c7a8fea9b62,0xca72c93172ba6eff168e59e7f17c3c7a8fea9b62,0xfd086bc7cd5c481dcc9c85ebe478a1c0b69fcbb9,2403317364,2184,
arbitrum,deposit,499405281,1787956193000,0x667aadf8a9f62e5e29bd533f8ab92a273d5c78d6e62ebaea1a8f5ae386f75c22,0x469d0809ce92975c3cb064f43687bbed3c8bb36b,0x469d0809ce92975c3cb064f43687bbed3c8bb36b,0xfd086bc7cd5c481dcc9c85ebe478a1c0b69fcbb9,5562487,2184,
arbitrum,deposit,499406907,1787956601000,0x53d887c7aa1f0458891f09df7aa42878023ace18b26b2cdcac7ff5f64885276a,0x45c51f060ad5fb033150c4ee1c0788843dafe80c,0x45c51f060ad5fb033150c4ee1c0788843dafe80c,0xfd086bc7cd5c481dcc9c85ebe478a1c0b69fcbb9,416821124,2184,
arbitrum,deposit,499433801,1787963361000,0x51448878d2cfa0a543f5104bf28f3a80da48576798cb4637c71b1c33924b60c8,0x10142f5bdc4efdc1678d20a871718ef38de95958,0x10142f5bdc4efdc1678d20a871718ef38de95958,0xfd086bc7cd5c481dcc9c85ebe478a1c0b69fcbb9,999900220,2184,
arbitrum,withdraw_final,499450608,1787967903000,0x2e193a8f6fe48685afd3062e86c85fae0f351e0d6ebbc357a66b7c58c3560c70,,,,,,310265378129313792
arbitrum,deposit,499452564,1787968097000,0xdf7e9d87561c3b16c3c20b75fc97f2ed6d529eaffce59b4355106a1b2bab96c1,0x5365846e8992fa89e7fa12f62d18f59ad3230e62,0x5365846e8992fa89e7fa12f62d18f59ad3230e62,0xfd086bc7cd5c481dcc9c85ebe478a1c0b69fcbb9,102000000,2184,
arbitrum,withdraw_submit,499455492,1787968837000,0x2c8d2f1808f1abc0c3a364b12a284bf1448fc38e51200e0df1353b486e16a171,,0xd6432ddb805911acf08050b881d72a1443a67796,0xfd086bc7cd5c481dcc9c85ebe478a1c0b69fcbb9,78823171,,310265378129313792
arbitrum,deposit,499457592,1787969365000,0x4682ff8bfe718a9c91f5d8ee394d4820e1dc96ed279e4e8aeea1304cc959e628,0x8551084392e882b4aed21903492a7fa59338387c,0x8551084392e882b4aed21903492a7fa59338387c,0xfd086bc7cd5c481dcc9c85ebe478a1c0b69fcbb9,102500000,2184,
arbitrum,deposit,499460669,1787970140000,0x8d6f078679b2091bb56c254184b71470b56eb66db23d38f92a14599ef3acf7a7,0xbb48553d0c9470eb429ba35acd350c4c242ee902,0xbb48553d0c9470eb429ba35acd350c4c242ee902,0xfd086bc7cd5c481dcc9c85ebe478a1c0b69fcbb9,2000000,2184,
arbitrum,withdraw_final,499460775,1787970466000,0xb15bd444744422faa29d67086faf535ad5c2e4c960bc967967b398129707ec70,,,,,,310453849867419648
arbitrum,withdraw_submit,499465743,1787971417000,0x69b927e826449c12285bd63e044b587de49a57e3ffc33be03adf909022f2cadc,,0xbb48553d0c9470eb429ba35acd350c4c242ee902,0xfd086bc7cd5c481dcc9c85ebe478a1c0b69fcbb9,1000000,,310453849867419648
arbitrum,withdraw_final,499465942,1787971767000,0xb8b940d63cc7ccc585b6bd3102be18ebb3713f8e562a56b7610809729fb4edbe,,,,,,310550117281169408
arbitrum,withdraw_submit,499470751,1787972677000,0xf3c69ec1f11d2654c9f2ec9edf78b648c2d234cb2f908fc2872a24c6af23dfa4,,0xab03fbf45ee719eef883063a1a0064507ae94236,0xfd086bc7cd5c481dcc9c85ebe478a1c0b69fcbb9,5000000000,,310550117281169408
arbitrum,deposit,499473479,1787973363000,0xee4a0876828fb0f213541c088503dadeedf1fe5242a9c825612c16d0ac4421c2,0x7160bd45a560a7cfba9aa3093517bc334854123e,0x7160bd45a560a7cfba9aa3093517bc334854123e,0xfd086bc7cd5c481dcc9c85ebe478a1c0b69fcbb9,999996989,2184,
arbitrum,deposit,499477502,1787974376000,0x0e5d689396e1423f1ebf5c9ec3f05572c241be1490888653913cc37d44be3d76,0x54e77a9ac534eaf7f76843ec589c7209d290b90c,0x54e77a9ac534eaf7f76843ec589c7209d290b90c,0xfd086bc7cd5c481dcc9c85ebe478a1c0b69fcbb9,99378569,2184,
arbitrum,withdraw_final,499491289,1787978152000,0x824bdd6082b12ee5789e66d78965841adeb661ed9cde84577696d4c26fc56e96,,,,,,311021189298388997
arbitrum,withdraw_submit,499496218,1787979097000,0xdad829cd754709a2606c1f5a77abff7bf16411133f794cbb650538eea1960559,,0xb8d919ace1c27283a09792413f9288130113a237,0xfd086bc7cd5c481dcc9c85ebe478a1c0b69fcbb9,104761953,,311021189298388997
arbitrum,deposit,499499241,1787979867000,0xfe5e38abd036ebc53c009378e25faa4f06ea2c51bac885fe711f4e78a9629281,0x227fd2fd881cc6c99dfccc0fb40f2b1dc2f3f36e,0x227fd2fd881cc6c99dfccc0fb40f2b1dc2f3f36e,0xfd086bc7cd5c481dcc9c85ebe478a1c0b69fcbb9,65000000,2184,
arbitrum,deposit,499516169,1787984204000,0x8326f06c86305c72745d33d54c776b4fda4d0715b9d93891d842f352e739858b,0x95bf4f832fb643928a81ac82bda56b6cd84ffce3,0x95bf4f832fb643928a81ac82bda56b6cd84ffce3,0xfd086bc7cd5c481dcc9c85ebe478a1c0b69fcbb9,164000000,2184,
arbitrum,deposit,499519110,1787984954000,0x9c0e1b75dc97fba6ea88d59e041a2416263fd3e831a219f4e9abe53b473454db,0x95bf4f832fb643928a81ac82bda56b6cd84ffce3,0x95bf4f832fb643928a81ac82bda56b6cd84ffce3,0xfd086bc7cd5c481dcc9c85ebe478a1c0b69fcbb9,375000000,2184,
arbitrum,deposit,499530279,1787987819000,0x5af6018e8d1e62b4f0efc134851dd4b8e8575598c2fab861549d415346dc58ae,0x37bc58c0cf70402fa02b0144999d8dc43aef239c,0x37bc58c0cf70402fa02b0144999d8dc43aef239c,0xfd086bc7cd5c481dcc9c85ebe478a1c0b69fcbb9,20006497,2184,
arbitrum,withdraw_final,499541129,1787990888000,0x537f9b142c2900991ed057cedb4891067674150955bc5dfe9d4b1e63fd44a37d,,,,,,311959751309131777
arbitrum,deposit,499545690,1787991739000,0xa23f4ebdff7bc2e5ed2c793ee37fa7b8518ee03f648333b1ae823dca52b3ebfb,0xbb48553d0c9470eb429ba35acd350c4c242ee902,0xbb48553d0c9470eb429ba35acd350c4c242ee902,0xfd086bc7cd5c481dcc9c85ebe478a1c0b69fcbb9,2000000,2184,
arbitrum,withdraw_final,499545828,1787992074000,0x241d1667e099f1db76f4a2395e28ae4a8046516909321cdb3cd306a83ec3ea43,,,,,,312047007856328704
arbitrum,withdraw_submit,499546002,1787991817000,0x68c9d2e6a368e81dfe08555d54643e5ae6e8aea6644cd587afb898a90803d0dc,,0xe94c6eb936fe7672a872fad256f52e1310ab2464,0xfd086bc7cd5c481dcc9c85ebe478a1c0b69fcbb9,84806419,,311959751309131777
arbitrum,deposit,499546499,1787991945000,0x6c42d823619d3da407da7c69630e0d5e79c577cb3041e3bb5d40fe6e781f9720,0xcd8e25d8348a3d1160c1436a83088b3d397a1c57,0xcd8e25d8348a3d1160c1436a83088b3d397a1c57,0xfd086bc7cd5c481dcc9c85ebe478a1c0b69fcbb9,9154489,2184,
arbitrum,deposit,499547127,1787992105000,0x86e39291b3b0864ed219f7261a1d8da7b8512b5e238ed2d6144ea2d2f9484304,0x8ec077a8b240d20958c8ceb10ae9e568f8db15ea,0x8ec077a8b240d20958c8ceb10ae9e568f8db15ea,0xfd086bc7cd5c481dcc9c85ebe478a1c0b69fcbb9,160000000,2184,
arbitrum,withdraw_submit,499550723,1787993017000,0xdc95cf143303ce0b57e401125e79b066585d6ca56c5e3c81903f45c17a5d5c30,,0xbb48553d0c9470eb429ba35acd350c4c242ee902,0xfd086bc7cd5c481dcc9c85ebe478a1c0b69fcbb9,1000000,,312047007856328704
arbitrum,deposit,499563780,1787996326000,0x5d11477477290a2735c66b609f74590f0a2868492053a1495e01135f44397659,0x15f3d2e43e5d6aaedf16b6348fa07aa7f5210527,0x15f3d2e43e5d6aaedf16b6348fa07aa7f5210527,0xfd086bc7cd5c481dcc9c85ebe478a1c0b69fcbb9,104761953,2184,
arbitrum,deposit,499564343,1787996468000,0x20947bf2f4f003173e6588637c3b9239c9fd1131e0c7d70e673e14e638190d9f,0x1c28867f17cb0abe1886d902d5af752569b87754,0x1c28867f17cb0abe1886d902d5af752569b87754,0xfd086bc7cd5c481dcc9c85ebe478a1c0b69fcbb9,1100000000,2184,
arbitrum,deposit,499593060,1788003723000,0xbf326c4863e7c02b86039a69fbffecc998839b806ecc14a3e20a5c779b0bdb36,0x23397ec7d6cd4b4ccca9add3443b0e01598934f7,0x23397ec7d6cd4b4ccca9add3443b0e01598934f7,0xfd086bc7cd5c481dcc9c85ebe478a1c0b69fcbb9,500100000,2184,
arbitrum,deposit,499599248,1788005290000,0xd0a9a2efd23721d7e31465dd481ca01f2208558bd8079f5e1fe92c791060139f,0x7526d6391c4dc0f3cdd913a6db767fe86da89d71,0x7526d6391c4dc0f3cdd913a6db767fe86da89d71,0xfd086bc7cd5c481dcc9c85ebe478a1c0b69fcbb9,4367536,2184,
arbitrum,deposit,499606729,1788007185000,0x80089343264fc74013c4bfc950db32cdb631756ec0533ff62f039d19eb5875c9,0x83aa3231a1234425a149ee1e13ed30bd657d8cb1,0x83aa3231a1234425a149ee1e13ed30bd657d8cb1,0xfd086bc7cd5c481dcc9c85ebe478a1c0b69fcbb9,99898720,2184,
arbitrum,deposit,499608327,1788007589000,0x725341d9b9c7addee2d29ec053c4193981b70601110426333bebefa76bb8b477,0x52c2a662d7550928c0859c6866ab0f670942cb16,0x52c2a662d7550928c0859c6866ab0f670942cb16,0xfd086bc7cd5c481dcc9c85ebe478a1c0b69fcbb9,108476973,2184,
arbitrum,deposit,499615569,1788009423000,0xf92cfd0b5ac793ce37884cfb900f28e7e838b95fd5ed322583692da31217affd,0x656c7e9fbea43bcd86b6bb06d00348f944839281,0x656c7e9fbea43bcd86b6bb06d00348f944839281,0xfd086bc7cd5c481dcc9c85ebe478a1c0b69fcbb9,400322141,2184,
arbitrum,withdraw_final,499626134,1788012372000,0x4dfd1a1304e31519516a03426530684659fdc6d1b3daecefdc133d0a5a4cc7fd,,,,,,313518498007482368
arbitrum,deposit,499626142,1788012074000,0x7f011d3a1bbd968291ee0df38c0b4cb83e669f242b649d1d2502307b97dbc6c9,0xef435ae15ed39e45b359aa7f9167aafaf0394e53,0xef435ae15ed39e45b359aa7f9167aafaf0394e53,0xfd086bc7cd5c481dcc9c85ebe478a1c0b69fcbb9,54900099,2184,
arbitrum,withdraw_final,499628641,1788013004000,0x8272ce62113d27abf2323fa015f4f4958e87578c120af6a4accea7f0149b3406,,,,,,313566910895620096
arbitrum,deposit,499630292,1788013117000,0x92d3d4b7da50593553d2832ffe7e91a3c002fb05c25e337f7e570a068c3b35e6,0xe448d9d70efe95714e38d210e58d458dab0a77d5,0xe448d9d70efe95714e38d210e58d458dab0a77d5,0xfd086bc7cd5c481dcc9c85ebe478a1c0b69fcbb9,195626876,2184,
arbitrum,withdraw_submit,499631011,1788013297000,0x5a2c2ed26bc8b7c9484370ae1a6d02c67299c34fca3aad4e2241487fef976307,,0xf2ad67ce08b17720f093e3a777e9575f557e35c1,0xfd086bc7cd5c481dcc9c85ebe478a1c0b69fcbb9,900000000,,313518498007482368
arbitrum,deposit,499631178,1788013340000,0xa9796f54d558bdcd141befe301fe6da2fa3563ce90537a57510310d657846e95,0xbb48553d0c9470eb429ba35acd350c4c242ee902,0xbb48553d0c9470eb429ba35acd350c4c242ee902,0xfd086bc7cd5c481dcc9c85ebe478a1c0b69fcbb9,2000000,2184,
arbitrum,withdraw_final,499631295,1788013669000,0x610c01127e2ef451add2e0051078cffac8d4ac4b664c4e3b94a3fcc2ae0104ae,,,,,,313616577884848128
arbitrum,withdraw_submit,499633638,1788013957000,0xf67bfbf383a465d69e4ae446b5e9eb63a9ec4fe79b6f010a467ead767d74f90c,,0xe7564877c71422400d2f76ba7a16e4c3421af235,0xfd086bc7cd5c481dcc9c85ebe478a1c0b69fcbb9,310182066,,313566910895620096
arbitrum,withdraw_submit,499636271,1788014617000,0x43f45746a7021f41d84aa8a697f0ef751a9514d817e52ecc9eaffffb5a459a87,,0xbb48553d0c9470eb429ba35acd350c4c242ee902,0xfd086bc7cd5c481dcc9c85ebe478a1c0b69fcbb9,1000000,,313616577884848128
arbitrum,deposit,499638081,1788015070000,0x1f85e8f7d729bee822d68a34aa8f5e884be828c25f49734c2ee794cc9eab5890,0x055bda2e340fd600f0a3099518ceca45a71b1d5a,0x055bda2e340fd600f0a3099518ceca45a71b1d5a,0xfd086bc7cd5c481dcc9c85ebe478a1c0b69fcbb9,50900000,2184,
arbitrum,withdraw_final,499638500,1788015475000,0xaca398069e5e7c7afb37b4f8fd86cdfae59f8f237bdb583c7f32d53055cf1761,,,,,,313753544404500480
arbitrum,withdraw_submit,499643455,1788016417000,0xde90ba9d7857fe27ebd5263a1cb68ef87e415fefe453869fdff3def406ac3eb8,,0x74028a31bb4f1c2e1b479c0c5f66f3e405827cd5,0xfd086bc7cd5c481dcc9c85ebe478a1c0b69fcbb9,2714153928,,313753544404500480
arbitrum,deposit,499648769,1788017753000,0x5fc889eb2863236fa177cbc79579543a4deb0197c1ec2a096961189697b4563a,0x6ba7eaff379a118930e6423c1eb78830c0abb0af,0x6ba7eaff379a118930e6423c1eb78830c0abb0af,0xfd086bc7cd5c481dcc9c85ebe478a1c0b69fcbb9,164850000,2184,
arbitrum,deposit,499651956,1788018555000,0x8a060a3f9f0ed0bf7cf6200c8b9a5d16d8491ce26008406440eac3bc0c3b9e47,0x5ce69d01efe9778436070539bc6ea9350b6d578f,0x5ce69d01efe9778436070539bc6ea9350b6d578f,0xfd086bc7cd5c481dcc9c85ebe478a1c0b69fcbb9,715578763,2184,
arbitrum,deposit,499652021,1788018571000,0x315200351993f5311ed163a055f7f4ac8d6edcb202706b36f4d5cd9c3e593d04,0x52c2a662d7550928c0859c6866ab0f670942cb16,0x52c2a662d7550928c0859c6866ab0f670942cb16,0xfd086bc7cd5c481dcc9c85ebe478a1c0b69fcbb9,100000000,2184,
arbitrum,deposit,499652201,1788018616000,0x1eb4cfee25c9e2f87e5a538ca52cbffe3e7d259e53aba3421c8e22c36e55f9ac,0xe4e1a41cfcc29b58b32e875222356df231912e4a,0xe4e1a41cfcc29b58b32e875222356df231912e4a,0xfd086bc7cd5c481dcc9c85ebe478a1c0b69fcbb9,177850000,2184,
arbitrum,deposit,499657349,1788019912000,0xcfb2156bb8ef7f8a5305f72b1ec4f703884ff9032c482b31c0ba764ae5239fdb,0x7526d6391c4dc0f3cdd913a6db767fe86da89d71,0x7526d6391c4dc0f3cdd913a6db767fe86da89d71,0xfd086bc7cd5c481dcc9c85ebe478a1c0b69fcbb9,72108500,2184,
arbitrum,withdraw_final,499657430,1788020232000,0x8113e521a111040c6141df69e61b2bf29bba5e0e76f87885ce7bdfea9500889e,,,,,,314111340954255360
arbitrum,deposit,499659484,1788020447000,0x01bed7e79b9d35dc477506469216215918952a1d582013685cca6aa0c26cfd36,0x8e908477638206c6d9c7e813110602618dab2885,0x8e908477638206c6d9c7e813110602618dab2885,0xfd086bc7cd5c481dcc9c85ebe478a1c0b69fcbb9,186149742,2184,
arbitrum,withdraw_submit,499662312,1788021157000,0xa91c37dd719e57b021c2fe8356b4f6b41ae41684876211d30431cbe237e12f4e,,0xab03fbf45ee719eef883063a1a0064507ae94236,0xfd086bc7cd5c481dcc9c85ebe478a1c0b69fcbb9,15000000000,,314111340954255360
arbitrum,deposit,499665477,1788021951000,0x536d483dba87ef1e1f13f45edf4fcde0c2ed6ed57d9ad1946ef278c48e8f13f5,0xc5d73b410fdd6e237d696638d48ffe607286b62f,0xc5d73b410fdd6e237d696638d48ffe607286b62f,0xfd086bc7cd5c481dcc9c85ebe478a1c0b69fcbb9,248087178,2184,
arbitrum,withdraw_final,499669620,1788023292000,0xd71c395dad83e3764fe893891e72bb25d7737f35014c001acdb351f2616674db,,,,,,314338759447412736
arbitrum,withdraw_submit,499674495,1788024217000,0x08a283de4418649c242bb1dd3ffb0b1f2da2dca882bafed2b1c7b7b9e154f355,,0x0f1c37c830566d674f36a8781d1784831b5b7708,0xfd086bc7cd5c481dcc9c85ebe478a1c0b69fcbb9,43431355,,314338759447412736
arbitrum,withdraw_final,499676044,1788024906000,0xc0983fc30a3267bfb15f81a32b9a330a5777afaa0e039102be28a5b41a84b442,,,,,,314456252597927936
arbitrum,withdraw_submit,499680939,1788025837000,0x785efad41837cc382c36ea785255bd16906e995f480ec2de69fa5328c0a5f87a,,0x084f00452d92988fa2b77bb478efe7712db67126,0xfd086bc7cd5c481dcc9c85ebe478a1c0b69fcbb9,44834050,,314456252597927936
arbitrum,withdraw_final,499681936,1788026389000,0x9bfb5aa0d320587fe30d2cd7d1dac39c6752883d0fdd62020f660366720713a4,,,,,,314564932437803008
arbitrum,withdraw_submit,499686887,1788027337000,0xe34f342b43b0bd7a5592ca34ebedf9a92b5752f88a169e27cecf5e34b03e338f,,0xae507de137ee051a5fbb39fede471c9ab482ee63,0xfd086bc7cd5c481dcc9c85ebe478a1c0b69fcbb9,53399701,,314564932437803008
arbitrum,withdraw_final,499698028,1788030444000,0x2fb256deec02c0f5708097cb99e14845c7bca4573de522dfc0bc113c2be26e0a,,,,,,314858124089491456
arbitrum,withdraw_submit,499702825,1788031357000,0x80ea883055bdcb51915572a470f871e1db0cd2b7aaf4075a3ab79d011dedc70d,,0x37bc58c0cf70402fa02b0144999d8dc43aef239c,0xfd086bc7cd5c481dcc9c85ebe478a1c0b69fcbb9,3400000,,314858124089491456
arbitrum,deposit,499708079,1788032682000,0xd84f8b6bb27e23ca51f9534faa041b58c2dbd60d7a6836fc1799b52d5d2ee2c4,0x469d0809ce92975c3cb064f43687bbed3c8bb36b,0x469d0809ce92975c3cb064f43687bbed3c8bb36b,0xfd086bc7cd5c481dcc9c85ebe478a1c0b69fcbb9,499611459,2184,
arbitrum,deposit,499713377,1788034019000,0x2fd5248cbe2cae15ce9e148dfc182349ec49342caa3736cdeff5111b734e8314,0x358dd5e2f84607a013f1e4e225b63ba8c9d4f97e,0x358dd5e2f84607a013f1e4e225b63ba8c9d4f97e,0xfd086bc7cd5c481dcc9c85ebe478a1c0b69fcbb9,22000000,2184,
arbitrum,deposit,499715914,1788034654000,0xbb626bfa982614609f8bb186db1255f1105c0663d156149fcd87427df0b57494,0xce7a7c88be6b127a44e7161facff8d49b4363884,0xce7a7c88be6b127a44e7161facff8d49b4363884,0xfd086bc7cd5c481dcc9c85ebe478a1c0b69fcbb9,300000000,2184,
arbitrum,deposit,499717044,1788034939000,0xcc09c981e0031eccaaef069542dd40f1a07d278dc56d55d5df79ce802e5b626a,0xbb48553d0c9470eb429ba35acd350c4c242ee902,0xbb48553d0c9470eb429ba35acd350c4c242ee902,0xfd086bc7cd5c481dcc9c85ebe478a1c0b69fcbb9,2000000,2184,
arbitrum,withdraw_final,499717167,1788035271000,0x6f31b33900e78153ab7d00d115cd60b51410b89ed227de9d1280087593263c4e,,,,,,315212879789817856
arbitrum,withdraw_submit,499722129,1788036218000,0x984be7e1cfd709842c92175b0148a64fc527dd0eb59dc8e24ee1f336c5f8be2f,,0xbb48553d0c9470eb429ba35acd350c4c242ee902,0xfd086bc7cd5c481dcc9c85ebe478a1c0b69fcbb9,1000000,,315212879789817856
arbitrum,deposit,499748754,1788042942000,0xf1f281a6b4de0931c4381a1229bc27af812ec999879a72c472f8befa86e86544,0xd5cd3abec638f5718130d1403ff0fde32e9ae9a9,0xd5cd3abec638f5718130d1403ff0fde32e9ae9a9,0xfd086bc7cd5c481dcc9c85ebe478a1c0b69fcbb9,13450445,2184,
arbitrum,deposit,499779954,1788050821000,0xbbb92ee70bc65174f0aaabe61f6744698760cab14a34e97bf483ba8c352d9f02,0xbeaa5b3408dc9d7cb75288d523b4b4791647cb6d,0xbeaa5b3408dc9d7cb75288d523b4b4791647cb6d,0xfd086bc7cd5c481dcc9c85ebe478a1c0b69fcbb9,42837156,2184,
arbitrum,deposit,499802559,1788056539000,0xe97db340d8da05ea3ea1c0ca580928fe0e140fe39149ea8acd9e6987e27f1d79,0xbb48553d0c9470eb429ba35acd350c4c242ee902,0xbb48553d0c9470eb429ba35acd350c4c242ee902,0xfd086bc7cd5c481dcc9c85ebe478a1c0b69fcbb9,2000000,2184,
arbitrum,withdraw_final,499802696,1788056874000,0xe4bbfe33d53d5025c80520c519383ee9d0b24e8ea546843ee8710334c43f6641,,,,,,316776694562160640
arbitrum,withdraw_submit,499807636,1788057818000,0xa359adb4e1e79128d3f5afeb44b06b1b3784acae8127cdbcc84acd8e86465ff3,,0xbb48553d0c9470eb429ba35acd350c4c242ee902,0xfd086bc7cd5c481dcc9c85ebe478a1c0b69fcbb9,1000000,,316776694562160640
arbitrum,deposit,499860921,1788071444000,0x7dbc2e3f742e4400608ea56645515feb322ddd8438b7bcfd1b97036ba2028230,0x2ba156c70aa4350602e3c634e9a3493dadbf546f,0x2ba156c70aa4350602e3c634e9a3493dadbf546f,0xfd086bc7cd5c481dcc9c85ebe478a1c0b69fcbb9,94677967,2184,
arbitrum,withdraw_final,499873944,1788075117000,0xd5887c8d775526d2d6e1b1bdfb599744bfd99797dbba1ba0a28ad205bec63846,,,,,,318119009285308416
arbitrum,withdraw_submit,499878741,1788076057000,0xab4f0f69f1a368b3af98220c6198341f781559930f1f8225830172f284cec9c2,,0xeb1366ee094792cee149fd3a22c4e4ea604794eb,0xfd086bc7cd5c481dcc9c85ebe478a1c0b69fcbb9,535000000,,318119009285308416
arbitrum,deposit,499887033,1788078139000,0x2360507a2038f5c679562094c613210dcd94316608a673dc9d587224dfbfaa59,0xbb48553d0c9470eb429ba35acd350c4c242ee902,0xbb48553d0c9470eb429ba35acd350c4c242ee902,0xfd086bc7cd5c481dcc9c85ebe478a1c0b69fcbb9,2000000,2184,
arbitrum,withdraw_final,499887138,1788078466000,0x1358088818973446e24d909ad50773fff07e09e2c2cab0db9552190929e6105b,,,,,,318362490977124352
arbitrum,withdraw_submit,499892120,1788079417000,0x5647425b846ad19b45799547e06810af597eded463bbff89186cd1363bb08cb4,,0xbb48553d0c9470eb429ba35acd350c4c242ee902,0xfd086bc7cd5c481dcc9c85ebe478a1c0b69fcbb9,1000000,,318362490977124352
arbitrum,deposit,499896769,1788080586000,0x3300507676281d479c269d32f17f1a3f80c7d4f358e8a540deefe8caf70e5367,0x25cd76d04dfb6c49b75d888bdeaa3200b3d3cd73,0x25cd76d04dfb6c49b75d888bdeaa3200b3d3cd73,0xfd086bc7cd5c481dcc9c85ebe478a1c0b69fcbb9,100900010,2184,
arbitrum,deposit,499905136,1788082692000,0x8a677690eb4d0a745eb7d50699b9e96dbfb63aa13103d594a05f5db8c9ad1c0c,0x7f508d609966df3bec1c465a2aa2ef9495558dd8,0x7f508d609966df3bec1c465a2aa2ef9495558dd8,0xfd086bc7cd5c481dcc9c85ebe478a1c0b69fcbb9,105518206,2184,
arbitrum,deposit,499906972,1788083154000,0x99bc298e8e6ae9ed9d4a8cf2663ecf672fac83d43cbe41ee2ccb75865a29fde0,0xa97f1bcaf2e93eab173ee006817d46c5f0f7299f,0xa97f1bcaf2e93eab173ee006817d46c5f0f7299f,0xfd086bc7cd5c481dcc9c85ebe478a1c0b69fcbb9,499503317,2184,
arbitrum,deposit,499907129,1788083193000,0xf95f48352bd9dac21abf819d4eab4689b66a5871c8cdc2e4a3fe65b7ada7b4c2,0xff3a3cfc42d27e85dba9ea85f0bfec34bd632f9a,0xff3a3cfc42d27e85dba9ea85f0bfec34bd632f9a,0xfd086bc7cd5c481dcc9c85ebe478a1c0b69fcbb9,98366130,2184,
arbitrum,withdraw_final,499913772,1788085174000,0xbe292687eeaaeebc22a9cd574f423b1bd9b25814fd328af90eb61539132a807e,,,,,,318847092137132032
arbitrum,deposit,499915643,1788085350000,0xcc2d84a97ae03e4939a34a6eeb633e27c37b0434d7f2139a692eb2a64ad16f7e,0x27004f899abf885714d7c6327d63a4f1008ba47a,0x27004f899abf885714d7c6327d63a4f1008ba47a,0xfd086bc7cd5c481dcc9c85ebe478a1c0b69fcbb9,99917575,2184,
arbitrum,withdraw_submit,499918513,1788086077000,0xeb52f1210d3c1633e055b26d14070cf08ab8e738d5ff96bdb519a025b50a1fc8,,0xff3a3cfc42d27e85dba9ea85f0bfec34bd632f9a,0xfd086bc7cd5c481dcc9c85ebe478a1c0b69fcbb9,87491479,,318847092137132032
arbitrum,deposit,499951116,1788094334000,0x5bcd4926f73abca2c5980590fe80875393744681c206744857cb0af3fe5a39bc,0x3f1ff0d78df9ea252ccbfd744d047802cf755424,0x3f1ff0d78df9ea252ccbfd744d047802cf755424,0xfd086bc7cd5c481dcc9c85ebe478a1c0b69fcbb9,100000000,2184,
arbitrum,deposit,499972661,1788099740000,0x05e2285af3773d1e461fffec3dfd0a357be0f9b2d4bb90a21d7f64ea12d6ebcd,0xbb48553d0c9470eb429ba35acd350c4c242ee902,0xbb48553d0c9470eb429ba35acd350c4c242ee902,0xfd086bc7cd5c481dcc9c85ebe478a1c0b69fcbb9,2000000,2184,
arbitrum,deposit,499972700,1788099750000,0xfb2400be2188e0e5cef735f69aee3bfc97cce064ecad4d5556c09df6d05aff9c,0x046973112d6928a7f033ca5ad2450d149f6ebfdd,0x046973112d6928a7f033ca5ad2450d149f6ebfdd,0xfd086bc7cd5c481dcc9c85ebe478a1c0b69fcbb9,19332998,2184,
arbitrum,withdraw_final,499972797,1788100074000,0x9523b64dc2dbb4e1c2e40f15c4cb1864511a46a2302003c7be8a064019dfdb4a,,,,,,319961146524172288
arbitrum,withdraw_final,499977107,1788101155000,0x93f9ce65af618f1c86138c4bb56532e0840fb63c837676183a6e4192bb1e35bb,,,,,,320043816050491392
arbitrum,withdraw_submit,499977748,1788101017000,0xf06c4dd9f498621905b8e59bd72f0eff4944081a58becdf4640b816d01245688,,0xbb48553d0c9470eb429ba35acd350c4c242ee902,0xfd086bc7cd5c481dcc9c85ebe478a1c0b69fcbb9,1000000,,319961146524172288
arbitrum,withdraw_final,499977797,1788101330000,0xb024cc48e1ed5f7456d6240234c2220c896f901c33e773d3c9288c0da80ef2ae,,,,,,320057456883400704
arbitrum,withdraw_submit,499982050,1788102097000,0x101e0bb2d5de6748eccbcfb1c5a4d93161e4f11456a64878083b26ff47236857,,0x0bb2b16ecb2f927b7e87afed26d8d118ac2762d9,0xfd086bc7cd5c481dcc9c85ebe478a1c0b69fcbb9,48600831,,320043816050491392
arbitrum,withdraw_submit,499982764,1788102277000,0x2cf2244a0a4c2617dfbf19bd6ba19c6bb7b25c1804b4e0862321136fecef5613,,0xbeaa5b3408dc9d7cb75288d523b4b4791647cb6d,0xfd086bc7cd5c481dcc9c85ebe478a1c0b69fcbb9,13755180,,320057456883400704
arbitrum,withdraw_final,499987406,1788103746000,0x46399fa66702779815d432a3073ceb3ca675e7473119033cb9daa367e45f32c1,,,,,,320243154072633344
arbitrum,deposit,499989952,1788104087000,0x27e265dd0b6ecff5be5c03ae57776c23415597809e55795c246f1b11d0fce843,0x7fe9ffcde4e064130750568e10300451fe367dbd,0x7fe9ffcde4e064130750568e10300451fe367dbd,0xfd086bc7cd5c481dcc9c85ebe478a1c0b69fcbb9,11556935,2184,
arbitrum,deposit,499990707,1788104279000,0xe3ce2df81c95fd816c6593696807e880c7c06767849589d5d41032c0e2f8e7d4,0xd875ab45a5574b0cfae11d0d1262259f21ad7c33,0xd875ab45a5574b0cfae11d0d1262259f21ad7c33,0xfd086bc7cd5c481dcc9c85ebe478a1c0b69fcbb9,14998616,2184,
arbitrum,withdraw_submit,499992286,1788104677000,0x47621e287850d62800a4384ab485b027efa627c5eb087b252a5338ce300a7da7,,0xfc5e6eee01937faf5d2299a3fb6a0f6a683f8689,0xfd086bc7cd5c481dcc9c85ebe478a1c0b69fcbb9,146237201,,320243154072633344
arbitrum,deposit,499996561,1788105760000,0x5573edef4e20dfd12257eb8c5452c558023ed040eeb52bebac49318811ba5d3c,0x88a98527d3e9b29395f117bfef04787bcb5a9f16,0x88a98527d3e9b29395f117bfef04787bcb5a9f16,0xfd086bc7cd5c481dcc9c85ebe478a1c0b69fcbb9,10915212,2184,
arbitrum,deposit,500001996,1788107125000,0x88252279d9650e34e961c222eda15b54b7dd12f1a2ecb87c4794f09faf7036b2,0x0bb2b16ecb2f927b7e87afed26d8d118ac2762d9,0x0bb2b16ecb2f927b7e87afed26d8d118ac2762d9,0xfd086bc7cd5c481dcc9c85ebe478a1c0b69fcbb9,48600831,2184,
arbitrum,withdraw_final,500002761,1788107617000,0x1de41750cd3fdd1c4b58ad72e455959442b3d300685017abc6cae317419c48e2,,,,,,320538570534158336
arbitrum,withdraw_submit,500007579,1788108517000,0x55286ed1874bb72575a76a66847f65f991d77e07104dc2bd5d7557fc6eae591c,,0xf94ec925c42ae833f9eb61868ec29947e19a0046,0xfd086bc7cd5c481dcc9c85ebe478a1c0b69fcbb9,143141911,,320538570534158336
arbitrum,withdraw_final,500008390,1788109020000,0x1dbb839ee998629e52b7d690132a08b397d7f54901d3b3c05c24d9608c82bfb5,,,,,,320647112930885632
arbitrum,withdraw_submit,500013349,1788109959000,0xf5047153e4f5d1cb5944597add686b8d725623506d27411310b3c86f21719e5f,,0x8ec077a8b240d20958c8ceb10ae9e568f8db15ea,0xfd086bc7cd5c481dcc9c85ebe478a1c0b69fcbb9,22150745,,320647112930885632
arbitrum,deposit,500031120,1788114416000,0x77a7351d541790b12f9c52d2c555168fa19b63d69d26e8b04e144af21992b0df,0x83aa3231a1234425a149ee1e13ed30bd657d8cb1,0x83aa3231a1234425a149ee1e13ed30bd657d8cb1,0xfd086bc7cd5c481dcc9c85ebe478a1c0b69fcbb9,99908856,2184,
arbitrum,deposit,500043856,1788117610000,0x12685bd92f4f1a372b66cd2b6507bdf29c2d85f2f4342c72787171900eef4c7a,0x69d63d54b5e61588367f6272e5df75ec58da174b,0x69d63d54b5e61588367f6272e5df75ec58da174b,0xfd086bc7cd5c481dcc9c85ebe478a1c0b69fcbb9,199166900,2184,
arbitrum,withdraw_final,500050568,1788119595000,0xd821873fab764239adb398d2793b828bf0308973177ff15b2eb2cda718cd2929,,,,,,321444937457467392
arbitrum,deposit,500050911,1788119381000,0x8e03e9cde2e2c6c5aeb900e7cbcd8201dad5ca6f490e0ea95d7a204c779a0f01,0xd1eb316fc7b586009b8503d72558dc3a74567436,0xd1eb316fc7b586009b8503d72558dc3a74567436,0xfd086bc7cd5c481dcc9c85ebe478a1c0b69fcbb9,2000000000,2184,
arbitrum,deposit,500052233,1788119713000,0x7f1498f28486027a072e6efeb0c1783fb56c7ce35f177a08695669a98aa411d6,0x48b576c87e788a762d6f95a456f2a39113b46950,0x48b576c87e788a762d6f95a456f2a39113b46950,0xfd086bc7cd5c481dcc9c85ebe478a1c0b69fcbb9,26001064,2184,
arbitrum,withdraw_submit,500055426,1788120517000,0x67f935381a631d5cc772d0025ef03d8f8f85d74755f2a68b1234b87c9a6367e4,,0x7457fd965d22fb844d3e420494eefdb5df4b9a98,0xfd086bc7cd5c481dcc9c85ebe478a1c0b69fcbb9,466000000,,321444937457467392
arbitrum,deposit,500058700,1788121340000,0xe5e164a1a83502fcd30a948bdae3fce1c9d47d8f9053953b86c2d03f49498223,0xbb48553d0c9470eb429ba35acd350c4c242ee902,0xbb48553d0c9470eb429ba35acd350c4c242ee902,0xfd086bc7cd5c481dcc9c85ebe478a1c0b69fcbb9,2000000,2184,
arbitrum,withdraw_final,500058822,1788121670000,0x514a66e838a357033118d8a49c67cea8ac61ce7ff6a57910a96e299db15cf3d3,,,,,,321601652232552448
arbitrum,deposit,500062428,1788122272000,0x4ad0c7370f4aaac8b21de56fc3246f38f5bea080afd15ba8e30c228aa39055e7,0x69d63d54b5e61588367f6272e5df75ec58da174b,0x69d63d54b5e61588367f6272e5df75ec58da174b,0xfd086bc7cd5c481dcc9c85ebe478a1c0b69fcbb9,138900000,2184,
arbitrum,withdraw_submit,500063806,1788122617000,0x8975fbabe47510ef3b8f3367e747b566b662368f1cb524cc86454ef18d128c1b,,0xbb48553d0c9470eb429ba35acd350c4c242ee902,0xfd086bc7cd5c481dcc9c85ebe478a1c0b69fcbb9,1000000,,321601652232552448
arbitrum,deposit,500075623,1788125572000,0x138d7829f9e0f8a201e140fd5d6d0e312200c950751e207935c8a3d4f6f7d332,0x7526d6391c4dc0f3cdd913a6db767fe86da89d71,0x7526d6391c4dc0f3cdd913a6db767fe86da89d71,0xfd086bc7cd5c481dcc9c85ebe478a1c0b69fcbb9,64707904,2184,
arbitrum,deposit,500080520,1788126803000,0xfba5b56242547a030adf86d034cf2e52947249a2567b89ac479c366024675c7e,0x69d63d54b5e61588367f6272e5df75ec58da174b,0x69d63d54b5e61588367f6272e5df75ec58da174b,0xfd086bc7cd5c481dcc9c85ebe478a1c0b69fcbb9,397200000,2184,
arbitrum,withdraw_final,500081976,1788127468000,0x54c9895c001b894bd1aaf822d8a65398607002cc476058b6047ed44c11d30b19,,,,,,322044471963287552
arbitrum,withdraw_final,500084678,1788128144000,0x9288c266deaea6734f2206913deea9f0b8bb76ab013ce5224082d2a56921e6df,,,,,,322096441063374848
arbitrum,withdraw_submit,500086806,1788128377000,0x6751a121d9c2af16b026ae4348a8dcc727c4dc9100aa709254cec2c298415fa9,,0xebde960c3f9cbd18b191926c59a9696249a5f9a5,0xfd086bc7cd5c481dcc9c85ebe478a1c0b69fcbb9,12675287,,322044471963287552
arbitrum,withdraw_submit,500089680,1788129097000,0x7f58989c283e28743f71e56dc8d4532d2eaeecea358ab1587a760e7a9e865b4c,,0x1c28867f17cb0abe1886d902d5af752569b87754,0xfd086bc7cd5c481dcc9c85ebe478a1c0b69fcbb9,1599000000,,322096441063374848
arbitrum,withdraw_final,500103216,1788132778000,0xd7b398c65a0c13365f862f515ec7503517676e21df5a48e9460c362395c8f917,,,,,,322453395791151104
arbitrum,withdraw_final,500105395,1788133323000,0x2604337e1363a00670b58be3ece47a4c5c017f45b04e88bf72cf2093467d3300,,,,,,322495512240455683
arbitrum,withdraw_submit,500108186,1788133717000,0xe9faa0dd9b761eeba603807931b1000139198807500a0c0e9d4612a11919a846,,0xaad6624f5494066c96d1d0707106f1ad58fc1b63,0xfd086bc7cd5c481dcc9c85ebe478a1c0b69fcbb9,35315280,,322453395791151104
arbitrum,withdraw_submit,500110355,1788134257000,0xf574a6c60f638e57b42e9450dca567806eda75604bbc70c87585d2f1d4fc468e,,0x69d63d54b5e61588367f6272e5df75ec58da174b,0xfd086bc7cd5c481dcc9c85ebe478a1c0b69fcbb9,553280688,,322495512240455683
arbitrum,deposit,500136922,1788140916000,0xa11247eb99ae9ea0d9f79d3c23fff344e0e84230c088cff518798788f1889086,0x227fd2fd881cc6c99dfccc0fb40f2b1dc2f3f36e,0x227fd2fd881cc6c99dfccc0fb40f2b1dc2f3f36e,0xfd086bc7cd5c481dcc9c85ebe478a1c0b69fcbb9,26319085,2184,
arbitrum,deposit,500144998,1788142940000,0x4282478e33f1f57016d481b41638950c87e21d65269d7386f0e53e33bf385d2a,0xbb48553d0c9470eb429ba35acd350c4c242ee902,0xbb48553d0c9470eb429ba35acd350c4c242ee902,0xfd086bc7cd5c481dcc9c85ebe478a1c0b69fcbb9,2000000,2184,
arbitrum,withdraw_final,500145133,1788143274000,0x075654f0a52465c712caef1b7086d2574b0e08b497e4ad84e8bfac9937f27893,,,,,,323262576215457792
arbitrum,withdraw_submit,500150090,1788144217000,0xb2509c5b22f92237643d2eb1417ffeaf56853b702eb404c38a24fc3ecad3be48,,0xbb48553d0c9470eb429ba35acd350c4c242ee902,0xfd086bc7cd5c481dcc9c85ebe478a1c0b69fcbb9,1000000,,323262576215457792
arbitrum,deposit,500161027,1788146957000,0x995d26980eddb6646c65452616bed0fb702f03c949b70f23d4d15d5ada3b2625,0x2ba156c70aa4350602e3c634e9a3493dadbf546f,0x2ba156c70aa4350602e3c634e9a3493dadbf546f,0xfd086bc7cd5c481dcc9c85ebe478a1c0b69fcbb9,100000000,2184,
arbitrum,withdraw_final,500166000,1788148506000,0xb05dc4f4b6bcfe338f0f8b840b8290e8f1ca1fd50ac548c16af3f0c5c4fbd3fe,,,,,,323667136356548608
arbitrum,withdraw_submit,500170894,1788149437000,0xe10272474b8c9b046eeb122579627fa45384ab5b347308d05b25a08f4e0371e8,,0xf3287eb8b160286f85739ca25e8f6a6ba35add70,0xfd086bc7cd5c481dcc9c85ebe478a1c0b69fcbb9,367857819,,323667136356548608
arbitrum,deposit,500174282,1788150286000,0xb64c19fe22149a0762d1501dc3e6e4e0d3091a068316df92567837daedf7e0c0,0x83aa3231a1234425a149ee1e13ed30bd657d8cb1,0x83aa3231a1234425a149ee1e13ed30bd657d8cb1,0xfd086bc7cd5c481dcc9c85ebe478a1c0b69fcbb9,99914790,2184,
arbitrum,withdraw_final,500177459,1788151383000,0x9c89d55ea4f24da93dbf63620317280bf9481c2cff077eafab8361598d838a66,,,,,,323889452470501376
arbitrum,withdraw_submit,500182383,1788152317000,0xdd424aabe12ba39b7240cdaf8abb711008a6df652255095b688c35fb57b18c87,,0x07e8aaddcaa09f6f2806f92ebb735fab04a67d1c,0xfd086bc7cd5c481dcc9c85ebe478a1c0b69fcbb9,2787959642,,323889452470501376
arbitrum,deposit,500182635,1788152381000,0xe980bc4e038a6d9088e30c0da4be769228f056aeff317656142f6714a42e7fde,0x7f508d609966df3bec1c465a2aa2ef9495558dd8,0x7f508d609966df3bec1c465a2aa2ef9495558dd8,0xfd086bc7cd5c481dcc9c85ebe478a1c0b69fcbb9,510000000,2184,
arbitrum,withdraw_final,500183056,1788152787000,0x5bd105595787c7ccdd07b02dbb1f09efe5474499c0fdcf35b29de3189d77520c,,,,,,323997505261928448
arbitrum,deposit,500186687,1788153401000,0x42d59e9f75c4424ce83ad245d42c2ec8d55ef8db67a38c00db08c757f0edfd80,0x3905fdd33aa3d4351a4e64c57568d108f67e0561,0x3905fdd33aa3d4351a4e64c57568d108f67e0561,0xfd086bc7cd5c481dcc9c85ebe478a1c0b69fcbb9,99850000,2184,
arbitrum,withdraw_submit,500187868,1788153698000,0x01466848c259e834d2f55dd5630011593455421c6a4540abed46bd5d06cf1b4d,,0x0a5b0065d7ecac1a131a4299dedc997a68302d2d,0xfd086bc7cd5c481dcc9c85ebe478a1c0b69fcbb9,500000000,,323997505261928448
arbitrum,withdraw_final,500193594,1788155445000,0xda8d56a04c1ed1149d8a928e37d12a980e4b84ff1503ad3143f78f84470cd45c,,,,,,324202864836608017
arbitrum,deposit,500196456,1788155868000,0x49a03cfdb5597f393f5daac9fd49cda672dcbf7b69f52ab9ff15f4367dcbe6b6,0x1ef5de46f22a88a66d6b01d2ff6b721c6b5f3590,0x1ef5de46f22a88a66d6b01d2ff6b721c6b5f3590,0xfd086bc7cd5c481dcc9c85ebe478a1c0b69fcbb9,1138000000,2184,
arbitrum,withdraw_submit,500198552,1788156397000,0x081282e619c8ffa412c8112fe4a3b10da7197ae0cd03f2138d2ff3982896168c,,0x9c6a0bdc812976e2f6249b4263823abeb352dacf,0xfd086bc7cd5c481dcc9c85ebe478a1c0b69fcbb9,100027354,,324202864836608017
arbitrum,withdraw_final,500201349,1788157402000,0x40ded9cba6cda7b695809185d2db2928fd102f242027754e56c86b9433d306da,,,,,,324353558029795328
arbitrum,withdraw_final,500201751,1788157504000,0xf2fbff5ae216b6e6f9173da30be15af5a4c2b1f2b4561782f6aa76df5f293371,,,,,,324361417824141312
arbitrum,withdraw_final,500202185,1788157613000,0x4e88a9eedfcdb166bcb8a10cfc1387c27db66df0eb77a1dfd475f0e07965825a,,,,,,324369715700957184
arbitrum,deposit,500202647,1788157430000,0x42478475c1532d362af9f976ec2b9320a0236d51a7e6245624c418f7d08021c5,0x6707670f8b134607a73812c77ae8ee5b10e501ca,0x6707670f8b134607a73812c77ae8ee5b10e501ca,0xfd086bc7cd5c481dcc9c85ebe478a1c0b69fcbb9,114827620,2184,
arbitrum,withdraw_submit,500206153,1788158317000,0x560576d7bb2263d5e99648b46963ce0d5004350fd75e826dc4ca5694078c3c80,,0x1ef5de46f22a88a66d6b01d2ff6b721c6b5f3590,0xfd086bc7cd5c481dcc9c85ebe478a1c0b69fcbb9,1115287300,,324353558029795328
arbitrum,withdraw_submit,500206626,1788158437000,0x191e56556f0884b9fc6e357aced4f3f0fde5faeca4069fba8ed00aa668d235cf,,0x3905fdd33aa3d4351a4e64c57568d108f67e0561,0xfd086bc7cd5c481dcc9c85ebe478a1c0b69fcbb9,98850000,,324361417824141312
arbitrum,withdraw_submit,500207092,1788158557000,0x543d798e8a9f4744ac5aa010bbc270e9da847a3ab66c075ab305b23f0a17cbfe,,0x3905fdd33aa3d4351a4e64c57568d108f67e0561,0xfd086bc7cd5c481dcc9c85ebe478a1c0b69fcbb9,99000000,,324369715700957184
arbitrum,withdraw_final,500213286,1788160447000,0xbd6670050744df513df22297338ab80bfb745b1e075a920973356e270090200d,,,,,,324586207822479360
arbitrum,deposit,500213856,1788160292000,0x5ee459e36b5fc7ab7e7360276e0ce015fdcbfc96392bf71a8b58758de42828b4,0x52c2a662d7550928c0859c6866ab0f670942cb16,0x52c2a662d7550928c0859c6866ab0f670942cb16,0xfd086bc7cd5c481dcc9c85ebe478a1c0b69fcbb9,100000000,2184,
arbitrum,withdraw_submit,500218124,1788161377000,0xd45c2bb288187c1b917f2bf24a7980dea8bf0ee2e10bbc6466544d93ac52d41b,,0x3905fdd33aa3d4351a4e64c57568d108f67e0561,0xfd086bc7cd5c481dcc9c85ebe478a1c0b69fcbb9,99898900000,,324586207822479360
arbitrum,deposit,500219502,1788161726000,0xf5a5bb862e2157baa9e4340b4e54de92b747adf85f1d2bafd7814892498d9311,0x52c2a662d7550928c0859c6866ab0f670942cb16,0x52c2a662d7550928c0859c6866ab0f670942cb16,0xfd086bc7cd5c481dcc9c85ebe478a1c0b69fcbb9,100000000,2184,
arbitrum,deposit,500225222,1788163172000,0xba7bd7dee2efbc831ba1c35cb0a46f62009b8b8182fd33f8bc3c360bfe82ad17,0xa178d68006ea38532e9833dd067e87ac8acd6c1a,0xa178d68006ea38532e9833dd067e87ac8acd6c1a,0xfd086bc7cd5c481dcc9c85ebe478a1c0b69fcbb9,109900000,2184,
arbitrum,deposit,500230671,1788164539000,0xfce112e6b9ecbb6d96125d8bb64f5af49d2f5410f8950f95c44e98cef72d60e1,0xbb48553d0c9470eb429ba35acd350c4c242ee902,0xbb48553d0c9470eb429ba35acd350c4c242ee902,0xfd086bc7cd5c481dcc9c85ebe478a1c0b69fcbb9,2000000,2184,
arbitrum,withdraw_final,500230774,1788164865000,0xf2659ad466aac0aeed04800bef5411287d5f871766dabbf7b2bc20e404272512,,,,,,324927065021218816
arbitrum,withdraw_submit,500235765,1788165817000,0xb789364dd863d6a5880d7a84db1702eee49cd64763b294f983fca662dd271996,,0xbb48553d0c9470eb429ba35acd350c4c242ee902,0xfd086bc7cd5c481dcc9c85ebe478a1c0b69fcbb9,1000000,,324927065021218816
arbitrum,withdraw_final,500248497,1788169308000,0xc80d6460faf7b278a5db14fe833425ff48ffffd67ff7fd00fb509578455344c0,,,,,,325269949431939072
arbitrum,withdraw_final,500250731,1788169870000,0xa45774fe73fe5484bb4fc6116aedd597fa8e6ed7810e18f1857d1b42fe393592,,,,,,325313113870041088
arbitrum,deposit,500250771,1788169580000,0x4ed0212927271e7530c12635812bb37016816e202c63ca2f7fe303fd57a6b01d,0xbb68edc0dfeb2cb3c99fc1ea6703949bbcd1af6e,0xbb68edc0dfeb2cb3c99fc1ea6703949bbcd1af6e,0xfd086bc7cd5c481dcc9c85ebe478a1c0b69fcbb9,154933528,2184,
arbitrum,deposit,500252978,1788170134000,0xc60dcc02e0b20255f089ba78016719da8045b73df78cff6d1b72fdf7c794e802,0x72b974ae5fd685edf22f2f9b366e602f1b810b9c,0x72b974ae5fd685edf22f2f9b366e602f1b810b9c,0xfd086bc7cd5c481dcc9c85ebe478a1c0b69fcbb9,101000000,2184,
arbitrum,withdraw_submit,500253469,1788170257000,0x7b8fcc4f290d27716f5fc8561f3f2c7dba9f6c9fe90fea39b7628a99b42e0d39,,0x5a9669e4e050548a9e83ba38c4470f991c2d1ac0,0xfd086bc7cd5c481dcc9c85ebe478a1c0b69fcbb9,4000000,,325269949431939072
arbitrum,withdraw_submit,500255618,1788170797000,0xbe3266d07998d53ee8a49dc5baecb210d02ebcacfeaac0013108f4decf80fa83,,0x246f074547d510507676dcb33cf92656c3fd574c,0xfd086bc7cd5c481dcc9c85ebe478a1c0b69fcbb9,823817683,,325313113870041088
arbitrum,deposit,500257395,1788171247000,0x124df95a3a69428c17ac4b1054208a4a51a1473e760a2834498eb7f8351f0f61,0x5a9669e4e050548a9e83ba38c4470f991c2d1ac0,0x5a9669e4e050548a9e83ba38c4470f991c2d1ac0,0xfd086bc7cd5c481dcc9c85ebe478a1c0b69fcbb9,1000000,2184,
arbitrum,deposit,500257667,1788171316000,0xf2f9ad417b984725c3f49e4971ce3646d4b80f8b77e686b38dbdc6b34e41c78b,0x420e83572ac3ba8023e3fd99482d6bab17d696cb,0x420e83572ac3ba8023e3fd99482d6bab17d696cb,0xfd086bc7cd5c481dcc9c85ebe478a1c0b69fcbb9,307229682,2184,
arbitrum,deposit,500265088,1788173191000,0xc51643c185abd000311f69ee3a189c9ef7d566994ca385f3d9508db722ce407c,0xfb01014c26a5459d2779c54b7a35e0cd35f68dfd,0xfb01014c26a5459d2779c54b7a35e0cd35f68dfd,0xfd086bc7cd5c481dcc9c85ebe478a1c0b69fcbb9,1100000000,2184,
arbitrum,deposit,500265366,1788173262000,0xa759897ff67ffb0268e5406a7769bdb1b4d07edc1ff6e21cce6075e0a3f075fa,0x74b1ebbcdd9bc1c887d508450bcd7c0afec1a052,0x74b1ebbcdd9bc1c887d508450bcd7c0afec1a052,0xfd086bc7cd5c481dcc9c85ebe478a1c0b69fcbb9,1090000000,2184,
arbitrum,deposit,500266667,1788173590000,0x8f079f372e05376e6b6c00b8f33fb409149629c238ca2d7c1e7fcba057ac529c,0x238990fb3760a0a607ae349fb47108bf7326f0e0,0x238990fb3760a0a607ae349fb47108bf7326f0e0,0xfd086bc7cd5c481dcc9c85ebe478a1c0b69fcbb9,150000000,2184,
arbitrum,deposit,500266857,1788173638000,0x7b66831172a6bdd78cb283eb52f802a027304fbd024441e55645d17a58587930,0x8a722b91385dd9eeeedeeaf21aeb3acac40dc623,0x8a722b91385dd9eeeedeeaf21aeb3acac40dc623,0xfd086bc7cd5c481dcc9c85ebe478a1c0b69fcbb9,148500000,2184,
arbitrum,deposit,500267324,1788173756000,0x4ea1d6928ddc6b45d5685700721119905b62569c1bb12125269f9c63589c7d99,0x9ae067e37221d9776d3daa0a03090a357d4a8bb0,0x9ae067e37221d9776d3daa0a03090a357d4a8bb0,0xfd086bc7cd5c481dcc9c85ebe478a1c0b69fcbb9,100100000,2184,
arbitrum,withdraw_final,500278457,1788176867000,0x5984fba500697e1a8108e1ab9af49beca5b3c23694f64f5206bfdacffe90a0fe,,,,,,325851754312761345
arbitrum,deposit,500280515,1788177085000,0x40bbce8ff12b4003ee95a932403214f06619dcae72c8f3c1ede8c6eb4fa99821,0x1b83600cf881ff31fdb4a59ca701881c23ee76f7,0x1b83600cf881ff31fdb4a59ca701881c23ee76f7,0xfd086bc7cd5c481dcc9c85ebe478a1c0b69fcbb9,102900000,2184,
arbitrum,withdraw_submit,500283427,1788177818000,0x0d80a4fa6706cc57669f33700e1f9042bff739701503aad781e763b49f13adaa,,0x046973112d6928a7f033ca5ad2450d149f6ebfdd,0xfd086bc7cd5c481dcc9c85ebe478a1c0b69fcbb9,3468737,,325851754312761345
arbitrum,deposit,500291579,1788179860000,0x1872b88a1e722c51cc17aedaff370da6148ccc4d39741226d68278fd57db3ff7,0x3a8949ecabc20ca9166efa15511f2cc1c4de4f70,0x3a8949ecabc20ca9166efa15511f2cc1c4de4f70,0xfd086bc7cd5c481dcc9c85ebe478a1c0b69fcbb9,109900000,2184,
arbitrum,withdraw_final,500292530,1788180397000,0x5cd5f08ebc7e2a5cfea75ccdb5eee94e540055ae3d9525c8f0f8a94f564d706a,,,,,,326123720227684352
arbitrum,deposit,500295226,1788180771000,0xc128d09da40fd705baef52912f0ec693786f5cf78d9943d2fd4a69fed9586fef,0x77587b39d8dcb727a8a77bc73f0cf2d70efafe55,0x77587b39d8dcb727a8a77bc73f0cf2d70efafe55,0xfd086bc7cd5c481dcc9c85ebe478a1c0b69fcbb9,199900000,2184,
arbitrum,withdraw_submit,500297332,1788181298000,0xdd2786bdd23c0c382fdb45c67d6c2a1f60bc9e951c6a159fa859bf47bad5cca2,,0x37e303df614b70da401ed294e1c79879a469ca04,0xfd086bc7cd5c481dcc9c85ebe478a1c0b69fcbb9,76181697,,326123720227684352
arbitrum,deposit,500303589,1788182866000,0x662e9eb55897274eed29705657606fe43fe9125bf4ca82a7fb2a0d06d3fccbfc,0x58d249a203489d1cbb991a4558166baacb4f1bbf,0x58d249a203489d1cbb991a4558166baacb4f1bbf,0xfd086bc7cd5c481dcc9c85ebe478a1c0b69fcbb9,20900000,2184,
arbitrum,deposit,500306197,1788183519000,0x007735d2a02ac281ec51b2fe2d43fe5a18961c9f58d0260bdfe3ac82ce188c22,0x9b022617980222a0602f4c8b75d17341f0fe1dc6,0x9b022617980222a0602f4c8b75d17341f0fe1dc6,0xfd086bc7cd5c481dcc9c85ebe478a1c0b69fcbb9,78210024,2184,
arbitrum,deposit,500316693,1788186141000,0x5f9c804c7dd1e189237f529d0a0b6eb0def96e07ae1bacb07d3486f31580a90a,0xbb48553d0c9470eb429ba35acd350c4c242ee902,0xbb48553d0c9470eb429ba35acd350c4c242ee902,0xfd086bc7cd5c481dcc9c85ebe478a1c0b69fcbb9,2000000,2184,
arbitrum,withdraw_final,500316801,1788186468000,0x764eb51e0f7eb5428eea78670b80af1e0452105e172664048b77a66661a7ba41,,,,,,326590050588426240
arbitrum,deposit,500318275,1788186536000,0x4b426542cf66d98fb66ecb520487ddc2a2a32892d1795000731437a36122dac7,0xa52e168f101fbbea240f4e9e47753d7150b0ba00,0xa52e168f101fbbea240f4e9e47753d7150b0ba00,0xfd086bc7cd5c481dcc9c85ebe478a1c0b69fcbb9,2000100000,2184,
arbitrum,withdraw_submit,500321796,1788187417000,0xa6c927aa991f1b4797b427d948b9ef86d7388089f887c8561bd2f68836a2fe0a,,0xbb48553d0c9470eb429ba35acd350c4c242ee902,0xfd086bc7cd5c481dcc9c85ebe478a1c0b69fcbb9,1000000,,326590050588426240
arbitrum,deposit,500323910,1788187946000,0x84629b3287228d4a8cfc56e24401ee7522d410d4a47337514ffb495ff36bc0f7,0xf4b00b85a36783c747a8f709efdb8a15506beb5d,0xf4b00b85a36783c747a8f709efdb8a15506beb5d,0xfd086bc7cd5c481dcc9c85ebe478a1c0b69fcbb9,100900000,2184,
arbitrum,deposit,500350967,1788194714000,0x27f6dc8e8e6b6b99f8fcd406403a16947adf6c833f4dd7e8cef103407e053081,0x48b576c87e788a762d6f95a456f2a39113b46950,0x48b576c87e788a762d6f95a456f2a39113b46950,0xfd086bc7cd5c481dcc9c85ebe478a1c0b69fcbb9,25006170,2184,
arbitrum,deposit,500351111,1788194750000,0x0e10956bbfbf8867e94104330511e4a2b4221a629e5cfd625bbae30b6e4553a3,0x1dc5452ec9c95b71f13f5284f649b6670943e00f,0x1dc5452ec9c95b71f13f5284f649b6670943e00f,0xfd086bc7cd5c481dcc9c85ebe478a1c0b69fcbb9,105000000,2184,
arbitrum,deposit,500353820,1788195426000,0x35c0aeadf9df04f664e68ad39f737bbae8e1fe7959a6140e07338edc6c7e9689,0x58d249a203489d1cbb991a4558166baacb4f1bbf,0x58d249a203489d1cbb991a4558166baacb4f1bbf,0xfd086bc7cd5c481dcc9c85ebe478a1c0b69fcbb9,94765840,2184,
arbitrum,deposit,500356355,1788196059000,0xdb671f473804a3d7eb1e01601589ba9e11d16b2d804f2b4932539a888fcc72cf,0x246f074547d510507676dcb33cf92656c3fd574c,0x246f074547d510507676dcb33cf92656c3fd574c,0xfd086bc7cd5c481dcc9c85ebe478a1c0b69fcbb9,100000000,2184,
arbitrum,deposit,500356555,1788196107000,0x5b4b4bec99006584c69be04386ea030df5b68a59cf46354b557eac8462798418,0x246f074547d510507676dcb33cf92656c3fd574c,0x246f074547d510507676dcb33cf92656c3fd574c,0xfd086bc7cd5c481dcc9c85ebe478a1c0b69fcbb9,101000000,2184,
arbitrum,deposit,500360746,1788197151000,0x7a9b6d62999de568f647f4e9243d46d98a20287719c11d4baf88b5cb22b9d668,0x5545c7e08f065dde12fe5c6cd1a5ce2e8c8e79b7,0x5545c7e08f065dde12fe5c6cd1a5ce2e8c8e79b7,0xfd086bc7cd5c481dcc9c85ebe478a1c0b69fcbb9,100000000,2184,
arbitrum,deposit,500361378,1788197307000,0xbb78c29130c186f84f5d41b53ba2a41860bd70a1d9ae504872b593d86c1ab5cd,0x78ef8c9c29c1c365a6dd245426cc0ebfa2ad735a,0x78ef8c9c29c1c365a6dd245426cc0ebfa2ad735a,0xfd086bc7cd5c481dcc9c85ebe478a1c0b69fcbb9,501780000,2184,
arbitrum,deposit,500361625,1788197369000,0x146fc9873d27a36bdcc398e06fe6f7956a29869d14487a074dca6bda8906dc2d,0x522e93b6624e259b1ab702a613d52323ac444241,0x522e93b6624e259b1ab702a613d52323ac444241,0xfd086bc7cd5c481dcc9c85ebe478a1c0b69fcbb9,89100000,2184,
arbitrum,deposit,500361735,1788197396000,0x0508b61ee2e91564fa3e6c5511c20b52724fc4ad597f11a4def1cbb0594568e7,0xf91c02eef7905b974c945a0466e98efb88a65a46,0xf91c02eef7905b974c945a0466e98efb88a65a46,0xfd086bc7cd5c481dcc9c85ebe478a1c0b69fcbb9,100881453,2184,
arbitrum,deposit,500364245,1788198020000,0xe298e8ba82576bc62e25b35152ed4b875bd34c0a54dde4588e3192bc819d96d1,0x63a21569489d3daaae0e4861727d4b547d20d529,0x63a21569489d3daaae0e4861727d4b547d20d529,0xfd086bc7cd5c481dcc9c85ebe478a1c0b69fcbb9,105900000,2184,
arbitrum,withdraw_final,500365161,1788198550000,0x51c8ca2e6e386bddfa1b3371e9a187b395ce1bdc83757abc8864c004869e917c,,,,,,327522840171511808
arbitrum,deposit,500365577,1788198354000,0x5ee0436dea01d774100dfe49bf006ca57c63aebea0b7e9fa01d6baf42946e6e3,0x40fc28a49d30a1775fe017ecdc6033f84e8bd190,0x40fc28a49d30a1775fe017ecdc6033f84e8bd190,0xfd086bc7cd5c481dcc9c85ebe478a1c0b69fcbb9,101780000,2184,
arbitrum,withdraw_final,500368463,1788199374000,0xafe5fddac0dc688b5e4a1c458b4e3a6987c0bbad23eee133f4d47f3b84109c4b,,,,,,327586629025792000
arbitrum,withdraw_submit,500370077,1788199477000,0x40a707f69e8ac75a2cf05ba95dc5e3bc0c0a8689862cbf4232750caad5b52601,,0x656c7e9fbea43bcd86b6bb06d00348f944839281,0xfd086bc7cd5c481dcc9c85ebe478a1c0b69fcbb9,957000000,,327522840171511808
arbitrum,deposit,500371228,1788199765000,0xa65cca504d624a6d9892628ada339c037f09c4546d4d0416fb92e9bab8b87246,0x21899a387e1a0fe59d11d872841ae731aeae3709,0x21899a387e1a0fe59d11d872841ae731aeae3709,0xfd086bc7cd5c481dcc9c85ebe478a1c0b69fcbb9,109900149,2184,
arbitrum,withdraw_submit,500373443,1788200317000,0x23a35af54e523ad8afb1b2fc6c65cc9dadfa6c9b02183ab4b4966fd1d5ebcbb8,,0x522e93b6624e259b1ab702a613d52323ac444241,0xfd086bc7cd5c481dcc9c85ebe478a1c0b69fcbb9,79273262,,327586629025792000
arbitrum,withdraw_final,500380566,1788202397000,0x3093cb634c5f98c8c40d9cc2a8746ef5ea2db87675365b49058d12c0b66e494a,,,,,,327820498593382400
arbitrum,deposit,500384539,1788203088000,0x068ec14f2d752434372265610a6c9ba44b2dcbd44504f08caf995df9cace0ff6,0x04038e908cc13a195c83b1527da2a9037bef2609,0x04038e908cc13a195c83b1527da2a9037bef2609,0xfd086bc7cd5c481dcc9c85ebe478a1c0b69fcbb9,100000000,2184,
arbitrum,withdraw_submit,500385455,1788203318000,0x990838259e07674f252cc0cc3566fcbb4b7d2934340612d85ed7254960b443bc,,0xc8f5cfc5f2f1e4e2edbcb63736bfa0c54e98774b,0xfd086bc7cd5c481dcc9c85ebe478a1c0b69fcbb9,668000000,,327820498593382400
arbitrum,withdraw_final,500389937,1788204736000,0xb92fc4ccbcf664a39126652a4c8e5cca5e777d5cea53493acdcdbfdf03f19461,,,,,,328001333913190420
arbitrum,deposit,500390937,1788204685000,0x36f4a991314b1742829425c99788c72c07e759148498181b2a274dac5b44514e,0x637dc6233f878838a83ca27bdecd6e1a261b1457,0x637dc6233f878838a83ca27bdecd6e1a261b1457,0xfd086bc7cd5c481dcc9c85ebe478a1c0b69fcbb9,100000000,2184,
arbitrum,withdraw_submit,500394824,1788205657000,0x6a811eaee385900d640cb96904496f8074d7528cd16897fd1b0fd13c76d4214e,,0xe3ebc14237c2e4aba505d76fb90de857314abc67,0xfd086bc7cd5c481dcc9c85ebe478a1c0b69fcbb9,2499000000,,328001333913190420
arbitrum,deposit,500403164,1788207740000,0xdd24b31c4c88ad9a58f2cdea141280297b5d3545c5bd56e2962809399126325c,0xbb48553d0c9470eb429ba35acd350c4c242ee902,0xbb48553d0c9470eb429ba35acd350c4c242ee902,0xfd086bc7cd5c481dcc9c85ebe478a1c0b69fcbb9,2000000,2184,
arbitrum,withdraw_final,500403295,1788208072000,0x921bfd93926f17aba3c6b3b4484a196cf709b694dfb9aa76652205be7542d8e4,,,,,,328258422044622848
arbitrum,withdraw_submit,500408275,1788209017000,0x6e7aacc0ea9076590db4f25f03380407f643fc690259c44fc6d6a3af41c8bf13,,0xbb48553d0c9470eb429ba35acd350c4c242ee902,0xfd086bc7cd5c481dcc9c85ebe478a1c0b69fcbb9,1000000,,328258422044622848
arbitrum,withdraw_final,500411479,1788210122000,0xccb229d7d39085c2d046d8854abebd7b7f445c4b4835743de9f41e041dbbe929,,,,,,328414672971628544
arbitrum,withdraw_final,500415203,1788211055000,0x326d1bc261983956b53674d42459d60d9e0f50a2415af853819b02441372839f,,,,,,328485522726977536
arbitrum,deposit,500415287,1788210776000,0x6133147af1da8bca44da766ed1d9639d57a0469a252a96594b1b0e38a31ba54c,0x840fc6758f7c9da99ea87c11a310ef4b21addb5c,0x840fc6758f7c9da99ea87c11a310ef4b21addb5c,0xfd086bc7cd5c481dcc9c85ebe478a1c0b69fcbb9,70190137,2184,
arbitrum,withdraw_submit,500416411,1788211057000,0x5108d8b0c1ec0de32192537de3de0d0c2dd1602c6fd721517eab7e9a783ef176,,0x14057ad8de779090cc02f1b9f70e3c995e62a206,0xfd086bc7cd5c481dcc9c85ebe478a1c0b69fcbb9,39000000,,328414672971628544
arbitrum,withdraw_submit,500419994,1788211957000,0x6d2a1e7dac2a772e19e23aa47795b651052af3473274ba531cbaa35c23349cda,,0x1db5e2d74313f7643955054d2518bec663bc9738,0xfd086bc7cd5c481dcc9c85ebe478a1c0b69fcbb9,88111574,,328485522726977536
arbitrum,deposit,500438930,1788216706000,0xbaf3e04d7ec71ee5510ce0350e3570ad734c2268d3a921c2ad6fc8157a62ab76,0x9f8bce2287a497ca9b9aadd17d02f66a5e520166,0x9f8bce2287a497ca9b9aadd17d02f66a5e520166,0xfd086bc7cd5c481dcc9c85ebe478a1c0b69fcbb9,28810543,2184,
arbitrum,deposit,500449622,1788219389000,0x314e8cf319ac371562e791824a215c63fa98842914bce0d982320fe46633ed08,0x27004f899abf885714d7c6327d63a4f1008ba47a,0x27004f899abf885714d7c6327d63a4f1008ba47a,0xfd086bc7cd5c481dcc9c85ebe478a1c0b69fcbb9,2390936,2184,
arbitrum,deposit,500467648,1788223919000,0x242a2a1578b6c206be3f16365fc3be613cb0406ec79ae1449dbf804f1fe76e56,0xd6432ddb805911acf08050b881d72a1443a67796,0xd6432ddb805911acf08050b881d72a1443a67796,0xfd086bc7cd5c481dcc9c85ebe478a1c0b69fcbb9,57552159,2184,
arbitrum,withdraw_final,500485596,1788228732000,0x6d3bab90cd5855a083a952927825a9bb34cb8c33ab1b43a6f53984904e0e3483,,,,,,329831702916497408
arbitrum,deposit,500488199,1788229087000,0xd587cc0926855c039b69b7a5d1002f94a201670006efe857bf366792e64eb16b,0x0e24da4d693d9a9d8dd8a5c959fdd77efbc77b20,0x0e24da4d693d9a9d8dd8a5c959fdd77efbc77b20,0xfd086bc7cd5c481dcc9c85ebe478a1c0b69fcbb9,100000000,2184,
arbitrum,deposit,500489205,1788229340000,0x3262f55686cd3cc78e23b85f06074d6368749fd44092bef2f2f70307028b47ac,0xbb48553d0c9470eb429ba35acd350c4c242ee902,0xbb48553d0c9470eb429ba35acd350c4c242ee902,0xfd086bc7cd5c481dcc9c85ebe478a1c0b69fcbb9,2000000,2184,
arbitrum,withdraw_final,500489332,1788229672000,0x5d6db1122d0b27c8816bcfede92acf37a466ebca4652441f4f6d735cf81371cb,,,,,,329904055943954432
arbitrum,withdraw_submit,500490462,1788229657000,0x34e79a94fe43aaeb5adbe829ca6176c8daf7a911b66a8da5a65bffa1a9500bba,,0xef9b88e4f22a790426a5c96538cf0af729e9dc28,0xfd086bc7cd5c481dcc9c85ebe478a1c0b69fcbb9,2171000000,,329831702916497408
arbitrum,withdraw_final,500493888,1788230820000,0x3e5d35e3a21fa40602b57f70bc62a79e79befee76a396bbceaeaac23e888a22a,,,,,,329992420592713728
arbitrum,withdraw_submit,500494278,1788230617000,0x0574c354b6fc530e29a284ec1f4f1e20b27d64546bc380a2792d53f66c11f4db,,0xbb48553d0c9470eb429ba35acd350c4c242ee902,0xfd086bc7cd5c481dcc9c85ebe478a1c0b69fcbb9,1000000,,329904055943954432
arbitrum,deposit,500494302,1788230624000,0x9fb40c3de677df18ce5768d4d624ed5321ee0258e0bc2b5a8a8d3eb31b501146,0x1fa9137873bdaff8bcb5d857370d3b22ef57fdde,0x1fa9137873bdaff8bcb5d857370d3b22ef57fdde,0xfd086bc7cd5c481dcc9c85ebe478a1c0b69fcbb9,20000000,2184,
arbitrum,withdraw_submit,500498804,1788231757000,0xf32871a1368f917d7adc209636305e20065789e219a31e19db2eb098f12e8cc0,,0xb943fc592a8e67cd20d3cbf1e928dc57ee076bd8,0xfd086bc7cd5c481dcc9c85ebe478a1c0b69fcbb9,135721985,,329992420592713728
arbitrum,deposit,500502293,1788232633000,0x07616b172ea78fe9188563586b5b291af11609e0b43e3e4730222b39afa4c41d,0xa7984ccc1986210fed8d2193baf6540ae85fbce5,0xa7984ccc1986210fed8d2193baf6540ae85fbce5,0xfd086bc7cd5c481dcc9c85ebe478a1c0b69fcbb9,160243367,2184,
arbitrum,deposit,500521278,1788237427000,0x6a9a3480f551b0eda36bb768a6b8db56cc6742a33c56f0f5b6e75d691b76e56e,0x25edb132c3806b516069fc44932416ebe34d911c,0x25edb132c3806b516069fc44932416ebe34d911c,0xfd086bc7cd5c481dcc9c85ebe478a1c0b69fcbb9,1000270905,2184,
arbitrum,deposit,500521899,1788237582000,0x2e438f38c5f1b14acfd33c095ea6243240460da518cd7b94fab01c067099794f,0x7fd85fb5913e8345413344b7f415a8a6cd844a0a,0x7fd85fb5913e8345413344b7f415a8a6cd844a0a,0xfd086bc7cd5c481dcc9c85ebe478a1c0b69fcbb9,1000267763,2184,
arbitrum,deposit,500522385,1788237705000,0xfbf89e51f5395f5bba766f16cc0e05eb069e71d1c90219e4f89dec138fe2b849,0xd547911f6fa473ca5230d0b9729d798847658d19,0xd547911f6fa473ca5230d0b9729d798847658d19,0xfd086bc7cd5c481dcc9c85ebe478a1c0b69fcbb9,1000000000,2184,
arbitrum,deposit,500523154,1788237900000,0x36102a9e393388438eea08a4e16e0a0cdaba14b98b9f55270a389af3e64947fa,0xc305a2f4ddb559dd3988fd98514680e8c52275a5,0xc305a2f4ddb559dd3988fd98514680e8c52275a5,0xfd086bc7cd5c481dcc9c85ebe478a1c0b69fcbb9,1000000000,2184,
arbitrum,deposit,500523790,1788238060000,0x6a5418c892ae282f6b1135700cebecf00ccd3297c95833a7aaff12e89e9d08a2,0xc4bd5db6afd251862530f0841a07f6a143bf7369,0xc4bd5db6afd251862530f0841a07f6a143bf7369,0xfd086bc7cd5c481dcc9c85ebe478a1c0b69fcbb9,1000253862,2184,
arbitrum,withdraw_final,500526891,1788239138000,0x58bac92cd787b22dd48036fa5b64adc0021ed7dc50faddd4ff84e7e77a6a8e68,,,,,,330627156642103296
arbitrum,deposit,500529186,1788239418000,0x546f186ccdc76a26beaa44bd4e0d242b0a306f6417977d07dc4915e45255fe79,0x48b576c87e788a762d6f95a456f2a39113b46950,0x48b576c87e788a762d6f95a456f2a39113b46950,0xfd086bc7cd5c481dcc9c85ebe478a1c0b69fcbb9,41724442,2184,
arbitrum,withdraw_submit,500531656,1788240037000,0x2bb55ff92b9a1dfda65197e1f61a1a432641724f84b5f5093d985144f4e04547,,0xad3b2e2113848c464266a0296c957668293cee33,0xfd086bc7cd5c481dcc9c85ebe478a1c0b69fcbb9,49000000,,330627156642103296
arbitrum,deposit,500540703,1788242304000,0xd2d2a35019db6e9299b10013dea0d87dccaa14122719c8d5cbbf1381f36645b5,0x9a838922a1d340baff92cb336cbc7b6a58ccc550,0x9a838922a1d340baff92cb336cbc7b6a58ccc550,0xfd086bc7cd5c481dcc9c85ebe478a1c0b69fcbb9,152600000,2184,
arbitrum,deposit,500543215,1788242933000,0xfcc3f20c63491642090690e0c9961da27f07f08907a8bb9be8df462c37910b53,0xc8f5cfc5f2f1e4e2edbcb63736bfa0c54e98774b,0xc8f5cfc5f2f1e4e2edbcb63736bfa0c54e98774b,0xfd086bc7cd5c481dcc9c85ebe478a1c0b69fcbb9,200000000,2184,
arbitrum,deposit,500544521,1788243261000,0x6b7c6f0884e1d852139ce6da043f86750bde3468edca70d9e920ce1ef78c8cca,0x19e2fdacd5c2adf716c183ba9bca2f0bde26e555,0x19e2fdacd5c2adf716c183ba9bca2f0bde26e555,0xfd086bc7cd5c481dcc9c85ebe478a1c0b69fcbb9,200000000,2184,
arbitrum,deposit,500548695,1788244304000,0xca9daba96e7599a11a8ec7f5598bd3ce1ee4a9d14b91447aa2fe5e915fd6d268,0x82cf8849cc80eb4d24a35f39c61b87f0cbc1266f,0x82cf8849cc80eb4d24a35f39c61b87f0cbc1266f,0xfd086bc7cd5c481dcc9c85ebe478a1c0b69fcbb9,122603499,2184,
arbitrum,deposit,500549956,1788244619000,0xecbf5f8cf7d1597e36dcadc875d53455ffb6072e15c97bfd77946c492c99be7c,0xcf4f8cd7d82452b641fb2efcb947aea8b73ea30d,0xcf4f8cd7d82452b641fb2efcb947aea8b73ea30d,0xfd086bc7cd5c481dcc9c85ebe478a1c0b69fcbb9,101028061,2184,
arbitrum,withdraw_final,500556647,1788246593000,0x8a0bf2dfe5fb4d7eae27087b55da4a74f84889770b33d4eb07534084dd1aa42c,,,,,,331201144661475328
arbitrum,withdraw_submit,500560902,1788247357000,0xf34de80e93860ed58f5a8848dcf7037cc31295b4aa300cc7420667c070d6b526,,0x905d2113f068b4c67c6045c2cb13dbea39a7f1d3,0xfd086bc7cd5c481dcc9c85ebe478a1c0b69fcbb9,13695895,,331201144661475328
arbitrum,deposit,500565308,1788248459000,0x3643a86b04d6c414a53fdbb8584d0aedeab64290d8f754d96fcd14b5ddc7fbbe,0xd2886c5dbcea246a946bb101c5aaac379a6eaf2e,0xd2886c5dbcea246a946bb101c5aaac379a6eaf2e,0xfd086bc7cd5c481dcc9c85ebe478a1c0b69fcbb9,103900000,2184,
arbitrum,deposit,500569315,1788249461000,0x631d3c1afd594f98023069f9eab9b0724bb5925329699804b489289499aef7ce,0x547f262d4c6b9e62c0868ffb24f6fe24379cb0e2,0x547f262d4c6b9e62c0868ffb24f6fe24379cb0e2,0xfd086bc7cd5c481dcc9c85ebe478a1c0b69fcbb9,104900000,2184,
arbitrum,withdraw_final,500571172,1788250227000,0xa7c333c927be6f9862e4ffcfa367f2fa03db2a717c24a8a7a4eda2051b053292,,,,,,331481597440163840
arbitrum,deposit,500572022,1788250140000,0x3324330a2560debedf49170e0c8103ef56a7b25dd2d128dffa2c53158b480c1f,0x9aa09352bb009dfa6fb032f3189d247e93760584,0x9aa09352bb009dfa6fb032f3189d247e93760584,0xfd086bc7cd5c481dcc9c85ebe478a1c0b69fcbb9,100000000,2184,
arbitrum,withdraw_submit,500572654,1788250297000,0xa314dc0d94a8d96e7e895e6d83145b99ee3249762f8f261ba437f8001743d62e,,0xaead69e029b4f23a152539c32b4ecd589bc6284c,0xfd086bc7cd5c481dcc9c85ebe478a1c0b69fcbb9,99000000,,331481597440163840
arbitrum,deposit,500575220,1788250940000,0x80adba269b60a822a16d13766679bf175eef1ceb9da54b289e7414b39ccdc9c5,0xbb48553d0c9470eb429ba35acd350c4c242ee902,0xbb48553d0c9470eb429ba35acd350c4c242ee902,0xfd086bc7cd5c481dcc9c85ebe478a1c0b69fcbb9,2000000,2184,
arbitrum,withdraw_final,500575332,1788251268000,0x66faa0109adb2ed077e72dbd96c1372a7b5ca3c58303248dadee3a48ec99eb63,,,,,,331561320614723584
arbitrum,withdraw_submit,500576973,1788251378000,0x669f7977e0499160634b59bfd06fca118470d46d65cd45efb2c26547dc3f85a4,,0xbb48553d0c9470eb429ba35acd350c4c242ee902,0xfd086bc7cd5c481dcc9c85ebe478a1c0b69fcbb9,1000000,,331561320614723584
arbitrum,withdraw_final,500577164,1788251726000,0x5cc84b62943f2d9bfe909a5648969c67be6617ed4b9ac28c7352c845a17c4da4,,,,,,331596771287367681
arbitrum,withdraw_final,500577418,1788251789000,0xba128bdbe02020c639fce13e553304dab11b4672ad710a6b7e9d7f3d65259989,,,,,,331601658947567616
arbitrum,withdraw_final,500577608,1788251837000,0x4d7f9761ece3b33c34522ee8b4498d2f335e398fa035234496fab1663e7ed04f,,,,,,331605361205182464
arbitrum,withdraw_final,500577835,1788251894000,0x34f7e1ea9db8f5372c49b48b70daa227fa0e06442a981085395ab9524070ae51,,,,,,331609699134734336
arbitrum,withdraw_submit,500578651,1788251797000,0x5a6389e4931a86292d75bdeb08f22b2800898faf5ff69962c3005e3c183c316d,,0xb6056fe886b81abeb0e98b55a79b62b52a3a8c35,0xfd086bc7cd5c481dcc9c85ebe478a1c0b69fcbb9,299000000,,331596771287367681
arbitrum,withdraw_submit,500578889,1788251857000,0xef49c12e7b49c2d6c83a1f5c4fe869a15374001b841444536b5882dd0a344dfc,,0x481d87216f6e3aab1ceef97105c14bebd7717322,0xfd086bc7cd5c481dcc9c85ebe478a1c0b69fcbb9,629000000,,331601658947567616
arbitrum,withdraw_submit,500579129,1788251917000,0x0cb05ccea5433ad40775b90330382d7d0c01a94c447f48a26598d9840b6c5dea,,0x2a046a076e8145ea6b28d9d36ee5c5f9e7218b39,0xfd086bc7cd5c481dcc9c85ebe478a1c0b69fcbb9,399000000,,331605361205182464
arbitrum,withdraw_submit,500579367,1788251977000,0x9aba5fd3b619b54f8dafb99e0136c5acec1c58cc37f272888613a8354e5ec34d,,0x22052df0fb864587ee14dc1f88c78ca45f1896c4,0xfd086bc7cd5c481dcc9c85ebe478a1c0b69fcbb9,499000000,,331609699134734336
arbitrum,deposit,500579786,1788252082000,0x2deb26fca0a12c2b1d462b19b65c0bdc02404efe7219a69e4c1b73618d59c861,0xef9b88e4f22a790426a5c96538cf0af729e9dc28,0xef9b88e4f22a790426a5c96538cf0af729e9dc28,0xfd086bc7cd5c481dcc9c85ebe478a1c0b69fcbb9,2299900084,2184,
arbitrum,deposit,500580288,1788252206000,0x8f13b55b3cd9a039e1536eef1aacfdf902fee3db0b96145abd95f9ddc823c55d,0xcd8e25d8348a3d1160c1436a83088b3d397a1c57,0xcd8e25d8348a3d1160c1436a83088b3d397a1c57,0xfd086bc7cd5c481dcc9c85ebe478a1c0b69fcbb9,6000000,2184,
arbitrum,deposit,500580636,1788252294000,0x27f964e982b31f9bd38d4588a094721ad1bbd1afe1352564d42a87218d5fd5b9,0xe041661b7d35ce718c5b9e63f88fa002f0a94c4b,0xe041661b7d35ce718c5b9e63f88fa002f0a94c4b,0xfd086bc7cd5c481dcc9c85ebe478a1c0b69fcbb9,105841176,2184,
arbitrum,deposit,500583828,1788253091000,0x25b1c884c68b6be778b545a97a4fe900901af802ca78c4c3d4b156ab9556019f,0x2383602889c5c2f9eb2b7262049c66472e937c50,0x2383602889c5c2f9eb2b7262049c66472e937c50,0xfd086bc7cd5c481dcc9c85ebe478a1c0b69fcbb9,50000000,2184,
arbitrum,deposit,500586532,1788253767000,0x8be88b858faf9d0a133e90c74e6d920e685576b5745edbc79e457ac8b67afc55,0x2a3adf5c8d93def10fc85b1609ef442f7f665126,0x2a3adf5c8d93def10fc85b1609ef442f7f665126,0xfd086bc7cd5c481dcc9c85ebe478a1c0b69fcbb9,1501000000,2184,
arbitrum,deposit,500587343,1788253970000,0x4cb58075a8b74a4736b302e0118abe6de80f289b557526a8327ed22c0ef7865f,0x2a3adf5c8d93def10fc85b1609ef442f7f665126,0x2a3adf5c8d93def10fc85b1609ef442f7f665126,0xfd086bc7cd5c481dcc9c85ebe478a1c0b69fcbb9,1136000000,2184,
arbitrum,withdraw_final,500588448,1788254546000,0xf4e747598903bba4d11d4cc92241199e02615e945a557db882e0b2db33a923f8,,,,,,331814758061703168
arbitrum,withdraw_final,500589901,1788254909000,0x727c300df747c128544c4b5f89361a4a09461e4114a4a515631854828ebbd2d0,,,,,,331842915842129920
arbitrum,withdraw_submit,500589933,1788254617000,0x9244301c3906f6404556a4f3fd69b4106736a0e12caaec8f01595d95c7c1ea72,,0xab03fbf45ee719eef883063a1a0064507ae94236,0xfd086bc7cd5c481dcc9c85ebe478a1c0b69fcbb9,5000000000,,331814758061703168
arbitrum,withdraw_submit,500591375,1788254977000,0x733df66c396f6f5540ee07dc55f51235404668ab59ad36a8914869fb1f2db696,,0xfa2d225333320488e25ab5a3f253beab3b7d76f8,0xfd086bc7cd5c481dcc9c85ebe478a1c0b69fcbb9,499000000,,331842915842129920
arbitrum,deposit,500596228,1788256186000,0x96ab89f08d89c6604dce896de40126d375a7b3e388d798a76f159ff618f367f2,0x83a7d6497c89a2217035c6ca4042f11b71a2930e,0x83a7d6497c89a2217035c6ca4042f11b71a2930e,0xfd086bc7cd5c481dcc9c85ebe478a1c0b69fcbb9,100010000,2184,
arbitrum,deposit,500596307,1788256206000,0x4fcc0f18d8e9bda2b6d6795bdcf3e9f4c6162b59d52260fa83fcfae012a319a3,0x2383602889c5c2f9eb2b7262049c66472e937c50,0x2383602889c5c2f9eb2b7262049c66472e937c50,0xfd086bc7cd5c481dcc9c85ebe478a1c0b69fcbb9,59157910,2184,
arbitrum,deposit,500596389,1788256227000,0xec3b369223be46329c5aa8c2331de50062ecaae7b23c29ffffaf398f8ed5f989,0xda1efdfd64d24c5061bae4a3456fa1b2a4e957df,0xda1efdfd64d24c5061bae4a3456fa1b2a4e957df,0xfd086bc7cd5c481dcc9c85ebe478a1c0b69fcbb9,410090015,2184,
arbitrum,deposit,500600113,1788257160000,0x7f4c0fc211eb44e6c63f25d8afd039ff602149a470c779debc6f2d36a7599992,0x6657fe92783ee40548bbac8ee6c8bc3e85f8c4f2,0x6657fe92783ee40548bbac8ee6c8bc3e85f8c4f2,0xfd086bc7cd5c481dcc9c85ebe478a1c0b69fcbb9,102380000,2184,
arbitrum,deposit,500601176,1788257429000,0x481aa6ac35acd58676e7f459a603bf4a2d24ab6c576391a11b7fca4c075f1890,0x83a7d6497c89a2217035c6ca4042f11b71a2930e,0x83a7d6497c89a2217035c6ca4042f11b71a2930e,0xfd086bc7cd5c481dcc9c85ebe478a1c0b69fcbb9,1450000,2184,
arbitrum,deposit,500603996,1788258139000,0x70880962858fddd0ae502ab1dccf5f2947d9e971afc83f4302f1032bce3ad257,0x79267deddc0e4b421d3b4dee703267d256c5d485,0x79267deddc0e4b421d3b4dee703267d256c5d485,0xfd086bc7cd5c481dcc9c85ebe478a1c0b69fcbb9,102300000,2184,
arbitrum,deposit,500610443,1788259757000,0x82d21a5bf6e31617e8bab0b580d60e342c9439863b37e9679b1c326d3662724f,0xcbee291b0c5dbdba057c052cfdd5a703cd7de0a8,0xcbee291b0c5dbdba057c052cfdd5a703cd7de0a8,0xfd086bc7cd5c481dcc9c85ebe478a1c0b69fcbb9,105000000,2184,
arbitrum,deposit,500610747,1788259832000,0x1f54330a110fb8af397f89c2da2caefd9f441ab9338afdaf17398087b4f9a92e,0x77543dd9815f93d65b7835f2b95fd4ed876e5b56,0x77543dd9815f93d65b7835f2b95fd4ed876e5b56,0xfd086bc7cd5c481dcc9c85ebe478a1c0b69fcbb9,99992121,2184,
arbitrum,deposit,500620276,1788262225000,0xe8dd52bf1b0a3a5e8d45e06ec7153afacaeda4c577bae80bbe14084d2dffb61d,0x1d91f743092258659dca8ffcb290b3f2a1575f94,0x1d91f743092258659dca8ffcb290b3f2a1575f94,0xfd086bc7cd5c481dcc9c85ebe478a1c0b69fcbb9,101900000,2184,
arbitrum,withdraw_final,500622724,1788263141000,0xa3512dce40d5658760c5f94c5da7d0b2c947d692803282f43088858fc16419ef,,,,,,332479369895215126
arbitrum,withdraw_submit,500624144,1788263197000,0x7d25bb0c0b2c5247ee99ee9979ec89945c0c75edc6c764a2c8aa4c392f2e1263,,0xadb2cc3215c14960240ac2e8f62371e1382497ef,0xfd086bc7cd5c481dcc9c85ebe478a1c0b69fcbb9,4026652,,332479369895215126
arbitrum,deposit,500626740,1788263850000,0x35ac6f03dec51bc11782e8192170e85cefc6ccec84e7c6451261edb9f63e76d2,0x87e4cd33cab54a828923c663786084481a302c7c,0x87e4cd33cab54a828923c663786084481a302c7c,0xfd086bc7cd5c481dcc9c85ebe478a1c0b69fcbb9,299356170,2184,
arbitrum,withdraw_final,500627952,1788264454000,0xbbcd87a2e7d89d610e402abbf1b41104edc4e163082dde9dcbeb66a00fb11a84,,,,,,332580670968692736
arbitrum,withdraw_submit,500629401,1788264518000,0x134afdde273499c99581bcb498a0bea60e4b6beff79b0c83ed502ee2b4f037e8,,0xbb7c41208d35be236fb1da8f83ae2733827e59d1,0xfd086bc7cd5c481dcc9c85ebe478a1c0b69fcbb9,9000000,,332580670968692736
arbitrum,deposit,500630479,1788264789000,0x0bda4729047524b49b3b7549ed7b16483e5a51bde0fd1e92367e1b35b1cc3a5b,0x9748d4ce24610ce800505dc813c97f9c360b1df4,0x9748d4ce24610ce800505dc813c97f9c360b1df4,0xfd086bc7cd5c481dcc9c85ebe478a1c0b69fcbb9,106100000,2184,
arbitrum,deposit,500633109,1788265449000,0x7b11ad14005a09f4aa48441bcffbfa6dc9e583db1a5e268cd227093af4920650,0x1e247a55df9c32bf0b57e106d3b1de9137c656a6,0x1e247a55df9c32bf0b57e106d3b1de9137c656a6,0xfd086bc7cd5c481dcc9c85ebe478a1c0b69fcbb9,107400000,2184,
arbitrum,withdraw_final,500633785,1788265918000,0x1c89408b5f340171d8b756f8d86d180f56a6368518dd58985fa19f1adef2574b,,,,,,332694075297759232
arbitrum,deposit,500634771,1788265866000,0xf3fe6ddb96ce315fbb11dda2862866cea47eb2195e3ab4698128d66a8908e7ee,0xe9961f0687c7f1ab7fa35f14193c2df82ebc9da8,0xe9961f0687c7f1ab7fa35f14193c2df82ebc9da8,0xfd086bc7cd5c481dcc9c85ebe478a1c0b69fcbb9,104900000,2184,
arbitrum,deposit,500634853,1788265887000,0x1d0867b7e4706bdf13cf3afa8ac4bab2cf5d9b428b574b0305326ec91cab1583,0x70cd9f44d49c21bf210a8aa3096c1d267d0b48bb,0x70cd9f44d49c21bf210a8aa3096c1d267d0b48bb,0xfd086bc7cd5c481dcc9c85ebe478a1c0b69fcbb9,100100000,2184,
arbitrum,withdraw_submit,500635377,1788266018000,0x62f24e8da057d0a5eb366edfe7b901706cd73acdad1023de60d838c06dd848fe,,0x45c51f060ad5fb033150c4ee1c0788843dafe80c,0xfd086bc7cd5c481dcc9c85ebe478a1c0b69fcbb9,306692727,,332694075297759232
arbitrum,deposit,500638278,1788266744000,0x06f8c1da1c7a85131d35ac56dcbba669d9d8081527aaf827b83ebc0104001d2c,0x4d080787a44a6bdf3f4b4fb3dee86c9890d4d1c2,0x4d080787a44a6bdf3f4b4fb3dee86c9890d4d1c2,0xfd086bc7cd5c481dcc9c85ebe478a1c0b69fcbb9,104400000,2184,
arbitrum,deposit,500641572,1788267568000,0x45c045f6582686d951c1c8e15f4cf06dafa62cb50589ee5128217449639ff47a,0xecfe720e9edb276b64d376c9885224111486fb37,0xecfe720e9edb276b64d376c9885224111486fb37,0xfd086bc7cd5c481dcc9c85ebe478a1c0b69fcbb9,100858385,2184,
arbitrum,deposit,500641795,1788267625000,0xb8f2ce3cddd77a9221d4ef848af89ac8809120b9930f12b2e8f96c012c183d51,0xb63961f1a6e6166f587c7c01f0c918468eb48134,0xb63961f1a6e6166f587c7c01f0c918468eb48134,0xfd086bc7cd5c481dcc9c85ebe478a1c0b69fcbb9,102420000,2184,
arbitrum,deposit,500642943,1788267912000,0x9da8d6a1dd5e74ed5208c4be09d9df8a96441b8457fc7e09748fe5d289ee2539,0x43b31063a3b6dd23cd97fee61a6d8bc743722cce,0x43b31063a3b6dd23cd97fee61a6d8bc743722cce,0xfd086bc7cd5c481dcc9c85ebe478a1c0b69fcbb9,100850000,2184,
arbitrum,deposit,500643093,1788267950000,0xb37a253f960c24d68627ea18b94a5ccf66e1575bbf4733937c49ed00c435ea0e,0xa5e92a8274a522205bb7fefab7d6c223b0de1a3b,0xa5e92a8274a522205bb7fefab7d6c223b0de1a3b,0xfd086bc7cd5c481dcc9c85ebe478a1c0b69fcbb9,20003181,2184,
arbitrum,deposit,500644138,1788268212000,0x70d587373ff94e275795fc587c8eda639b9b6811f602d02044a98144e2fe219b,0x3de5b1f34b4a15cc83215456df99d841d3960801,0x3de5b1f34b4a15cc83215456df99d841d3960801,0xfd086bc7cd5c481dcc9c85ebe478a1c0b69fcbb9,100850000,2184,
arbitrum,deposit,500645469,1788268545000,0x7e32dc7077c998ddad961406a2df7b32bb1ac4804ce9614c0de65e3ba718c36e,0x50af79d28b1b5ce0a7360d11073f3077c38c0ecc,0x50af79d28b1b5ce0a7360d11073f3077c38c0ecc,0xfd086bc7cd5c481dcc9c85ebe478a1c0b69fcbb9,105000000,2184,
arbitrum,deposit,500646197,1788268726000,0x5659dd72d2b29c8d864b2e4733411c059e856e8c61df64ea6401964bc7f48c30,0xa506ee5471ac108d4d30e6a5f3b5c8db0dd745a2,0xa506ee5471ac108d4d30e6a5f3b5c8db0dd745a2,0xfd086bc7cd5c481dcc9c85ebe478a1c0b69fcbb9,102758403,2184,
arbitrum,deposit,500650017,1788269683000,0x10ef13de510bdb824f40938367a15493a24284c9aee221121f4bf6ad964ac035,0xa91e492b00c00b6a05186e85754133d2790ea009,0xa91e492b00c00b6a05186e85754133d2790ea009,0xfd086bc7cd5c481dcc9c85ebe478a1c0b69fcbb9,639821717,2184,
arbitrum,withdraw_final,500650519,1788270108000,0x4c2a5ebb7614e6e1dc78e1d27d577537fdd65d5aaaefcdb2965e466919df50b8,,,,,,333015639490822144
arbitrum,deposit,500651984,1788270175000,0xc486acd7a608b14c7f25dded4d43cebe9e2a782887e6a32dcf8c095df21bb0b3,0x8ac0b64867784325a6810fa4c6c88e58d6f69263,0x8ac0b64867784325a6810fa4c6c88e58d6f69263,0xfd086bc7cd5c481dcc9c85ebe478a1c0b69fcbb9,116800000,2184,
arbitrum,withdraw_submit,500652160,1788270218000,0xcb4f50d3d4d1c840d5bcbf876d89f6c3e3ea45917f54f14e1a65d05edff30208,,0x79d7e4a805f200efff88ca0cc13c51eb3987131a,0xfd086bc7cd5c481dcc9c85ebe478a1c0b69fcbb9,7531135,,333015639490822144
arbitrum,withdraw_final,500655734,1788271411000,0xd5f213c2b05496e62655d3ec1bfe719929b3080932d2a0466055ba1336151b22,,,,,,333115566195736576
arbitrum,withdraw_submit,500657201,1788271477000,0x658d5288fb187210017d6396f99087ff955eb1cde1413a5c4e4e504a90cd3ac9,,0x591d0453de29ff2bb484336d6d44f5ec5994ced1,0xfd086bc7cd5c481dcc9c85ebe478a1c0b69fcbb9,4520038,,333115566195736576
arbitrum,deposit,500657843,1788271638000,0x0ba62ad987aee16ba29592ef9c499821c95ef13a2e8e231fef89cc377a9ac71a,0xe33af3a510ffaa05895f325c5798a45bc5995fdc,0xe33af3a510ffaa05895f325c5798a45bc5995fdc,0xfd086bc7cd5c481dcc9c85ebe478a1c0b69fcbb9,75030314,2184,
arbitrum,deposit,500658771,1788271868000,0xbdccee9202c3ce286efb934d167e0090980dafb96504d1fa6c556f56f51bfa32,0xa235927fb1127d9e36ce36420134a3cc8a239f0a,0xa235927fb1127d9e36ce36420134a3cc8a239f0a,0xfd086bc7cd5c481dcc9c85ebe478a1c0b69fcbb9,100900000,2184,
arbitrum,deposit,500661466,1788272540000,0xd99a63d51a72bf4b9e8c7e4f4d8cb18a47311f056a506aacc0543374ef7ec8cb,0xbb48553d0c9470eb429ba35acd350c4c242ee902,0xbb48553d0c9470eb429ba35acd350c4c242ee902,0xfd086bc7cd5c481dcc9c85ebe478a1c0b69fcbb9,2000000,2184,
arbitrum,withdraw_final,500661610,1788272876000,0xc3460af204dbfcc87932041519d55628fa83d1ae3860d0a09b61cf8f6b471bd2,,,,,,333228231782039552
arbitrum,withdraw_submit,500663223,1788272977000,0x1eb71b6a753530ce241f7eb25ae6e40dbc5eb12a95a4ba46f278980e3887e835,,0xbb48553d0c9470eb429ba35acd350c4c242ee902,0xfd086bc7cd5c481dcc9c85ebe478a1c0b69fcbb9,1000000,,333228231782039552
arbitrum,withdraw_final,500663432,1788273329000,0x79395347d64d8a45b3160d5f8c904479ad0374e3470ad3e74b574f14d81bb7d8,,,,,,333263261539500032
arbitrum,deposit,500664850,1788273382000,0xad21381e9eaec06b1a4e6ad7ad665a1d1aac48dad404bf37cd2cd6777dd9e3ff,0x4504678e3b3269ffb063ab0c31479abcd40430d1,0x4504678e3b3269ffb063ab0c31479abcd40430d1,0xfd086bc7cd5c481dcc9c85ebe478a1c0b69fcbb9,50006804,2184,
arbitrum,withdraw_submit,500664909,1788273397000,0xf8b3afe4de3b02820cf668015e864174a43b2c12a32a7ab3e270203354067aca,,0xaad6624f5494066c96d1d0707106f1ad58fc1b63,0xfd086bc7cd5c481dcc9c85ebe478a1c0b69fcbb9,11651108,,333263261539500032
arbitrum,deposit,500665247,1788273482000,0xf1c7ec81654ac8b5ea5e81c523bbd14d50bbee3590ccc6913c830221b586af54,0x5983fcb21d94fa1f450e48852a2f3f5e8a024d2b,0x5983fcb21d94fa1f450e48852a2f3f5e8a024d2b,0xfd086bc7cd5c481dcc9c85ebe478a1c0b69fcbb9,99900000,2184,
arbitrum,deposit,500670076,1788274690000,0x3bbe223dca93c7a03347c9125b13a4ad832898d60038eb3655220cc9869988fd,0xee43ba734b24498ce13b8bd30ee96d3c8846d0f9,0xee43ba734b24498ce13b8bd30ee96d3c8846d0f9,0xfd086bc7cd5c481dcc9c85ebe478a1c0b69fcbb9,79900000,2184,
arbitrum,deposit,500670131,1788274703000,0x033ec6fa3206a6a32390e1a6b59677e9ec55c6eda771b0dca4ea923ae50eecfe,0x6ca751f4a646779b6a0f2aa23544c62dd3b84375,0x6ca751f4a646779b6a0f2aa23544c62dd3b84375,0xfd086bc7cd5c481dcc9c85ebe478a1c0b69fcbb9,100370000,2184,
arbitrum,deposit,500670595,1788274819000,0xef048b51415a3a6465a6c5698c792cc9e3559b398a457b808957fa0637c0e437,0xf4993e021839dd14ea23431fea5b5ab4dfbff2f8,0xf4993e021839dd14ea23431fea5b5ab4dfbff2f8,0xfd086bc7cd5c481dcc9c85ebe478a1c0b69fcbb9,49906697,2184,
arbitrum,withdraw_final,500671636,1788275380000,0x2640ca8248ca73891b049da1bf81f403dbfdf244deb5f24216e353ea86dbf4b9,,,,,,333421711485566977
arbitrum,withdraw_submit,500673069,1788275437000,0x510a3b71b5030740ad32c864f9720235871a8eb924927e5e1561e1bea4515037,,0x7be8f55a521792d980e2d17f9565084f10534e96,0xfd086bc7cd5c481dcc9c85ebe478a1c0b69fcbb9,9000000,,333421711485566977
arbitrum,deposit,500675017,1788275925000,0xdfa563e97d3bb12149e9fdc542898db917dcb7880e8d7c5ccaa19b7ee59b6fc5,0x9b6c168b91a44ac9b782ce812fb3f005c2710458,0x9b6c168b91a44ac9b782ce812fb3f005c2710458,0xfd086bc7cd5c481dcc9c85ebe478a1c0b69fcbb9,74900000,2184,
arbitrum,deposit,500677782,1788276614000,0xe0bd2f877eabe494e10a331871cfe21d5e193850f2b4edc93c2366a5324c7f1c,0xa637fba01b4b1639814766f3d59ad3a113e83db3,0xa637fba01b4b1639814766f3d59ad3a113e83db3,0xfd086bc7cd5c481dcc9c85ebe478a1c0b69fcbb9,84900000,2184,
arbitrum,withdraw_final,500678303,1788277042000,0x64d45e84d17464a5ce361f5a72445effc3a43a1b597592f3c1df1ae8c1e60fb7,,,,,,333550268438282241
arbitrum,deposit,500678308,1788276743000,0x9066667b6f76794c0c2ce804bb4ee4d5854543b2f7cfb52241621c8d2f37c33b,0xf77506dac023a7483b8ec308b387abb161ac4fa0,0xf77506dac023a7483b8ec308b387abb161ac4fa0,0xfd086bc7cd5c481dcc9c85ebe478a1c0b69fcbb9,1500000000,2184,
arbitrum,withdraw_submit,500679808,1788277117000,0x9e80062acb5e89fe217f0764d882ee29b9d26281b12688bf521f0ddb88d4b4d4,,0x02706649f0f6706e76e3075318304cccbdb8b434,0xfd086bc7cd5c481dcc9c85ebe478a1c0b69fcbb9,102978574,,333550268438282241
arbitrum,deposit,500680845,1788277377000,0xb0a40343ba2c304fcc8cb34c1acc499c55ec7f3be667044bc0b58a6742e6c285,0x9d22c6044d9a6a2b31cb08f1efcaa25813a85d4b,0x9d22c6044d9a6a2b31cb08f1efcaa25813a85d4b,0xfd086bc7cd5c481dcc9c85ebe478a1c0b69fcbb9,89900000,2184,
arbitrum,withdraw_final,500685466,1788278830000,0x5f5a8b39fd2cba722b611fc128099da90c58c2382b65d4ffafd76b20283eb235,,,,,,333688282904788992
arbitrum,withdraw_submit,500687005,1788278917000,0x2071f7e6e9ae0f6c0fe21c94da6d2b9801b7ed17a7537ec3b37fc84bac6015ed,,0x029350212f769704383c22a52012a02f9d6ce5c9,0xfd086bc7cd5c481dcc9c85ebe478a1c0b69fcbb9,99000000,,333688282904788992
arbitrum,withdraw_final,500690848,1788280176000,0x8cde584da0a41929123d59768a1ff748a8124c8f18892455b2e12b79a869a0aa,,,,,,333792023544856576
arbitrum,withdraw_final,500691577,1788280359000,0x69a4d127b6b5b6c61bb0ec7d059393d04b6ddbba0c1881096796bdf11c37bc11,,,,,,333806154004037632
arbitrum,withdraw_final,500691948,1788280452000,0x3a617f7c368b2bb453f703f9c0bbd71be3b650b8e66422b9ca761a1d02b7850e,,,,,,333813524163723264
arbitrum,withdraw_submit,500692295,1788280237000,0x4f8a84fb0d54a7f3092563adfe445a4896425c0e0a373935fbc4c19d77a8cf80,,0x656c7e9fbea43bcd86b6bb06d00348f944839281,0xfd086bc7cd5c481dcc9c85ebe478a1c0b69fcbb9,69000000,,333792023544856576
arbitrum,withdraw_submit,500693014,1788280417000,0xe2b6105ea0921f8dde6090e4b8d43d8bd0e07d26fd2593121a74100967063c7b,,0xe448d9d70efe95714e38d210e58d458dab0a77d5,0xfd086bc7cd5c481dcc9c85ebe478a1c0b69fcbb9,100000000,,333806154004037632
arbitrum,withdraw_submit,500693494,1788280537000,0xba46533cb77ccbed3e5d8d6a249b44443c779d0138d98ca3b077679859348b7e,,0x840fc6758f7c9da99ea87c11a310ef4b21addb5c,0xfd086bc7cd5c481dcc9c85ebe478a1c0b69fcbb9,114251578,,333813524163723264
arbitrum,withdraw_final,500701071,1788282733000,0x68f34320dc6d6771fa667418abcdcf4d3cc208a9aeb9a75a8648c7e2712a0b84,,,,,,333989428856881175
arbitrum,deposit,500702164,1788282706000,0x647e5b97ea61fce72482edc346a9e2f9eb98d94cbf8d3eb2d1280d1fddaf6980,0x59077670dbccc6b388d56a140e2b65c337dd1748,0x59077670dbccc6b388d56a140e2b65c337dd1748,0xfd086bc7cd5c481dcc9c85ebe478a1c0b69fcbb9,77120050,2184,
arbitrum,withdraw_submit,500702608,1788282817000,0xbb9ca10036d5d4a03dc6a45079ea128105b481355400c298be0ed5c463a3870e,,0x5ce69d01efe9778436070539bc6ea9350b6d578f,0xfd086bc7cd5c481dcc9c85ebe478a1c0b69fcbb9,697020712,,333989428856881175
arbitrum,withdraw_final,500705803,1788283917000,0x77f041e03e5306fcbfbb5c4ed9a85dc668db70259c79d5d3e8a715388ef30085,,,,,,334080971781439489
arbitrum,withdraw_submit,500707405,1788284017000,0x7ae703a16253043d8052a48b6853b3936369958c5ddcd0319be33efdde4e0f98,,0xa97c8404f1f02e2b611a83ddae865bd2455320ad,0xfd086bc7cd5c481dcc9c85ebe478a1c0b69fcbb9,9241205,,334080971781439489
arbitrum,deposit,500710969,1788284912000,0x6cb4b4182f80b48dd634391a3be4dfdc436c488f3ed6bf6a3b2a5742b60384fb,0x1fe3b892197dc9e2753a73d988d60813f0d29ee4,0x1fe3b892197dc9e2753a73d988d60813f0d29ee4,0xfd086bc7cd5c481dcc9c85ebe478a1c0b69fcbb9,128000000,2184,
arbitrum,withdraw_final,500719572,1788287367000,0x3426ca0ea743c57b4e91840f3080f5288baedebff1c19640e09b57c3b401146b,,,,,,334347414376808448
arbitrum,withdraw_submit,500721050,1788287437000,0x65ac906d329ea99f71beccaac7cab5da1d3a52c7ec9aadacae3fd2dabea80880,,0x358dd5e2f84607a013f1e4e225b63ba8c9d4f97e,0xfd086bc7cd5c481dcc9c85ebe478a1c0b69fcbb9,17300000,,334347414376808448
arbitrum,withdraw_final,500729411,1788289829000,0x7a3473e6f76f3a07f6e407400b11710441aecb28787e2f0fef34d26fe97a76ac,,,,,,334536882543132672
arbitrum,withdraw_submit,500730876,1788289898000,0x3c2602681e7c25d8893828a8e76e1bf7b743d28d5581e7b66699fa1721c116b6,,0x7526d6391c4dc0f3cdd913a6db767fe86da89d71,0xfd086bc7cd5c481dcc9c85ebe478a1c0b69fcbb9,8000000,,334536882543132672
arbitrum,deposit,500744725,1788293391000,0x4d255124871f5e3c363b7a8d73f207add859bce2dc5f58e6d9edb7d22313bc31,0x96be14b7fdbc8d1abc8daa0daddf565306fa1615,0x96be14b7fdbc8d1abc8daa0daddf565306fa1615,0xfd086bc7cd5c481dcc9c85ebe478a1c0b69fcbb9,101957300,2184,
arbitrum,deposit,500747691,1788294140000,0xed895e4f9bf61317ef505652e51044cef0fddb76af7a48114cbc7c5850c1ebe6,0xbb48553d0c9470eb429ba35acd350c4c242ee902,0xbb48553d0c9470eb429ba35acd350c4c242ee902,0xfd086bc7cd5c481dcc9c85ebe478a1c0b69fcbb9,2000000,2184,
arbitrum,withdraw_final,500747825,1788294473000,0xb4254528dfc2bfec7e2c57e999971f16f5e97dc9027f0d13e477d279160c5b3b,,,,,,334895778604515328
arbitrum,withdraw_submit,500749440,1788294577000,0x971880ae35e1c0b08bf0662dbbae4bdeb50d71d6ec0009f7b6d1f2bee47599db,,0xbb48553d0c9470eb429ba35acd350c4c242ee902,0xfd086bc7cd5c481dcc9c85ebe478a1c0b69fcbb9,1000000,,334895778604515328
arbitrum,deposit,500752994,1788295471000,0x3b1729cffae490e8abb8f78cf2fe0921b95faa69cd3a0aa455639e3b025d6a53,0x3a41169532a3bb63db41017c4c7e0024ce7360a1,0x3a41169532a3bb63db41017c4c7e0024ce7360a1,0xfd086bc7cd5c481dcc9c85ebe478a1c0b69fcbb9,105000000,2184,
arbitrum,withdraw_final,500758036,1788297044000,0xcfac0dc29654e5141c91f126dcd9151a20da87e2684c68859af577d3f016ab22,,,,,,335093553262755840
arbitrum,withdraw_submit,500759676,1788297157000,0x73034bab850bb7634106132fbae6ed000163fa52e2fc882a4f79055c5aae688a,,0x890a6ccadbbf5a310a71bf51fa897625b2cd7b1b,0xfd086bc7cd5c481dcc9c85ebe478a1c0b69fcbb9,1660124817,,335093553262755840
arbitrum,deposit,500805983,1788308940000,0xfa5468419b381282022cc7c0c0f8a0b0faed44d13dfe71944a2e497108bae658,0x1ef5de46f22a88a66d6b01d2ff6b721c6b5f3590,0x1ef5de46f22a88a66d6b01d2ff6b721c6b5f3590,0xfd086bc7cd5c481dcc9c85ebe478a1c0b69fcbb9,200000000,2184,
arbitrum,withdraw_final,500807818,1788309711000,0x81d7fd0415ac9c91c030834ed74c86e47f5534e41fb5a6de7a1465d014dd73a2,,,,,,336065409876754432
arbitrum,withdraw_submit,500809407,1788309817000,0x53661005afda6a5a1b7a5087c55e4c97ebfd291ce82429e9722f5e54ff4b804b,,0x74449ab85bcb2707feec8fc51ec6b9b355d6ed0c,0xfd086bc7cd5c481dcc9c85ebe478a1c0b69fcbb9,41000000,,336065409876754432
arbitrum,withdraw_final,500811531,1788310652000,0x816ee5e31af5f696e30f1ac73018646ea4362677d4bc62385a0b7a3fc79dacc7,,,,,,336138338429829120
arbitrum,withdraw_submit,500812970,1788310717000,0xe9f00a02c2a83ecbed93c3c569b3991b47b261b0f9048f8c5e17f44ac5662c78,,0x52c2a662d7550928c0859c6866ab0f670942cb16,0xfd086bc7cd5c481dcc9c85ebe478a1c0b69fcbb9,63533241,,336138338429829120
arbitrum,deposit,500828084,1788314533000,0x077eed3535f1f9aa44d2d6a4a56fc6c71571c4247ed0ae779233780faf6b49d9,0x28439b5fc7621cd7ac5dfe0cdb85874990202c82,0x28439b5fc7621cd7ac5dfe0cdb85874990202c82,0xfd086bc7cd5c481dcc9c85ebe478a1c0b69fcbb9,300500000,2184,
arbitrum,deposit,500829903,1788314999000,0xe4411861b245c3e16cceb79a9d02dea67154a02f8467644cd697fd07f9e25e02,0x2e3c89be3566963663087450e1b3f8cbd7dd99f8,0x2e3c89be3566963663087450e1b3f8cbd7dd99f8,0xfd086bc7cd5c481dcc9c85ebe478a1c0b69fcbb9,210828786,2184,
arbitrum,deposit,500830414,1788315131000,0x084e6ca8e079d5b42bf7455156dc5406bfa9f8a61bf6f4b298063bcf3d7a9035,0x28439b5fc7621cd7ac5dfe0cdb85874990202c82,0x28439b5fc7621cd7ac5dfe0cdb85874990202c82,0xfd086bc7cd5c481dcc9c85ebe478a1c0b69fcbb9,3671521,2184,
arbitrum,deposit,500832818,1788315740000,0xd46197e5c1259e198e41d4c668fda5548596b6c300a4da45c5360df2c4f7e35a,0xbb48553d0c9470eb429ba35acd350c4c242ee902,0xbb48553d0c9470eb429ba35acd350c4c242ee902,0xfd086bc7cd5c481dcc9c85ebe478a1c0b69fcbb9,2000000,2184,
arbitrum,withdraw_final,500832939,1788316070000,0x76fcbbf73f5885e5f7419a07ec1c128828f6a52ae2f93942b189ad4d9083fe93,,,,,,336557355422449664
arbitrum,withdraw_submit,500834543,1788316177000,0xb596732281295cc4d34e7337f42c5e8ae289d78c6413935cbb7ab8a5b9fdd60a,,0xbb48553d0c9470eb429ba35acd350c4c242ee902,0xfd086bc7cd5c481dcc9c85ebe478a1c0b69fcbb9,1000000,,336557355422449664
arbitrum,deposit,500838221,1788317107000,0x4a18f70e50f8d4c1631bd2aa87a5ce08154d92246f03dd009fa8443ef08a4115,0x5c080b8890dfd48c6fb00764e6f69ea884823bb3,0x5a9669e4e050548a9e83ba38c4470f991c2d1ac0,0xfd086bc7cd5c481dcc9c85ebe478a1c0b69fcbb9,1000000,2184,
arbitrum,withdraw_final,500838648,1788317515000,0xe494a51d893e794eb2cf648fd6098816036515cd4c914758531c9b884b7a6da4,,,,,,336668560707289088
arbitrum,withdraw_submit,500840222,1788317617000,0x6b1671bb08efbbf43e848333e84e8fd2586b120cdf9392225528b480a709bdb3,,0x037b9ffa59ac3fd0ca8e6b707d087a0c73ff2f28,0xfd086bc7cd5c481dcc9c85ebe478a1c0b69fcbb9,9000000,,336668560707289088
arbitrum,deposit,500842714,1788318250000,0xe69bc02772c6c2b6d47c9e3bebc4154be05946b8a148bc586ed30fd292cf9b7a,0x1e5ceecd43ae575602887cc982b2e1365bcddecb,0x1e5ceecd43ae575602887cc982b2e1365bcddecb,0xfd086bc7cd5c481dcc9c85ebe478a1c0b69fcbb9,105000000,2184,
arbitrum,deposit,500852103,1788320650000,0x1583acf9c8c25e2c532ddf5f3b2271db5b0e7a5a40cf91bbf14260d13dc01ad7,0xd55dc0e87a25ba7e693d74a76abee240fef83a65,0xd55dc0e87a25ba7e693d74a76abee240fef83a65,0xfd086bc7cd5c481dcc9c85ebe478a1c0b69fcbb9,104900000,2184,
arbitrum,deposit,500854487,1788321270000,0x2f3f71f9484ce40faa219e8384fd6e482fa5b5608a70c27d9be121755415e9b4,0x461ab089b0ee4307229c8df46d627ab6a031fd71,0x461ab089b0ee4307229c8df46d627ab6a031fd71,0xfd086bc7cd5c481dcc9c85ebe478a1c0b69fcbb9,9582116,2184,
arbitrum,deposit,500890220,1788330319000,0xdb23b7b64b17e13031151f07b95515635d9ec61baa143c3cb42b62b44b23398d,0x8559e50c15112cf50a6b6aeb5f629b08aa2433d9,0x8559e50c15112cf50a6b6aeb5f629b08aa2433d9,0xfd086bc7cd5c481dcc9c85ebe478a1c0b69fcbb9,110485390,2184,
arbitrum,deposit,500892163,1788330805000,0xede9431807098983585597b7e18436a810fd9ddb71c211db9721607935c673f1,0x67e68367fe0e4a91d259b15438fd5431fd682fe2,0x67e68367fe0e4a91d259b15438fd5431fd682fe2,0xfd086bc7cd5c481dcc9c85ebe478a1c0b69fcbb9,109950000,2184,
arbitrum,deposit,500894703,1788331441000,0xb8603663c79171851af7174f707546fc6e618baddd8094c134024e403e6fd03a,0x46aafddc1d10c2342cdc88d6e29fe9b52c39f718,0x46aafddc1d10c2342cdc88d6e29fe9b52c39f718,0xfd086bc7cd5c481dcc9c85ebe478a1c0b69fcbb9,128402070,2184,
arbitrum,deposit,500897132,1788332048000,0x9cee59d8b48fb992954077f23c84224059724280f1eb92b7390c4b4c840d00e0,0x48449723695b78be04935e438ec7433582764c65,0x48449723695b78be04935e438ec7433582764c65,0xfd086bc7cd5c481dcc9c85ebe478a1c0b69fcbb9,104517049,2184,
arbitrum,deposit,500900004,1788332768000,0x1822618610d432b42f2acc41fe4f77c9d000bf430a6d591c89bb16d80b8f38d1,0x9f62e0f180b028842247e768c56b9110677f8e68,0x9f62e0f180b028842247e768c56b9110677f8e68,0xfd086bc7cd5c481dcc9c85ebe478a1c0b69fcbb9,118664562,2184,
arbitrum,deposit,500902854,1788333482000,0xc931a1b779b2920dd8e7d31cd381c98b962e6c467f193575cae5f1a762986097,0xc73707cbf462b16edd42b25058e5c0f72c47900f,0xc73707cbf462b16edd42b25058e5c0f72c47900f,0xfd086bc7cd5c481dcc9c85ebe478a1c0b69fcbb9,133417465,2184,
arbitrum,deposit,500905933,1788334253000,0xd7dad37f0683a20648eec3dd69bc8e21b4776815ed4c3e8a1c7d48b6993ba375,0x7457fd965d22fb844d3e420494eefdb5df4b9a98,0x7457fd965d22fb844d3e420494eefdb5df4b9a98,0xfd086bc7cd5c481dcc9c85ebe478a1c0b69fcbb9,248540449,2184,
arbitrum,withdraw_final,500911229,1788335880000,0xb3f615fe88e252944fe8a1ecbd2794364a09e92b47fc0d8dc71e41bdbfa54265,,,,,,338083855527313408
arbitrum,withdraw_final,500912467,1788336189000,0x1d81b69f4c6879ac6569ad3ff2529c23730c9350cf78858ef71d4e0e5bcf57a3,,,,,,338107855817146394
arbitrum,withdraw_submit,500912817,1788335977000,0xbe33642acdd114a9b2b7e612e086d0b34f1c8dd40f76c52dcab1efba59ffa51a,,0x9cd6e1bb43002d0ac088bf9df13d039544a2909c,0xfd086bc7cd5c481dcc9c85ebe478a1c0b69fcbb9,118918842,,338083855527313408
arbitrum,withdraw_submit,500914014,1788336277000,0xc016736ab16256cd2d6f0e7afd21c2e1d49d88ce85d80682452782c06956eaaa,,0xa5b47b6f9b6596664b5b18bbf750edc90c3d033f,0xfd086bc7cd5c481dcc9c85ebe478a1c0b69fcbb9,20032073,,338107855817146394
arbitrum,deposit,500918256,1788337340000,0x66c3b69af075e319822746b164789a6887172c8d28f660259ab7904d36d8e88e,0xbb48553d0c9470eb429ba35acd350c4c242ee902,0xbb48553d0c9470eb429ba35acd350c4c242ee902,0xfd086bc7cd5c481dcc9c85ebe478a1c0b69fcbb9,2000000,2184,
arbitrum,withdraw_final,500918372,1788337669000,0xc5e83d5f8b8a6eeafcb2509a1a79328e518af8eb08555f7f8e9c39c3e48ea7be,,,,,,338222376804155392
arbitrum,deposit,500919479,1788337645000,0x940e4737a8fb81c2de08d014913efd9f02ff18f31db4c33197fc617eefb2532b,0x6cac8153aef081db6dd7ca6829d53902224cf086,0x6cac8153aef081db6dd7ca6829d53902224cf086,0xfd086bc7cd5c481dcc9c85ebe478a1c0b69fcbb9,105091177,2184,
arbitrum,withdraw_submit,500920007,1788337777000,0x0a1697dad48f697ba70fb2d9b30273838732a82a25e7de571e7b47accf43eb1c,,0xbb48553d0c9470eb429ba35acd350c4c242ee902,0xfd086bc7cd5c481dcc9c85ebe478a1c0b69fcbb9,1000000,,338222376804155392
arbitrum,deposit,500922924,1788338507000,0xb2f2d635a724be46ea7230adb784e3acc7db54b6758cf70ba2a0816636210e24,0x07654bc1c1e18b1c927a41dcde1f1793c75aeadd,0x07654bc1c1e18b1c927a41dcde1f1793c75aeadd,0xfd086bc7cd5c481dcc9c85ebe478a1c0b69fcbb9,102090663,2184,
arbitrum,deposit,500923699,1788338701000,0xc81d18249391fb7d4029349ff524ad030877c2269bc9aaae9fc5ff679ba01d6b,0x784c3160d0ecaa39e47a35df7bec5b2f02134c1b,0x784c3160d0ecaa39e47a35df7bec5b2f02134c1b,0xfd086bc7cd5c481dcc9c85ebe478a1c0b69fcbb9,303949239,2184,
arbitrum,deposit,500925640,1788339186000,0xbfad3193609bb711bfb8682dee3ad4e4d3e11c387b39beef6df781b98ac9e1bf,0x9c2da765c7389d36dfb418f0381090685b5692e8,0x9c2da765c7389d36dfb418f0381090685b5692e8,0xfd086bc7cd5c481dcc9c85ebe478a1c0b69fcbb9,96000000,2184,
arbitrum,deposit,500926305,1788339352000,0x05bac52e2b7e69f9e48f90ed381d772fe066ce5f650f1bc11e2be50dfa318a08,0xb8f649ec14c0932f1831dc8b355292c1bd648a38,0xb8f649ec14c0932f1831dc8b355292c1bd648a38,0xfd086bc7cd5c481dcc9c85ebe478a1c0b69fcbb9,112482269,2184,
arbitrum,deposit,500926760,1788339466000,0x8fd57d409a60f46ac2f81ef577ca12c1a4b3f56ee846691c23dfb03326aa8a51,0xc40128e8b1c9c8f3707191ba8a49fc844f565388,0xc40128e8b1c9c8f3707191ba8a49fc844f565388,0xfd086bc7cd5c481dcc9c85ebe478a1c0b69fcbb9,20621205,2184,
arbitrum,deposit,500927913,1788339753000,0x2669f88c2a1d5a0c6e143d8ff855652d04d6d3560d293765626e3904cb79c06e,0xf36e4157ee21218ebb3eefe4d5aa46226875029f,0xf36e4157ee21218ebb3eefe4d5aa46226875029f,0xfd086bc7cd5c481dcc9c85ebe478a1c0b69fcbb9,2000000,2184,
arbitrum,withdraw_final,500930221,1788340631000,0x046e02ebddf349a15738465e7135bcfbc0769a4ff7e22c7e081e96a3d6ec1b5b,,,,,,338451513326174208
arbitrum,deposit,500931187,1788340573000,0x0adb9e08797423c99086f8d6c61aca7ac0b8f4e2354356d44bda16101e1b3866,0xc9f9cfb139c101e2917d2df74f0e8ac2305379c0,0xc9f9cfb139c101e2917d2df74f0e8ac2305379c0,0xfd086bc7cd5c481dcc9c85ebe478a1c0b69fcbb9,100164059,2184,
arbitrum,withdraw_submit,500931762,1788340717000,0x489e4be73aff08821aca03e03b46b227a586d28824931709a46c4500c9fedca0,,0x640f66bcdb9c843559740e6e839c4e47d379a656,0xfd086bc7cd5c481dcc9c85ebe478a1c0b69fcbb9,27401816,,338451513326174208
arbitrum,deposit,500934945,1788341512000,0x236b69c9279ce76a97a5b97eb92488edc6b8a310f45831f3be0114547ea45d6c,0x77543dd9815f93d65b7835f2b95fd4ed876e5b56,0x77543dd9815f93d65b7835f2b95fd4ed876e5b56,0xfd086bc7cd5c481dcc9c85ebe478a1c0b69fcbb9,5246117,2184,
arbitrum,deposit,500935395,1788341624000,0x785efefcd4b4ea54d59f58a80a901d36821cda0d5ebc9f0702427c0321a84955,0x365b56ede6262aae49357714f97bfa1c491c22d6,0x365b56ede6262aae49357714f97bfa1c491c22d6,0xfd086bc7cd5c481dcc9c85ebe478a1c0b69fcbb9,103151999,2184,
arbitrum,deposit,500936948,1788342012000,0x379aef5ab4995114b80592fc8df1ce612feb717485dacba28c7da007a41abafb,0x0bcb55b886cdef95e759e92bfbc532844a5bff76,0x0bcb55b886cdef95e759e92bfbc532844a5bff76,0xfd086bc7cd5c481dcc9c85ebe478a1c0b69fcbb9,8384987,2184,
arbitrum,deposit,500939527,1788342657000,0x3db53ae07c36fae15cd4c6f91743108d77ec5997664f0ccb158af878b2b28c9f,0x8501d7a2689f3688fe0a51318bd670e185eaf3b1,0x8501d7a2689f3688fe0a51318bd670e185eaf3b1,0xfd086bc7cd5c481dcc9c85ebe478a1c0b69fcbb9,133540000,2184,
arbitrum,deposit,500943535,1788343659000,0xa4180910f1ae89c0205b5b8ffc9359b507008a9d12876e76929db73d07f84551,0x45c3877b67b918f24a6a7ff9eb9aede0cd408aaa,0x45c3877b67b918f24a6a7ff9eb9aede0cd408aaa,0xfd086bc7cd5c481dcc9c85ebe478a1c0b69fcbb9,103314820,2184,
arbitrum,deposit,500948844,1788344989000,0xdf5d8ef90e2c5da98defba1976c6d6b858ac3b8426ad6db386846ac1e8d0232e,0x2fed5402880924942c901b061c693d81c89ff3cd,0x2fed5402880924942c901b061c693d81c89ff3cd,0xfd086bc7cd5c481dcc9c85ebe478a1c0b69fcbb9,110266331,2184,
arbitrum,deposit,500953443,1788346140000,0x9db0f338dcc6289cf3a81a7be093da0ea3a359ba9e231107d0ba458343592df2,0xc20fdd2b41313760497a21da031ee5796ffcf620,0xc20fdd2b41313760497a21da031ee5796ffcf620,0xfd086bc7cd5c481dcc9c85ebe478a1c0b69fcbb9,2000000,2184,
arbitrum,withdraw_final,500953647,1788346491000,0xa3c41bc7851a10a8f6e8feeb81d481ecbb56d87f708b42f1e19cc46029461d23,,,,,,338904391840956416
arbitrum,withdraw_final,500953738,1788346514000,0x1109bdb19bc5e48f26524c147882c74481c627f5b26fddad39dbcf6719be9da8,,,,,,338906195718832128
arbitrum,deposit,500954306,1788346354000,0x421e4b21071c2d6839c5174bdf7201c42e2dbc26614f00f0edd09f9dd209c17b,0xc88b29c8b8046ac0478bc7f982f4421702319b3a,0xc88b29c8b8046ac0478bc7f982f4421702319b3a,0xfd086bc7cd5c481dcc9c85ebe478a1c0b69fcbb9,89900000,2184,
arbitrum,withdraw_submit,500955277,1788346598000,0xce0a2665530d4b0e07f8063f39145a6145181a4a7f60d35499f3f575461269c0,,0x849c7a3d97397c49f15319ae74bc225e455e6eaa,0xfd086bc7cd5c481dcc9c85ebe478a1c0b69fcbb9,9000000,,338904391840956416
arbitrum,withdraw_submit,500955277,1788346598000,0xce0a2665530d4b0e07f8063f39145a6145181a4a7f60d35499f3f575461269c0,,0xc20fdd2b41313760497a21da031ee5796ffcf620,0xfd086bc7cd5c481dcc9c85ebe478a1c0b69fcbb9,1000000,,338906195718832128
arbitrum,deposit,500956985,1788347025000,0x5bbabbc4a1071b40b90c357373965a0e78af21a16df1b702e8a51c21257f10b7,0x817ef9b6208659f20112cde9d7794bbd330e377b,0x817ef9b6208659f20112cde9d7794bbd330e377b,0xfd086bc7cd5c481dcc9c85ebe478a1c0b69fcbb9,84900000,2184,
arbitrum,deposit,500959917,1788347760000,0x323be472ffa307732691795852818c3b18d7573e2bd46e262c6cbf820e2c24d2,0x48b576c87e788a762d6f95a456f2a39113b46950,0x48b576c87e788a762d6f95a456f2a39113b46950,0xfd086bc7cd5c481dcc9c85ebe478a1c0b69fcbb9,43156696,2184,
arbitrum,deposit,500962584,1788348433000,0xdb4217fe6f3ae83f573163be2e0b482d749aa051bb596a298df0eee3f517adbc,0x56913ca252bf9c4e3580648db56a946caf609d3f,0x56913ca252bf9c4e3580648db56a946caf609d3f,0xfd086bc7cd5c481dcc9c85ebe478a1c0b69fcbb9,100000000,2184,
arbitrum,deposit,500964602,1788348939000,0x7b34ff6447f4ba111361187d93aa4c324b9a1d473e735f99f147cf1be05a7096,0xd92bffa8c551862c32dc1f936aaed14f3e9d0837,0xd92bffa8c551862c32dc1f936aaed14f3e9d0837,0xfd086bc7cd5c481dcc9c85ebe478a1c0b69fcbb9,104900000,2184,
arbitrum,withdraw_final,500974935,1788351842000,0xf2dd76f54ab9f69995f499312f31138f5fad183b861a933196782d368d167270,,,,,,339318048726974464
arbitrum,withdraw_final,500975554,1788351998000,0x2e94c47940662c80ae53f3864086d7a8be8883f078027c83898682faa2bce917,,,,,,339330220660097024
arbitrum,withdraw_submit,500976502,1788351939000,0xedc82cb40abf2a3c330fae31d291df2e2ba2eb47ab0a7109006cd0c876c89ab0,,0x656c7e9fbea43bcd86b6bb06d00348f944839281,0xfd086bc7cd5c481dcc9c85ebe478a1c0b69fcbb9,35000000,,339318048726974464
arbitrum,withdraw_submit,500976968,1788352057000,0x68dcaa4ab33628ba926af2854f6ba947008f32beb060b10e195854c501901334,,0x59077670dbccc6b388d56a140e2b65c337dd1748,0xfd086bc7cd5c481dcc9c85ebe478a1c0b69fcbb9,49000000,,339330220660097024
arbitrum,deposit,500990563,1788355515000,0x0561850a25c171a369c32d6e6a36cd0b917067df2241b4032369b65c328fb742,0xbc7d07b0429dd37cb42e81a9fa0a484a42331a32,0xbc7d07b0429dd37cb42e81a9fa0a484a42331a32,0xfd086bc7cd5c481dcc9c85ebe478a1c0b69fcbb9,750000000,2184,
arbitrum,deposit,500993998,1788356376000,0x528baea705a87b14c85c2705046b6659d324adf29fb359eda66543da0c77676d,0xfd6ad6b9356c05c66c5e017d98b9bc4be3fb123a,0xfd6ad6b9356c05c66c5e017d98b9bc4be3fb123a,0xfd086bc7cd5c481dcc9c85ebe478a1c0b69fcbb9,2500000,2184,
arbitrum,withdraw_final,500994536,1788356811000,0x37219bf9e2315fad41a255a2acb61d8088d3021d107ffffd3e99eb1ca5658d2b,,,,,,339701761117782016
arbitrum,withdraw_submit,500996168,1788356919000,0x004290336b7b32a46ed466ec8cbb48c6ca3addf308672f47c089b89fc4f4cfa7,,0x51c974a78d7283096e549f918709f97e4d6ccd74,0xfd086bc7cd5c481dcc9c85ebe478a1c0b69fcbb9,103189027,,339701761117782016
arbitrum,deposit,501000337,1788357960000,0x2228d284976af1d6961438a1c32140e4c2bbc48af10833e8e66e58e3af6ecaad,0x58b5fa738d5c806814183649f412246a997a580a,0x58b5fa738d5c806814183649f412246a997a580a,0xfd086bc7cd5c481dcc9c85ebe478a1c0b69fcbb9,855000000,2184,
arbitrum,deposit,501004260,1788358940000,0x27984149a5bf776e5687d2921d3948575d39ed83fe9adbeddafdc9355ad4ecc3,0xbb48553d0c9470eb429ba35acd350c4c242ee902,0xbb48553d0c9470eb429ba35acd350c4c242ee902,0xfd086bc7cd5c481dcc9c85ebe478a1c0b69fcbb9,2000000,2184,
arbitrum,withdraw_final,501004358,1788359264000,0xc825ceb271b12d1f5c674dbc9f83b1e9d18eca4d0b1f5e9a3558d4e6e3cbb78d,,,,,,339890181324668928
arbitrum,withdraw_submit,501006004,1788359378000,0x4055aaea609a4cf7ac685c437800acd71869b2f1814f8ef1f5e74739680bc0e9,,0xbb48553d0c9470eb429ba35acd350c4c242ee902,0xfd086bc7cd5c481dcc9c85ebe478a1c0b69fcbb9,1000000,,339890181324668928
arbitrum,deposit,501017326,1788362223000,0x1dfbddbc16db41655219855115c69390f9ddda6c2b96e1a754525de7a0af4957,0xa89b7df5086af472abe66ac78cbbfa9e6ed53bfa,0xa89b7df5086af472abe66ac78cbbfa9e6ed53bfa,0xfd086bc7cd5c481dcc9c85ebe478a1c0b69fcbb9,2110755807,2184,
arbitrum,deposit,501020866,1788363107000,0xf02db76925aa2bf83f312371c6532382f127f2075da5ff3c9f016f79bed188a2,0x1c04ea53836e0b3a499bb141b0970a4e3b2d5a3c,0x1c04ea53836e0b3a499bb141b0970a4e3b2d5a3c,0xfd086bc7cd5c481dcc9c85ebe478a1c0b69fcbb9,98000000,2184,
arbitrum,withdraw_final,501023734,1788364127000,0x3020f1152b1191d224facc170de4c89fce2364b7be5ea6fe9dedd026b804c147,,,,,,340265200697475072
arbitrum,withdraw_submit,501025377,1788364238000,0x459f6a08ddf09161690de95c5c045e38d1850892a3066ff8119e556bc1675d53,,0xf37319cb7f984f803fd48453b25c0110f9ce89bc,0xfd086bc7cd5c481dcc9c85ebe478a1c0b69fcbb9,679142965,,340265200697475072
arbitrum,withdraw_final,501028645,1788365356000,0x304429008b5c861c0c73b4253c91239fdf6a181a6c4cbfc8443a56cdc9594ca5,,,,,,340360110893170688
arbitrum,withdraw_submit,501030185,1788365442000,0x658cda905afc166beb6c59d574af7e164219ce3d6ce5bb16f54e960ea0ae5a8f,,0x9b022617980222a0602f4c8b75d17341f0fe1dc6,0xfd086bc7cd5c481dcc9c85ebe478a1c0b69fcbb9,19000000,,340360110893170688
arbitrum,withdraw_final,501059089,1788372999000,0x5c65d7bd2fae9badc322a74750aebcb29b97d37eabf0083d8998b85a8134d08d,,,,,,340951441969512448
arbitrum,withdraw_submit,501060518,1788373057000,0x3485db6c07ee8841d6ec8f373a978d6ee745e06336fd06d60137e78d496c3feb,,0xf3fb19f7eb2d84e2a5d04bdddb1eebc987caadc9,0xfd086bc7cd5c481dcc9c85ebe478a1c0b69fcbb9,9000000,,340951441969512448
arbitrum,deposit,501072613,1788376094000,0xfdf32ffd428d01fe425fef23c76e33ea701a203851b291af9df507ebb3701a97,0x9559937df0ceafd3e62e206c646cc9e7df4ba2dd,0x9559937df0ceafd3e62e206c646cc9e7df4ba2dd,0xfd086bc7cd5c481dcc9c85ebe478a1c0b69fcbb9,14000000,2184,
arbitrum,deposit,501081232,1788378252000,0xe2a3b354f0202dbf68ced9f3e60f0e9dda55349c5464095bf6832373b2e8ecdb,0xf37319cb7f984f803fd48453b25c0110f9ce89bc,0xf37319cb7f984f803fd48453b25c0110f9ce89bc,0xfd086bc7cd5c481dcc9c85ebe478a1c0b69fcbb9,300000000,2184,
arbitrum,withdraw_final,501085500,1788379622000,0xd54d57dbcd624ab314434a9c77dea7b0e29982129900b70cd6640c53673c322b,,,,,,341463676961685504
arbitrum,withdraw_submit,501087082,1788379718000,0x6f3ce7e8030921785d48324da950286b015b739283967cb80f1996818801129d,,0xf37319cb7f984f803fd48453b25c0110f9ce89bc,0xfd086bc7cd5c481dcc9c85ebe478a1c0b69fcbb9,296405133,,341463676961685504
arbitrum,deposit,501090371,1788380540000,0x60bbfbc838b24295f46246732a0b8e26f14f50fe4a0d5fc2f283c96062b3dafd,0xbb48553d0c9470eb429ba35acd350c4c242ee902,0xbb48553d0c9470eb429ba35acd350c4c242ee902,0xfd086bc7cd5c481dcc9c85ebe478a1c0b69fcbb9,2000000,2184,
arbitrum,withdraw_final,501090470,1788380865000,0xf4a862f996edf239772c2c1c6421a43d6b961ff2e41039895efddb1c5dc86035,,,,,,341559317285044224
arbitrum,withdraw_submit,501092120,1788380977000,0x5dcf247ab62708d14fe71c15874bcc22a65b99e34edd66328723c2d4aa6d9a24,,0xbb48553d0c9470eb429ba35acd350c4c242ee902,0xfd086bc7cd5c481dcc9c85ebe478a1c0b69fcbb9,1000000,,341559317285044224
arbitrum,deposit,501108978,1788385205000,0x0f75d0a5908685dfc9472a8d329f0c6b16a173742a51a2cd5ebff902b86dd6eb,0x45f4e3864da8be9cde8dbadbd78f945bf71c99b1,0x45f4e3864da8be9cde8dbadbd78f945bf71c99b1,0xfd086bc7cd5c481dcc9c85ebe478a1c0b69fcbb9,200000000,2184,
arbitrum,deposit,501130761,1788390697000,0x916948de37523d55baccdd1209a84e0ca826bb00a152c1552877af03b7d97cf1,0x6807f127eaf85e3d0b9dbc7971bbed2afd041f8d,0x6807f127eaf85e3d0b9dbc7971bbed2afd041f8d,0xfd086bc7cd5c481dcc9c85ebe478a1c0b69fcbb9,80275049,2184,
arbitrum,deposit,501139532,1788392949000,0x576dd9d6752c5cc6056ff59397eece10ce433abba1eca682d45abc29efc71c45,0xce7a7c88be6b127a44e7161facff8d49b4363884,0xce7a7c88be6b127a44e7161facff8d49b4363884,0xfd086bc7cd5c481dcc9c85ebe478a1c0b69fcbb9,199850000,2184,
arbitrum,deposit,501142790,1788393793000,0x2b5222bb166856d0a2119312e3788a275bba7594cf1ad2bd92dc90e2d18e44ee,0xb7b834276eaa754cd997c7f626a5927bb8e2423a,0xb7b834276eaa754cd997c7f626a5927bb8e2423a,0xfd086bc7cd5c481dcc9c85ebe478a1c0b69fcbb9,784443700,2184,
arbitrum,deposit,501172670,1788401357000,0x4870921665c78c8e6bf749a5b5e3a7176f818576c5aa2f14c0f1ddbb176dab6d,0x4feb1eed50f5a9a404bdaa30152ccb4f0b844f8e,0x4feb1eed50f5a9a404bdaa30152ccb4f0b844f8e,0xfd086bc7cd5c481dcc9c85ebe478a1c0b69fcbb9,19963905,2184,
arbitrum,deposit,501175752,1788402140000,0xb240e6b65c5dc7568b839461ce61609881b8c318f2eb5eb17f7b66511d60733b,0xbb48553d0c9470eb429ba35acd350c4c242ee902,0xbb48553d0c9470eb429ba35acd350c4c242ee902,0xfd086bc7cd5c481dcc9c85ebe478a1c0b69fcbb9,2000000,2184,
arbitrum,withdraw_final,501175859,1788402467000,0x63041a4fb923d408a3c2875be40d60ddf5d87df3e33377748a8ad6464788ae1b,,,,,,343221400909119488
arbitrum,withdraw_submit,501177480,1788402578000,0xf79a797ca5f81b12a39fd63376439387cab68b727f722143728ef071db531f0c,,0xbb48553d0c9470eb429ba35acd350c4c242ee902,0xfd086bc7cd5c481dcc9c85ebe478a1c0b69fcbb9,1000000,,343221400909119488
arbitrum,deposit,501204719,1788409528000,0xbb3d87d45009bb179e31f6d13099609c3071030257e9898e789b009330faebe4,0x34e7826a88eba2536ef709597087e3cc2d8698ee,0x34e7826a88eba2536ef709597087e3cc2d8698ee,0xfd086bc7cd5c481dcc9c85ebe478a1c0b69fcbb9,85000000,2184,
arbitrum,withdraw_final,501209960,1788411193000,0xfe8e4bc44743d33c4a723e970224d43b8ea2afcdd000132dc05d849948b50251,,,,,,343894980642734080
arbitrum,withdraw_final,501210164,1788411247000,0x0005969a1f6ce547cfeec7a464ef36379c5cd268fd27f6ad130828d354bf5ef4,,,,,,343899189698101248
arbitrum,withdraw_final,501210233,1788411265000,0x5f04f80c1ebb91ad541c7490beca6e167ebd4aba706b58bec01aa1cef7d79d8e,,,,,,343900418075525120
arbitrum,withdraw_final,501210469,1788411328000,0x187331a3e9b94898a1b35fb6fa8813c4f478a9835a28ee71999dfcea05cd12b5,,,,,,343905408806551552
arbitrum,withdraw_final,501210526,1788411343000,0x21937b5a4c22882b11b706db6c18676c13bebe103c18e714dacd3bc6ae0757f3,,,,,,343906491150893056
arbitrum,withdraw_final,501210698,1788411389000,0xbbad3a8a78192d92b78a68e9222e3266d7788dd3dc0b1eeb6d2910e043290b09,,,,,,343910098906644480
arbitrum,withdraw_submit,501211440,1788411277000,0x6fcf41d09cb8218fd2c36f9d887f191764b156328379530a349135d1f261d73d,,0xb6056fe886b81abeb0e98b55a79b62b52a3a8c35,0xfd086bc7cd5c481dcc9c85ebe478a1c0b69fcbb9,476305175,,343894980642734080
arbitrum,withdraw_submit,501211670,1788411337000,0xed9f7b49898b30cb0c9841f0488785d0ce118e05900ae2c65547b7992a0c793a,,0x481d87216f6e3aab1ceef97105c14bebd7717322,0xfd086bc7cd5c481dcc9c85ebe478a1c0b69fcbb9,539772014,,343899189698101248
arbitrum,withdraw_submit,501211670,1788411337000,0xed9f7b49898b30cb0c9841f0488785d0ce118e05900ae2c65547b7992a0c793a,,0x9a8e8d708d60394171c66fcf6e768e9e80fb3c76,0xfd086bc7cd5c481dcc9c85ebe478a1c0b69fcbb9,2135069,,343900418075525120
arbitrum,withdraw_submit,501211902,1788411397000,0x4c6fbbc0ba08d1593bf1089e4c45b2e0771d4df6146460a4cf15661375e39e85,,0x2a046a076e8145ea6b28d9d36ee5c5f9e7218b39,0xfd086bc7cd5c481dcc9c85ebe478a1c0b69fcbb9,477378602,,343905408806551552
arbitrum,withdraw_submit,501211902,1788411397000,0x4c6fbbc0ba08d1593bf1089e4c45b2e0771d4df6146460a4cf15661375e39e85,,0x22052df0fb864587ee14dc1f88c78ca45f1896c4,0xfd086bc7cd5c481dcc9c85ebe478a1c0b69fcbb9,453201431,,343906491150893056
arbitrum,withdraw_submit,501212135,1788411457000,0x7fb7749cd8c1f3797d2c65ed2c7d5bedb7e22aafa0d8f2a93c4073cbc8087916,,0xfa2d225333320488e25ab5a3f253beab3b7d76f8,0xfd086bc7cd5c481dcc9c85ebe478a1c0b69fcbb9,496370169,,343910098906644480
arbitrum,deposit,501216745,1788412648000,0xcf060fbf8034c44f4634ac9d3b0fee4e11390becdd96726161dbd23d1f2ca81f,0x245d194aff472490a3424200bfdeecab85ddec21,0x245d194aff472490a3424200bfdeecab85ddec21,0xfd086bc7cd5c481dcc9c85ebe478a1c0b69fcbb9,10000000,2184,
arbitrum,deposit,501226632,1788415156000,0x86cca9ef6ef106e7cc88d7b576e46a6fd5a2838d77890aeae01735dc982b0586,0x52d654d52dba205205caf05b52420caaed3a288f,0x761c3b5e13eeb3e9b8aee2d0e64a1d409647b276,0xfd086bc7cd5c481dcc9c85ebe478a1c0b69fcbb9,3000000,2184,
arbitrum,deposit,501231388,1788416349000,0x44c407165136fecdeae3259b2e62cfd39f6f308aca6b1ebfd65860e4cf5336e0,0x637dc6233f878838a83ca27bdecd6e1a261b1457,0x637dc6233f878838a83ca27bdecd6e1a261b1457,0xfd086bc7cd5c481dcc9c85ebe478a1c0b69fcbb9,890000000,2184,
arbitrum,withdraw_final,501231829,1788416760000,0x05ce67b257ade5ac1057cfd09658ad928119a6422ff416d49d6d4a2ba02c4603,,,,,,344324589045678080
arbitrum,withdraw_submit,501233408,1788416857000,0x3f76d12d00be5037e30f1b088089393d157529046f333080dab8d6353e2a23e9,,0x3b4c01fa94879b93360e507da010ccf46c11740b,0xfd086bc7cd5c481dcc9c85ebe478a1c0b69fcbb9,1500000,,344324589045678080
arbitrum,deposit,501244438,1788419623000,0x4743492c5c7796b4b713ec1775519655e5ab4fc2d33b6048017e1a0187981f5c,0x7119256932106e7676f5a9fbf68f976bdee1ab65,0xd71da6f5145fba143522621839d8813ab6cfb3ce,0xfd086bc7cd5c481dcc9c85ebe478a1c0b69fcbb9,29900000,2184,
arbitrum,withdraw_final,501257030,1788423083000,0x0bffd2e651044b6d2223a15243e0cda9df19e1e4fd874af084bfadba08eed5f4,,,,,,344813407850987520
arbitrum,deposit,501257813,1788422979000,0xd30916769cf8b464f544bdd1cec91992a8996d26c7b84255e173234a8e0f271b,0xa5b03a2ee503da10dd6f24e2e27084f427f38b20,0xa5b03a2ee503da10dd6f24e2e27084f427f38b20,0xfd086bc7cd5c481dcc9c85ebe478a1c0b69fcbb9,2000000,2184,
arbitrum,withdraw_final,501260135,1788423860000,0xb87f5fb908c0fae8fe395f0371ed440a6a9b7bb67762e9e11e104e4f9d3427f0,,,,,,344873365581856768
arbitrum,deposit,501260842,1788423739000,0x98d2daa35442c3490a6f4a84ac9db419dd84a914e45b8c22f3f268732339b5c7,0xbb48553d0c9470eb429ba35acd350c4c242ee902,0xbb48553d0c9470eb429ba35acd350c4c242ee902,0xfd086bc7cd5c481dcc9c85ebe478a1c0b69fcbb9,2000000,2184,
arbitrum,withdraw_final,501260960,1788424069000,0x2e3c3855bf200fb5ac5540836e8ff6d11504f7d5647ea11c3ad6e56bcdee2779,,,,,,344889617746493440
arbitrum,withdraw_submit,501261632,1788423937000,0xbe5f1dc256f47d80ea3756a44cffeada66c81c87830174ca89bbedc0e3f3742e,,0xa5b03a2ee503da10dd6f24e2e27084f427f38b20,0xfd086bc7cd5c481dcc9c85ebe478a1c0b69fcbb9,1000000,,344873365581856768
arbitrum,withdraw_submit,501262105,1788424057000,0xa7ba755fe71d0be79bf30987f3718f51daf23c89fbaa8d4dd162b0f98ad3ee45,,0xcc22cb2860f0769adf97c4f3673b9c2fd4a2b3fb,0xfd086bc7cd5c481dcc9c85ebe478a1c0b69fcbb9,44975765,,344813407850987520
arbitrum,withdraw_submit,501262584,1788424177000,0xe1492eefb634e9873c3f81aaef30dc218318662e48a451442d4447339660f4fe,,0xbb48553d0c9470eb429ba35acd350c4c242ee902,0xfd086bc7cd5c481dcc9c85ebe478a1c0b69fcbb9,1000000,,344889617746493440
arbitrum,deposit,501265958,1788425023000,0xce1ca0a083d880af34cfa03b9610785bd5729b6d45ebd7b43a205277c483db86,0x637dc6233f878838a83ca27bdecd6e1a261b1457,0x637dc6233f878838a83ca27bdecd6e1a261b1457,0xfd086bc7cd5c481dcc9c85ebe478a1c0b69fcbb9,610000000,2184,
arbitrum,deposit,501267266,1788425350000,0x14e606c3ca7cfa72d01b046373e718cb9c064b258e6e98af43006b7ea021cd0f,0x5a9669e4e050548a9e83ba38c4470f991c2d1ac0,0x5a9669e4e050548a9e83ba38c4470f991c2d1ac0,0xfd086bc7cd5c481dcc9c85ebe478a1c0b69fcbb9,1000000,2184,
arbitrum,deposit,501267645,1788425445000,0x6d54494a3a154d6717d9238d6613f5e9dd0707005da1c594faaa00c096a41077,0x5a9669e4e050548a9e83ba38c4470f991c2d1ac0,0x5a9669e4e050548a9e83ba38c4470f991c2d1ac0,0xfd086bc7cd5c481dcc9c85ebe478a1c0b69fcbb9,1000000,2184,
arbitrum,deposit,501270855,1788426253000,0x2df2a8595d4d69718a49d9d1c69d1542f852ac045125fd4997b13cb70927fc1a,0x7dbb0798e971cf50c4491195904ea69f5c1a59c6,0x9f2a8ac833eba9caff9f3eef69803c644bc49252,0xfd086bc7cd5c481dcc9c85ebe478a1c0b69fcbb9,103000000,2184,
arbitrum,deposit,501271677,1788426460000,0x501874c02fb2c1087ed2d16443a9ac1375f6e38dbf4f6267d5466fa58f53b9f1,0x86b7dd2037cb43f158103244e1c1d51462fdd7b5,0xac1791d741fb63fa76115cbc20f7b391fcd1fd48,0xfd086bc7cd5c481dcc9c85ebe478a1c0b69fcbb9,9850000,2184,
arbitrum,deposit,501273787,1788426988000,0x10e2826a6acdf0aa03b2d804dabb373e1c76b2a62c39fb8b1d119cd1aca4867d,0x1cfa7556efda5547ec12a4b74818817c5860b776,0xcf76b6d830859c33681f52f1816059e00d787bd2,0xfd086bc7cd5c481dcc9c85ebe478a1c0b69fcbb9,105000000,2184,
arbitrum,withdraw_final,501276716,1788428023000,0xa5523e3e49665baf09840b76c32a857206f063e36744dc8c55747be2313254e6,,,,,,345195264807534592
arbitrum,withdraw_final,501277067,1788428112000,0x7d42f037cc6e9072421c3a2fc740d2414d7c0bae2812a96624c4e81f9846eb51,,,,,,345202136755208192
arbitrum,withdraw_submit,501278360,1788428137000,0x4c90120502f585031a51eb1585c4c30a4f6c105479e46d9ce28a3b48652dd0bf,,0xd541724e772082c8686bcfd8774f247cc5ab2e1c,0xfd086bc7cd5c481dcc9c85ebe478a1c0b69fcbb9,663862111,,345195264807534592
arbitrum,withdraw_submit,501278599,1788428197000,0x10bca58cbec632ac944b5d032176286a831ab99a9ba68ca03d8e6d13956a659b,,0xd541724e772082c8686bcfd8774f247cc5ab2e1c,0xfd086bc7cd5c481dcc9c85ebe478a1c0b69fcbb9,2444830,,345202136755208192
arbitrum,withdraw_final,501280088,1788428870000,0xb7bc72d851ecab6a8b9e69b6db75b16d4baefacf2af9903c1663b3b74aa298b1,,,,,,345260754460475392
arbitrum,deposit,501281004,1788428800000,0x7364596a2a2401d92609074d8d241044165282e6879ef580dd427fbd9d1a5ad6,0x0c993878c2640957396293ec9fcd1a895939d35e,0xe92406dc99a6f3d472b8bddb7e46be5dc934af7e,0xfd086bc7cd5c481dcc9c85ebe478a1c0b69fcbb9,105000000,2184,
arbitrum,withdraw_submit,501281710,1788428977000,0x09a408c037ee54632f997798e51cfad7972c91d7b4dd74723a41d6a12bedf145,,0x62dca82278c2d8bf6890cb9dbc50ecc77112a97a,0xfd086bc7cd5c481dcc9c85ebe478a1c0b69fcbb9,49830110,,345260754460475392
arbitrum,withdraw_final,501284504,1788429980000,0xb4785b6960c89273f82152f5e31f64ff542981e62a881ca996c61be83c637b53,,,,,,345346542128857088
arbitrum,deposit,501284579,1788429698000,0x535fd0a5c6c6683a56e13907c1f6302b36ef5cead6c9c5cb607715805152565f,0x5a9669e4e050548a9e83ba38c4470f991c2d1ac0,0x5a9669e4e050548a9e83ba38c4470f991c2d1ac0,0xfd086bc7cd5c481dcc9c85ebe478a1c0b69fcbb9,1000080,2184,
arbitrum,withdraw_submit,501286007,1788430057000,0x380c61d5b668cfbb615d172b899c9fb4cf94dbc7067d6f667a0296d0e1a95c75,,0x5a9669e4e050548a9e83ba38c4470f991c2d1ac0,0xfd086bc7cd5c481dcc9c85ebe478a1c0b69fcbb9,7981743,,345346542128857088
arbitrum,deposit,501287782,1788430503000,0xd233ca9ccc0a8fdb6d0c57aeea2e4b08a29a9f739f7162aaa84060ee1d197600,0xa7bba93c20c60ea698be6bf11b47eb7446692ef0,0xa7bba93c20c60ea698be6bf11b47eb7446692ef0,0xfd086bc7cd5c481dcc9c85ebe478a1c0b69fcbb9,5000000,2184,
arbitrum,deposit,501287948,1788430545000,0x9e782e9c05b50156d5ada29d2472b3d3ccd833e61178ee987d41ed94073ff7f6,0x77543dd9815f93d65b7835f2b95fd4ed876e5b56,0x77543dd9815f93d65b7835f2b95fd4ed876e5b56,0xfd086bc7cd5c481dcc9c85ebe478a1c0b69fcbb9,20000000,2184,
arbitrum,withdraw_final,501288941,1788431094000,0x70973b6d6f78c3f21d2d2fed060fba88bdfeede82e598cd0105f8af70c9afb91,,,,,,345432493043744797
arbitrum,withdraw_submit,501290549,1788431197000,0x230c6af9cedfb367b24b535a23f9c060c38b9b5dc3f76fd77d7b7c9e9aeca8a8,,0x1b83600cf881ff31fdb4a59ca701881c23ee76f7,0xfd086bc7cd5c481dcc9c85ebe478a1c0b69fcbb9,101351221,,345432493043744797
arbitrum,withdraw_final,501292163,1788431903000,0x18b6e3bec748ba95191981094784eed7585dde947c7af15af30ba53757a6ee20,,,,,,345495105047625729
arbitrum,withdraw_submit,501293655,1788431977000,0x0e4da5f4b537adfcf7f925146b5071d8a0366707f2ef91fa23ecc12b338aee48,,0xa7bba93c20c60ea698be6bf11b47eb7446692ef0,0xfd086bc7cd5c481dcc9c85ebe478a1c0b69fcbb9,4000000,,345495105047625729
arbitrum,deposit,501294186,1788432110000,0x5f0338adb86ff8c0d9459178484bed82d820e1ef5bda1d96e5ce2394f502a704,0xa7bba93c20c60ea698be6bf11b47eb7446692ef0,0xa7bba93c20c60ea698be6bf11b47eb7446692ef0,0xfd086bc7cd5c481dcc9c85ebe478a1c0b69fcbb9,4000000,2184,
arbitrum,deposit,501309984,1788436060000,0xa97c00609361265bac2eff77e32ab3998702ee1f29a82c61dc8b985a61d1ea2f,0x310e6348cd1ab705c1d69811aa13030cc22530d6,0x310e6348cd1ab705c1d69811aa13030cc22530d6,0xfd086bc7cd5c481dcc9c85ebe478a1c0b69fcbb9,101351221,2184,
arbitrum,withdraw_final,501315753,1788437814000,0x50a5390f15e2810a938b5ebe166080b50b084d0033a485938e2ac62c3e355a17,,,,,,345952141132693504
arbitrum,withdraw_submit,501317369,1788437918000,0x6aa7c4115338dd4ae13e7f1475c72f48aca054df3ae83d5d5b6df466f8b06531,,0x54b548db636b7eac8b1b86186b9c29895b918b56,0xfd086bc7cd5c481dcc9c85ebe478a1c0b69fcbb9,482649256,,345952141132693504
arbitrum,deposit,501317821,1788438030000,0x86243e5869e736dfa3b4b06cba83ae841cd0f22f6db832142aefdb876da3c25c,0x310e6348cd1ab705c1d69811aa13030cc22530d6,0x310e6348cd1ab705c1d69811aa13030cc22530d6,0xfd086bc7cd5c481dcc9c85ebe478a1c0b69fcbb9,482649256,2184,
arbitrum,deposit,501323147,1788439368000,0x2f0b9a38daff26f9182933bab6905a97759b8fd92501792d88d0c8237fbf3cfe,0xc8f5cfc5f2f1e4e2edbcb63736bfa0c54e98774b,0xc8f5cfc5f2f1e4e2edbcb63736bfa0c54e98774b,0xfd086bc7cd5c481dcc9c85ebe478a1c0b69fcbb9,68000000,2184,
arbitrum,deposit,501324089,1788439604000,0x896908c632edd1e6b23a68926f45913d2619281c9b26238d87cf4ab47ec24880,0xc8f5cfc5f2f1e4e2edbcb63736bfa0c54e98774b,0xc8f5cfc5f2f1e4e2edbcb63736bfa0c54e98774b,0xfd086bc7cd5c481dcc9c85ebe478a1c0b69fcbb9,399900000,2184,
arbitrum,deposit,501324943,1788439818000,0xfc6c90e51e6f5542395f19d007200621dc6d3d2d2d518305162a2e7bb942dc91,0x74a2b63a3ece0ac42481d8ee0af5b37daaba2c98,0x74a2b63a3ece0ac42481d8ee0af5b37daaba2c98,0xfd086bc7cd5c481dcc9c85ebe478a1c0b69fcbb9,207050856,2184,
arbitrum,deposit,501325519,1788439962000,0x8d97d964dd6db20a4f2aeeae03cd93ad25c9169d62f472e08086f1fe5e89b1d4,0x21a02d86a23d1670153a98880ca2b2b79b6ac9d1,0x21a02d86a23d1670153a98880ca2b2b79b6ac9d1,0xfd086bc7cd5c481dcc9c85ebe478a1c0b69fcbb9,110089721,2184,
arbitrum,withdraw_final,501325666,1788440299000,0x424921a93244167cf04eb3ba44e2841386e2a33f3adebcc49e98484ae388f1ff,,,,,,346143421800382547
arbitrum,withdraw_submit,501327176,1788440377000,0xc6bc08e3e8b1a52562498a50de815dd7af859411a59975996bec8e36dc786670,,0xda1efdfd64d24c5061bae4a3456fa1b2a4e957df,0xfd086bc7cd5c481dcc9c85ebe478a1c0b69fcbb9,2042260095,,346143421800382547
arbitrum,withdraw_final,501328169,1788440927000,0x961f6fed59dd6ec171eb2bfae4dbf5ca583cdf1a3eaa2c2b395e120edd2be951,,,,,,346191886194573312
arbitrum,withdraw_submit,501329810,1788441037000,0x8dea42f0395417522ee62c5f3f554d6d6f779a030abcd91889ee14b194f054f1,,0xb9dee0dcf2e08aebde7308160cd3e4860c4b0c05,0xfd086bc7cd5c481dcc9c85ebe478a1c0b69fcbb9,512119785,,346191886194573312
arbitrum,deposit,501329927,1788441066000,0x60f8fd23681e2c8f8bc0ed8beb0c1fab3d6caf1c87bb5fe37c9cf463150451d4,0xfba31dfa3c6612abca9a27f65af77d9fed7e2db7,0xfba31dfa3c6612abca9a27f65af77d9fed7e2db7,0xfd086bc7cd5c481dcc9c85ebe478a1c0b69fcbb9,10000000000,2184,
arbitrum,withdraw_final,501330293,1788441458000,0x7cc8730ac5e97d0c0e9f84ad5d442419f43e1becbb90776ea272e64df664182d,,,,,,346233006203076608
arbitrum,withdraw_submit,501331726,1788441517000,0xef1f91f84efcb8172e3f68590e64126db86af9f1be7ffe0b0663db356d10342e,,0x0bb2b16ecb2f927b7e87afed26d8d118ac2762d9,0xfd086bc7cd5c481dcc9c85ebe478a1c0b69fcbb9,78251094,,346233006203076608
arbitrum,deposit,501332180,1788441632000,0x935dd73a8800d1ec11202af18f11d6d5436053ad02dc7c306288d5d4551aa9ce,0x9633c644a6f2f089e087602a5a95943ff806681f,0x9633c644a6f2f089e087602a5a95943ff806681f,0xfd086bc7cd5c481dcc9c85ebe478a1c0b69fcbb9,102000000,2184,
arbitrum,withdraw_final,501332266,1788441954000,0x7e6658b664e55c8891b109a62ec4c7b1608f8835b908bd14a00f44ece3b808c3,,,,,,346271145516859392
arbitrum,withdraw_submit,501333870,1788442057000,0xee154f6534101e23954dfe1eec9d9e79e03bdce67dd34233d4d2c6690327bb72,,0xa0e7fb81ab940b2d9c73c01ca6e20af95a9509a2,0xfd086bc7cd5c481dcc9c85ebe478a1c0b69fcbb9,57441817,,346271145516859392
arbitrum,deposit,501334820,1788442295000,0xffad921deedc78a4ee11f276f4a549e3d7ccb2c7c852b7ab837878e7dc845a17,0xb9dee0dcf2e08aebde7308160cd3e4860c4b0c05,0xb9dee0dcf2e08aebde7308160cd3e4860c4b0c05,0xfd086bc7cd5c481dcc9c85ebe478a1c0b69fcbb9,512119785,2184,
arbitrum,deposit,501340073,1788443608000,0x31afa9b8dbdc505f304d97ab5df60553a66d7e8baff4f270348c6439dc072465,0x28cdd64c9e11f48526744a3cc31e8e23d98b2772,0x7526d6391c4dc0f3cdd913a6db767fe86da89d71,0xfd086bc7cd5c481dcc9c85ebe478a1c0b69fcbb9,35318472,2184,
arbitrum,deposit,501347007,1788445340000,0xe35458844dff53ac561e0166ad83c9582eb985839090ebd84164af9af62cde36,0xbb48553d0c9470eb429ba35acd350c4c242ee902,0xbb48553d0c9470eb429ba35acd350c4c242ee902,0xfd086bc7cd5c481dcc9c85ebe478a1c0b69fcbb9,2000000,2184,
arbitrum,withdraw_final,501347115,1788445667000,0x242ccf6e40ecab54dafacdbf43104251482a46132873ec59d5a3b9ba55b64194,,,,,,346557198928707584
arbitrum,deposit,501348111,1788445617000,0xcc99f4743a84989258ed44cc96754748770e30ecf010d8ed48e043f89b2b61d8,0x23397ec7d6cd4b4ccca9add3443b0e01598934f7,0x23397ec7d6cd4b4ccca9add3443b0e01598934f7,0xfd086bc7cd5c481dcc9c85ebe478a1c0b69fcbb9,84900000,2184,
arbitrum,withdraw_submit,501348759,1788445778000,0xecca38407268c960da2f2665e219b0e2dd9b3d0205110b3ab4b561a2da9b5d67,,0xbb48553d0c9470eb429ba35acd350c4c242ee902,0xfd086bc7cd5c481dcc9c85ebe478a1c0b69fcbb9,1000000,,346557198928707584
arbitrum,deposit,501351630,1788446494000,0x925770ce85b58af66b3af82d995b682a9a87c60cc969dad63d96208b3164a24e,0xa4d76378ffc044d95fcf102e40ae6da73a1a3f02,0xa4d76378ffc044d95fcf102e40ae6da73a1a3f02,0xfd086bc7cd5c481dcc9c85ebe478a1c0b69fcbb9,28921099,2184,
arbitrum,deposit,501358238,1788448144000,0x3f95c4025fb2d605c316519466d72cc78b0654ab30235a3714812ad5036a694c,0xf37319cb7f984f803fd48453b25c0110f9ce89bc,0xf37319cb7f984f803fd48453b25c0110f9ce89bc,0xfd086bc7cd5c481dcc9c85ebe478a1c0b69fcbb9,400000000,2184,
arbitrum,deposit,501363179,1788449377000,0x148123c732495ed0d9ee12dcd8f2ea4d5dc3e672958acf985775dcd8d998304a,0x9aec29932bf06e482da18d0b48ad6a156d26a9c9,0x77543dd9815f93d65b7835f2b95fd4ed876e5b56,0xfd086bc7cd5c481dcc9c85ebe478a1c0b69fcbb9,65000000,2184,
arbitrum,deposit,501365761,1788450022000,0x502309631f21962edf87109619fa71221a2df778fad82bb3d39e5ebc4a7da856,0x634ceaa5abf564a6eaddb1e9966a7f2932f27319,0x634ceaa5abf564a6eaddb1e9966a7f2932f27319,0xfd086bc7cd5c481dcc9c85ebe478a1c0b69fcbb9,20000000,2184,
arbitrum,deposit,501365788,1788450029000,0x632dca48da4af75d1c2d5b000cf402685f3002b4557e72b0588ab141872bff53,0xdf6c74e0387570344c4c36ff77c79fd805c5b5f7,0xdf6c74e0387570344c4c36ff77c79fd805c5b5f7,0xfd086bc7cd5c481dcc9c85ebe478a1c0b69fcbb9,100986024,2184,
arbitrum,deposit,501366431,1788450190000,0x620494977c26e4dfb4a4dd6e9c0c6877fc253a6dbcc9d6b58d97590808af1c74,0x305ae64377b2f6bcf21261e91cba6b2da18aa401,0xcbdc93370cac82d011a7d9d8448153f2d92daa01,0xfd086bc7cd5c481dcc9c85ebe478a1c0b69fcbb9,1186857097,2184,
arbitrum,withdraw_final,501369577,1788451276000,0x7d4824b8efb6cbea3f12693e9d5245f858fc54119c06cb4252897a2285c9ac45,,,,,,346989341358161920
arbitrum,deposit,501370138,1788451115000,0xc1a5cb960c5272761dd2b879a5801639c0922bfee174bd1a7a40e9f93c07057f,0xab03fbf45ee719eef883063a1a0064507ae94236,0xab03fbf45ee719eef883063a1a0064507ae94236,0xfd086bc7cd5c481dcc9c85ebe478a1c0b69fcbb9,2999689425,2184,
arbitrum,deposit,501370778,1788451276000,0xfb82ed3f4b79518ab823e220f451fb33603fb8857d54e3e96eeb53fa7ee0f095,0xde0cac01b74dee15022c840373cbaf1e2e048ead,0xdf6c74e0387570344c4c36ff77c79fd805c5b5f7,0xfd086bc7cd5c481dcc9c85ebe478a1c0b69fcbb9,1995248,2184,
arbitrum,withdraw_submit,501371106,1788451358000,0x9ca1db5b655a856b98914065ebfdf82d2c5ac5005038734a6b2b405704c02982,,0xa89b7df5086af472abe66ac78cbbfa9e6ed53bfa,0xfd086bc7cd5c481dcc9c85ebe478a1c0b69fcbb9,2232505548,,346989341358161920
arbitrum,deposit,501371622,1788451486000,0xd43797d038c64f7ce31e5ec7da738f1c323bbb1f38afbff585c80c6f3c7d3d45,0x5965624a332cbb1f3c8a1a78ff47019d84aaaae4,0x8b67c6306b4245444b84fbb195eb5e17c890ace2,0xfd086bc7cd5c481dcc9c85ebe478a1c0b69fcbb9,199900000,2184,
arbitrum,deposit,501371642,1788451491000,0x6536fcfb96e4908c187331801c5a1b4258e022a04db8edc2eba43a0dac5740e5,0xef435ae15ed39e45b359aa7f9167aafaf0394e53,0xef435ae15ed39e45b359aa7f9167aafaf0394e53,0xfd086bc7cd5c481dcc9c85ebe478a1c0b69fcbb9,55900000,2184,
arbitrum,deposit,501371784,1788451526000,0x3fe79dbdaffe06f46abe9a971ed1c8d897a13aae4380eae1f997f3e0b65ed0c6,0x461ab089b0ee4307229c8df46d627ab6a031fd71,0x461ab089b0ee4307229c8df46d627ab6a031fd71,0xfd086bc7cd5c481dcc9c85ebe478a1c0b69fcbb9,19900000,2184,
arbitrum,deposit,501389688,1788456010000,0xf2fcf32be0c1281d2db0e76b6aeeb234e705e0c7c62f1a4cab1ca3110e54dc98,0x21810108fb2c3a28b6fbb95767ed4865a4e3f2e2,0x21810108fb2c3a28b6fbb95767ed4865a4e3f2e2,0xfd086bc7cd5c481dcc9c85ebe478a1c0b69fcbb9,58460800,2184,
arbitrum,deposit,501394875,1788457313000,0xcb76c701c3a1cef02cfef20ec9239b16928875d0aa307f2897350eb2abeb89e9,0x249d4a1504d17ff1965ee3134320095ea27e8ff2,0x249d4a1504d17ff1965ee3134320095ea27e8ff2,0xfd086bc7cd5c481dcc9c85ebe478a1c0b69fcbb9,199993332,2184,
arbitrum,deposit,501395707,1788457523000,0x0941055dc00bc37c5d677d0b27b9b5c517ce60c65b6aa411f2c258586247e84c,0x4f2c859e52cb185ad3d53f273019a6e1864e30f8,0x4f2c859e52cb185ad3d53f273019a6e1864e30f8,0xfd086bc7cd5c481dcc9c85ebe478a1c0b69fcbb9,59000000,2184,
arbitrum,withdraw_final,501402467,1788459521000,0xc19bd99a905c2c2fe0a6cf5f01a1794a9506256ee98a16c8377956c7504f40be,,,,,,347625683704348672
arbitrum,withdraw_submit,501403885,1788459577000,0xd8d6dd596d9a69f39d09c3d82337e39176f52013a1788586a90dcd27c96efc62,,0x4f2c859e52cb185ad3d53f273019a6e1864e30f8,0xfd086bc7cd5c481dcc9c85ebe478a1c0b69fcbb9,58363537,,347625683704348672
arbitrum,deposit,501409026,1788460873000,0x9c33ae556013902290887a1676025fa89dc0b35c92af8bcb5e7fb4c631cb1057,0x656c7e9fbea43bcd86b6bb06d00348f944839281,0x656c7e9fbea43bcd86b6bb06d00348f944839281,0xfd086bc7cd5c481dcc9c85ebe478a1c0b69fcbb9,2313930,2184,
arbitrum,withdraw_final,501410901,1788461643000,0x036a4ea1df407857d546c1d22781747bd5ac873128861fe7b1fece7108654d64,,,,,,347789897496526848
arbitrum,withdraw_submit,501412471,1788461737000,0x4cd005b46ae3cde607d72b05177e0569a27ecb18435a769ab2802a906a39a7e6,,0x15d5a358fda3adc05487c3c1aabfb6e4d6634013,0xfd086bc7cd5c481dcc9c85ebe478a1c0b69fcbb9,1029000000,,347789897496526848
arbitrum,withdraw_final,501415031,1788462679000,0x5c58eae48efbc352d6a5bafbdaaada76e64b4bfffb560fad300ca01812012194,,,,,,347869904134733825
arbitrum,withdraw_submit,501416542,1788462758000,0xf3a82c943eee9e148710fb3b494ba9f46aa43c5548dca42b629cef548af27fce,,0x48b576c87e788a762d6f95a456f2a39113b46950,0xfd086bc7cd5c481dcc9c85ebe478a1c0b69fcbb9,39000000,,347869904134733825
arbitrum,deposit,501421352,1788463965000,0x91d852610cbdf7aef26ee095e35deba5b3d0123a8b81aa723911c3ef45efd7ac,0x634ceaa5abf564a6eaddb1e9966a7f2932f27319,0x634ceaa5abf564a6eaddb1e9966a7f2932f27319,0xfd086bc7cd5c481dcc9c85ebe478a1c0b69fcbb9,10000000,2184,
arbitrum,deposit,501422745,1788464316000,0x1e10b4835a3ae1dde29f2b7816a2a0caef457cdbd6f2b53a746e5119e3bfd200,0x629e4a4975ec20f8a46d510050bb49f2aebc9052,0x629e4a4975ec20f8a46d510050bb49f2aebc9052,0xfd086bc7cd5c481dcc9c85ebe478a1c0b69fcbb9,1649900000,2184,
arbitrum,deposit,501426875,1788465354000,0x502f89070caac533737f4bde09ea99c83783f2dafd56f9e4fdc429d6a333baf2,0xbb6a364f1ed526938bbf6e297e6c4d7f09e91788,0xbb6a364f1ed526938bbf6e297e6c4d7f09e91788,0xfd086bc7cd5c481dcc9c85ebe478a1c0b69fcbb9,240000000,2184,
arbitrum,deposit,501427946,1788465623000,0x375986fd0e0e84c41bd5af8ce6ea8848a6b6a8b2cc3382328b868226668bdf87,0xa16321dbdbc43d8e3cd9d60cb7a2174a033faabe,0xa16321dbdbc43d8e3cd9d60cb7a2174a033faabe,0xfd086bc7cd5c481dcc9c85ebe478a1c0b69fcbb9,6151745953,2184,
arbitrum,deposit,501429335,1788465971000,0x8c66e596e4f60441b78f32bacf8adbe6be9661c16a82bc9058ee74078d073260,0x71a974f7988d812e909972388404fbbaed4611e9,0x71a974f7988d812e909972388404fbbaed4611e9,0xfd086bc7cd5c481dcc9c85ebe478a1c0b69fcbb9,14728646,2184,
arbitrum,deposit,501433198,1788466939000,0x92431ee973f8f5b1bd90dedd102a2948342e5868fb4aa30912150f2baa05b67a,0xbb48553d0c9470eb429ba35acd350c4c242ee902,0xbb48553d0c9470eb429ba35acd350c4c242ee902,0xfd086bc7cd5c481dcc9c85ebe478a1c0b69fcbb9,2000000,2184,
arbitrum,withdraw_final,501433318,1788467269000,0x2cc8abd1beebe393309a9f9a7ae41ef4dc2c30df13dd738a9ac959fad2da6a81,,,,,,348224445103472640
arbitrum,withdraw_submit,501434948,1788467377000,0xd41f438545a2d0d1ffc0090d13f0f1efa83134e1928edfa233083e6c8e91cdcb,,0xbb48553d0c9470eb429ba35acd350c4c242ee902,0xfd086bc7cd5c481dcc9c85ebe478a1c0b69fcbb9,1000000,,348224445103472640
arbitrum,deposit,501439529,1788468526000,0x3c346a44e3c1a482aa2e58b892d1a3e47b5ff91568c1aa9813cb225fad425dab,0x7457fd965d22fb844d3e420494eefdb5df4b9a98,0x7457fd965d22fb844d3e420494eefdb5df4b9a98,0xfd086bc7cd5c481dcc9c85ebe478a1c0b69fcbb9,1000786478,2184,
arbitrum,withdraw_final,501441593,1788469344000,0x99b536cd97d610870ef5b1cd82122c4bc15274db8536c10bef8ea14bd9952913,,,,,,348384501375697028
arbitrum,withdraw_submit,501443082,1788469419000,0x7e4b52bf961796ecddf49c27f05e62c8515f25bb3a16a9de4f132e30a33ea3a5,,0x5667ccd3b8970500de513e18fa7e49f6c8676af7,0xfd086bc7cd5c481dcc9c85ebe478a1c0b69fcbb9,7602645,,348384501375697028
arbitrum,deposit,501451734,1788471590000,0x827a2375b6f46e11f36fb06c325a61df329165c1dbdd437ec242ecbf057f8e72,0x634ceaa5abf564a6eaddb1e9966a7f2932f27319,0x634ceaa5abf564a6eaddb1e9966a7f2932f27319,0xfd086bc7cd5c481dcc9c85ebe478a1c0b69fcbb9,10000000,2184,
arbitrum,deposit,501453094,1788471930000,0x1364ef4feea127e7bcf73136ad23d636bc56c165b5b111767e400133b54dd449,0x656c7e9fbea43bcd86b6bb06d00348f944839281,0x656c7e9fbea43bcd86b6bb06d00348f944839281,0xfd086bc7cd5c481dcc9c85ebe478a1c0b69fcbb9,11766789,2184,
arbitrum,deposit,501453829,1788472115000,0xb32538f23baaed694622dacd1707da8f6dc9939abc0d907bad758204f9b9fd6b,0x88a98527d3e9b29395f117bfef04787bcb5a9f16,0x88a98527d3e9b29395f117bfef04787bcb5a9f16,0xfd086bc7cd5c481dcc9c85ebe478a1c0b69fcbb9,10330567,2184,
arbitrum,deposit,501465140,1788474962000,0x8496375b1550f903d5b0fccd49d8ae08628f60e52c06fd03c4d616cdaca7dff7,0x656c7e9fbea43bcd86b6bb06d00348f944839281,0x656c7e9fbea43bcd86b6bb06d00348f944839281,0xfd086bc7cd5c481dcc9c85ebe478a1c0b69fcbb9,44896224,2184,
arbitrum,deposit,501474697,1788477369000,0xdabb59060fe1cfa218268329acc69c674df5cfc149a24949f9532c9792c6afc4,0x3959c404db1bcf6832c96b088f6bc818a82589c7,0x3959c404db1bcf6832c96b088f6bc818a82589c7,0xfd086bc7cd5c481dcc9c85ebe478a1c0b69fcbb9,200000300,2184,
arbitrum,deposit,501486635,1788480379000,0xe3cd8e3edfef312c1dd8c190a4e7b53dd76c47567c0ef6ff6b3015a0c11edb19,0xbd4dc759ec12314290bf7ba817f803215ad4ce4a,0x0ab94c8f94c2ec8b8db6dcee1c0df748798ea4a2,0xfd086bc7cd5c481dcc9c85ebe478a1c0b69fcbb9,52057059,2184,
arbitrum,deposit,501496483,1788482856000,0x33fb0f3a219dfd0249a2cac522187d0cf2751443f97726214b35ed73ad22092b,0x15d5a358fda3adc05487c3c1aabfb6e4d6634013,0x15d5a358fda3adc05487c3c1aabfb6e4d6634013,0xfd086bc7cd5c481dcc9c85ebe478a1c0b69fcbb9,1400000000,2184,
arbitrum,withdraw_final,501499430,1788483897000,0x3ffe178d8bdb61fc03245fe8fad7b3a41d77295c5a080bbfa8af98cfa9305f2e,,,,,,349507798502998016
arbitrum,withdraw_submit,501501026,1788483998000,0x4c5bae2ebd5f2e8760d47922607fc4c670fcfa9a1aaedd1e54c5e8ae5f9f52b9,,0x9d8267237bc81b03db353180da03593cf0069200,0xfd086bc7cd5c481dcc9c85ebe478a1c0b69fcbb9,4000000,,349507798502998016
arbitrum,deposit,501519118,1788488540000,0xd379c6480ab6d3348a7de5cf0b54f0aca28628f118eb5cbf60461b6585bf2254,0xbb48553d0c9470eb429ba35acd350c4c242ee902,0xbb48553d0c9470eb429ba35acd350c4c242ee902,0xfd086bc7cd5c481dcc9c85ebe478a1c0b69fcbb9,2000000,2184,
arbitrum,withdraw_final,501519208,1788488862000,0x97442e4d807b296450ae1b2bb345c515208ec7267fad74e49c08c4442606d973,,,,,,349891648328564736
arbitrum,withdraw_submit,501520848,1788488977000,0x72febbf99841e5a45ca2363ccd317a22218646150a6711a299cde32916e68877,,0xbb48553d0c9470eb429ba35acd350c4c242ee902,0xfd086bc7cd5c481dcc9c85ebe478a1c0b69fcbb9,1000000,,349891648328564736
arbitrum,deposit,501521636,1788489175000,0x7629b0ac742e06cf8ec8a5efe222093a2566d49212ea114a0714107a3d4a0051,0x0df4df26fcc5ac7801df16bc71ba1d134c33f281,0xbff6a7ba700dcb559a48c417bce5b93e9c4778b6,0xfd086bc7cd5c481dcc9c85ebe478a1c0b69fcbb9,1500000,2184,
arbitrum,deposit,501532003,1788491799000,0x70afd6b88556de1982e7c32de482c8fd557b87b369da2c830e8ba5bd31986140,0x74449ab85bcb2707feec8fc51ec6b9b355d6ed0c,0x74449ab85bcb2707feec8fc51ec6b9b355d6ed0c,0xfd086bc7cd5c481dcc9c85ebe478a1c0b69fcbb9,60446565,2184,
arbitrum,deposit,501548597,1788495990000,0xb704ec0f3e86ce2a6c3fc2bba7e8ee950699fa95533969ae2c0b204986709a42,0x23397ec7d6cd4b4ccca9add3443b0e01598934f7,0x23397ec7d6cd4b4ccca9add3443b0e01598934f7,0xfd086bc7cd5c481dcc9c85ebe478a1c0b69fcbb9,5900000,2184,
arbitrum,deposit,501572202,1788501970000,0xe9683b46a8d8ccae383fc20480eb1a6ccfa0d29c1f73b7143bc591727ad0c793,0x905d2113f068b4c67c6045c2cb13dbea39a7f1d3,0x905d2113f068b4c67c6045c2cb13dbea39a7f1d3,0xfd086bc7cd5c481dcc9c85ebe478a1c0b69fcbb9,221113110,2184,
arbitrum,deposit,501576228,1788502980000,0x88d4f54b215791a8b19996b3b9463e7933502dc28dd983915c90112527813d04,0x33138cf210d05834736a4173d331a96dab04abfb,0x33138cf210d05834736a4173d331a96dab04abfb,0xfd086bc7cd5c481dcc9c85ebe478a1c0b69fcbb9,28929616,2184,
arbitrum,withdraw_final,501583162,1788505025000,0x9b6e958df375bcdca0cd826c935688688350f493d2facbb1e3362f63ddaece23,,,,,,351140495985999872
arbitrum,withdraw_submit,501584720,1788505118000,0x5a50d6f57a9eab6db56f4e956067b7533671117e8bde64f606feef1af2108d9c,,0x0bcb55b886cdef95e759e92bfbc532844a5bff76,0xfd086bc7cd5c481dcc9c85ebe478a1c0b69fcbb9,7384987,,351140495985999872
arbitrum,deposit,501584906,1788505165000,0x9414c4efb5b8dca093b68460981bbe057878697a3a0f12cea2dc8e9001e4ee87,0xc40650a771028ddd0b7b4b9ba45f8fc794a4b1f2,0x66dc2cccd7fa6206617a8bdee3fb6dc21b848a3a,0xfd086bc7cd5c481dcc9c85ebe478a1c0b69fcbb9,2000000,2184,
arbitrum,deposit,501585327,1788505270000,0x24a0eacb6447675e593881e31953d3b8af9fb367c8c23ea045531c70c8ece385,0xc40650a771028ddd0b7b4b9ba45f8fc794a4b1f2,0x66dc2cccd7fa6206617a8bdee3fb6dc21b848a3a,0xfd086bc7cd5c481dcc9c85ebe478a1c0b69fcbb9,1597951147,2184,
arbitrum,deposit,501589486,1788506315000,0x741263f47b8d9c95770dc2ab350d5f2fdd95c40434c2d113fe88d1035686ff90,0xbb6fee4d8b8a121a56adbbab64f12792aaa34cd8,0xbb6fee4d8b8a121a56adbbab64f12792aaa34cd8,0xfd086bc7cd5c481dcc9c85ebe478a1c0b69fcbb9,299337365,2184,
arbitrum,deposit,501590125,1788506475000,0xb7ed126b11af514bd882e40941e5032babf91cef0ad7c509601c62aa6e7e256b,0xcd759515fd324a1fc210b6bd4c8c8881ec738868,0xcd759515fd324a1fc210b6bd4c8c8881ec738868,0xfd086bc7cd5c481dcc9c85ebe478a1c0b69fcbb9,101000000,2184,
arbitrum,deposit,501590484,1788506566000,0xf46e200cb78808ebe4bc07b99aa350c23b058053be95c37bb17cb748135a4b62,0x0df4df26fcc5ac7801df16bc71ba1d134c33f281,0xbff6a7ba700dcb559a48c417bce5b93e9c4778b6,0xfd086bc7cd5c481dcc9c85ebe478a1c0b69fcbb9,100500000,2184,
arbitrum,deposit,501596186,1788508000000,0x77b4dce7ae027fc4e9a0c3d25f918b8dd45696c69e98cef4893c7c69bbe55c24,0x07e8aaddcaa09f6f2806f92ebb735fab04a67d1c,0x07e8aaddcaa09f6f2806f92ebb735fab04a67d1c,0xfd086bc7cd5c481dcc9c85ebe478a1c0b69fcbb9,5025101219,2184,
arbitrum,deposit,501597638,1788508366000,0x53dda8ff4f24156fe8744e50fcc36e6d592cf65963727487c8858cd4d7b5e708,0x4b88e4eed02920ef7f6cf080f3782dffe7a408bb,0x4b88e4eed02920ef7f6cf080f3782dffe7a408bb,0xfd086bc7cd5c481dcc9c85ebe478a1c0b69fcbb9,19000000,2184,
arbitrum,deposit,501604684,1788510139000,0xb5cd150f78f1955e1218913203c2b617e0d2fcca4293b611bc3da5bcc5481502,0xbb48553d0c9470eb429ba35acd350c4c242ee902,0xbb48553d0c9470eb429ba35acd350c4c242ee902,0xfd086bc7cd5c481dcc9c85ebe478a1c0b69fcbb9,2000000,2184,
arbitrum,withdraw_final,501604776,1788510462000,0x291dbf1b0582f5993292447ea33a9a940d8c6373f7855331bce848796e5daea4,,,,,,351560088504238081
arbitrum,withdraw_final,501605127,1788510549000,0xa842192ed9e3ebdae0d1b945be93c5181f6ec3a3d5652b05f31f40ebc4efadbd,,,,,,351566651214266368
arbitrum,withdraw_final,501606010,1788510772000,0x648ee227a93a845d56e913e0b6e2f3337f692dfa5e640638fe9043f0449c5875,,,,,,351583908401250304
arbitrum,withdraw_submit,501606432,1788510577000,0x10463786abfd8968e4100c3b81c0b3f3d019175c5b6156897d26709f7f88f520,,0xbb48553d0c9470eb429ba35acd350c4c242ee902,0xfd086bc7cd5c481dcc9c85ebe478a1c0b69fcbb9,1000000,,351560088504238081
arbitrum,deposit,501606520,1788510599000,0xb28598c911c4f37eabf2cac2031b3e6f5af1fa5bf0644e73c48e326602ce5e25,0x314174310c3934c6924ec451754064923840aa99,0x314174310c3934c6924ec451754064923840aa99,0xfd086bc7cd5c481dcc9c85ebe478a1c0b69fcbb9,121403573,2184,
arbitrum,withdraw_submit,501606672,1788510638000,0x098a5fe9d1dcfb17250c8c2118e2f63564b089e326817a724ffe3a04cd2c0243,,0x0ab94c8f94c2ec8b8db6dcee1c0df748798ea4a2,0xfd086bc7cd5c481dcc9c85ebe478a1c0b69fcbb9,50892213,,351566651214266368
arbitrum,deposit,501607358,1788510811000,0x41d4feb72d1e1fdb34724de70ee6a41881282c3e5adc0e1c05277ef389c8f4e1,0xa16321dbdbc43d8e3cd9d60cb7a2174a033faabe,0xa16321dbdbc43d8e3cd9d60cb7a2174a033faabe,0xfd086bc7cd5c481dcc9c85ebe478a1c0b69fcbb9,4999853202,2184,
arbitrum,withdraw_submit,501607623,1788510877000,0xf301bfbd5a5572a17e6d9225cf2d8b827d3c905be020da75b8ba2393117c971a,,0x6075d2fd9809d2e22cc70068b0655c807ef35eb4,0xfd086bc7cd5c481dcc9c85ebe478a1c0b69fcbb9,144613112,,351583908401250304
arbitrum,withdraw_final,501610151,1788511811000,0x2e3a7362c85c2ef589677e93aea44e0ae4df3a920ae6be015a4ec93a75606295,,,,,,351664396084183040
arbitrum,withdraw_submit,501611694,1788511897000,0x909b0bd072bf03aa9e001b8882f0a11fde2679aa06a6703de22cad935fb0521b,,0x4b88e4eed02920ef7f6cf080f3782dffe7a408bb,0xfd086bc7cd5c481dcc9c85ebe478a1c0b69fcbb9,13521102,,351664396084183040
arbitrum,withdraw_final,501620194,1788514327000,0xa5d9367c01c3b01688c18c33690dff74c37cf41e35bad78320b2f5f31db4f393,,,,,,351858597325438976
arbitrum,withdraw_submit,501621759,1788514417000,0xb199820fbb5c8cb58adf1cfbfe5d7ac82ade17adaa681764f991c5f1d75eceb0,,0xdb344cbc5034f97cc87ba2ba28017321247e0d9a,0xfd086bc7cd5c481dcc9c85ebe478a1c0b69fcbb9,8910217,,351858597325438976
arbitrum,deposit,501644892,1788520207000,0x5f554df884b8f077d169b0e579276153cbae2ef1d400ea3da8ea95c42e5e6acd,0x23397ec7d6cd4b4ccca9add3443b0e01598934f7,0x23397ec7d6cd4b4ccca9add3443b0e01598934f7,0xfd086bc7cd5c481dcc9c85ebe478a1c0b69fcbb9,4900000,2184,
arbitrum,withdraw_final,501663438,1788525150000,0x60f7101f8cb6a3848219366b06a4cad020ef22956caf52f91731a6a6e1b8f082,,,,,,352694647073538048
arbitrum,withdraw_submit,501664906,1788525217000,0xfa6e1f548b4f8ca66438d3a4684697ff043b3a1725ba645c99cb547cc01aa096,,0x07e8aaddcaa09f6f2806f92ebb735fab04a67d1c,0xfd086bc7cd5c481dcc9c85ebe478a1c0b69fcbb9,499000000,,352694647073538048
arbitrum,deposit,501674609,1788527638000,0x1cf994f470dc0c6c18220e4e4b115608f8b512af86416289ca4eeb361fb2ca65,0x77825d831f36c897326cf4a56a2556f8554cfef4,0x77825d831f36c897326cf4a56a2556f8554cfef4,0xfd086bc7cd5c481dcc9c85ebe478a1c0b69fcbb9,600000000,2184,
arbitrum,deposit,501676881,1788528207000,0x4686409097acdcc5c66b27de7be1f67978c421d417cae1cfcd1625542520b407,0x7b6001613cf4ee53e967bf25f53e715380caf0e5,0x7b6001613cf4ee53e967bf25f53e715380caf0e5,0xfd086bc7cd5c481dcc9c85ebe478a1c0b69fcbb9,58069984,2184,
arbitrum,deposit,501679714,1788528916000,0xdb35d1aa6e5c5decda8dcc45058665b7b1cc3435c2354f43f71c379dcb335543,0x1e5ceecd43ae575602887cc982b2e1365bcddecb,0x1e5ceecd43ae575602887cc982b2e1365bcddecb,0xfd086bc7cd5c481dcc9c85ebe478a1c0b69fcbb9,65921002,2184,
arbitrum,deposit,501683376,1788529830000,0xfe54feae114a964f0b1a4581aee97da106fa065cd5b5ba08ae2415fe5440faf2,0xfba819d0bfa3a1fc39ac2e660c5b318afe8801b8,0xfba819d0bfa3a1fc39ac2e660c5b318afe8801b8,0xfd086bc7cd5c481dcc9c85ebe478a1c0b69fcbb9,25099291,2184,
arbitrum,deposit,501691014,1788531740000,0xebc6c711f00450d6c0e5de6d5983d816a06567c2d440f92d4f21732d0d2a6916,0xbb48553d0c9470eb429ba35acd350c4c242ee902,0xbb48553d0c9470eb429ba35acd350c4c242ee902,0xfd086bc7cd5c481dcc9c85ebe478a1c0b69fcbb9,2000000,2184,
arbitrum,withdraw_final,501691126,1788532068000,0x09fb4ce2fbaa5d23cc402a02e91ec5ad16f5990c4f06038e1380afcf21f3bd56,,,,,,353217000987688960
arbitrum,withdraw_submit,501692765,1788532177000,0x1191ef4140ac12cf760f6d336104a5592296b0f14ecbe9b14c1730bd75084997,,0xbb48553d0c9470eb429ba35acd350c4c242ee902,0xfd086bc7cd5c481dcc9c85ebe478a1c0b69fcbb9,1000000,,353217000987688960
arbitrum,deposit,501694085,1788532507000,0x0043191a28769ea2341cfca808893a1c1efc3cfbf4ddd110928643954fddbc2d,0xd01588528b7ec43cf8d197f82d214fb65c05f250,0xd01588528b7ec43cf8d197f82d214fb65c05f250,0xfd086bc7cd5c481dcc9c85ebe478a1c0b69fcbb9,2999713381,2184,
arbitrum,deposit,501694232,1788532544000,0x073345b6e0383f27d0a8be2e5af6aad24588bbc67f3bca4b93cde9d46904cfcf,0xef9b88e4f22a790426a5c96538cf0af729e9dc28,0xef9b88e4f22a790426a5c96538cf0af729e9dc28,0xfd086bc7cd5c481dcc9c85ebe478a1c0b69fcbb9,1999900042,2184,
arbitrum,withdraw_final,501697596,1788533685000,0x1ba8000d0529758c0f2219056825ed51107bcb0456f922bf728fc7c17ec22035,,,,,,353341168500604928
arbitrum,withdraw_submit,501699247,1788533797000,0x4d9cc5431674927a998b58e051c4db8ef52c938e983f1cf93625c67aa9fdf5ea,,0xb9b98205f564666f7b432b942642e45d23acd5d4,0xfd086bc7cd5c481dcc9c85ebe478a1c0b69fcbb9,9909521158,,353341168500604928
arbitrum,deposit,501710570,1788536627000,0x4b313ccdd82d806d0a413cd9a9f5b818bba694295ab478169b8c8b476cadf7a8,0xd3b89a09b3da0d6a49c72fd508805312a5080774,0xd3b89a09b3da0d6a49c72fd508805312a5080774,0xfd086bc7cd5c481dcc9c85ebe478a1c0b69fcbb9,148337274,2184,
arbitrum,deposit,501711813,1788536939000,0x41cf461aad3bbccf967762401fe6261100466bb3dc9e60e3cb2ae1ece10080f5,0x91bb9e4210bda0fa29356a8230e1ad53b218a90e,0x91bb9e4210bda0fa29356a8230e1ad53b218a90e,0xfd086bc7cd5c481dcc9c85ebe478a1c0b69fcbb9,57783785,2184,
arbitrum,deposit,501711937,1788536970000,0x79572eb59bc74cea69af829c2530f1cf32a31a980b6ace7ab538a0bb68d26a44,0xef435ae15ed39e45b359aa7f9167aafaf0394e53,0xef435ae15ed39e45b359aa7f9167aafaf0394e53,0xfd086bc7cd5c481dcc9c85ebe478a1c0b69fcbb9,29900000,2184,
arbitrum,deposit,501715967,1788537981000,0xa9bb10edb22cd71bcd755574db8259f91297f2f59f6a2dfdbb9378bd293a03cb,0x72c5cd18a51d53db34072546a7a38a4f73600d92,0x72c5cd18a51d53db34072546a7a38a4f73600d92,0xfd086bc7cd5c481dcc9c85ebe478a1c0b69fcbb9,100000000,2184,
arbitrum,withdraw_final,501731669,1788542220000,0xea734a94aa0644091d6730d4a0f95ee35e7ff658ad4cf65f7a3f6292ddbcc008,,,,,,353998968507596800
arbitrum,withdraw_submit,501733247,1788542317000,0x2a0a434fa91dd7cf835727262038b1b77e9fcacc5139e87fba69fcbd32b5257d,,0x15d5a358fda3adc05487c3c1aabfb6e4d6634013,0xfd086bc7cd5c481dcc9c85ebe478a1c0b69fcbb9,1400000000,,353998968507596800
arbitrum,withdraw_final,501733671,1788542724000,0x4cd99b46d095537ddf3adfe4fe3b74ee36f4e76fd7bf90cb41a9e8601ce4a75c,,,,,,354038138621919232
arbitrum,withdraw_submit,501735160,1788542797000,0xcc800b18dcd8f7114bed7c85abccbdf4668e1ff08f2dc10d38391ce0adc6407b,,0x9b022617980222a0602f4c8b75d17341f0fe1dc6,0xfd086bc7cd5c481dcc9c85ebe478a1c0b69fcbb9,19000000,,354038138621919232
arbitrum,withdraw_final,501738996,1788544061000,0x21d618e3f4c428b4e01a62cfa3eb4bae56a6f7529924172248010692864e3c93,,,,,,354141080402264075
arbitrum,withdraw_submit,501740420,1788544118000,0x6c7ba54c3fb8f294a0496c160342322663f654834a4f2748aa4a832d5a76de0e,,0x5dbe60215ec84f37f615f966baf270b3adf27da7,0xfd086bc7cd5c481dcc9c85ebe478a1c0b69fcbb9,101689741,,354141080402264075
arbitrum,deposit,501767704,1788550995000,0x434b93a92d71b97763113a6a8e3c6f172237aeae6294a6c8371f98ae05e6157e,0xc41536b619d904fb757436903a403f64383ef9af,0xc41536b619d904fb757436903a403f64383ef9af,0xfd086bc7cd5c481dcc9c85ebe478a1c0b69fcbb9,100766124,2184,
arbitrum,deposit,501775001,1788552835000,0xd2c68aa843a4cf2a6e398bb18e2cb82e9fa27ad3c07ac49bbe913502364607f8,0xe448d9d70efe95714e38d210e58d458dab0a77d5,0xe448d9d70efe95714e38d210e58d458dab0a77d5,0xfd086bc7cd5c481dcc9c85ebe478a1c0b69fcbb9,24587572,2184,
arbitrum,deposit,501776989,1788553339000,0x33a5b891ccfa4babd6df0df192bf2442ddc69a77967d9a07966cb30571c4c5df,0xbb48553d0c9470eb429ba35acd350c4c242ee902,0xbb48553d0c9470eb429ba35acd350c4c242ee902,0xfd086bc7cd5c481dcc9c85ebe478a1c0b69fcbb9,2000000,2184,
arbitrum,withdraw_final,501777098,1788553667000,0x10c70b7a368eeda35ded9df1c4fa94dcaa22368fd78958273ef0569a23845c40,,,,,,354883061751480320
arbitrum,withdraw_submit,501778725,1788553777000,0x046d5e307074c7adc59936c5d86ba276785926d94e34b9e9983d34a6b02fa9dd,,0xbb48553d0c9470eb429ba35acd350c4c242ee902,0xfd086bc7cd5c481dcc9c85ebe478a1c0b69fcbb9,1000000,,354883061751480320
arbitrum,deposit,501788541,1788556291000,0x40f32b42a80119f241b5ead1b1ba539d62a904ac483b4c5b4962bc04e0157923,0x394f965f342a0844c83ccc95daade7162d6572bf,0x394f965f342a0844c83ccc95daade7162d6572bf,0xfd086bc7cd5c481dcc9c85ebe478a1c0b69fcbb9,1000000,2184,
arbitrum,deposit,501788645,1788556318000,0x44747eff246097ffda06d815f9131670b09e0500e43f534adedbb16bb7bf8334,0x394f965f342a0844c83ccc95daade7162d6572bf,0x394f965f342a0844c83ccc95daade7162d6572bf,0xfd086bc7cd5c481dcc9c85ebe478a1c0b69fcbb9,1000000,2184,
arbitrum,deposit,501817782,1788563958000,0xb5893c9eb1ad2d27770864612b071fd43b99ff86771465c98c52418bae99730f,0xd7828713347cbcb7a6bb36cd05c79e27bb0ceb1c,0xd7828713347cbcb7a6bb36cd05c79e27bb0ceb1c,0xfd086bc7cd5c481dcc9c85ebe478a1c0b69fcbb9,10886184,2184,
arbitrum,deposit,501828729,1788566833000,0x65dee6626eaa9dc921808af7858c4141ae34ef67280cfcbd2e00974df66b1637,0x45fee30d230866c31ece6de21b2cec44c0973376,0x4e7a73aef9ab90045b1f6c055446002c5804df29,0xfd086bc7cd5c481dcc9c85ebe478a1c0b69fcbb9,92433601,2184,
arbitrum,withdraw_final,501846187,1788571656000,0x19cb02a49c19d82ebe3b0b226fc64df1e1611d1947c0ad96746c622b6f89bf72,,,,,,356261668965056513
arbitrum,withdraw_submit,501847580,1788571718000,0xc611c98532006b2be930d48d52740856e45ca7fc9254d3cec254374edc9f0b4c,,0x637dc6233f878838a83ca27bdecd6e1a261b1457,0xfd086bc7cd5c481dcc9c85ebe478a1c0b69fcbb9,965714630,,356261668965056513
arbitrum,deposit,501848709,1788572005000,0x54327397530bb4dfde0c722eca7c7ca01f7f6da44e0f779c7c084c665afc3617,0x938add8d43bf57982286de3255724058e1b845d3,0x938add8d43bf57982286de3255724058e1b845d3,0xfd086bc7cd5c481dcc9c85ebe478a1c0b69fcbb9,84792096,2184,
arbitrum,deposit,501859355,1788574761000,0x911a94def4936da99fdba98ee228788b2e9d36d2971c8f8c4525e1c3bf55b847,0x059d55743cfc2bed1cd37b17968fb00ab789fa16,0x059d55743cfc2bed1cd37b17968fb00ab789fa16,0xfd086bc7cd5c481dcc9c85ebe478a1c0b69fcbb9,149900000,2184,
arbitrum,deposit,501860054,1788574939000,0xfc9afa9162c9cf5cbf5e703998f11647bbccba279e57208c1d73037d2fec2bed,0xbb48553d0c9470eb429ba35acd350c4c242ee902,0xbb48553d0c9470eb429ba35acd350c4c242ee902,0xfd086bc7cd5c481dcc9c85ebe478a1c0b69fcbb9,2000000,2184,
arbitrum,withdraw_final,501860144,1788575263000,0xabea3f270d4ae855f6b2c277083e01e231eef4991d2d9f436cb2f2414b0b4704,,,,,,356539201140817920
arbitrum,withdraw_submit,501861731,1788575377000,0x03de4eca7ecdafb90d17110287440ae68db0b80aa5add53a2c962196e6ebe1c0,,0xbb48553d0c9470eb429ba35acd350c4c242ee902,0xfd086bc7cd5c481dcc9c85ebe478a1c0b69fcbb9,1000000,,356539201140817920
arbitrum,deposit,501864999,1788576226000,0x28edb2ddff58836e45a57309b6d7bcc849a89f903a358117c231b7eff2fb0cb2,0x9db66d15e466b4eab2e33b690569eaf50fd99f92,0x9db66d15e466b4eab2e33b690569eaf50fd99f92,0xfd086bc7cd5c481dcc9c85ebe478a1c0b69fcbb9,109900000,2184,
arbitrum,withdraw_final,501865551,1788576669000,0x59653021856619e4335f11cb7809b008fa82f947d6ae0c7ff54d6b3dfa46067a,,,,,,356647099326005248
arbitrum,withdraw_submit,501867028,1788576757000,0xa0310a9b67b343aa2725342d750dd23a072dd8140ddf7eb5f6b63f02f178e5bc,,0xe92406dc99a6f3d472b8bddb7e46be5dc934af7e,0xfd086bc7cd5c481dcc9c85ebe478a1c0b69fcbb9,104000000,,356647099326005248
arbitrum,deposit,501873801,1788578542000,0x5dabb4791ae87fc06d7d9918813a9c4eb114f3063a17a526695edb5667bb61a2,0xd19a251eddf3369a251578308632019e8f498442,0xf026a6992993f55dd59500a6fad32dd4d4c82042,0xfd086bc7cd5c481dcc9c85ebe478a1c0b69fcbb9,1000000,2184,
arbitrum,deposit,501873986,1788578590000,0xcc57797a2bdf50781520c1ac4c706620495735ef66a86b672e85a17f16dd44d0,0xd19a251eddf3369a251578308632019e8f498442,0xf026a6992993f55dd59500a6fad32dd4d4c82042,0xfd086bc7cd5c481dcc9c85ebe478a1c0b69fcbb9,99869763,2184,
arbitrum,deposit,501877652,1788579545000,0x3791a97946eb49b97b8381aea192709b81c7db06834f926f3a2cf1d067d4e733,0x48b576c87e788a762d6f95a456f2a39113b46950,0x48b576c87e788a762d6f95a456f2a39113b46950,0xfd086bc7cd5c481dcc9c85ebe478a1c0b69fcbb9,21295240,2184,
arbitrum,deposit,501880626,1788580339000,0x240ae3b6384e6c2cc80627f0cdf9488f48486f7d3dc74b1e9f4ff5dcca42847c,0x9aec29932bf06e482da18d0b48ad6a156d26a9c9,0x77543dd9815f93d65b7835f2b95fd4ed876e5b56,0xfd086bc7cd5c481dcc9c85ebe478a1c0b69fcbb9,64844950,2184,
arbitrum,deposit,501882262,1788580777000,0x61e27593592bf27d659dd8448dfd85e7f4aa72777b8258dd6d3e81511ee3ad4c,0x651d2c03f5ce5a41dbfc0c146e361ba706d13089,0x5ed92edf167e93c3dfb29b33e4fb630fdb3b8ebf,0xfd086bc7cd5c481dcc9c85ebe478a1c0b69fcbb9,500200000,2184,
arbitrum,deposit,501885494,1788581662000,0x97791bb928cc85a6c016598bd85870ebf4f80feaecf5913fdd4e09ff65925590,0x704eb3a78e703829aa02fd0b3998253a3ecb74bd,0x1c6d598019aa60daa5bbdd0d22f268ec15f5038e,0xfd086bc7cd5c481dcc9c85ebe478a1c0b69fcbb9,1999900000,2184,
arbitrum,deposit,501923128,1788591580000,0xdb04ad82aa6af9a058187efd1e9e74e22ae9a465bbdb0411dcf6d0a228b44dfe,0x201bade7cb685cd59394a153dc2bf171f26c7c99,0x0451ace2c4bfc95a6bfa923559f643343dc9cdcf,0xfd086bc7cd5c481dcc9c85ebe478a1c0b69fcbb9,199892194,2184,
arbitrum,deposit,501923950,1788591787000,0xb9c22ad8fba8500f4214a663126c90a2a23a5e2b9522dd27ced07e7dd23036dc,0x389f2efc88ecf3d6782d66429cbba0b807a88abe,0xf8d548922b7a5f0ce02a9d44ce134cb848ec2b31,0xfd086bc7cd5c481dcc9c85ebe478a1c0b69fcbb9,299845144,2184,
arbitrum,withdraw_final,501939083,1788595949000,0x602c1458448ecd89d56221978d4fd37affa0d85c5d18bb1ba2543091a6a4628a,,,,,,358125633227718656
arbitrum,withdraw_final,501940108,1788596212000,0x53143a95a42ca0e7568dc3aeea1c31696c1d34eb69f11910306253c7eb549877,,,,,,358145802381557760
arbitrum,withdraw_submit,501940517,1788596017000,0x6b0c8650258aa63b75bede429999bf7892964bef35e02bfa135cd00c0979f574,,0x6db8584fb505b759a71f47a1ffb772fec8469f8b,0xfd086bc7cd5c481dcc9c85ebe478a1c0b69fcbb9,2068426899,,358125633227718656
arbitrum,deposit,501941459,1788596254000,0x94dca42d39f6f6760cc17b0a9128d980529612e09e46a01977bf1b22c594ee1b,0x03ac494ba8ed655323d00b3ff733c867527fe3ed,0x03ac494ba8ed655323d00b3ff733c867527fe3ed,0xfd086bc7cd5c481dcc9c85ebe478a1c0b69fcbb9,19173614,2184,
arbitrum,withdraw_submit,501941707,1788596317000,0xc5083f607e4b0dc85b7866b499dda83c3288547706b824008cfc543df9fcdff9,,0x5c5f887237882ee7c56fa754b37c776bcc4f801b,0xfd086bc7cd5c481dcc9c85ebe478a1c0b69fcbb9,499000000,,358145802381557760
arbitrum,deposit,501942575,1788596539000,0xb1fd20a9edbd1e534b779fd84758bb5c2ca5e13e24d1d21f60e0a1d05f473c32,0xbb48553d0c9470eb429ba35acd350c4c242ee902,0xbb48553d0c9470eb429ba35acd350c4c242ee902,0xfd086bc7cd5c481dcc9c85ebe478a1c0b69fcbb9,2000000,2184,
arbitrum,withdraw_final,501942683,1788596867000,0x8273d4924ca13f344a513f6dd0e80c86bf17c95c6acac2bca677c1ed6307712f,,,,,,358196070674595840
arbitrum,withdraw_submit,501944299,1788596977000,0x73e3b58d69c8212e5cb0e47de521d659bbacc7830769c37ddf874e6b16771a01,,0xbb48553d0c9470eb429ba35acd350c4c242ee902,0xfd086bc7cd5c481dcc9c85ebe478a1c0b69fcbb9,1000000,,358196070674595840
arbitrum,withdraw_final,501945196,1788597507000,0x389c6d123ebbd924bf0dd4d0b0b7b88bddb0d4292d7ca3d85359ebc91ecb6a81,,,,,,358244913063657487
arbitrum,withdraw_submit,501946644,1788597577000,0xc4bb29727548215a03eb5645622e9c145404a584bcd8e535837660071b59b616,,0x80e958ae34867c54fd993ef68c3ade2d22dc5268,0xfd086bc7cd5c481dcc9c85ebe478a1c0b69fcbb9,499216135,,358244913063657487
arbitrum,deposit,501946866,1788597634000,0xb5ca701e51826263422e83b9aa01f3449e5076fac7c13cf815cab94b5416933a,0x85686deb620c8a224832a2a57fe9517c7a6efe75,0xe4855dfbd6a75097e5fb9650f419312a15f0b364,0xfd086bc7cd5c481dcc9c85ebe478a1c0b69fcbb9,99900000,2184,
arbitrum,deposit,501947642,1788597832000,0x9a7e138f71d6b97f406bafa10aebd1a477388e5895cf444e1b249036f4a9cb64,0x85686deb620c8a224832a2a57fe9517c7a6efe75,0xe4855dfbd6a75097e5fb9650f419312a15f0b364,0xfd086bc7cd5c481dcc9c85ebe478a1c0b69fcbb9,2399900000,2184,
arbitrum,withdraw_final,501953246,1788599558000,0xa0e22f08d109cce734f172c90fe5641324114d73fba39dc4efd4e9b86c88c0fb,,,,,,358402340782342144
arbitrum,withdraw_submit,501954665,1788599617000,0xff3b1ca5c69cf701a12ced109b5c9e82142a874af041e8dd14c90ce29b5682a1,,0xaa79ccde9f1ada46f51f701b8a4fb089eb4ad412,0xfd086bc7cd5c481dcc9c85ebe478a1c0b69fcbb9,2412902617,,358402340782342144
arbitrum,deposit,501955222,1788599758000,0x4cb28db7070d86847d3d7152d22fdd42cfb367f883b1999ac9cc18f6fe2ff5a1,0x85686deb620c8a224832a2a57fe9517c7a6efe75,0xe4855dfbd6a75097e5fb9650f419312a15f0b364,0xfd086bc7cd5c481dcc9c85ebe478a1c0b69fcbb9,100900000,2184,
arbitrum,deposit,501965526,1788602379000,0xd94ab6c588bf680f7a9df3237ba34c6332202fd34f739bd4c46bfa300ae933d8,0x9559937df0ceafd3e62e206c646cc9e7df4ba2dd,0x9559937df0ceafd3e62e206c646cc9e7df4ba2dd,0xfd086bc7cd5c481dcc9c85ebe478a1c0b69fcbb9,19990000,2184,
arbitrum,withdraw_final,501967992,1788603300000,0x2787f7c6c2eab8e428489f8a0639d9717a6e19f3665112d15e59c331e1309fcc,,,,,,358689450739367936
arbitrum,withdraw_submit,501969562,1788603397000,0xcd304dee4a3fede6f4ea0424d354993d2857d63ad7a4fe531bee1a54bf05ab15,,0x74a2b63a3ece0ac42481d8ee0af5b37daaba2c98,0xfd086bc7cd5c481dcc9c85ebe478a1c0b69fcbb9,20000000,,358689450739367936
arbitrum,withdraw_final,501970044,1788603819000,0x39c70b29c4304ac720a728f8fbd28ecfeafc76b5bf778d3241b286ecfb6c2a05,,,,,,358729196366725120
arbitrum,withdraw_submit,501971445,1788603877000,0x023bc5c3c0a140c3f017436205ef8fffd918b6f930171ef180d1a76f3971deef,,0x74a2b63a3ece0ac42481d8ee0af5b37daaba2c98,0xfd086bc7cd5c481dcc9c85ebe478a1c0b69fcbb9,32000000,,358729196366725120
arbitrum,withdraw_final,501971935,1788604301000,0xb898040af10499bd6d7e912f3c9856612c82609d5b178eac2ae4b5a5fb58bb61,,,,,,358766390812868643
arbitrum,withdraw_submit,501973332,1788604357000,0xf9f29b427ceaaf81dc16acc75ef575347d2a010ff8a5311dd0b76ac99eb998d7,,0xadb2cc3215c14960240ac2e8f62371e1382497ef,0xfd086bc7cd5c481dcc9c85ebe478a1c0b69fcbb9,2441143,,358766390812868643
arbitrum,deposit,502003083,1788611920000,0xa50fc11a87c58d3c80746b6afd9cd2581bbde5ace9a1ae5d8bf51d281d21f13d,0x938add8d43bf57982286de3255724058e1b845d3,0x938add8d43bf57982286de3255724058e1b845d3,0xfd086bc7cd5c481dcc9c85ebe478a1c0b69fcbb9,99970297,2184,
arbitrum,withdraw_final,502007308,1788613284000,0x4ee623d92d165324c144c8c8666e0e9787a746e266a9993fa767745cd59619ab,,,,,,359454547636125696
arbitrum,withdraw_submit,502008800,1788613357000,0x075e2991eb29d262df083c71e36d1ed5b21240784716c80b577cb53ebd0c544a,,0x784c3160d0ecaa39e47a35df7bec5b2f02134c1b,0xfd086bc7cd5c481dcc9c85ebe478a1c0b69fcbb9,257745579,,359454547636125696
arbitrum,withdraw_final,502019223,1788616274000,0xa38c4771b532ee659978d3d352ef3ef47cc2ebd6bce3fc258ad16a05c7377a4a,,,,,,359684465833803776
arbitrum,deposit,502020493,1788616293000,0x6366185ebf98d1a6698089c970cae6c0ca2d97b2a9a78e28389f9806111eceb4,0xd8b6f900307407f836d21d62c8db76ff3a7b8990,0xd8b6f900307407f836d21d62c8db76ff3a7b8990,0xfd086bc7cd5c481dcc9c85ebe478a1c0b69fcbb9,49173554,2184,
arbitrum,withdraw_submit,502020748,1788616357000,0x4d9382730f04544109719f23e0d147889fd6c3093596b9248211908a984ed6e1,,0x05a5afc4d5a890bde3a61506dc3085b83f78dc05,0xfd086bc7cd5c481dcc9c85ebe478a1c0b69fcbb9,408814019,,359684465833803776
arbitrum,deposit,502027866,1788618142000,0xcce9dc43d4c9b512fb00852307e15275d18cc63c31c03bfdea597198fb7b6091,0xbb48553d0c9470eb429ba35acd350c4c242ee902,0xbb48553d0c9470eb429ba35acd350c4c242ee902,0xfd086bc7cd5c481dcc9c85ebe478a1c0b69fcbb9,2000000,2184,
arbitrum,withdraw_final,502027978,1788618470000,0x1ae29337ecbafee122c34339d4e8b06c70c5f63b3697eab7f7222f2fd7a32f48,,,,,,359853129186934784
arbitrum,withdraw_submit,502029602,1788618577000,0xc65f18c2bc375155fce27c919983b26d7f9d314f8be7ce03c1481ff0bd081ece,,0xbb48553d0c9470eb429ba35acd350c4c242ee902,0xfd086bc7cd5c481dcc9c85ebe478a1c0b69fcbb9,1000000,,359853129186934784
arbitrum,withdraw_final,502039851,1788621451000,0xb3d218dd89018f2882f4536c2893e191ce8fbe3d7c1ed388d5e46abdb61d2c5e,,,,,,360081681585012736
arbitrum,withdraw_submit,502041306,1788621517000,0x7ca10b1b0d78d79019aea73bf2655905f28ba268300c7fc9d5fd8441a7f9733c,,0x07e8aaddcaa09f6f2806f92ebb735fab04a67d1c,0xfd086bc7cd5c481dcc9c85ebe478a1c0b69fcbb9,4535441006,,360081681585012736
arbitrum,deposit,502053424,1788624565000,0x7ee6bbfe6026f453439e1ceb3298a2470a0d45906fba08a3f070d497d1a7e0af,0xde0cac01b74dee15022c840373cbaf1e2e048ead,0xdf6c74e0387570344c4c36ff77c79fd805c5b5f7,0xfd086bc7cd5c481dcc9c85ebe478a1c0b69fcbb9,400000000,2184,
arbitrum,withdraw_final,502054414,1788625112000,0xef062eee6d5dab534e2fbe18a430949fbbe503c146348c15f512b9d33c0951f8,,,,,,360362400639090688
arbitrum,withdraw_submit,502055877,1788625177000,0x2ee37cd40ebeb917a4313c3c0a7b109da140aab8618268846f70ba03d0465960,,0xca72c93172ba6eff168e59e7f17c3c7a8fea9b62,0xfd086bc7cd5c481dcc9c85ebe478a1c0b69fcbb9,3999000000,,360362400639090688
arbitrum,withdraw_final,502061474,1788626886000,0xc3b353af881995d565a5f99ba577c0058aa829fa0725cb3124198a785119335d,,,,,,360498800214671361
arbitrum,deposit,502062171,1788626764000,0xeeb24e0e2eb8f75133b629f5418eb1c6b873d337aa55a9d6df42ccc9185f3209,0x29091ad7e8544a64c6623cc23a8c43dacfe6ac36,0x1345ede92a313aa09a29fec0ec6ff3b866be3b12,0xfd086bc7cd5c481dcc9c85ebe478a1c0b69fcbb9,100000000,2184,
arbitrum,deposit,502062183,1788626767000,0x68d7277f3e78c174df2d4a2179b816ef3aacc193a105a6107c3e3359d7f00567,0x6dac5862c24d706d5a5fc84e92e6012f2ff0798d,0x6dac5862c24d706d5a5fc84e92e6012f2ff0798d,0xfd086bc7cd5c481dcc9c85ebe478a1c0b69fcbb9,20000000,2184,
arbitrum,withdraw_submit,502063018,1788626977000,0x9d6de5baa0d8c02aee4394b16e6ea842f04a6803020dde2d5d54eac58bf89051,,0x2162feb49e9efe2506de3273f4edabe09d36cbaf,0xfd086bc7cd5c481dcc9c85ebe478a1c0b69fcbb9,85233614,,360498800214671361
arbitrum,withdraw_final,502073078,1788629806000,0xe09dcfc7e11059c81ef18696b6bc3575f16268f9ee2b3b0c42bf8cef9c8c9a34,,,,,,360723804978151473
arbitrum,withdraw_submit,502074705,1788629918000,0x8a6145c1a0c80bc7c6dbac6bd2198165068e58997ed5afe47b7a7383112deb7a,,0x1e9442c78bf24a5ffabf4b97de91ffa070328e47,0xfd086bc7cd5c481dcc9c85ebe478a1c0b69fcbb9,1102062603,,360723804978151473
arbitrum,deposit,502094674,1788635001000,0xfa48270b1c156a5654926080472316d21a1a51aae41fb271df1a4a4f59d83973,0x62dca82278c2d8bf6890cb9dbc50ecc77112a97a,0x62dca82278c2d8bf6890cb9dbc50ecc77112a97a,0xfd086bc7cd5c481dcc9c85ebe478a1c0b69fcbb9,322284543,2184,
arbitrum,deposit,502105652,1788637823000,0x07ca5f86ff46d7fa4f2da2058a8c29be80da0c0be46a3065b5ab0c6a7b85b2a0,0xf5ad148dbac87be6878eca06c5dc76881eed0f44,0xf5ad148dbac87be6878eca06c5dc76881eed0f44,0xfd086bc7cd5c481dcc9c85ebe478a1c0b69fcbb9,13141677,2184,
arbitrum,deposit,502113118,1788639740000,0x31b765c573554bbf9bfff6ca2da3fc7e3a61f145362f20d39a783359f19e6f9d,0xbb48553d0c9470eb429ba35acd350c4c242ee902,0xbb48553d0c9470eb429ba35acd350c4c242ee902,0xfd086bc7cd5c481dcc9c85ebe478a1c0b69fcbb9,2000000,2184,
arbitrum,withdraw_final,502113225,1788640067000,0xece9fdd8235d14da979fb5a8d6ad3080dc27344fa36291d8f0756073fe6ef8fc,,,,,,361512936478343168
arbitrum,withdraw_submit,502114857,1788640177000,0xbd27254101007e2530e2bcf02b4102eb2840ff298063623fed8bd58870630c67,,0xbb48553d0c9470eb429ba35acd350c4c242ee902,0xfd086bc7cd5c481dcc9c85ebe478a1c0b69fcbb9,1000000,,361512936478343168
arbitrum,deposit,502114995,1788640212000,0xd7740cae6cfcf9a7b901bc32014f1a69403a4534092637e6b3b006bb736cb920,0x9940048d0a2e62ccf34157161121e9c0ef2faa37,0x9940048d0a2e62ccf34157161121e9c0ef2faa37,0xfd086bc7cd5c481dcc9c85ebe478a1c0b69fcbb9,999441797,2184,
arbitrum,withdraw_final,502137458,1788646280000,0x019bd6c507e603ec1c21c919e79f12c6dd92d8bc4a25b488f91f538ebd691358,,,,,,361990030043906048
arbitrum,withdraw_submit,502138921,1788646357000,0x10b0fa00810a169f93cbc3cfa3c261ac16ede834b8e23f8f5c0f3e1e66c9724b,,0x45271cfdecde4aac3c9a4e84d4c0eb1134ee678c,0xfd086bc7cd5c481dcc9c85ebe478a1c0b69fcbb9,18088656,,361990030043906048
arbitrum,deposit,502141046,1788646902000,0x1c9f2fcde5201a21c391a428f1916a11cd7fde90c9614734d0e5d09e88d89da9,0x7a36921581703e4b48bbf723c542cd1959290f0f,0x7a36921581703e4b48bbf723c542cd1959290f0f,0xfd086bc7cd5c481dcc9c85ebe478a1c0b69fcbb9,349718289,2184,
arbitrum,deposit,502148889,1788648919000,0xc2df90d6616377da42f8e2d2d22834cbd88a0b7f3ccdf3fb1b65d0efec4bc209,0xe1dac561fd01d2c01ab0ab8c9981422149bdfe1c,0xe1dac561fd01d2c01ab0ab8c9981422149bdfe1c,0xfd086bc7cd5c481dcc9c85ebe478a1c0b69fcbb9,98757667,2184,
arbitrum,deposit,502154967,1788650497000,0xa2cf11ebbb72c3779b002ebbefb60cc3e8f5273e290f4082953d278314bf12f3,0x6db71105c8c5674bda1182978c2758853699343d,0x22c3a253918d942f886454b11a612b31652effe9,0xfd086bc7cd5c481dcc9c85ebe478a1c0b69fcbb9,9996859,2184,
arbitrum,deposit,502155192,1788650554000,0x1eb53c439d735e554ca282252fb820d96aee4854fee5961bb9225a4deef26642,0x6db71105c8c5674bda1182978c2758853699343d,0x22c3a253918d942f886454b11a612b31652effe9,0xfd086bc7cd5c481dcc9c85ebe478a1c0b69fcbb9,1505331750,2184,
arbitrum,deposit,502167139,1788653668000,0x9c434e583d4983d4e87a1ec7bb7b84a2e2161487648cd37b2f9d3350380cc7a1,0x0f63b0d8a0501e1f083f742926656f329f0d6b4c,0xc344872814da175ba136d0050cf96873ca969a93,0xfd086bc7cd5c481dcc9c85ebe478a1c0b69fcbb9,48453422,2184,
arbitrum,deposit,502170211,1788654451000,0x4e9d67f161233eb92790f18ee332799d5a81fb88d966c83dc6e8f1c8ea6c85b3,0x567f382fd818e4495eef5f397a064a370b3a53a4,0x567f382fd818e4495eef5f397a064a370b3a53a4,0xfd086bc7cd5c481dcc9c85ebe478a1c0b69fcbb9,2000000000,2184,
arbitrum,deposit,502171604,1788654808000,0x5396c0b85b8c4695bc7ea5acf0307b8455d681fa6083ce016ffc4967da6d7d90,0x48b576c87e788a762d6f95a456f2a39113b46950,0x48b576c87e788a762d6f95a456f2a39113b46950,0xfd086bc7cd5c481dcc9c85ebe478a1c0b69fcbb9,54990719,2184,
arbitrum,withdraw_final,502177662,1788656667000,0x6115303e4051085f679215f6e71d97136e771d8946ada34796de816ffd2cee54,,,,,,362786050692612096
arbitrum,withdraw_submit,502179130,1788656737000,0xd26332a975c233f4fdac7cd478c1512e4d39cf919aefd9c96d488250fe6c797a,,0x567f382fd818e4495eef5f397a064a370b3a53a4,0xfd086bc7cd5c481dcc9c85ebe478a1c0b69fcbb9,1910888693,,362786050692612096
arbitrum,deposit,502179919,1788656934000,0xf5d1f788d5a63f5763f7c83b264343b7dea4e6c8c8487991b5c1bbd05fa08ab9,0xe54c1b310e83f15812852f794bf2dc8efd7d0bd8,0xe54c1b310e83f15812852f794bf2dc8efd7d0bd8,0xfd086bc7cd5c481dcc9c85ebe478a1c0b69fcbb9,1099536664,2184,
arbitrum,withdraw_final,502184982,1788658518000,0xa60502d2955d12c55084c65323f374b29f2bc367b116aed210cbc718e1261143,,,,,,362929081676726272
arbitrum,withdraw_submit,502186467,1788658597000,0x51905077d7f6b7a747d5b4b1373631932754d1c29df403706f270f0c91407797,,0xe54c1b310e83f15812852f794bf2dc8efd7d0bd8,0xfd086bc7cd5c481dcc9c85ebe478a1c0b69fcbb9,1059936564,,362929081676726272
arbitrum,deposit,502188994,1788659248000,0x8ef22bb06129898305baec7a13914444225fe6230af766994304c3e0c9f4ab13,0x227fd2fd881cc6c99dfccc0fb40f2b1dc2f3f36e,0x227fd2fd881cc6c99dfccc0fb40f2b1dc2f3f36e,0xfd086bc7cd5c481dcc9c85ebe478a1c0b69fcbb9,31063848,2184,
arbitrum,deposit,502197230,1788661340000,0x39d509076c06570f2c3a1e4ad484e8445c1d16dda58c485d92e1630b6d34bbc7,0xbb48553d0c9470eb429ba35acd350c4c242ee902,0xbb48553d0c9470eb429ba35acd350c4c242ee902,0xfd086bc7cd5c481dcc9c85ebe478a1c0b69fcbb9,2000000,2184,
arbitrum,withdraw_final,502197323,1788661664000,0x6ef81284b490a664ccc4f95cb79230e1feb57f5041b1b3ac58bb2e24e5f5bbc0,,,,,,363171807466881024
arbitrum,withdraw_submit,502198935,1788661778000,0x59dd4c0f54d3f79a9e91ac52c1a0ac5ff09c0c1fd62d68a54fc87eced1f15468,,0xbb48553d0c9470eb429ba35acd350c4c242ee902,0xfd086bc7cd5c481dcc9c85ebe478a1c0b69fcbb9,1000000,,363171807466881024
arbitrum,deposit,502202112,1788662592000,0xeb0d3ed2ca3fb1a5fcd6f39a9f3383dad34fb6ce6ff16a147a9916a227d44b4e,0x5ecc25d1f658af69d9b59fcaedb2d9ee38254036,0x5ecc25d1f658af69d9b59fcaedb2d9ee38254036,0xfd086bc7cd5c481dcc9c85ebe478a1c0b69fcbb9,1149640341,2184,
arbitrum,deposit,502204632,1788663235000,0xf4b0f38d6239bea86537c973ba3c8b734c73454228f2b5c89ac0b21fb23c197e,0x91bb9e4210bda0fa29356a8230e1ad53b218a90e,0x91bb9e4210bda0fa29356a8230e1ad53b218a90e,0xfd086bc7cd5c481dcc9c85ebe478a1c0b69fcbb9,81210207,2184,
arbitrum,withdraw_final,502207212,1788664200000,0xc498c8cbd16c52610249525c691fc6c129c7d13849d4955777f13ceb9eece5ae,,,,,,363367408863281152
arbitrum,withdraw_submit,502208747,1788664297000,0x195d87d8bfc4e4bdafec8552e3cf169a7e7000fe240a0293722635e5b779cc1a,,0x7526d6391c4dc0f3cdd913a6db767fe86da89d71,0xfd086bc7cd5c481dcc9c85ebe478a1c0b69fcbb9,2000000,,363367408863281152
arbitrum,withdraw_final,502209149,1788664702000,0x607c743215b11707bffab61d7d8cfa99933fb92db59a1671f518c394e6f71e93,,,,,,363405943330832384
arbitrum,withdraw_submit,502210615,1788664777000,0x1ebca07799c248719251e5adba38736a4cd054bf21e2be8c16f1eaa245db17d3,,0x5ecc25d1f658af69d9b59fcaedb2d9ee38254036,0xfd086bc7cd5c481dcc9c85ebe478a1c0b69fcbb9,1094544615,,363405943330832384
arbitrum,withdraw_final,502220928,1788667741000,0x7fb344daf962cc2d242205bf2d126d501c56d786182128e65275598d7346ba32,,,,,,363640439959453789
arbitrum,deposit,502221464,1788667580000,0x3e778b33266cde5e10a0328abec584c023bc9a7638535e473eee968abac88ce1,0x2aa7c65c086b70b6963f9506c179752f88cb3d63,0x2aa7c65c086b70b6963f9506c179752f88cb3d63,0xfd086bc7cd5c481dcc9c85ebe478a1c0b69fcbb9,84800000,2184,
arbitrum,withdraw_submit,502222478,1788667837000,0xdcda6fbf077224e6d683e95a30ee8228bac73683fd38404e8ad720cb94ad7fc6,,0x9940048d0a2e62ccf34157161121e9c0ef2faa37,0xfd086bc7cd5c481dcc9c85ebe478a1c0b69fcbb9,999000000,,363640439959453789
arbitrum,deposit,502228147,1788669292000,0xc3ce48d939934b9d297dac3033e9849e3c9eb446bf161f9229dbc356db37fa1e,0xd83115fb7fafe5eb307fce11bfce3162660a745e,0xd83115fb7fafe5eb307fce11bfce3162660a745e,0xfd086bc7cd5c481dcc9c85ebe478a1c0b69fcbb9,20050677,2184,
arbitrum,deposit,502243167,1788673204000,0x5c35b5ade5de86220ca3deaf78eb487e88935177d93a0ee93907f779dd4d8aa2,0x7acda3388f78126eb7718470b3d193051498e4d8,0x7acda3388f78126eb7718470b3d193051498e4d8,0xfd086bc7cd5c481dcc9c85ebe478a1c0b69fcbb9,101000000,2184,
arbitrum,deposit,502245801,1788673886000,0xb2fc4dbb6b553ad888ca37f13515fc9c4bf3e296773328632cb70edb12137086,0x011211ec9576923988c2fe5aa3a362528c4e7e64,0x011211ec9576923988c2fe5aa3a362528c4e7e64,0xfd086bc7cd5c481dcc9c85ebe478a1c0b69fcbb9,2757358,2184,
arbitrum,deposit,502252391,1788675578000,0xdb5c6ceb4882a64b8ad2e6419388b7ca786cab38158cf457bbefdcbfc6d50d4a,0x011211ec9576923988c2fe5aa3a362528c4e7e64,0x011211ec9576923988c2fe5aa3a362528c4e7e64,0xfd086bc7cd5c481dcc9c85ebe478a1c0b69fcbb9,730809405,2184,
arbitrum,withdraw_final,502256084,1788676819000,0xb565d48256d316d9cede664dfebf848d4b03decd636d09899ee38160125fe3da,,,,,,364340511026184192
arbitrum,withdraw_submit,502257571,1788676897000,0xdb82e6e7ce9bcb140213f078e5f7528311d484fa7f1d32252d515a4a0c1c29dd,,0x011211ec9576923988c2fe5aa3a362528c4e7e64,0xfd086bc7cd5c481dcc9c85ebe478a1c0b69fcbb9,622408096,,364340511026184192
arbitrum,deposit,502258866,1788677225000,0xcbb00500438fdae7cb80fb8b0154e38165b9694652106defa11dbd094affc812,0x7cd91c87e0dacc08ce279e3c09b1151705daf509,0x7cd91c87e0dacc08ce279e3c09b1151705daf509,0xfd086bc7cd5c481dcc9c85ebe478a1c0b69fcbb9,67879934,2184,
arbitrum,deposit,502266453,1788679138000,0x271c3ad618fe7db5a711cb0b15dc8b54a51ece4884aeb51950c6590acbd971ac,0x260aa9c51793743bd5ba682c2a6550121317f1d9,0x5476c250bee8eb824d2e9c1508574e4d20d42874,0xfd086bc7cd5c481dcc9c85ebe478a1c0b69fcbb9,799800000,2184,
arbitrum,deposit,502268348,1788679612000,0x151332142d8f8eef901d688edb0ab109c6ac1abcb4e61654574333263eded737,0x4d6588735d8f023581eef1a25d27a0fb882c08e4,0xe9c211ab4f051e86ac9b8e9ea0fbcdff56a36613,0xfd086bc7cd5c481dcc9c85ebe478a1c0b69fcbb9,249900000,2184,
arbitrum,withdraw_final,502272820,1788681039000,0x682512979a57691d2fbd3b3cd2363656d6c30f52839c1bc881e55beadf025ca0,,,,,,364666284291391488
arbitrum,withdraw_final,502274123,1788681367000,0x1f1fb7c1b12fd5428d3802a50122dceba82cb0f3cf8c717005827e6b1c6a2623,,,,,,364691255235444737
arbitrum,deposit,502274184,1788681083000,0xd81ebdac6d3e0a0461145d298aaf589d731fc5468a0e6b67e93d8eaaf5c0c5a1,0x0251cb14b357c0a014f53ad17d46798167825370,0x0251cb14b357c0a014f53ad17d46798167825370,0xfd086bc7cd5c481dcc9c85ebe478a1c0b69fcbb9,25356723,2184,
arbitrum,withdraw_submit,502274242,1788681097000,0xd2fda632cd47f15affc3f974b6dd14590643ac7beae4847d346bd8c506bb2fcc,,0xe9c211ab4f051e86ac9b8e9ea0fbcdff56a36613,0xfd086bc7cd5c481dcc9c85ebe478a1c0b69fcbb9,215800527,,364666284291391488
arbitrum,deposit,502274503,1788681163000,0x7066d7c8c675eb671e1878417910b0f58fe04741786563a04f3eb65b7928bf7d,0xe4dd8955016f9bd95ee6620085bc20c7d8f24b0d,0x90e9ae408a0a7a76929c1cd8d03c4928625528aa,0xfd086bc7cd5c481dcc9c85ebe478a1c0b69fcbb9,249900000,2184,
arbitrum,withdraw_submit,502275668,1788681457000,0x8bd7c4715af9763c63192ccc9ef58ce58048e71bc8d85a1255dac00c6c91a8d9,,0xedf0645293a1eb06eb2c4a7f57f7391381eec557,0xfd086bc7cd5c481dcc9c85ebe478a1c0b69fcbb9,769356135,,364691255235444737
arbitrum,deposit,502277287,1788681865000,0x31b769ecef64c813c39a59360fe22bf98ab16d6faa8ba7a63e437769ee0d0901,0x5507348f3496442f727dfbf7e0c925cc34693ee4,0x005f5b7878047ce8a4b40bc1fdb2b6f3e67dd811,0xfd086bc7cd5c481dcc9c85ebe478a1c0b69fcbb9,100900000,2184,
arbitrum,deposit,502278736,1788682229000,0x5166bf441b36e24c93afedb2af0525800090fccba6ffbfb3a7e5804df61effb5,0x5800113e1e1b200bcb05f69996fbc76fab52791c,0x5800113e1e1b200bcb05f69996fbc76fab52791c,0xfd086bc7cd5c481dcc9c85ebe478a1c0b69fcbb9,100900000,2184,
arbitrum,deposit,502279076,1788682315000,0xe238a41b32009cfed29f0c955d93948b5e94e464f36efd90a4e416fd42d4bf96,0xbe3b85de4bce9b3398dcdac20af48df6054e7adf,0xf3eedddb59704d5c1786492b0a3790d6801b6f90,0xfd086bc7cd5c481dcc9c85ebe478a1c0b69fcbb9,399800000,2184,
arbitrum,withdraw_final,502280094,1788682872000,0xdd87813bfaca398c844a002f78be49aa6de119c54381bbdcf280c0d45c2d5a93,,,,,,364807399732674560
arbitrum,deposit,502281559,1788682940000,0x40f55c326824abfb70266355c8aa2dac07849af46e5685274e16097935c93c37,0xbb48553d0c9470eb429ba35acd350c4c242ee902,0xbb48553d0c9470eb429ba35acd350c4c242ee902,0xfd086bc7cd5c481dcc9c85ebe478a1c0b69fcbb9,2000000,2184,
arbitrum,withdraw_submit,502281628,1788682957000,0x5dfe963ba2ee420ab9a6bc08103e1c817505be62025cab52861024235c979d71,,0x2e4e0dfaff6b97061307245b0b9c17bc7a4a8335,0xfd086bc7cd5c481dcc9c85ebe478a1c0b69fcbb9,197009886,,364807399732674560
arbitrum,withdraw_final,502281638,1788683260000,0x3ca5144dfaaf0960143deed454bd1f64c658ca3f193d3cb593dd4d741f88ae83,,,,,,364837464503746560
arbitrum,withdraw_submit,502283060,1788683317000,0xbc25aeef5216f332f62788c5b1f85ac7eda33ae42302d337e3b2f7c4c95652e4,,0xbb48553d0c9470eb429ba35acd350c4c242ee902,0xfd086bc7cd5c481dcc9c85ebe478a1c0b69fcbb9,1000000,,364837464503746560
arbitrum,deposit,502289237,1788684880000,0x7169f8bb2343a1a984606125382977c9f6d42c76817d8759dc3873222b8076d4,0xde2944f8fdcabef2a99592b2aa9abf0fedfe1f46,0xde2944f8fdcabef2a99592b2aa9abf0fedfe1f46,0xfd086bc7cd5c481dcc9c85ebe478a1c0b69fcbb9,100963652,2184,
arbitrum,withdraw_final,502291824,1788685835000,0x7cca21ec88ef1b3ac57ec8263d5f716bd4c87d5846d8571ba65d58beac1736b4,,,,,,365035333638684672
arbitrum,withdraw_submit,502293254,1788685897000,0x518b7ac2c6d7b8e526e3c43b35b0239341d088bfab37859685083a63326160cf,,0xedf0645293a1eb06eb2c4a7f57f7391381eec557,0xfd086bc7cd5c481dcc9c85ebe478a1c0b69fcbb9,381494170,,365035333638684672
arbitrum,deposit,502294884,1788686309000,0xbdf60d5850708dd7725b4c7d8a8e4b3689314e73dbabab5cfec70b0e6712be86,0xa3465a610feeb9e814a0a7ff4937bae677ac98fd,0xa3465a610feeb9e814a0a7ff4937bae677ac98fd,0xfd086bc7cd5c481dcc9c85ebe478a1c0b69fcbb9,300913407,2184,
arbitrum,deposit,502296638,1788686754000,0xb1893aa2acee03f6ce5b23ee74bb39866e56b2335eb905326a50cd98961269de,0xe3c7f5b82b2040630d67475a8668698c4523d0b5,0xe3c7f5b82b2040630d67475a8668698c4523d0b5,0xfd086bc7cd5c481dcc9c85ebe478a1c0b69fcbb9,199711609,2184,
arbitrum,deposit,502300276,1788687673000,0x5be90ed4d73d18571e451aa43441f9669f48df618da0e2979a986c6bf078dc23,0xfb6c6722886b2a7d55922ebd408ae3e2f78adced,0x2b7cc1bd00049e450aa2aa4a7c49c549c7a83b6b,0xfd086bc7cd5c481dcc9c85ebe478a1c0b69fcbb9,13330992,2184,
arbitrum,withdraw_final,502300678,1788688075000,0x2ff5db33e1457920134bd232eacd6eb9c0b41a30d0691ec39b5f7cdd182db614,,,,,,365208266222862336
arbitrum,withdraw_submit,502302269,1788688177000,0xe467ba5d94a9a36673a100d310d47eee14822334a2cc72b4afc695c7a3b6201f,,0x2e4e0dfaff6b97061307245b0b9c17bc7a4a8335,0xfd086bc7cd5c481dcc9c85ebe478a1c0b69fcbb9,273652943,,365208266222862336
arbitrum,deposit,502316012,1788691660000,0x15f2df4967c4f02d36c684bb81168a77f7cba0edc45ef2a0684d4f8080938182,0x0efc5c1119e1e6ff9b8f22f03dfeb321c4d74a8d,0xfd917205f880d20d3307bbefdb8c68965746b341,0xfd086bc7cd5c481dcc9c85ebe478a1c0b69fcbb9,499941875,2184,
arbitrum,deposit,502348481,1788699850000,0xff42d5cc87fc39cc89edcaa25f71f5fd3f836efd8ab2ce4f9b6be9c3b5f959ed,0x3503a8b3edf6f9189a9c3e4f0afca3556916e360,0x3503a8b3edf6f9189a9c3e4f0afca3556916e360,0xfd086bc7cd5c481dcc9c85ebe478a1c0b69fcbb9,583642936,2184,
arbitrum,withdraw_final,502351703,1788700962000,0x6e359c9b9fbde496ef9aed031c501b5059572e9aaa59429914296e2150b53726,,,,,,366201941266530304
arbitrum,withdraw_submit,502353108,1788701017000,0x2dd73f9f1a13cf1f23cf25f60c36c86b73fb09cd75600acdb61a5a89d6f6a191,,0x5c051c0ff69b6f5fdd47e847eb370dd48726ec4d,0xfd086bc7cd5c481dcc9c85ebe478a1c0b69fcbb9,779043272,,366201941266530304
arbitrum,withdraw_final,502353632,1788701448000,0x603d924fd5f84f59e1f2a1e8284ddb6256eb312c2632845ad91864d7e45b2179,,,,,,366239711187959808
arbitrum,withdraw_submit,502355262,1788701557000,0x4d0b7e1bcd29b54aab67d5f5626a19c01cb651f14b911995965f1d372464124d,,0x3503a8b3edf6f9189a9c3e4f0afca3556916e360,0xfd086bc7cd5c481dcc9c85ebe478a1c0b69fcbb9,508880352,,366239711187959808
arbitrum,withdraw_final,502361972,1788703547000,0xd3637fc370e62c13d5bce90856d3269f3a9f99d9efeee467c815d2f2bae9e9f7,,,,,,366401975064985600
arbitrum,withdraw_final,502363229,1788703863000,0xf7af3eae8617aa342ba07c1c68577675537091bd46eba1aba657dc13f0f03b1f,,,,,,366426404834770944
arbitrum,withdraw_submit,502363602,1788703657000,0xb305320e095cc03490edae04442a5b602c65ba76f3a61b8e6bdffd87bdb541f1,,0xaad6624f5494066c96d1d0707106f1ad58fc1b63,0xfd086bc7cd5c481dcc9c85ebe478a1c0b69fcbb9,8202776,,366401975064985600
arbitrum,withdraw_submit,502364801,1788703957000,0xf65f274673e63352cb7b1385d4defa1e21b1d952a3cd984511f3c2b085e4a45c,,0x28439b5fc7621cd7ac5dfe0cdb85874990202c82,0xfd086bc7cd5c481dcc9c85ebe478a1c0b69fcbb9,303724364,,366426404834770944
arbitrum,deposit,502367134,1788704540000,0x4f57a72edda3f9dd9779149704916c19edfa211124e741d1073daeb06cbd2028,0xbb48553d0c9470eb429ba35acd350c4c242ee902,0xbb48553d0c9470eb429ba35acd350c4c242ee902,0xfd086bc7cd5c481dcc9c85ebe478a1c0b69fcbb9,2000000,2184,
arbitrum,withdraw_final,502367236,1788704866000,0xce9d71e95f7858b1bd45f94c6aedc55636a18179f7d62f445da01d55f857bc96,,,,,,366503817325314048
arbitrum,withdraw_submit,502368889,1788704979000,0x7784597b2e3da22ed5dc2127d92798a0f4126a6f4c78d8986a2dd3dd5f84e048,,0xbb48553d0c9470eb429ba35acd350c4c242ee902,0xfd086bc7cd5c481dcc9c85ebe478a1c0b69fcbb9,1000000,,366503817325314048
arbitrum,deposit,502384514,1788708892000,0x5f824d70dc2dfcb91a63e2bc3bab6b628167f813c73b2b35bbd0d10f0b6af832,0x0d5bdd4a57fce9e26b2e78c879487c7d465aae38,0xf8d90f7d85d4df5d4ba5c383f58f36564db082cc,0xfd086bc7cd5c481dcc9c85ebe478a1c0b69fcbb9,101000000,2184,
arbitrum,deposit,502384883,1788708985000,0xeb9f80945c248da7a527cd5bfc41c58f8f87922f1a76d7ec6e8553c978788af9,0x6c5b34c6e00f17ed778dedd3512ca255852cc460,0xfc14a534b674b72cddb17bdd550742c8d41d27bb,0xfd086bc7cd5c481dcc9c85ebe478a1c0b69fcbb9,479800000,2184,
arbitrum,deposit,502385880,1788709236000,0xb93d5a4d0668a21cff6be9100ec1358823848ea580918db1f9ef0ea6a7b5d780,0xc05ba48cdaa4c9285d96bff09243f410ca584a9d,0xc05ba48cdaa4c9285d96bff09243f410ca584a9d,0xfd086bc7cd5c481dcc9c85ebe478a1c0b69fcbb9,659548158,2184,
arbitrum,deposit,502389961,1788710267000,0xf783b8c949e7d79b04a418e87c3a62416b9086133cfb8b5a537f5248d1ccff1c,0x74e86963ff2b80a87e0384845446604cfa442981,0x74e86963ff2b80a87e0384845446604cfa442981,0xfd086bc7cd5c481dcc9c85ebe478a1c0b69fcbb9,510482629,2184,
arbitrum,withdraw_final,502393523,1788711466000,0x47b3b7cf3d64f03c5f70794743efb87cf7e492d2fdf0b7de4e177ddc7756e3cd,,,,,,367012770962472961
arbitrum,withdraw_submit,502395146,1788711577000,0x017c075dfceadc7bb1e81fcd2e0b9ec222ffef888fddbda9aa1a2029631d486f,,0xc05ba48cdaa4c9285d96bff09243f410ca584a9d,0xfd086bc7cd5c481dcc9c85ebe478a1c0b69fcbb9,607414117,,367012770962472961
arbitrum,deposit,502397162,1788712087000,0xa80670056cc320799540f3995552b63afaa7f38ed656e5b0b69d253af8dc88c3,0x146395aa29161a83e9bb9cf51a3f2c90f5a0eefc,0x146395aa29161a83e9bb9cf51a3f2c90f5a0eefc,0xfd086bc7cd5c481dcc9c85ebe478a1c0b69fcbb9,601166700,2184,
arbitrum,withdraw_final,502397766,1788712538000,0x42a0983c3fe978097254c5fad661439f1596d20782f3220e3a7b6763a3b80b65,,,,,,367095809843396609
arbitrum,withdraw_submit,502399193,1788712597000,0x8042d23f821841ca3d4d8716a86ba674d261ccc0484735ae8084cf616006ee66,,0x74e86963ff2b80a87e0384845446604cfa442981,0xfd086bc7cd5c481dcc9c85ebe478a1c0b69fcbb9,458942833,,367095809843396609
arbitrum,deposit,502400757,1788712993000,0xa1415320ae10ca372f78ae237c81fc5580d4f3d402bd5b5aa22640df5439d030,0x51920f2c912df608357e6e4968610403514f8a4a,0x3ece3c4088281c76f9f6bea5205d8b8902ab3385,0xfd086bc7cd5c481dcc9c85ebe478a1c0b69fcbb9,7000000,2184,
arbitrum,deposit,502401688,1788713230000,0x13a72635c25ca3726fb44fa20e64a07e3a0e13f0f2cca5313cd16ea3286ed031,0x51920f2c912df608357e6e4968610403514f8a4a,0x3ece3c4088281c76f9f6bea5205d8b8902ab3385,0xfd086bc7cd5c481dcc9c85ebe478a1c0b69fcbb9,1980593402,2184,
arbitrum,withdraw_final,502412175,1788716192000,0x239407f544177d7fc472537b2ea078c65c9f9ce6cd0ebba7c98ef2ae30383a46,,,,,,367377396501839872
arbitrum,withdraw_submit,502413613,1788716257000,0xc8eb47d4155fcfdd90ff31695aca22201d50465c9bdac78d97be2db3e21352f4,,0x146395aa29161a83e9bb9cf51a3f2c90f5a0eefc,0xfd086bc7cd5c481dcc9c85ebe478a1c0b69fcbb9,556415752,,367377396501839872
arbitrum,deposit,502414431,1788716466000,0xaef676dbc53c2435a1941fbd583319c0a400eb23c630a7e294976e87158e822f,0x668e67b292ff03e8dce6f47a37a6f41b46266e29,0x668e67b292ff03e8dce6f47a37a6f41b46266e29,0xfd086bc7cd5c481dcc9c85ebe478a1c0b69fcbb9,568042109,2184,
arbitrum,deposit,502420740,1788718067000,0x845928d7c0fd2801eac5ab2c485fd86942303bc19d8f194b0df7c90956a95a3f,0x6b1b97f3cf07409bfb30ef3f9800a491dbdae2a9,0x6b1b97f3cf07409bfb30ef3f9800a491dbdae2a9,0xfd086bc7cd5c481dcc9c85ebe478a1c0b69fcbb9,38416956,2184,
arbitrum,deposit,502424246,1788718963000,0xc54700d817e2a698eb19136d3bf26682ae90bd6e733f007a22c05bb97dda3fb5,0x0a0ac74e6b788b65677e3a0a911b44a7e23ac229,0xf2e4115727cd713de5de4d8c0a01944bb1904e42,0xfd086bc7cd5c481dcc9c85ebe478a1c0b69fcbb9,5000000,2184,
arbitrum,deposit,502424827,1788719110000,0x322d43f171d87f4a38ce24dfebf5ea95f8b454ca232048383a4556cddc68ad02,0x3021a59f56cae360183c40965d7059a4a73a7ba7,0x3021a59f56cae360183c40965d7059a4a73a7ba7,0xfd086bc7cd5c481dcc9c85ebe478a1c0b69fcbb9,15000000,2184,
arbitrum,deposit,502445378,1788724394000,0xac9c67b69bd6812872d615bae0d8f2e7294cf36b485e0906d497a8940ce4d321,0xde99bedf04accb868e7a897cc3769a37818adc17,0xde99bedf04accb868e7a897cc3769a37818adc17,0xfd086bc7cd5c481dcc9c85ebe478a1c0b69fcbb9,116199060,2184,
arbitrum,withdraw_final,502449719,1788725830000,0xbffe45534a26a98a3533b0ad0d4ff487b3903f55d72e94c24a365b27f3f67f84,,,,,,368122092278775808
arbitrum,withdraw_submit,502451214,1788725917000,0xbb04e9ceafa9ca12df02082012483c5d46da396892b68daa4e700e80ea3bdfc9,,0x668e67b292ff03e8dce6f47a37a6f41b46266e29,0xfd086bc7cd5c481dcc9c85ebe478a1c0b69fcbb9,506250899,,368122092278775808
arbitrum,deposit,502452078,1788726139000,0xd52c6a49fe224d3cd5396eeed64f8551ef82aaff8a26e625d2559a83ef1c9c4e,0xbb48553d0c9470eb429ba35acd350c4c242ee902,0xbb48553d0c9470eb429ba35acd350c4c242ee902,0xfd086bc7cd5c481dcc9c85ebe478a1c0b69fcbb9,2000000,2184,
arbitrum,withdraw_final,502452162,1788726460000,0xd9a7dc6dc9c58e2e6c147764ce490e42f1312e704089a3aa693024f9b8adbb0e,,,,,,368170625413414912
arbitrum,withdraw_final,502452390,1788726518000,0xdb14b35011a08e1c6450c600fadb26dc59ec518168f01218348b09f2d76252cf,,,,,,368175117961789441
arbitrum,deposit,502452683,1788726293000,0xb860dd5a0163b8e2555d0d3d8db6c07c3b97f288df7c18691b2a15ad9e6430fb,0x66cd59dcc487e2fc0c4e2c0b8cca4fc32895f225,0x66cd59dcc487e2fc0c4e2c0b8cca4fc32895f225,0xfd086bc7cd5c481dcc9c85ebe478a1c0b69fcbb9,108417470,2184,
arbitrum,withdraw_submit,502453577,1788726517000,0x8d89b460053226478d35cea8af30100a5af15241048dc959449d667d213bdc70,,0xbb48553d0c9470eb429ba35acd350c4c242ee902,0xfd086bc7cd5c481dcc9c85ebe478a1c0b69fcbb9,1000000,,368170625413414912
arbitrum,withdraw_submit,502453813,1788726577000,0xb31998c27387de0b5a2a31df95662bf7291c5c713a5326ec909e7c2d82b83c84,,0x3ece3c4088281c76f9f6bea5205d8b8902ab3385,0xfd086bc7cd5c481dcc9c85ebe478a1c0b69fcbb9,1982216540,,368175117961789441
arbitrum,deposit,502456645,1788727297000,0x90c2115646bc7188d696fad709568e2cbc9207682ffed74ba8cd1f85386dad21,0x9a1afe531026be171daaea1cfb07419e0476546b,0x9a1afe531026be171daaea1cfb07419e0476546b,0xfd086bc7cd5c481dcc9c85ebe478a1c0b69fcbb9,150070893,2184,
arbitrum,withdraw_final,502457404,1788727793000,0xb40bf6c72b86b608008a1d968ee1c71e55637117ec8db5efd29d7777948ddde0,,,,,,368273438332157952
arbitrum,deposit,502458281,1788727716000,0x331ff080cad8720aed6caebe0da5aa075ba149101fab5e324e7fb89073313504,0x1c5b6f266c168352b45bdfd6b6875f9ea19c35fb,0x1c5b6f266c168352b45bdfd6b6875f9ea19c35fb,0xfd086bc7cd5c481dcc9c85ebe478a1c0b69fcbb9,155456604,2184,
arbitrum,deposit,502458552,1788727785000,0x1c9adce8df09bbcb904d0f1f7f24d53d7c3a6091c9396ca80414851dee7b3013,0x6b1b97f3cf07409bfb30ef3f9800a491dbdae2a9,0x6b1b97f3cf07409bfb30ef3f9800a491dbdae2a9,0xfd086bc7cd5c481dcc9c85ebe478a1c0b69fcbb9,27492694,2184,
arbitrum,withdraw_submit,502458985,1788727897000,0x3a19eda2a07163c6e19c99dcbd19593a00ffbb901a23100d50cf090fc816f1e1,,0x0251cb14b357c0a014f53ad17d46798167825370,0xfd086bc7cd5c481dcc9c85ebe478a1c0b69fcbb9,19543843,,368273438332157952
arbitrum,deposit,502461207,1788728467000,0x039da35bc2a5fb95304c78f2df2eea23a278c34e00a5fbecd5e3088812635a9d,0xa3e65d66521671b28ecc2bd15b92854f5b0c6a82,0xa3e65d66521671b28ecc2bd15b92854f5b0c6a82,0xfd086bc7cd5c481dcc9c85ebe478a1c0b69fcbb9,119955343,2184,
arbitrum,deposit,502463149,1788728968000,0x59cfba7cf50f0c752d874e78fbe1fc0536c67fc696021f9fcf88016c88f9356f,0xfba819d0bfa3a1fc39ac2e660c5b318afe8801b8,0xfba819d0bfa3a1fc39ac2e660c5b318afe8801b8,0xfd086bc7cd5c481dcc9c85ebe478a1c0b69fcbb9,20943631,2184,
arbitrum,withdraw_final,502463275,1788729301000,0x806083bcc16103cf50e8710bacd137105fd7f86627b324bd8269789211240a22,,,,,,368390124016238592
arbitrum,deposit,502463861,1788729151000,0xc76ba1f88e2c16bb98fe9dc061d75cdadefe7c8ab38bc1de0b95c4b4505166dd,0x67d77402d94c358506deaf584f1f3a044f495bc7,0x67d77402d94c358506deaf584f1f3a044f495bc7,0xfd086bc7cd5c481dcc9c85ebe478a1c0b69fcbb9,299983392,2184,
arbitrum,withdraw_submit,502464817,1788729397000,0x5ad05762d8afba417318fa62c8084f5d6af711bdbd0bfb9e02de67ad4d522153,,0x1c5b6f266c168352b45bdfd6b6875f9ea19c35fb,0xfd086bc7cd5c481dcc9c85ebe478a1c0b69fcbb9,113915568,,368390124016238592
arbitrum,withdraw_final,502465358,1788729835000,0xe0009f2e4c582bb33d948651007c6705a0d66fda69c631c28da9f264174846ee,,,,,,368431338518216704
arbitrum,deposit,502466121,1788729731000,0xf90e1216f49ce7b79b3caf64cff4310e9bbed645cbab64e1dbabb20e12cee249,0xac46c43cc309b65f79ced5e8a5cb545398400351,0xac46c43cc309b65f79ced5e8a5cb545398400351,0xfd086bc7cd5c481dcc9c85ebe478a1c0b69fcbb9,121707358,2184,
arbitrum,deposit,502466508,1788729831000,0x7e686b5e91e5d407700c432509279139431ca58eed074cd5792df665bdb4c1f5,0xb81c89808d501e0aad162a1cad9871f9c60df9e1,0xb81c89808d501e0aad162a1cad9871f9c60df9e1,0xfd086bc7cd5c481dcc9c85ebe478a1c0b69fcbb9,133990162,2184,
arbitrum,withdraw_submit,502466923,1788729937000,0xc977ea870bea92fefb1204fe217b4a930ebceb54450a474ed8d700e0168e5202,,0xa3e65d66521671b28ecc2bd15b92854f5b0c6a82,0xfd086bc7cd5c481dcc9c85ebe478a1c0b69fcbb9,80596001,,368431338518216704
arbitrum,withdraw_final,502469587,1788730938000,0xd4102327cbb6fc1805f326915278f3d50a5c0352e8074c9ebc61abb821af94f4,,,,,,368516421816156160
arbitrum,withdraw_submit,502471040,1788731019000,0x444b4fdb4ffb907a89bf7464e8859d6b879f02524e2e2b1fe16b68f36d996aa4,,0xac46c43cc309b65f79ced5e8a5cb545398400351,0xfd086bc7cd5c481dcc9c85ebe478a1c0b69fcbb9,78443297,,368516421816156160
arbitrum,withdraw_final,502473523,1788731974000,0xaa239b3eec8700fb465ffcedb9143e4f8d8c97fa89c4d2830b221a266852c3fa,,,,,,368596428466946048
arbitrum,deposit,502474384,1788731904000,0x52b826ffb4b3e0dbe9289de0a7b9294de46910450f1a441d3542985840f4433d,0xfba819d0bfa3a1fc39ac2e660c5b318afe8801b8,0xfba819d0bfa3a1fc39ac2e660c5b318afe8801b8,0xfd086bc7cd5c481dcc9c85ebe478a1c0b69fcbb9,9998627,2184,
arbitrum,withdraw_submit,502474884,1788732037000,0x5840b0226b3084ef650f61602740ee2d6f75dea23e91fa7778a19bb7a9b2b328,,0xb81c89808d501e0aad162a1cad9871f9c60df9e1,0xfd086bc7cd5c481dcc9c85ebe478a1c0b69fcbb9,99414740,,368596428466946048
arbitrum,deposit,502486155,1788734984000,0x2d72000b5da83e168012f2a238cee486cfe4405b4dc5ad474fa67e5864648143,0x67d77402d94c358506deaf584f1f3a044f495bc7,0x67d77402d94c358506deaf584f1f3a044f495bc7,0xfd086bc7cd5c481dcc9c85ebe478a1c0b69fcbb9,1197995308,2184,
arbitrum,deposit,502486959,1788735198000,0x9b36d94f7f97ab0b46111cae724b22ec88a77d49705362546060093129a0cfad,0x9a1afe531026be171daaea1cfb07419e0476546b,0x9a1afe531026be171daaea1cfb07419e0476546b,0xfd086bc7cd5c481dcc9c85ebe478a1c0b69fcbb9,174390962,2184,
arbitrum,deposit,502488523,1788735616000,0xc9913defd0413ce7d7eab016c1f49d2f249e694ad17df9f2bdb6d200e36ade93,0x66cd59dcc487e2fc0c4e2c0b8cca4fc32895f225,0x66cd59dcc487e2fc0c4e2c0b8cca4fc32895f225,0xfd086bc7cd5c481dcc9c85ebe478a1c0b69fcbb9,50000000,2184,
arbitrum,deposit,502490747,1788736208000,0x23146372c25439d9a3876cf905b4b07a2f6335eb825eb0b5755908d56cf8f22f,0x6ce69f4ae6b84147054515a56199b8787689615f,0x6ce69f4ae6b84147054515a56199b8787689615f,0xfd086bc7cd5c481dcc9c85ebe478a1c0b69fcbb9,399938597,2184,
arbitrum,deposit,502492228,1788736606000,0x2207b54dc969e00ad84cc325d2d808d1e012b49d1b1680c45ed771adee4b7200,0x6ce69f4ae6b84147054515a56199b8787689615f,0x6ce69f4ae6b84147054515a56199b8787689615f,0xfd086bc7cd5c481dcc9c85ebe478a1c0b69fcbb9,49981650,2184,
arbitrum,deposit,502495606,1788737494000,0xc16d0be2c49f559cc50c6f4fa23399cbacb5ed3a04fac9ea7e121476b74c5b6b,0xe67d3b0bdfd1d853fbce6c0898b464e332a67b18,0xe67d3b0bdfd1d853fbce6c0898b464e332a67b18,0xfd086bc7cd5c481dcc9c85ebe478a1c0b69fcbb9,1498113481,2184,
arbitrum,deposit,502499169,1788738421000,0x28f0b3c8efe5288301168bf0864e484e01a764c70c7c3d1034c44af22993ea12,0x3d83316ecc5c1d6b395605f5c29a1b126597a67d,0xf72511f1115fd578d9bd2362d2bbb6f0a1e33875,0xfd086bc7cd5c481dcc9c85ebe478a1c0b69fcbb9,5000000,2184,
arbitrum,deposit,502499420,1788738487000,0xda8a23ab0efada6c0ca5d52f391230283f05d2e34ec12c79d7d9bce6e4615753,0x3d83316ecc5c1d6b395605f5c29a1b126597a67d,0xf72511f1115fd578d9bd2362d2bbb6f0a1e33875,0xfd086bc7cd5c481dcc9c85ebe478a1c0b69fcbb9,93358292,2184,
arbitrum,deposit,502502938,1788739405000,0x9ed2d71c3a8ed178c1d0aa8752df3dddaa7b3df4c8595c6d7eeff600d51e8c82,0x7902aa96a2c88c497f74b3a20680a3cbdfb8e06b,0x7902aa96a2c88c497f74b3a20680a3cbdfb8e06b,0xfd086bc7cd5c481dcc9c85ebe478a1c0b69fcbb9,100000000,2184,
arbitrum,deposit,502506031,1788740197000,0xda3ea72a00f08b40ddd054a3790b5c28a4fc3d484e3a0852964e7d32ae9a57a5,0xb1f3a666f1357776ad31a2e87908a8709abe409f,0x9784a0e3b33856b5b6515301e3f16175926bb31d,0xfd086bc7cd5c481dcc9c85ebe478a1c0b69fcbb9,2000000,2184,
arbitrum,deposit,502506244,1788740251000,0x0cfaca313464f5e0e1f59a5eecf1d80e3ad7d34e14fd55b5ffe21fd906ed02ac,0xb1f3a666f1357776ad31a2e87908a8709abe409f,0x9784a0e3b33856b5b6515301e3f16175926bb31d,0xfd086bc7cd5c481dcc9c85ebe478a1c0b69fcbb9,281000000,2184,
arbitrum,withdraw_final,502510782,1788741712000,0xa01efb1997481119782efb470ae46850d9dab79918ab7384eb2b850d47588f80,,,,,,369349069962739712
arbitrum,withdraw_submit,502512351,1788741817000,0x87354a324b5c9b9438178830ee9be8f9d1dcc4dd5b43954aceec4336ba73f9e1,,0x9784a0e3b33856b5b6515301e3f16175926bb31d,0xfd086bc7cd5c481dcc9c85ebe478a1c0b69fcbb9,234058121,,369349069962739712
arbitrum,deposit,502525172,1788745117000,0x432b408b603bb70822c5e3b0c5d20d45c766667d9fa54d7e506fbea653ae101a,0x67ab0efeb0aacb4922ca8fe9e164e812789c03fe,0x10b5573e4fdcaf25730e10131a287eabb4cbeec3,0xfd086bc7cd5c481dcc9c85ebe478a1c0b69fcbb9,102000000,2184,
arbitrum,deposit,502527229,1788745651000,0x3244330a0607bd6506bf415f57b79769de17d8d948310a202987621590c5c9ab,0x72c5cd18a51d53db34072546a7a38a4f73600d92,0x72c5cd18a51d53db34072546a7a38a4f73600d92,0xfd086bc7cd5c481dcc9c85ebe478a1c0b69fcbb9,100974983,2184,
arbitrum,deposit,502534580,1788747577000,0x4c2ea26587f03f2c4b47eb8c7dff27ca64a6c545011d891a5eb2e802e79fa6e9,0xeeb96fdfc830f00a88dd7461b5875630ab0e0677,0x176e023fcdf4506e5e9d9c6c072029d3a3070390,0xfd086bc7cd5c481dcc9c85ebe478a1c0b69fcbb9,104850000,2184,
arbitrum,deposit,502535211,1788747739000,0x56bbdaacce94055235585164ad6e2ba54e9fbac10913ac40e2a7a944ae717e3d,0xbb48553d0c9470eb429ba35acd350c4c242ee902,0xbb48553d0c9470eb429ba35acd350c4c242ee902,0xfd086bc7cd5c481dcc9c85ebe478a1c0b69fcbb9,2000000,2184,
arbitrum,withdraw_final,502535289,1788748059000,0x53d360c41418d051a2ab0cc0f7b20f9bcfb17015ddc02d71ebea1fff9ac7f256,,,,,,369839074179022848
arbitrum,withdraw_submit,502536666,1788748117000,0xa46addfa8c9e7cb06a46d1b0040d6ca0c5c445b078a3534fc49a96fadcce3154,,0xbb48553d0c9470eb429ba35acd350c4c242ee902,0xfd086bc7cd5c481dcc9c85ebe478a1c0b69fcbb9,1000000,,369839074179022848
arbitrum,deposit,502578686,1788759038000,0x508c4e4f12d5b9c0761bbf5ba94d593be5f3c4420a3c2a1159a63f55adc1c81c,0x622d24c84040eebbfcadafd3fc164bc14470d183,0x622d24c84040eebbfcadafd3fc164bc14470d183,0xfd086bc7cd5c481dcc9c85ebe478a1c0b69fcbb9,100000000,2184,
arbitrum,deposit,502579360,1788759213000,0x38b8ca2fec31402d359f6a1c086ca102828b1120a2fdb5b7912476d14f600544,0xd288badbf0a1f3c5f5a28c4e5f1188fb55289118,0xd288badbf0a1f3c5f5a28c4e5f1188fb55289118,0xfd086bc7cd5c481dcc9c85ebe478a1c0b69fcbb9,101900000,2184,
arbitrum,deposit,502583290,1788760243000,0xb2b81f3c0391211b3b399b15ebe3e67b8e7f1e12e6b62f93be165d7c0a9e2690,0x913547c048c5c254e6c071944f2ddd4ebe6aa4fe,0x913547c048c5c254e6c071944f2ddd4ebe6aa4fe,0xfd086bc7cd5c481dcc9c85ebe478a1c0b69fcbb9,100500000,2184,
arbitrum,withdraw_final,502588593,1788761902000,0x61df8c09f511bac6df5f31862a5912060f04ea026b3bdb82e50abba71cd15ec2,,,,,,370909251180167168
arbitrum,withdraw_submit,502590072,1788761977000,0x45ad12796b94f2cb1953037138bbe4b26a68be6765b0df2100607ff5a1b59bc0,,0xfbc6809144a37ab60f221505ddf91c4dbd376b7a,0xfd086bc7cd5c481dcc9c85ebe478a1c0b69fcbb9,51271606,,370909251180167168
arbitrum,withdraw_final,502594007,1788763277000,0x9f9a9aba6fcb7aa6b55b7f063ec147d3d0e40dec5eec31eb69bc13823a28af2c,,,,,,371015835109556286
arbitrum,withdraw_submit,502595497,1788763357000,0x4c480949af3835eaa16c66e7d6f5854e01e10e26d4a42a9e3a7b933772b74e88,,0x2d8abca4d423429f65ecb3a2ea2eda9ba52cc9c8,0xfd086bc7cd5c481dcc9c85ebe478a1c0b69fcbb9,25260575,,371015835109556286
arbitrum,deposit,502619193,1788769340000,0xd666f450f434d113d7945b5ebb80da93f1f52a0ccf3c822d04f5134b17f413ee,0xbb48553d0c9470eb429ba35acd350c4c242ee902,0xbb48553d0c9470eb429ba35acd350c4c242ee902,0xfd086bc7cd5c481dcc9c85ebe478a1c0b69fcbb9,2000000,2184,
arbitrum,withdraw_final,502619294,1788769665000,0x77c5895b79e9099fe9c3e2444110d80df3e4373871b13745e3512a4b0983c5bc,,,,,,371510039795466240
arbitrum,withdraw_final,502620341,1788769931000,0x7891d4cda22fba400e0c743a2c0c69de575d7fa342f3e9a2737506118a809c97,,,,,,371530801671569408
arbitrum,deposit,502620388,1788769643000,0x773c862532d4f42e7a9f2f15792fcccbf16a658d5a92683ad8c6a340722704a6,0xacef4063823d0374ec7f42ff9dba34ce2a26594b,0xacef4063823d0374ec7f42ff9dba34ce2a26594b,0xfd086bc7cd5c481dcc9c85ebe478a1c0b69fcbb9,3000000,2184,
arbitrum,withdraw_submit,502620919,1788769777000,0xdea743a2108efd68f34684a42ca6a406092b22bc22285d0f362ac63b37dfc57c,,0xbb48553d0c9470eb429ba35acd350c4c242ee902,0xfd086bc7cd5c481dcc9c85ebe478a1c0b69fcbb9,1000000,,371510039795466240
arbitrum,withdraw_submit,502621868,1788770017000,0x16e115582bf9037b4c960b2f74dd5121d3d38c515d210deae87237917a3a3927,,0xacef4063823d0374ec7f42ff9dba34ce2a26594b,0xfd086bc7cd5c481dcc9c85ebe478a1c0b69fcbb9,206826711,,371530801671569408
arbitrum,deposit,502627262,1788771379000,0x0004b47a56999a9b3b16f4eff8f02a93e414eec3ef85f73e6bc24829872868ee,0x2a3adf5c8d93def10fc85b1609ef442f7f665126,0x2a3adf5c8d93def10fc85b1609ef442f7f665126,0xfd086bc7cd5c481dcc9c85ebe478a1c0b69fcbb9,29664000000,2184,
arbitrum,deposit,502629479,1788771940000,0x369b0f30468b1288b854feb2adc3a7f75a216cbdd081ae073607278b06bcfb3e,0xc77ddd554a8dae817d0278e5c58c7b551f2adc77,0x2487cfae2bdff8426ad8c41abd923a3298fd1b11,0xfd086bc7cd5c481dcc9c85ebe478a1c0b69fcbb9,50000000,2184,
arbitrum,deposit,502629621,1788771976000,0xbf99b175e077db5ed50cce7aa887e9e3d3d7c89591b63f780d7acc17e1f0650c,0xc77ddd554a8dae817d0278e5c58c7b551f2adc77,0x2487cfae2bdff8426ad8c41abd923a3298fd1b11,0xfd086bc7cd5c481dcc9c85ebe478a1c0b69fcbb9,250000000,2184,
arbitrum,deposit,502635306,1788773411000,0xc4565966347fa9b0016c6360a72aec085e503e76b82eefb35743224a8a0550fb,0x6ce69f4ae6b84147054515a56199b8787689615f,0x6ce69f4ae6b84147054515a56199b8787689615f,0xfd086bc7cd5c481dcc9c85ebe478a1c0b69fcbb9,99981480,2184,
arbitrum,deposit,502636454,1788773699000,0x351658750ea634c4a26165f984bd6ead437a25a8616644131ee65d8cd4254271,0x9a1afe531026be171daaea1cfb07419e0476546b,0x9a1afe531026be171daaea1cfb07419e0476546b,0xfd086bc7cd5c481dcc9c85ebe478a1c0b69fcbb9,51215289,2184,
arbitrum,deposit,502636598,1788773735000,0xd939da4b194360f0e525b64eeaf1cc32d5c81064d6afdb6aae03efdc9624e489,0xa70ad342b47e49e69e986eb2028be963ae7a7af8,0x4153e1d6ee2ce8e3113afa8d23b04b109a6d02ba,0xfd086bc7cd5c481dcc9c85ebe478a1c0b69fcbb9,1100000,2184,
arbitrum,deposit,502637227,1788773893000,0x4a46af2a0714727bbb1ba606130b01d5c60358538dc5642e693f26f6104fdda7,0xb2bb085ea6fa6febcb2b77ef8844c960631bc79c,0xb2bb085ea6fa6febcb2b77ef8844c960631bc79c,0xfd086bc7cd5c481dcc9c85ebe478a1c0b69fcbb9,1214678650,2184,
arbitrum,deposit,502638007,1788774089000,0x0ae79b39649cbcf18d2f2e7861f0bcb11aea77ccf15cd840041ce4978971376e,0x66cd59dcc487e2fc0c4e2c0b8cca4fc32895f225,0x66cd59dcc487e2fc0c4e2c0b8cca4fc32895f225,0xfd086bc7cd5c481dcc9c85ebe478a1c0b69fcbb9,129954688,2184,
arbitrum,deposit,502638466,1788774205000,0xd55ea4595dcc259f60efa0ad1aaec0c559946433b10f3b6c36942120553d8d7e,0x1d6df9ae76d8df2a70d8626abbc8e710b7cac4f4,0x3f9920c88c5cb381c23b3d1a565fb7dc91ebf983,0xfd086bc7cd5c481dcc9c85ebe478a1c0b69fcbb9,229849257,2184,
arbitrum,deposit,502641544,1788774978000,0x61f92ab406d16a656f28cb5db89c56bfe0cde81b5fc790cae86b37355c6edffa,0x66cd59dcc487e2fc0c4e2c0b8cca4fc32895f225,0x66cd59dcc487e2fc0c4e2c0b8cca4fc32895f225,0xfd086bc7cd5c481dcc9c85ebe478a1c0b69fcbb9,81990298,2184,
arbitrum,deposit,502645226,1788775903000,0xe94a7f9199ae54f465368849d13bed73cb9a70110f0b5a238e76c97908b6544a,0x66cd59dcc487e2fc0c4e2c0b8cca4fc32895f225,0x66cd59dcc487e2fc0c4e2c0b8cca4fc32895f225,0xfd086bc7cd5c481dcc9c85ebe478a1c0b69fcbb9,62975555,2184,
arbitrum,deposit,502650866,1788777315000,0xd5192db4fc417c72d2104ee274d365295a65bb92e81ee719bd40ec2576a011bd,0x9a1afe531026be171daaea1cfb07419e0476546b,0x9a1afe531026be171daaea1cfb07419e0476546b,0xfd086bc7cd5c481dcc9c85ebe478a1c0b69fcbb9,56660634,2184,
arbitrum,withdraw_final,502651997,1788777900000,0xa984c5917cafc06b2341abb8b809e09bff254db5b89425a4aeb4a6d24c85eb86,,,,,,372146992035397632
arbitrum,withdraw_final,502652616,1788778055000,0x424f66f51c21e4498f57eae76e62745241c7789df369e060328be0f9eda06187,,,,,,372159163976908800
arbitrum,withdraw_submit,502653580,1788777997000,0xe7e9104cd299028682e0bb6814a8ca012eeca314b28806654d869af5f430b713,,0x5ef99dda021f1bede1adb7f6d55a00bcb25e6a8a,0xfd086bc7cd5c481dcc9c85ebe478a1c0b69fcbb9,93674506,,372146992035397632
arbitrum,withdraw_final,502653630,1788778310000,0xbc15d5c58d1f9bb84b70527c586c571132767743edea78d9f2cc6950ac1571f0,,,,,,372178903646601216
arbitrum,withdraw_submit,502654057,1788778117000,0xc7dfb83d8e97b330053d5554f2800845d55eccf43d63ae9556249763ef46d7ee,,0xc597fe7a222afa2c169c58a2366f380f7344e23b,0xfd086bc7cd5c481dcc9c85ebe478a1c0b69fcbb9,99000000,,372159163976908800
arbitrum,withdraw_final,502654204,1788778454000,0x02660d13c85826ca7fcabc029d57f1b334de070740c4119fda2e9b9b6aa864c5,,,,,,372189958888226816
arbitrum,withdraw_final,502654229,1788778460000,0x4544c4219ef3a8048238939abbbb59569b170bb6ec5a6ae507162e29a02f4a9c,,,,,,372190431347212288
arbitrum,deposit,502655070,1788778371000,0x3bcce963ebcd42b0e28f8690fddada409abb27d0fbc94a47e001548dee8af2ca,0xc7e95140b232bcf2cd48c6b8a592e84b83bcd337,0xc7e95140b232bcf2cd48c6b8a592e84b83bcd337,0xfd086bc7cd5c481dcc9c85ebe478a1c0b69fcbb9,101000000,2184,
arbitrum,withdraw_submit,502655252,1788778417000,0xbc502efb62f79883220ceadda88e72ccb411fa8131f24d382e436ea9b228f9e3,,0xef435ae15ed39e45b359aa7f9167aafaf0394e53,0xfd086bc7cd5c481dcc9c85ebe478a1c0b69fcbb9,79000000,,372178903646601216
arbitrum,withdraw_submit,502655727,1788778537000,0x23d1b7e53778e768005cdc214db9585687c829779a04e0b6e55993769a2cca84,,0x74b1ebbcdd9bc1c887d508450bcd7c0afec1a052,0xfd086bc7cd5c481dcc9c85ebe478a1c0b69fcbb9,1097249502,,372189958888226816
arbitrum,withdraw_submit,502655727,1788778537000,0x23d1b7e53778e768005cdc214db9585687c829779a04e0b6e55993769a2cca84,,0xfb01014c26a5459d2779c54b7a35e0cd35f68dfd,0xfd086bc7cd5c481dcc9c85ebe478a1c0b69fcbb9,911310335,,372190431347212288
arbitrum,withdraw_final,502655732,1788778838000,0x28c053bcca6f37d22181bf71f91942ad95842be53e826cdb82d2c40609faed5a,,,,,,372219740187262976
arbitrum,withdraw_final,502656301,1788778980000,0x49ee4405e435f28dd4f265746341946fddbc027ab35dc8802e9f62a60b0f7ceb,,,,,,372230718136254465
arbitrum,deposit,502656449,1788778717000,0xabaf626a2d0a7025a63d59e46fa4ed444a927f9f7154cb336466f108f07fc15f,0xe564d2c27c7d6efade7614e3909f9043cab1343f,0xba90ca07d81a7384b7141e867c2c25b16832467b,0xfd086bc7cd5c481dcc9c85ebe478a1c0b69fcbb9,200000000,2184,
arbitrum,withdraw_final,502656702,1788779080000,0x99b2831dc42b4c4e342130d9cb62888aa4582f557bd994aebcb4d33fc357bcb1,,,,,,372238363161264128
arbitrum,withdraw_submit,502657168,1788778897000,0x886f215d4ba3330d6a94d5a85140f009fdf53619a28de2d203e13cd50cb7900c,,0x83aa3231a1234425a149ee1e13ed30bd657d8cb1,0xfd086bc7cd5c481dcc9c85ebe478a1c0b69fcbb9,241589091,,372219740187262976
arbitrum,withdraw_submit,502657889,1788779077000,0xf3f463861bf70bb9ad07783a25a03b15fe5c735c13504ecd5692111d14aabcd2,,0x5d2410bc46cdebb2614d7184ed876a51571d25c4,0xfd086bc7cd5c481dcc9c85ebe478a1c0b69fcbb9,10299237,,372230718136254465
arbitrum,withdraw_submit,502658129,1788779137000,0x0023f63a774cf66af04f63d52c43f17f1fbe5ad6fd9d46118b355df7c8a0b6d2,,0x74a2b63a3ece0ac42481d8ee0af5b37daaba2c98,0xfd086bc7cd5c481dcc9c85ebe478a1c0b69fcbb9,125653335,,372238363161264128
arbitrum,deposit,502658477,1788779224000,0x55d73f62e07e490f37b751159299a70ed2ba05c0d9eaa080c5f22366f2d0f0fe,0x5ca1df6a197a9f554e1ceb2c7b64fe5debacc181,0x5ca1df6a197a9f554e1ceb2c7b64fe5debacc181,0xfd086bc7cd5c481dcc9c85ebe478a1c0b69fcbb9,2717088108,2184,
arbitrum,deposit,502658692,1788779279000,0xd6c7a3018344b5e0e259568bf6775660be12d3dc24078e61c0831bdf1694150b,0x48ec294f52bbea30b3973ba5336b72da30082c1e,0x48ec294f52bbea30b3973ba5336b72da30082c1e,0xfd086bc7cd5c481dcc9c85ebe478a1c0b69fcbb9,100100000,2184,
arbitrum,deposit,502659563,1788779496000,0xc19cbfca133ecf5df4a09e70d5bb939d027f2458805faf6919510e24c2ee2b2f,0x07e8aaddcaa09f6f2806f92ebb735fab04a67d1c,0x07e8aaddcaa09f6f2806f92ebb735fab04a67d1c,0xfd086bc7cd5c481dcc9c85ebe478a1c0b69fcbb9,831481625,2184,
arbitrum,withdraw_final,502662901,1788780637000,0xfaea39c213980654f9ff4baf67cf16ac3c9a5dfd5155353480fec0a1c73b5f94,,,,,,372358879960367104
arbitrum,withdraw_final,502663016,1788780667000,0x1dee0a76f9254c2a44e865ec57729dc2b74d5e82d1ba2bbbb84c37f6787e55f5,,,,,,372361190640189440
arbitrum,withdraw_submit,502664324,1788780697000,0x6e0d2625c619f0e055873115cb25d91b538b44c8a084f08dcdfb215eabdecf9c,,0xb2bb085ea6fa6febcb2b77ef8844c960631bc79c,0xfd086bc7cd5c481dcc9c85ebe478a1c0b69fcbb9,1213299588,,372358879960367104
arbitrum,withdraw_submit,502664562,1788780757000,0x57e21bc6bba21aff13c77e6caa6ab4059fe78a1f9eaf5ce0074e48f624d6652a,,0xd5cd3abec638f5718130d1403ff0fde32e9ae9a9,0xfd086bc7cd5c481dcc9c85ebe478a1c0b69fcbb9,27000000,,372361190640189440
arbitrum,withdraw_final,502666050,1788781433000,0xf3fb061675136b46e94d1dc9841116b769f91c6984014bcada2d0669533cac7f,,,,,,372420332339855360
arbitrum,withdraw_final,502666442,1788781532000,0x1e64fbd80e4a9cec50d9ac09258e72ee4a2f95901e9b6a2c72d176036b53bdd8,,,,,,372428089071763456
arbitrum,withdraw_final,502666971,1788781664000,0xd218d608e0b1a76ba527b8bd8406f12876fc86a509a623ed4e40cba23d2f68e4,,,,,,372438302491410432
arbitrum,withdraw_final,502667627,1788781830000,0xde515c73536042d17beaf44d73910c824faf39b56b01fb0dc4fd6358723c27b3,,,,,,372451187410075684
arbitrum,withdraw_submit,502667653,1788781537000,0xcb4961b3a59e83bb222ba8a2c19052a41bfb45ebb37cacda142d77120f59b8b8,,0x0fc4acb5ceb9f2c681bf4da557fc4040ea66aef1,0xfd086bc7cd5c481dcc9c85ebe478a1c0b69fcbb9,59000000,,372420332339855360
arbitrum,withdraw_submit,502667893,1788781597000,0xe4efab861ad3eff5f683a9e5cf35520be59e65fb86da47a42ee72653c15f8418,,0xd6432ddb805911acf08050b881d72a1443a67796,0xfd086bc7cd5c481dcc9c85ebe478a1c0b69fcbb9,48467111,,372428089071763456
arbitrum,withdraw_submit,502668609,1788781777000,0xf5764d0f4df1c11caa0f8ad0829050c80c35948a4d2f175e3d68a40bae9281fc,,0x0757cf20d3bfa53bc5f288229390e09a7ec5d023,0xfd086bc7cd5c481dcc9c85ebe478a1c0b69fcbb9,24405300,,372438302491410432
arbitrum,withdraw_submit,502669084,1788781897000,0x769c31b5652f89d87f2157887b2fb0f5feca1ea000654e27d52e1d3477d6a7fb,,0x7a36921581703e4b48bbf723c542cd1959290f0f,0xfd086bc7cd5c481dcc9c85ebe478a1c0b69fcbb9,199000000,,372451187410075684
arbitrum,withdraw_final,502672072,1788782950000,0x00d6be6d37ecd59863d3b60030d0b57d41ffb103f70d0dbe6e8a4d50ef24aa53,,,,,,372537490478727168
arbitrum,withdraw_submit,502673613,1788783037000,0x7a27fcb3ff61e1729ad95f012284625e0312ddbc51b04342d19c25621aab745f,,0x54b548db636b7eac8b1b86186b9c29895b918b56,0xfd086bc7cd5c481dcc9c85ebe478a1c0b69fcbb9,49000000,,372537490478727168
arbitrum,deposit,502676633,1788783796000,0xbbde5c40579f8c20bb95c5a772314963f7957d0c4bd3de7508cc4e38b25270e2,0x1a5a4b48465f268f18d0621b2e0b7427cff64d71,0x1a5a4b48465f268f18d0621b2e0b7427cff64d71,0xfd086bc7cd5c481dcc9c85ebe478a1c0b69fcbb9,39850000,2184,
arbitrum,deposit,502680149,1788784681000,0x84bc3a29a644842e2645373d14bc128cd31b86f4d0792fc1985ea8a5c3b70bdf,0xf20349cc08ce0fd2f4d13b14346cbc000cdbc71e,0xf20349cc08ce0fd2f4d13b14346cbc000cdbc71e,0xfd086bc7cd5c481dcc9c85ebe478a1c0b69fcbb9,200000000,2184,
arbitrum,deposit,502680612,1788784797000,0x741bd380cf8e0eb55ff0247b1a7a484fc051a55cdbbd02efb52c1393b5f30736,0x21a02d86a23d1670153a98880ca2b2b79b6ac9d1,0x21a02d86a23d1670153a98880ca2b2b79b6ac9d1,0xfd086bc7cd5c481dcc9c85ebe478a1c0b69fcbb9,300700000,2184,
arbitrum,withdraw_final,502681228,1788785252000,0x16d74a16fcc0ab6897ba28135a8f969d0a437ef532936306aae745040b15b419,,,,,,372715637123842048
arbitrum,deposit,502681331,1788784978000,0x5b8d1a70cfff147780141d2b0266017a877c938a5eb96acb871c5837455483c5,0x58c3cd19cd88f4308c808522748d793ab0bd8cfc,0xc69e870506cac0bc2354aecfd5b374f8bd38beec,0xfd086bc7cd5c481dcc9c85ebe478a1c0b69fcbb9,101000000,2184,
arbitrum,withdraw_submit,502682680,1788785317000,0xe8b8c7adc997c98fd96643ca4baf986eacb37b51a439fb76c357ce6928a52f94,,0x37bc58c0cf70402fa02b0144999d8dc43aef239c,0xfd086bc7cd5c481dcc9c85ebe478a1c0b69fcbb9,17590291,,372715637123842048
arbitrum,withdraw_final,502683373,1788785792000,0x9e0f42d137aa0065e97e66b19684e4f5db015973efd67e24b8fa7aa1bcc2e1ff,,,,,,372757624736710682
arbitrum,withdraw_final,502684133,1788785982000,0x6b4c844797abc7692233c0872cc59f4c5a4312249f36ec898571424a4d9c4aa0,,,,,,372772115935395840
arbitrum,withdraw_final,502684293,1788786023000,0x233a29a3ff4b7c68a1492eb55d57a7a6783d705054c3dffe3cf0475432ddd071,,,,,,372774899095175189
arbitrum,withdraw_submit,502684826,1788785857000,0x9df2587ab62b4c74a155e875869c5e410f7dffa1517b224d967447fa629c5e72,,0x314a8fdb917489f4ea856d37ebbe05902b00811f,0xfd086bc7cd5c481dcc9c85ebe478a1c0b69fcbb9,5274760570,,372757624736710682
arbitrum,withdraw_submit,502685550,1788786038000,0xdca3342001c31f649ac8a4db8066cf66fac4c584d0899968bfbef1c5254ef2e5,,0x8ec077a8b240d20958c8ceb10ae9e568f8db15ea,0xfd086bc7cd5c481dcc9c85ebe478a1c0b69fcbb9,10683963,,372772115935395840
arbitrum,withdraw_submit,502685784,1788786097000,0x36e463448a571fedc42ea126592f2812d429607647cda15d2590efd0edf67a04,,0x314a8fdb917489f4ea856d37ebbe05902b00811f,0xfd086bc7cd5c481dcc9c85ebe478a1c0b69fcbb9,117377411,,372774899095175189
arbitrum,withdraw_final,502686637,1788786610000,0x3b0ca63b4491a43c5bc101a5e8f50db9b17037e62a6795d9f7290efacb08616f,,,,,,372820399974514688
arbitrum,withdraw_submit,502688176,1788786697000,0x8ee088f5b117e9eec481ab70b6eabcf872e445d34601938418f92659e722f64a,,0xde2944f8fdcabef2a99592b2aa9abf0fedfe1f46,0xfd086bc7cd5c481dcc9c85ebe478a1c0b69fcbb9,59000000,,372820399974514688
arbitrum,withdraw_final,502691387,1788787802000,0xc349240c597087f375dee949b509a0c42a03f21c27edffe2820187a82eaedf6c,,,,,,372912569976881190
arbitrum,withdraw_submit,502692964,1788787897000,0x9484baf406f28cbe05c0cc4afcea5df7fe6af4663ba4a850033f834dbd381cd6,,0x9940048d0a2e62ccf34157161121e9c0ef2faa37,0xfd086bc7cd5c481dcc9c85ebe478a1c0b69fcbb9,449000000,,372912569976881190
arbitrum,withdraw_final,502693195,1788788255000,0xca16b092c1b08b36ab239e73964ff36ea77e2d1449be59705c03560e211de1e8,,,,,,372947728570777600
arbitrum,withdraw_final,502693257,1788788270000,0x9d6c8d784c0205749dc5b4dbf91ca07cac4e1ce141346a56d1db34f2c15286fe,,,,,,372949180261335040
arbitrum,withdraw_final,502693415,1788788310000,0xe3ca90aa3573de56e114eb7484260bb451cd4bb5aeaec89cdfb032acaf63da5f,,,,,,372952014927167488
arbitrum,withdraw_submit,502694649,1788788319000,0x3ddbcd9e46d91aec187e8072ae47080196d43b302f0320e12c27875d7bff52b2,,0xa97c8404f1f02e2b611a83ddae865bd2455320ad,0xfd086bc7cd5c481dcc9c85ebe478a1c0b69fcbb9,52406700,,372947728570777600
arbitrum,deposit,502694865,1788788374000,0x5d97af33245d1cf4943769d9de250777dcce8523153487e29205fae6e0df3d7a,0x7ce49a46f24fd3b26373b942d0555a72fb4d58fc,0x7ce49a46f24fd3b26373b942d0555a72fb4d58fc,0xfd086bc7cd5c481dcc9c85ebe478a1c0b69fcbb9,66304905,2184,
arbitrum,withdraw_submit,502694878,1788788377000,0xaf16abe41f7303608b7e0374471a47f5958da6a3fc238a0b3596d81c07872355,,0xedf0645293a1eb06eb2c4a7f57f7391381eec557,0xfd086bc7cd5c481dcc9c85ebe478a1c0b69fcbb9,419149836,,372949180261335040
arbitrum,withdraw_submit,502694878,1788788377000,0xaf16abe41f7303608b7e0374471a47f5958da6a3fc238a0b3596d81c07872355,,0x9dca755ef91195d1da12fb9d69c1b3d20fc590e9,0xfd086bc7cd5c481dcc9c85ebe478a1c0b69fcbb9,47000000,,372952014927167488
arbitrum,deposit,502696223,1788788713000,0xf3b86e5a0578c978d0289a7281db6bb6fde418b7bbe22bfeb4111001b8be641b,0x07e8aaddcaa09f6f2806f92ebb735fab04a67d1c,0x07e8aaddcaa09f6f2806f92ebb735fab04a67d1c,0xfd086bc7cd5c481dcc9c85ebe478a1c0b69fcbb9,4611288777,2184,
arbitrum,deposit,502700996,1788789910000,0x5e52a386426b6d10e97a51e18407bbdab56dc1fdb557bfbff57dc38ceb97c803,0x2fa0d1a8de152b93b273eff0d779ed7cc5cb7baf,0x2fa0d1a8de152b93b273eff0d779ed7cc5cb7baf,0xfd086bc7cd5c481dcc9c85ebe478a1c0b69fcbb9,383592458,2184,
arbitrum,deposit,502702616,1788790315000,0x7095fcb3e95197ddf1c446e21624704554e1edffffe0f30aa082cc577117cffb,0xe7c8fac50d3f4491bdbb85139c673cd1a52ed640,0x7e6865abfd39d636b006caac356f23c4b9c68906,0xfd086bc7cd5c481dcc9c85ebe478a1c0b69fcbb9,1971641,2184,
arbitrum,deposit,502702950,1788790399000,0x40a800ee8c22f85e0c7fc75c8fb896049206952d6f7b62a647e2f610fe5e950b,0xbcd97d20be4b79b5a616fda8aae112ba09c7deba,0x1fd0e4af8e66b425fd40f20f82ae1c7b453be95c,0xfd086bc7cd5c481dcc9c85ebe478a1c0b69fcbb9,13400000,2184,
arbitrum,withdraw_final,502705021,1788791216000,0xe7ca9ee6ab53141f22773707158131572d2270fb8ab14f9019ba2532bd91d9a8,,,,,,373176908008914944
arbitrum,deposit,502705136,1788790945000,0xef0376058946cff4c54d964ef3f5a401e66de7efbcd3a1e45788b8264e4c7210,0x6e44c0efeca886b546bc2aa85118094b83b87297,0x6e44c0efeca886b546bc2aa85118094b83b87297,0xfd086bc7cd5c481dcc9c85ebe478a1c0b69fcbb9,999524381,2184,
arbitrum,deposit,502705156,1788790950000,0x3d6060917ec73a4d8aaf32e66dfe623b8c4f0dc80ea39fb2044b6b39161481a6,0xbb48553d0c9470eb429ba35acd350c4c242ee902,0xbb48553d0c9470eb429ba35acd350c4c242ee902,0xfd086bc7cd5c481dcc9c85ebe478a1c0b69fcbb9,2000000,2184,
arbitrum,withdraw_final,502705256,1788791275000,0xac84ce8a109e7a8eb86107cd1484daafd53073331ff7ab32d1895facf1e1a67a,,,,,,373181546577788928
arbitrum,deposit,502705827,1788791118000,0xa321cb31b6d9f97adeefd37bbf04826820fbebf2a15538dc685b6e96eecfc90f,0x641131ea7238cc3ee0235319d22adf2bdfe9bb13,0x641131ea7238cc3ee0235319d22adf2bdfe9bb13,0xfd086bc7cd5c481dcc9c85ebe478a1c0b69fcbb9,300900000,2184,
arbitrum,withdraw_final,502705926,1788791443000,0xe55d422251ba66ac5ada1ad3d7b984e1488db556c422164d20a08d6bafaaaebf,,,,,,373194474433544192
arbitrum,withdraw_submit,502706626,1788791318000,0xc51bf12f89854ebc8bdfd47516559cbc5830a57867628e915fbc2d305fac5755,,0x656c7e9fbea43bcd86b6bb06d00348f944839281,0xfd086bc7cd5c481dcc9c85ebe478a1c0b69fcbb9,99000000,,373176908008914944
arbitrum,withdraw_submit,502706859,1788791377000,0x3cb22e37f6930574cc808835adf397fa7430df35dd42c6039a38aa701960eb63,,0xbb48553d0c9470eb429ba35acd350c4c242ee902,0xfd086bc7cd5c481dcc9c85ebe478a1c0b69fcbb9,1000000,,373181546577788928
arbitrum,deposit,502707181,1788791458000,0xc000f80d76e4b33ef142e6ea2f581e78a745cdc98166f7cc3759f979601a3260,0x37055e1f16b2d4f4a4a33c02cf9a6a6bc18167e5,0xc5b821a4f78d73e70ac02e3aa9055a4163cb128b,0xfd086bc7cd5c481dcc9c85ebe478a1c0b69fcbb9,301900000,2184,
arbitrum,withdraw_submit,502707579,1788791557000,0x63069d51580a3b20e824e2db9557c8cc7a101643d649f09618c83a8c86165f0d,,0x77b8fd431f11e3a3d53daa5ee7c8c3645743f993,0xfd086bc7cd5c481dcc9c85ebe478a1c0b69fcbb9,945844312,,373194474433544192
arbitrum,deposit,502708716,1788791842000,0x4bdbfe135bdf999c62be378346034b6ecce43c78b0b72a571cbea2919c58b9ae,0x635047b5234e92876c5c9886635691427f909992,0x654b724f23d4edd93467899ff21297b285f0538a,0xfd086bc7cd5c481dcc9c85ebe478a1c0b69fcbb9,300900000,2184,
arbitrum,deposit,502709857,1788792127000,0x924f6c00c3c85d1c4f1a8306c1e1cabe483263106ed25eb9020c5e5325976202,0x49b602fc8cf543fc4eaf123a19925a12a92dd3da,0xd42ed651c44481393b9b914fc794d3ec181a20f5,0xfd086bc7cd5c481dcc9c85ebe478a1c0b69fcbb9,301900000,2184,
arbitrum,withdraw_final,502710205,1788792514000,0xfc9a3b7eba1b3ed90784159983cd9ef6f9ab88d78e395ae194eaf68e2ec95b88,,,,,,373277272817270784
arbitrum,deposit,502711209,1788792466000,0x5d8db1e42ffc3ee2e43a892c014bfd20b1cbe3dbe1641f1fbbd50551978c95f7,0xae6b1567e0f472d26fb559c59436ad37df11f85d,0xb1ef13d0dd6426a403d9d19e898dc5dbad6f6a08,0xfd086bc7cd5c481dcc9c85ebe478a1c0b69fcbb9,304900000,2184,
arbitrum,withdraw_submit,502711652,1788792577000,0xd75d14ad9d6acfa6b4ebab072a0e3d6b9b89abfc83b80908cce67def46fc12ae,,0x77825d831f36c897326cf4a56a2556f8554cfef4,0xfd086bc7cd5c481dcc9c85ebe478a1c0b69fcbb9,859294939,,373277272817270784
arbitrum,deposit,502711944,1788792650000,0x044256513e497ae2c8b687a29995935641ec1bc314b7f2a89686aed493fa8236,0xd878dffc82f15d249fedb3950b41dda7bc328fe5,0xd878dffc82f15d249fedb3950b41dda7bc328fe5,0xfd086bc7cd5c481dcc9c85ebe478a1c0b69fcbb9,299900004,2184,
arbitrum,withdraw_final,502712867,1788793181000,0xba63d6bf5a46e16873a8e0c4cd1c174f8151606258a66041074a5aaa173c43b5,,,,,,373328812408045568
arbitrum,withdraw_final,502713692,1788793389000,0x742c96d5f83b997c44f32c836f214ca43e3d33a0532cd8527a20313f990962bb,,,,,,373344686623948800
arbitrum,deposit,502713806,1788793117000,0x3cefd851f17cc5748b42a55b9830e8ab067d9c986798c948ef342031942aee50,0xe830786ee82ec2ba6e5811176c086e82051091d5,0xe830786ee82ec2ba6e5811176c086e82051091d5,0xfd086bc7cd5c481dcc9c85ebe478a1c0b69fcbb9,1000000000,2184,
arbitrum,withdraw_submit,502714294,1788793238000,0x875d3e35ae412473b1645c60a6d528af13dc1487b8e857bed68636b1c87cb7d1,,0xf77506dac023a7483b8ec308b387abb161ac4fa0,0xfd086bc7cd5c481dcc9c85ebe478a1c0b69fcbb9,1581270644,,373328812408045568
arbitrum,withdraw_final,502715146,1788793752000,0xe88bd884f101bf7a998fe79993d2b965050c1b1569e5c8f65c8a8916bf4345d3,,,,,,373372930328887296
arbitrum,withdraw_submit,502715243,1788793477000,0xfed99947a913856ff2ff21e9ddc1c1c49c2186fa97e2267640aacf4700e5cef2,,0xf0230d66d017a5ce8c4b64195706f8628f198a60,0xfd086bc7cd5c481dcc9c85ebe478a1c0b69fcbb9,150000000,,373344686623948800
arbitrum,withdraw_submit,502716682,1788793837000,0xaea88fd7c84b090531c87b388ee8627824722efcae569140370fe9ebe979275a,,0xc344872814da175ba136d0050cf96873ca969a93,0xfd086bc7cd5c481dcc9c85ebe478a1c0b69fcbb9,30000000,,373372930328887296
arbitrum,deposit,502716804,1788793868000,0x144f95c053f8634bf9b793ea24c8ea7f57cca8f4522a35b430d30987b4b6ddaf,0xf0230d66d017a5ce8c4b64195706f8628f198a60,0xf0230d66d017a5ce8c4b64195706f8628f198a60,0xfd086bc7cd5c481dcc9c85ebe478a1c0b69fcbb9,150000000,2184,
arbitrum,withdraw_final,502716821,1788794172000,0x9f52393b14fcf0f218b5804ad9a9a3b7774e0136be6aa043b46066f11f3a4162,,,,,,373405073864130560
arbitrum,deposit,502717425,1788794023000,0xe55c98b740433bc57320ba5126883e40d17069ebca2efcdb26de6c366bd5ad18,0x54e77a9ac534eaf7f76843ec589c7209d290b90c,0x54e77a9ac534eaf7f76843ec589c7209d290b90c,0xfd086bc7cd5c481dcc9c85ebe478a1c0b69fcbb9,300082732,2184,
arbitrum,withdraw_submit,502718360,1788794257000,0xd06f9003582e1c77d7e1dc4d2e2fa419798d20a988b56c08647ea5c85b66a2b7,,0x4bb12cc382e36b4b6faf7bdca7708969aed258ef,0xfd086bc7cd5c481dcc9c85ebe478a1c0b69fcbb9,2350000,,373405073864130560
arbitrum,withdraw_final,502719343,1788794802000,0xa22ee4da8c01dfa983dc4c9cb199c9840d3ef8506da274a3965839ed60ecb22b,,,,,,373453778776489984
arbitrum,withdraw_final,502719478,1788794836000,0x6282d3d3e5d010f900bc94076b86f172c58de1c549f508a0818f22bc644f4fad,,,,,,373456467451183104
arbitrum,withdraw_final,502719620,1788794871000,0xf20cddf8ccc4ba99d06c48672f3cc26fc619cdc9cb4ac1769a7e1512fa274928,,,,,,373459147498192896
arbitrum,withdraw_submit,502720760,1788794857000,0x618694b9a30f0574eee91db627d8d1ea9864688d9cc17dfce3dcbf88b3649d85,,0x7e55339898ba134cf19d0279263f666a112b1258,0xfd086bc7cd5c481dcc9c85ebe478a1c0b69fcbb9,154151639,,373453778776489984
arbitrum,withdraw_final,502720865,1788795183000,0x8f58896f1d4e0de992bc103fb6605251bc7a3c90466b40c6c52162f000f16456,,,,,,373483371130519594
arbitrum,withdraw_submit,502720999,1788794917000,0xa1c2af22118ee2f7ea84a13e2f8f1e7abab77a3287debf6faa592e5ed45d6127,,0x52c2a662d7550928c0859c6866ab0f670942cb16,0xfd086bc7cd5c481dcc9c85ebe478a1c0b69fcbb9,299000000,,373456467451183104
arbitrum,withdraw_submit,502721238,1788794977000,0xf81190fdfe605c8c236687f755bd4cfa4f194ca01eedf064231761706a10f3bb,,0xeb1366ee094792cee149fd3a22c4e4ea604794eb,0xfd086bc7cd5c481dcc9c85ebe478a1c0b69fcbb9,999459801,,373459147498192896
arbitrum,deposit,502721838,1788795125000,0xd0f43619e4db3ae05990e609c53505f8fe9881df6567b2b1b74970a954cfa92a,0x1b9826b1fe5397c0cb5455fbb8d7aa2d4e4b282e,0x1b9826b1fe5397c0cb5455fbb8d7aa2d4e4b282e,0xfd086bc7cd5c481dcc9c85ebe478a1c0b69fcbb9,213929513,2184,
arbitrum,withdraw_submit,502722443,1788795277000,0x2bfc26716507dde6614a0e1a456ca5a990ab7740b516b11ca562003ff80fa64d,,0x637dc6233f878838a83ca27bdecd6e1a261b1457,0xfd086bc7cd5c481dcc9c85ebe478a1c0b69fcbb9,599000000,,373483371130519594
arbitrum,deposit,502726294,1788796239000,0x14b49f8a2c82e50d81ef762badf621e253ddbce5b4c7e94bab566ac6635f9879,0x5cbad130f6ffd185ebf43a6c784507a424ac9d41,0x5cbad130f6ffd185ebf43a6c784507a424ac9d41,0xfd086bc7cd5c481dcc9c85ebe478a1c0b69fcbb9,64235446,2184,
arbitrum,deposit,502727406,1788796516000,0xac4352129c6ace47cff352dc10df95a3e68c79767d64f34895c1ab4ab1c4d43d,0xfaed995d8823712203faf5af4bf8af9dca6db82c,0x6addbb2f35bbc03d8b2e7159f61c11cd2b3023b2,0xfd086bc7cd5c481dcc9c85ebe478a1c0b69fcbb9,41110000,2184,
arbitrum,withdraw_final,502732890,1788798186000,0x8ea4b3065195e5ccad2fa6cd61f73e1afdcd8a58b5f9de293974873d5d2ca986,,,,,,373715264975405056
arbitrum,withdraw_submit,502734449,1788798277000,0x3b3d6cc8d43f5c3976b6de8c2839b7a2400c79271c02148b72e30be97401efd7,,0xe67d3b0bdfd1d853fbce6c0898b464e332a67b18,0xfd086bc7cd5c481dcc9c85ebe478a1c0b69fcbb9,1604315569,,373715264975405056
arbitrum,withdraw_final,502737182,1788799264000,0x4d8c6dd91a134624e5d8fa83a94e0e430ae7d87106621a44d1cc9515b6942c09,,,,,,373798286705819648
arbitrum,withdraw_submit,502738750,1788799357000,0x9a33f2eca4a92fa5f51d30d527f8fdf39bfd5b4aeaf7d8a673304888e6182050,,0x15d5a358fda3adc05487c3c1aabfb6e4d6634013,0xfd086bc7cd5c481dcc9c85ebe478a1c0b69fcbb9,489915734,,373798286705819648
arbitrum,withdraw_final,502744192,1788801022000,0xa390ad7ec1fbec635a9f1934cddb1e63ce393fae79f80f9e000cbb050b1bb760,,,,,,373933792928202752
arbitrum,withdraw_final,502744249,1788801037000,0x7719987e4a3389f9454101fd24b8b67c2708a5b52e7831e203545b33d2c30f70,,,,,,373934746406748160
arbitrum,withdraw_final,502744329,1788801057000,0x690caaabef52c91b1a8bf2fa785d03408d0800e5f37f534ef777e768892fbcdd,,,,,,373936438640640004
arbitrum,withdraw_submit,502745687,1788801097000,0x355cac794e68b9ccfce4a4a2b30c3530ef0ed44a218f328115fe32d977381522,,0x45c51f060ad5fb033150c4ee1c0788843dafe80c,0xfd086bc7cd5c481dcc9c85ebe478a1c0b69fcbb9,49000000,,373933792928202752
arbitrum,withdraw_submit,502745687,1788801097000,0x355cac794e68b9ccfce4a4a2b30c3530ef0ed44a218f328115fe32d977381522,,0x784c3160d0ecaa39e47a35df7bec5b2f02134c1b,0xfd086bc7cd5c481dcc9c85ebe478a1c0b69fcbb9,49000000,,373934746406748160
arbitrum,withdraw_final,502745692,1788801398000,0x9f7cdd170a14550a35ceac9a803aa84a1559e2b6f37ee0d31c4beee0cef6442d,,,,,,373962732401065984
arbitrum,withdraw_submit,502745933,1788801159000,0x4bfae0fb11cc7d0847f476a8b63208848fe5163d039b1364c1b34d2ad5338fff,,0xf48609effee28f595241c1bd57ee1993a0ae9617,0xfd086bc7cd5c481dcc9c85ebe478a1c0b69fcbb9,61402892,,373936438640640004
arbitrum,withdraw_submit,502747121,1788801457000,0xef350bca5977c3085237d64e6eae42306287c86066b6db515e1fb25efe05f85b,,0x48b576c87e788a762d6f95a456f2a39113b46950,0xfd086bc7cd5c481dcc9c85ebe478a1c0b69fcbb9,899000000,,373962732401065984
arbitrum,withdraw_final,502748828,1788802186000,0x5177210b0d8dc5fc9d82216e3201f48655def09acca138f78fe004c1ebc08dd1,,,,,,374023772501442560
arbitrum,deposit,502749456,1788802044000,0x1a7cde4ad475f3c2565e8614b70930f644c4acda047fedaacdda805ae7802a27,0x634ceaa5abf564a6eaddb1e9966a7f2932f27319,0x634ceaa5abf564a6eaddb1e9966a7f2932f27319,0xfd086bc7cd5c481dcc9c85ebe478a1c0b69fcbb9,20000000,2184,
arbitrum,withdraw_submit,502750459,1788802297000,0x2daa19f6c1a669c289a734e07bb1193ffebd43f052bcdc59ecadef7731a9afc8,,0x227fd2fd881cc6c99dfccc0fb40f2b1dc2f3f36e,0xfd086bc7cd5c481dcc9c85ebe478a1c0b69fcbb9,400000000,,374023772501442560
arbitrum,withdraw_final,502760603,1788805151000,0x401363007fa8adbb85d0ef079ebd5da9957e41dbdb0d7dd24d603dc5774295ad,,,,,,374252273343135744
arbitrum,withdraw_submit,502762138,1788805237000,0x4e9b8f96ef781b9ed578e6df9b69f8fe049e4180af8ab72ec1a040e740a6a91d,,0x4bb12cc382e36b4b6faf7bdca7708969aed258ef,0xfd086bc7cd5c481dcc9c85ebe478a1c0b69fcbb9,9060000,,374252273343135744
arbitrum,withdraw_final,502769920,1788807497000,0x119d8668cccc1bc1e21b1de391e4399b2940e3069bd0b34d3627e27646767a6d,,,,,,374432825169936384
arbitrum,withdraw_submit,502771427,1788807577000,0x62382f973d752c4e875e9b91c6df93aa29ad76acb0ca084365c061f6feab9bc3,,0xa89b7df5086af472abe66ac78cbbfa9e6ed53bfa,0xfd086bc7cd5c481dcc9c85ebe478a1c0b69fcbb9,49000000,,374432825169936384
arbitrum,deposit,502777023,1788808986000,0x08a06837c2439f15fe545091a9720064243e78b6b68ad58b404ca1671e56bebd,0x82be6014636775c74633e76ab1b1371d3ecf256c,0x82be6014636775c74633e76ab1b1371d3ecf256c,0xfd086bc7cd5c481dcc9c85ebe478a1c0b69fcbb9,119149042,2184,
arbitrum,deposit,502782362,1788810326000,0xacef286dcfcc72c1f7f3861ac6415a6a1eec65dcffab2701e233f0db0ab34e93,0x9138c59ff13265801e01241991c987d5d3c13420,0x9138c59ff13265801e01241991c987d5d3c13420,0xfd086bc7cd5c481dcc9c85ebe478a1c0b69fcbb9,100300000,2184,
arbitrum,deposit,502788020,1788811753000,0x8e72b2170249fc7011bcc7bd3340f539608a0e77bb203fce30d48e17465bc589,0xbcd97d20be4b79b5a616fda8aae112ba09c7deba,0x1fd0e4af8e66b425fd40f20f82ae1c7b453be95c,0xfd086bc7cd5c481dcc9c85ebe478a1c0b69fcbb9,11470000,2184,
arbitrum,deposit,502791153,1788812539000,0x536ed96da5407dbfb65c4eee77d3acf39e848c8cdd95d1d5c3bcb8e8c0af8666,0xbb48553d0c9470eb429ba35acd350c4c242ee902,0xbb48553d0c9470eb429ba35acd350c4c242ee902,0xfd086bc7cd5c481dcc9c85ebe478a1c0b69fcbb9,2000000,2184,
arbitrum,withdraw_final,502791260,1788812866000,0x43ca19d45ca6938c2c536a024815919c9e1c881dbb2f496d752d335eba5afe04,,,,,,374846104103026688
arbitrum,withdraw_submit,502792900,1788812977000,0x0929143fe08e6cdeb2648b4d7124568151bf85597ac2104bcec0a442353b0ac6,,0xbb48553d0c9470eb429ba35acd350c4c242ee902,0xfd086bc7cd5c481dcc9c85ebe478a1c0b69fcbb9,1000000,,374846104103026688
arbitrum,deposit,502794904,1788813480000,0x30de1bdc1b199299d8a701b2d1db439d3b46478b2443fd56f7e41bbbd282479d,0xbbdb255e075fb7681f9baaf9ccbabb8e7778011d,0xbbdb255e075fb7681f9baaf9ccbabb8e7778011d,0xfd086bc7cd5c481dcc9c85ebe478a1c0b69fcbb9,100257118,2184,
arbitrum,deposit,502800249,1788814822000,0xa3686a8a444f92e0ff09d9e996b8637efa131a7d1024240d2f5e23c7382c1cfe,0x514d9b97d8a8ffc195eebd7e539554679e64c9b3,0x514d9b97d8a8ffc195eebd7e539554679e64c9b3,0xfd086bc7cd5c481dcc9c85ebe478a1c0b69fcbb9,105814364,2184,
arbitrum,withdraw_final,502802792,1788815762000,0x0ebd7b57b2179bd42a6829ceb3812dcfdcbec9092d69017fb5e82972e52f3161,,,,,,375067174655492096
arbitrum,withdraw_final,502803940,1788816051000,0x59d4e69427a3ba9fe3e192739954719074a72e349a6f5ba4f45408a1eaf9b7d0,,,,,,375089499903885312
arbitrum,withdraw_submit,502804363,1788815857000,0x8d92fc2428ba57f5e0259b1140f6feef491595109752bf0c1f221243d3724009,,0x591d0453de29ff2bb484336d6d44f5ec5994ced1,0xfd086bc7cd5c481dcc9c85ebe478a1c0b69fcbb9,167000000,,375067174655492096
arbitrum,withdraw_submit,502805547,1788816157000,0xdfc2f541c3c9efb802f6310bae690bf910da0083dd4458154a2902be215eddce,,0xcc22cb2860f0769adf97c4f3673b9c2fd4a2b3fb,0xfd086bc7cd5c481dcc9c85ebe478a1c0b69fcbb9,99000000,,375089499903885312
arbitrum,withdraw_final,502806081,1788816591000,0x56a1b5ff53e6cca9a44c2d69e4ab0e8b3630390e279a696af1d155bbd46277cf,,,,,,375130722995798016
arbitrum,deposit,502806646,1788816433000,0x68c693f6e5e3fac87f43b33c50eb55b3fdb4df44c5b0eb1efdcef4b545ebd78e,0xe2c90b5fc73ff99d6588a8540336f72bff61b443,0xe2c90b5fc73ff99d6588a8540336f72bff61b443,0xfd086bc7cd5c481dcc9c85ebe478a1c0b69fcbb9,100934639,2184,
arbitrum,deposit,502807498,1788816648000,0x8de9ad7a732fa075b477c80d6a62919732e7a60a44c4c83177445b6538ff0a1a,0x58ac9dd52e0755fca8202e78a682086513ce9255,0x58ac9dd52e0755fca8202e78a682086513ce9255,0xfd086bc7cd5c481dcc9c85ebe478a1c0b69fcbb9,3175314,2184,
arbitrum,withdraw_submit,502807691,1788816697000,0x6362a3faed4d8937eb7a8702d10d5b2faff2956939ff4a60a9405653e8a3ef66,,0x62dca82278c2d8bf6890cb9dbc50ecc77112a97a,0xfd086bc7cd5c481dcc9c85ebe478a1c0b69fcbb9,50000000,,375130722995798016
arbitrum,deposit,502808841,1788816988000,0xbbbb78f25cc0c9a10be9de3cab776ea8c17f6cc6edd9a543724834ab2f18e2de,0xd43484273f8119b109898fdb99b4bdaee0720b99,0xd43484273f8119b109898fdb99b4bdaee0720b99,0xfd086bc7cd5c481dcc9c85ebe478a1c0b69fcbb9,101962675,2184,
arbitrum,deposit,502812132,1788817817000,0x8b723686a996ab8a96e156c4868619a68c41e302216babe1a1165ed0d19dd85c,0xd235cbe30b92876e7e6f8266d2e28e9eb390dfcc,0xd235cbe30b92876e7e6f8266d2e28e9eb390dfcc,0xfd086bc7cd5c481dcc9c85ebe478a1c0b69fcbb9,100982774,2184,
arbitrum,withdraw_final,502818980,1788819844000,0xd21f9b965cdc829be8f10bc5d51d5eeb19e8f64cce5c44bb20c5db5786d96ebd,,,,,,375381334333325312
arbitrum,withdraw_submit,502820541,1788819937000,0x76ee13de41fd57aaf9fb762d2e6727c660176aaa06d1d050ca7be580b97b5d6c,,0x7526d6391c4dc0f3cdd913a6db767fe86da89d71,0xfd086bc7cd5c481dcc9c85ebe478a1c0b69fcbb9,108693255,,375381334333325312
arbitrum,deposit,502835058,1788823595000,0xf26388e915debe9c1383ec8263f197533a91452a4588a617f0da6279138e1c60,0x48b576c87e788a762d6f95a456f2a39113b46950,0x48b576c87e788a762d6f95a456f2a39113b46950,0xfd086bc7cd5c481dcc9c85ebe478a1c0b69fcbb9,100000000,2184,
arbitrum,deposit,502836023,1788823840000,0x92d6409cdbccf6a502877208134c3db63843d3ff476729738a95d3cde6d53817,0xc687b8799901292f3dfe30e238b2d8573b620a71,0x82b8f55150802ad5638586a6f724ba096ab64622,0xfd086bc7cd5c481dcc9c85ebe478a1c0b69fcbb9,40215000,2184,
arbitrum,deposit,502837148,1788824125000,0xb39f5cda4ae890b9a8ce4660cfdd5bb090ff08c89fd884be2b50e5c15325f427,0x04e51a7c1de8dd096c25af0f7ab6430f885bddf3,0x08f79ce1e583f0ac9279d89c7e3d1f88021e718f,0xfd086bc7cd5c481dcc9c85ebe478a1c0b69fcbb9,38858000,2184,
arbitrum,deposit,502858072,1788829417000,0x3b3d0085add9f6d13f744f2765811fa64b6c9422c61534fd004e0de848d1bc94,0xda1efdfd64d24c5061bae4a3456fa1b2a4e957df,0xda1efdfd64d24c5061bae4a3456fa1b2a4e957df,0xfd086bc7cd5c481dcc9c85ebe478a1c0b69fcbb9,999316255,2184,
arbitrum,deposit,502859653,1788829813000,0x523bac3194e17c32178533043db58941a3c971543afb28a5901c620c4901f9ae,0x0f63b0d8a0501e1f083f742926656f329f0d6b4c,0xc344872814da175ba136d0050cf96873ca969a93,0xfd086bc7cd5c481dcc9c85ebe478a1c0b69fcbb9,58020540,2184,
arbitrum,withdraw_final,502866916,1788831941000,0x244b7260da1c4f5301bbd1fcb082ed7db213d7de7c88e244cbde989e79a0f7de,,,,,,376315850505846784
arbitrum,withdraw_submit,502868327,1788831997000,0x2ea6c876428082b3197dcc0abba4116d8e05befa5db01e24b3654ecd9d45eaab,,0xd875ab45a5574b0cfae11d0d1262259f21ad7c33,0xfd086bc7cd5c481dcc9c85ebe478a1c0b69fcbb9,74293615,,376315850505846784
arbitrum,deposit,502876851,1788834140000,0xdf2522e1955711c125174f96e6fe6d6b7995ee700a45cfbed67756649b0db99a,0xbb48553d0c9470eb429ba35acd350c4c242ee902,0xbb48553d0c9470eb429ba35acd350c4c242ee902,0xfd086bc7cd5c481dcc9c85ebe478a1c0b69fcbb9,2000000,2184,
arbitrum,withdraw_final,502876955,1788834466000,0x39e3f48f955b5111c4d0826616ca830cee984039825db6333f441118d9d54c79,,,,,,376511177024339968
arbitrum,deposit,502878285,1788834499000,0xf801f18d5da1f1e2f0fa252b4146be77037c2477040492078b59a793a2bc2f18,0xb1d506b57d619f17e09b03b3cf16cf124744e532,0xb1d506b57d619f17e09b03b3cf16cf124744e532,0xfd086bc7cd5c481dcc9c85ebe478a1c0b69fcbb9,1400000000000,2184,
arbitrum,withdraw_submit,502878598,1788834578000,0x4bbabba8c6c8e063f677fc4f6be1825447dd82828a774e030d3a1516ac91446e,,0xbb48553d0c9470eb429ba35acd350c4c242ee902,0xfd086bc7cd5c481dcc9c85ebe478a1c0b69fcbb9,1000000,,376511177024339968
arbitrum,deposit,502880158,1788834970000,0xf11ec9a4aea43263cbe000c9d29349f273d7aa9af524b351b77ad94a39f98417,0xae264b17cbc88bd198c73882b4f8448db6ba86db,0xae264b17cbc88bd198c73882b4f8448db6ba86db,0xfd086bc7cd5c481dcc9c85ebe478a1c0b69fcbb9,8520000000000,2184,
arbitrum,withdraw_final,502880575,1788835375000,0x141c69bb365650f0fb28cc1f5fbdceeebee2a8d70c7e33006cc5b248b561e8d6,,,,,,376581451287625728
arbitrum,withdraw_submit,502882181,1788835477000,0xc1953ed54494af6bd542b5d5b30221e5a3e17a84cbb2ac21412f052ff5aef45c,,0x4c6119e99487badf7c981ddce8b4b66380724b5c,0xfd086bc7cd5c481dcc9c85ebe478a1c0b69fcbb9,131070090,,376581451287625728
arbitrum,withdraw_final,502888145,1788837273000,0x055738ab1424f2b25f6b741e5893ed36eed050dab12b8cbaf457da1170f757af,,,,,,376728210303352832
arbitrum,deposit,502888220,1788836992000,0x9578cb641e3ebd15603e1b6a7951ffbf5e20d4383dc38fbe2631fee8897667e0,0x24c4f5bdce3bfdc4e8c3919ede24bf31f46fc15e,0x78967a172761b6621165850781f70af8ac9e1491,0xfd086bc7cd5c481dcc9c85ebe478a1c0b69fcbb9,9900000,2184,
arbitrum,withdraw_submit,502889591,1788837337000,0x3b558c76a12e37f28dc2945a815d14449c3aba61ca95c2308f3c0f7a19cd5fcd,,0xf3287eb8b160286f85739ca25e8f6a6ba35add70,0xfd086bc7cd5c481dcc9c85ebe478a1c0b69fcbb9,3345566,,376728210303352832
arbitrum,withdraw_final,502892145,1788838279000,0x70a4db51078645e18d57e0389558ac5b4755145ca739c9fea82ec71b92584d84,,,,,,376805734479822848
arbitrum,deposit,502892562,1788838084000,0x29e0e0b5102ba72f449aceaa11974aea2e8c6a87019b988bb0b3ee193a157193,0x24c4f5bdce3bfdc4e8c3919ede24bf31f46fc15e,0x78967a172761b6621165850781f70af8ac9e1491,0xfd086bc7cd5c481dcc9c85ebe478a1c0b69fcbb9,99900000,2184,
arbitrum,withdraw_submit,502893653,1788838357000,0x1c1746746b8511f4151fa01108aa3ee4db3c0cb17b656a095555d2e8f65b7f11,,0x74449ab85bcb2707feec8fc51ec6b9b355d6ed0c,0xfd086bc7cd5c481dcc9c85ebe478a1c0b69fcbb9,19000000,,376805734479822848
arbitrum,withdraw_final,502898043,1788839762000,0x75e00ac5d4dcb61b3377211c4b57444644462bea88e72712c149a1e4ff04560b,,,,,,376920642034860032
arbitrum,withdraw_final,502898131,1788839784000,0xdb875ea4e4f35afd1a9b966ec81585f8361086519a13810567da8d7fb70c3afd,,,,,,376922291298107392
arbitrum,withdraw_final,502898327,1788839834000,0xb4152dcb86ee83d603840cb34f972ad978e4076e86be88df62257804fb868398,,,,,,376926105241649152
arbitrum,withdraw_submit,502899611,1788839857000,0xc5921e13f0bb66d9a06ad305b0b883c612911692b281481d971a7f4a5d68659d,,0x72b974ae5fd685edf22f2f9b366e602f1b810b9c,0xfd086bc7cd5c481dcc9c85ebe478a1c0b69fcbb9,99881065,,376920642034860032
arbitrum,withdraw_submit,502899611,1788839857000,0xc5921e13f0bb66d9a06ad305b0b883c612911692b281481d971a7f4a5d68659d,,0x622d24c84040eebbfcadafd3fc164bc14470d183,0xfd086bc7cd5c481dcc9c85ebe478a1c0b69fcbb9,98947116,,376922291298107392
arbitrum,withdraw_submit,502899846,1788839917000,0x03a3f74f77cb66fc94693834e731f67cec2cdf05d3792896a3925e4b664544fe,,0x913547c048c5c254e6c071944f2ddd4ebe6aa4fe,0xfd086bc7cd5c481dcc9c85ebe478a1c0b69fcbb9,99448149,,376926105241649152
arbitrum,deposit,502904998,1788841216000,0xea3a09847efa17d8b5b6416156ca7471cd56f6262a6f68f9e07c351fb1350006,0x5f6ce8e0be23550003e4896a70cb5ccf39e9ccc8,0x7bad875bb4f0465bc75ad0866c54c7a256986c3c,0xfd086bc7cd5c481dcc9c85ebe478a1c0b69fcbb9,99950000,2184,
arbitrum,withdraw_final,502938064,1788849852000,0x4089605b70c67745fab576435b7b8d16a4bed26992dc44888e1f30204e18224f,,,,,,377700367577645056
arbitrum,withdraw_final,502938934,1788850070000,0x2574d620a018170e21961f069cb19bcf5055f635727d0ab94129d62fe9295572,,,,,,377717135138357248
arbitrum,withdraw_submit,502939601,1788849938000,0x2d64ce961ca91dd53727c8fa298ea26973e1731f1187a97a748857e08b16791c,,0xd541724e772082c8686bcfd8774f247cc5ab2e1c,0xfd086bc7cd5c481dcc9c85ebe478a1c0b69fcbb9,149000000,,377700367577645056
arbitrum,withdraw_submit,502940557,1788850177000,0x89e6862cd3c0339d94f19ca7913906989054c9b155439e9300ec5ec352e92400,,0xd1eb316fc7b586009b8503d72558dc3a74567436,0xfd086bc7cd5c481dcc9c85ebe478a1c0b69fcbb9,1000000000,,377717135138357248
arbitrum,withdraw_final,502941095,1788850613000,0x4df225eb800e32c52b445075c27a0b392412fa809e3bccaeb464ac164915b357,,,,,,377758933764276281
arbitrum,withdraw_submit,502942702,1788850717000,0xfe2afccd448eb11dfd509e7ae0b2384a2882a653ab35be23b7192f9fc5681f8f,,0x2d8abca4d423429f65ecb3a2ea2eda9ba52cc9c8,0xfd086bc7cd5c481dcc9c85ebe478a1c0b69fcbb9,7992297,,377758933764276281
arbitrum,deposit,502945805,1788851499000,0x09b132a0a79b074e27794756d2795ca33c1773b99d0bfe55d9246d3fb3a62076,0x21a02d86a23d1670153a98880ca2b2b79b6ac9d1,0x21a02d86a23d1670153a98880ca2b2b79b6ac9d1,0xfd086bc7cd5c481dcc9c85ebe478a1c0b69fcbb9,220080000,2184,
arbitrum,withdraw_final,502950368,1788852949000,0xb45b1bb406e3a25921918da5065e7b313a7b6993bf65af3209888b815db9447b,,,,,,377939648787251200
arbitrum,deposit,502950969,1788852799000,0x2132b2b300898b3db2069e7b10c988ff9f86109c67bf779e85fc84f526dfc412,0xfecc67104c6a70fe075da273d35911626e15e760,0xea6c40e831547e3bd894df372e32ceb979a70386,0xfd086bc7cd5c481dcc9c85ebe478a1c0b69fcbb9,216660000,2184,
arbitrum,withdraw_submit,502951999,1788853057000,0x513d1e75eb2184ce4fbd6713929ab282ea5a18ac926f3f70ed5ddad1a4f7a708,,0x2fe5351af4562457228ee0a1520a1b76f11abeda,0xfd086bc7cd5c481dcc9c85ebe478a1c0b69fcbb9,49000000,,377939648787251200
arbitrum,deposit,502952007,1788853059000,0xa692b69ea2366b4428e9704bd66692193cec5425b3065adfa03b5d712fad2039,0xa91e492b00c00b6a05186e85754133d2790ea009,0xa91e492b00c00b6a05186e85754133d2790ea009,0xfd086bc7cd5c481dcc9c85ebe478a1c0b69fcbb9,799219443,2184,
arbitrum,deposit,502952549,1788853195000,0x6f19de8fdaaa76fc45e3d7524c5c0ab286c0f5ae9d1d26ffb16f02f03de8eef9,0xd878dffc82f15d249fedb3950b41dda7bc328fe5,0xd878dffc82f15d249fedb3950b41dda7bc328fe5,0xfd086bc7cd5c481dcc9c85ebe478a1c0b69fcbb9,209292814,2184,
arbitrum,deposit,502955516,1788853942000,0x7da0d6c4d6f2b2e0b31bec4e88bbec375deb091aba60e4627772ddbfb723c44a,0xfecc67104c6a70fe075da273d35911626e15e760,0xea6c40e831547e3bd894df372e32ceb979a70386,0xfd086bc7cd5c481dcc9c85ebe478a1c0b69fcbb9,294980000,2184,
arbitrum,deposit,502956056,1788854078000,0x84cdb48d37d383d5c23022441a89ff3af6cb0b30f05db15b68fb5d75b7fff736,0x9f36b8cb137b526ec32e41bdd9cf7465490a3b9d,0x9f36b8cb137b526ec32e41bdd9cf7465490a3b9d,0xfd086bc7cd5c481dcc9c85ebe478a1c0b69fcbb9,294439182,2184,
arbitrum,deposit,502962724,1788855748000,0xfa13d3163695f4e241b630098eb245643abd7ec33861af9bf9f226620c10c462,0xbb48553d0c9470eb429ba35acd350c4c242ee902,0xbb48553d0c9470eb429ba35acd350c4c242ee902,0xfd086bc7cd5c481dcc9c85ebe478a1c0b69fcbb9,2000000,2184,
arbitrum,withdraw_final,502962831,1788856075000,0x0142f0c52bc4796815f33eea7826d22a807993bc279de22dca48806c0d862c97,,,,,,378180579272687616
arbitrum,withdraw_submit,502964447,1788856177000,0x43a0cf7795477aa9c8480a24cdca590e9dc2fed13de47737bd6cd92c79d3e7ee,,0xbb48553d0c9470eb429ba35acd350c4c242ee902,0xfd086bc7cd5c481dcc9c85ebe478a1c0b69fcbb9,1000000,,378180579272687616
arbitrum,deposit,502980617,1788860233000,0x144b3f26a7592a673f128a7dbb19e23a73c0621365d29a745feb32652a892209,0x70dafa11ff44c7680010d7590806057c3025dea4,0x70dafa11ff44c7680010d7590806057c3025dea4,0xfd086bc7cd5c481dcc9c85ebe478a1c0b69fcbb9,3400000230,2184,
arbitrum,deposit,502981281,1788860399000,0xcf943359fb1d9d14d8dd1b2797159171719d99eed267cde87ea1dba652aa42dc,0xcd8e25d8348a3d1160c1436a83088b3d397a1c57,0xcd8e25d8348a3d1160c1436a83088b3d397a1c57,0xfd086bc7cd5c481dcc9c85ebe478a1c0b69fcbb9,8730711,2184,
arbitrum,deposit,502985977,1788861574000,0xf92976d75342e850ea3713dbbd44b028b4a98331dfbf0d51307ac3ad009c3fc6,0x0576365e63dea078b7f8c5e9a5fb5b1378abef6f,0x48fb67a5097c4d198e20a114bd0acfe8a098b972,0xfd086bc7cd5c481dcc9c85ebe478a1c0b69fcbb9,20000000,2184,
arbitrum,deposit,502986766,1788861772000,0xd997addf0906fcdee0081d35594b7b15e597c679da7924811ab90e282eab8cc9,0x398fabfc5ac9d427206bc3ad8f42ffec0caaff1c,0x4860d563363dc46a3637a2b980f75739143bdb9c,0xfd086bc7cd5c481dcc9c85ebe478a1c0b69fcbb9,20000000,2184,
arbitrum,deposit,502987114,1788861859000,0xe77b542eae9472fd81346495c6ba0952ef21fcc63cd64effcb0a01fe0311cf7e,0x6b48121a97aea5aed6575cf59ba3f14894e76908,0xcb550f61f87daa7aa85d5681b39bcab9642dcd81,0xfd086bc7cd5c481dcc9c85ebe478a1c0b69fcbb9,20000000,2184,
arbitrum,deposit,502993497,1788863455000,0xd67497f14667b7972e68f9c0db5fa6c1d44e83a1929062ca76e28912da116ba7,0xe94fa68a3206b8f8efe2bd40317567afc48da203,0x86b3009b9a4d6a93322d6d35391bf60f903093a0,0xfd086bc7cd5c481dcc9c85ebe478a1c0b69fcbb9,100982749,2184,
arbitrum,withdraw_final,502997070,1788864647000,0x4713fa4208cfe098189c51e90b4ddb8cc822067cae45ac7e6526ecfdcfc717fa,,,,,,378841712178495489
arbitrum,deposit,502997804,1788864532000,0x09dd29775a34964f6b1b790c882782577f4ac267259895dfd2fe91606e91b47e,0x603b825e6bbe81a22a11c482e6f1ff7c1a7dd33b,0xcdb07a6d2a6a17af525063f76d6a1be2d96bedb1,0xfd086bc7cd5c481dcc9c85ebe478a1c0b69fcbb9,2000000,2184,
arbitrum,withdraw_final,502998031,1788864889000,0x8f2e9e652c9f31e392fbd8b7a5e0d29bb11d5e6e3471611c714d7e179a1661bd,,,,,,378860395277844480
arbitrum,withdraw_submit,502998706,1788864757000,0x8ad193b546c63727dc1afcfae693811505cae7d614182381fbcfcb711aad9568,,0x6bf2516c6338b6f47e6b576251eae32be54006d0,0xfd086bc7cd5c481dcc9c85ebe478a1c0b69fcbb9,1566203947,,378841712178495489
arbitrum,withdraw_submit,502999665,1788864997000,0x2986a4d3b34ca97a0b89c66707023afe56a43fa9cc866b7ac68de82deaadcfc0,,0x6db8584fb505b759a71f47a1ffb772fec8469f8b,0xfd086bc7cd5c481dcc9c85ebe478a1c0b69fcbb9,2499000000,,378860395277844480
arbitrum,deposit,503001210,1788865384000,0xafeb1e8749814e036b0ee6fabd99a76e156f4489dfb94d63ce2681b0cd29dfe3,0x1dec687544bb097f371f7c472d92289e4a955202,0xc5e696c96a801bd85854898f5be6c10aeb290b29,0xfd086bc7cd5c481dcc9c85ebe478a1c0b69fcbb9,3000000,2184,
arbitrum,deposit,503002322,1788865663000,0x20b14fe1d9bf1ff6a42bfa06f3a5eff1e7f7b93c60df6aa44eaec004f31622d3,0x398fabfc5ac9d427206bc3ad8f42ffec0caaff1c,0x4860d563363dc46a3637a2b980f75739143bdb9c,0xfd086bc7cd5c481dcc9c85ebe478a1c0b69fcbb9,300000000,2184,
arbitrum,deposit,503002597,1788865732000,0x138e9593aa745d4dc097cdca5dd211e1284d2a23d70509af3e2acccac1f98ea4,0x0576365e63dea078b7f8c5e9a5fb5b1378abef6f,0x48fb67a5097c4d198e20a114bd0acfe8a098b972,0xfd086bc7cd5c481dcc9c85ebe478a1c0b69fcbb9,300000000,2184,
arbitrum,deposit,503003044,1788865843000,0xea98c9777d9673b493e3021b427a798b6c0494fee86537126eeeb8d8a1d00f07,0x6b48121a97aea5aed6575cf59ba3f14894e76908,0xcb550f61f87daa7aa85d5681b39bcab9642dcd81,0xfd086bc7cd5c481dcc9c85ebe478a1c0b69fcbb9,300000000,2184,
arbitrum,withdraw_final,503004962,1788866623000,0x6cd9dbe35e6ffc61f1e1e9fb3e258ea4fd9478644cc9a37eb9d34cb6f620ec07,,,,,,378993865706700801
arbitrum,deposit,503005103,1788866358000,0x082736e14d4810817a601e1eae8ba891b7693a4d176687dbc67691b63244cf4a,0x87e4cd33cab54a828923c663786084481a302c7c,0x87e4cd33cab54a828923c663786084481a302c7c,0xfd086bc7cd5c481dcc9c85ebe478a1c0b69fcbb9,1700355630,2184,
arbitrum,withdraw_submit,503006377,1788866677000,0x610a06038d41d94d8243f5e5503a090d921f98e62a6b50a3c20050c0fc6adcc8,,0x9f8bce2287a497ca9b9aadd17d02f66a5e520166,0xfd086bc7cd5c481dcc9c85ebe478a1c0b69fcbb9,13000000,,378993865706700801
arbitrum,deposit,503007335,1788866918000,0x499f8dbe874eb243a5ce87080de9e759a0b79e5cdc05351ae715640250361417,0x6ce10b3fecef3f1648635c13f7f6c6d6cb31d46f,0x6ce10b3fecef3f1648635c13f7f6c6d6cb31d46f,0xfd086bc7cd5c481dcc9c85ebe478a1c0b69fcbb9,101793309,2184,
arbitrum,deposit,503008851,1788867297000,0xb5c1ba083b61c1e421d1fffd9e266d33faf0f04bc13f2fc6a616ee88b3c4d4ef,0x45082f8cfb86c7b5eedf4cc8fe061d016727093a,0x45082f8cfb86c7b5eedf4cc8fe061d016727093a,0xfd086bc7cd5c481dcc9c85ebe478a1c0b69fcbb9,50009917,2184,
arbitrum,deposit,503012613,1788868238000,0x8a01802c22e9a8dc618c15609ce83fa0b6f588c5954f10084bfe0c03a6b0575a,0x87e4cd33cab54a828923c663786084481a302c7c,0x87e4cd33cab54a828923c663786084481a302c7c,0xfd086bc7cd5c481dcc9c85ebe478a1c0b69fcbb9,2000020779,2184,
arbitrum,deposit,503013626,1788868492000,0x921fb0023283d8fbc79f599a72ecf468ec15591befcd6eff396e374b663ee1d7,0xa27587690d52594e6d5b6eddf9adf5067d192b45,0xae52c2cba60e62c7723f4edfbaf5e19b5f7ea57a,0xfd086bc7cd5c481dcc9c85ebe478a1c0b69fcbb9,119900000,2184,
arbitrum,deposit,503015613,1788868990000,0xcd46d663c74b6d3cbf9ea12a95ec3e2e32a132fb311ec968a517a9f3ea49b470,0x6187f25f6ea8b69f1b6a37b05ad042014fe74e8e,0x449bd836ce84102ca67e7b8537d294723ee4a0ad,0xfd086bc7cd5c481dcc9c85ebe478a1c0b69fcbb9,9850000,2184,
arbitrum,withdraw_final,503018120,1788869916000,0x4668507d6084bba2fdfe4d20e807543f7e8220ce5f22429c209fe17d70bf70d8,,,,,,379248668928114688
arbitrum,deposit,503018177,1788869630000,0xb1f58f6bc69f1e52bcbdc96094237fd20437d3d51ce8d8852a3618cf4ee02bd5,0x2c62f7ff1f4c652d0d256ddd50b102b7d04e33a6,0x2c62f7ff1f4c652d0d256ddd50b102b7d04e33a6,0xfd086bc7cd5c481dcc9c85ebe478a1c0b69fcbb9,499865026,2184,
arbitrum,deposit,503018709,1788869764000,0x97ec09ecaae429474403650eb10f0af0ec43ff876d151ee935dd152c77b18e79,0xe5e9cb4794641c12f4d77269611602c1079042fa,0xc5990011d814ba495e0b73bc9965703c5ee10b49,0xfd086bc7cd5c481dcc9c85ebe478a1c0b69fcbb9,32052741,2184,
arbitrum,withdraw_submit,503019559,1788869977000,0xf210b72b9d3b79693e6797f9aee1b399784e7111eb0441c49bf85899a3e1cc74,,0xe4855dfbd6a75097e5fb9650f419312a15f0b364,0xfd086bc7cd5c481dcc9c85ebe478a1c0b69fcbb9,134109496,,379248668928114688
arbitrum,deposit,503024113,1788871117000,0x53a3deabe7bbbcac09920c8c1be7d187758593c0b0611e641ad92d12031b76fb,0x6187f25f6ea8b69f1b6a37b05ad042014fe74e8e,0x449bd836ce84102ca67e7b8537d294723ee4a0ad,0xfd086bc7cd5c481dcc9c85ebe478a1c0b69fcbb9,99850000,2184,
arbitrum,deposit,503024332,1788871171000,0x16f5abb098e745dae2a1cd17b8d177f504d0c80248734cc3f2256a2627fa0099,0x6b48121a97aea5aed6575cf59ba3f14894e76908,0xcb550f61f87daa7aa85d5681b39bcab9642dcd81,0xfd086bc7cd5c481dcc9c85ebe478a1c0b69fcbb9,50000000,2184,
arbitrum,deposit,503024905,1788871315000,0x904a3cf7aaaabd80896174d6a65dae3495e086e9776fbccc88ba70a8c9091b7f,0xe5e9cb4794641c12f4d77269611602c1079042fa,0xc5990011d814ba495e0b73bc9965703c5ee10b49,0xfd086bc7cd5c481dcc9c85ebe478a1c0b69fcbb9,5830991343,2184,
arbitrum,deposit,503024929,1788871321000,0x2a95c4b0d96b8f39d7c568448987492802c827b632610527784480e178a9b59e,0x0576365e63dea078b7f8c5e9a5fb5b1378abef6f,0x48fb67a5097c4d198e20a114bd0acfe8a098b972,0xfd086bc7cd5c481dcc9c85ebe478a1c0b69fcbb9,50000000,2184,
arbitrum,deposit,503024944,1788871324000,0x117c581f564956e159414dd5fd88775d6480332b903e881a6f78ab04dd8c31a1,0x398fabfc5ac9d427206bc3ad8f42ffec0caaff1c,0x4860d563363dc46a3637a2b980f75739143bdb9c,0xfd086bc7cd5c481dcc9c85ebe478a1c0b69fcbb9,50000000,2184,
arbitrum,deposit,503027287,1788871912000,0x7a6011f5849dee512c3691ee2d8478719cbc620fa2ac4203441a6b09a1d688ac,0x330499b9b4d12055f44192fa1d7923358ebb4b55,0xd172b0f73413f36b32fdb7c2a35aaf51571f2197,0xfd086bc7cd5c481dcc9c85ebe478a1c0b69fcbb9,100669162,2184,
arbitrum,deposit,503027626,1788871996000,0xc49fe7e33b4df7d1cb2731b38e455c3107a9123466b6c1eb169730f8b7a7ffb4,0x781dfccafa90a619fa43ae1d485898e4f4849565,0xf96eeb06da6d99860c79f7dbbdeb88012c7260bf,0xfd086bc7cd5c481dcc9c85ebe478a1c0b69fcbb9,200500000,2184,
arbitrum,withdraw_final,503029421,1788872745000,0x3c5238cfe53cc9105d5fdf4db8c2166d2f5a0f5c75f907415abcdd4c562a5d04,,,,,,379467445963849728
arbitrum,withdraw_submit,503031064,1788872857000,0x7ca689955ed283b2f89582ff58cc0bd1c753e98480b5b4f71c837f7db4270d0d,,0x48fb67a5097c4d198e20a114bd0acfe8a098b972,0xfd086bc7cd5c481dcc9c85ebe478a1c0b69fcbb9,305782539,,379467445963849728
arbitrum,withdraw_final,503031447,1788873253000,0x0f877f80ae5c679004298ffa723527ff9c06ac9d9d28694a692112237dacfd38,,,,,,379506822232408064
arbitrum,withdraw_final,503032748,1788873579000,0x1fa6bf9102f3f750bdceeb09cde6c60dd2197e0614bcf3ddddb75fde3ef8ec04,,,,,,379531922033868846
arbitrum,withdraw_submit,503032981,1788873337000,0x184802d0436456d73bce7a3011112ea9ac11c3d2ae8564d0897617f3def6b0f8,,0x4860d563363dc46a3637a2b980f75739143bdb9c,0xfd086bc7cd5c481dcc9c85ebe478a1c0b69fcbb9,336893839,,379506822232408064
arbitrum,withdraw_final,503033328,1788873724000,0x7c5503b2271cae36c07fd295a111c5a176d18d9cfed633ef00fd992661d4ffce,,,,,,379543338031775744
arbitrum,withdraw_final,503033936,1788873876000,0x20f88f033087d546a13d19b9b1a07fe054d9b97a553caf8f1cbff8258cc8e932,,,,,,379555037547855917
arbitrum,withdraw_submit,503034181,1788873637000,0x343be4d5fbffd8aa06cb8e162bb7105b4d30036605f90baba891e4e4255fe3f5,,0xf96eeb06da6d99860c79f7dbbdeb88012c7260bf,0xfd086bc7cd5c481dcc9c85ebe478a1c0b69fcbb9,173706853,,379531922033868846
arbitrum,withdraw_final,503034544,1788874028000,0x2f25a0a667debdf61fcb0c27992932da8321cb678608d1d6c72c287b133abb46,,,,,,379566737038770234
arbitrum,withdraw_submit,503034897,1788873817000,0xbdf2580d882e14c1b6bc54b714ee9f8b7a7fe0e2f182398573ae24fed5f35ef5,,0xcb550f61f87daa7aa85d5681b39bcab9642dcd81,0xfd086bc7cd5c481dcc9c85ebe478a1c0b69fcbb9,328761222,,379543338031775744
arbitrum,deposit,503035277,1788873911000,0x3842ef3cceda7bb401a89246c81817febce26152b00414a85141cf5132a66571,0x1d19f1222f5047356b7c98f2ea6dd9b9987348b3,0x1d19f1222f5047356b7c98f2ea6dd9b9987348b3,0xfd086bc7cd5c481dcc9c85ebe478a1c0b69fcbb9,173706853,2184,
arbitrum,withdraw_submit,503035380,1788873937000,0x782764246efb20362a372b0193e9b2dca8af411d6d92cd6676cbd0edcafadce8,,0xadb2cc3215c14960240ac2e8f62371e1382497ef,0xfd086bc7cd5c481dcc9c85ebe478a1c0b69fcbb9,5665654,,379555037547855917
arbitrum,withdraw_submit,503036097,1788874117000,0x79fd21c73666dc51aa9a127b4d50fa0b0e16a42ca5b4bf63aefc1b1cc1329b60,,0xd172b0f73413f36b32fdb7c2a35aaf51571f2197,0xfd086bc7cd5c481dcc9c85ebe478a1c0b69fcbb9,91958100,,379566737038770234
arbitrum,deposit,503036840,1788874302000,0x07d7c4547a61ad6c4f46fee4f4a082d1a99a8f5163556a97fa7acd01770788d1,0xeeda367ee58a94ab2d4632968ea05be4220e6758,0xeeda367ee58a94ab2d4632968ea05be4220e6758,0xfd086bc7cd5c481dcc9c85ebe478a1c0b69fcbb9,91961227,2184,
arbitrum,deposit,503041660,1788875506000,0x2691db390a7a5d63374585c57764ef68dbcc38fa27be0d617fb76b87503efe95,0x7a36921581703e4b48bbf723c542cd1959290f0f,0x7a36921581703e4b48bbf723c542cd1959290f0f,0xfd086bc7cd5c481dcc9c85ebe478a1c0b69fcbb9,88259562,2184,
arbitrum,withdraw_final,503043145,1788876176000,0x957ce03752b910ead17937e6db4aa1c81bb46465fe9302a82e97a47961bdc377,,,,,,379731423260573696
arbitrum,withdraw_final,503044353,1788876477000,0xfcf123bed108ef2557f9728ee3ec731fa5cdb1e5be398fc155fcbaeffde8b6d2,,,,,,379754805058338816
arbitrum,withdraw_submit,503044753,1788876278000,0x5e24fefd7f4dee2dc532816144e908dbdb4d443fd9a30a05fbaadb583831b6aa,,0x2c62f7ff1f4c652d0d256ddd50b102b7d04e33a6,0xfd086bc7cd5c481dcc9c85ebe478a1c0b69fcbb9,501375521,,379731423260573696
arbitrum,withdraw_submit,503045955,1788876578000,0x616a395260b41c83e524a9913bb238cfc1b40f33e3bf7ce6d109722945d35fea,,0xe3c7f5b82b2040630d67475a8668698c4523d0b5,0xfd086bc7cd5c481dcc9c85ebe478a1c0b69fcbb9,20000000,,379754805058338816
arbitrum,withdraw_final,503047497,1788877263000,0xd93010c8682acbf53ada2fcc9f91e7f33465e6d0b0af8e55ce215b1c21a39a8f,,,,,,379814951759380480
arbitrum,deposit,503049011,1788877341000,0xb60143205b1a27b9edd707d3e500f0b290d5ece1e83dc1f9fbdb3e9e972c2103,0xbb48553d0c9470eb429ba35acd350c4c242ee902,0xbb48553d0c9470eb429ba35acd350c4c242ee902,0xfd086bc7cd5c481dcc9c85ebe478a1c0b69fcbb9,2000000,2184,
arbitrum,withdraw_submit,503049075,1788877357000,0x348323e468f4b728d79f2d7f18a4a52646a82af0596aee635d59c2d4fa35d43e,,0xeeda367ee58a94ab2d4632968ea05be4220e6758,0xfd086bc7cd5c481dcc9c85ebe478a1c0b69fcbb9,100822580,,379814951759380480
arbitrum,withdraw_final,503049130,1788877671000,0xbbb2bcaeda0ac472149770239215b8b700f1ef90f5469b2a9df9bff980153cf1,,,,,,379846605676740608
arbitrum,deposit,503049374,1788877432000,0xeb6ad54a36ee0dfad902bda69156076b260585a381aa22026c5456db3b998040,0xa52e168f101fbbea240f4e9e47753d7150b0ba00,0xa52e168f101fbbea240f4e9e47753d7150b0ba00,0xfd086bc7cd5c481dcc9c85ebe478a1c0b69fcbb9,2500700000,2184,
arbitrum,withdraw_submit,503050757,1788877777000,0xf83aa219f01db75182573da72e45df1020afffa196a97ff36d2776de6b728fd9,,0xbb48553d0c9470eb429ba35acd350c4c242ee902,0xfd086bc7cd5c481dcc9c85ebe478a1c0b69fcbb9,1000000,,379846605676740608
arbitrum,withdraw_final,503053750,1788878825000,0xc0cb73d35db5de6f0aeeabee54f076bd7a6db0bfaa6686227323c55e6968e646,,,,,,379935571641892864
arbitrum,withdraw_submit,503055315,1788878917000,0xb747edb102b3a3f2da10c8636eb139730ff4fb3ac8443e7a3a136463b53d0c59,,0xd073987f437215db8279302043568ed15f48ed2d,0xfd086bc7cd5c481dcc9c85ebe478a1c0b69fcbb9,125350141,,379935571641892864
arbitrum,withdraw_final,503056662,1788879554000,0xfa35ccc9034b38873ea10643d797f9fa4f41d5f4bec696ef4d11a24b56f34a7d,,,,,,379991294535008256
arbitrum,withdraw_submit,503058194,1788879637000,0x30cecceeefc5f57ccaefc6797836a566ddee1e1ddd568b36a464c96b5e5b4c96,,0xa4d76378ffc044d95fcf102e40ae6da73a1a3f02,0xfd086bc7cd5c481dcc9c85ebe478a1c0b69fcbb9,21119986,,379991294535008256
arbitrum,deposit,503058697,1788879763000,0xd0cadf54bf04f84280bdaaf2ca289c1215cd76462b0ff7229b1e466ce2338586,0xc55c551df971f7a76b9cb5321e5c1c39fd721f9c,0x9deabcf6be3f599039241fe0b16266ac4a411c58,0xfd086bc7cd5c481dcc9c85ebe478a1c0b69fcbb9,5981763,2184,
arbitrum,deposit,503059681,1788880009000,0x788630ab6e1e44d4c6d8ccac5b45201797aaed4bfc7a4877711d8b22d72690d4,0xc55c551df971f7a76b9cb5321e5c1c39fd721f9c,0x9deabcf6be3f599039241fe0b16266ac4a411c58,0xfd086bc7cd5c481dcc9c85ebe478a1c0b69fcbb9,9850869,2184,
arbitrum,deposit,503061957,1788880579000,0x57d3f8356f10d928950e15531207e14dbf762f10ba727b7ec6b0194f28b3f5a6,0x193371703074559c761cddfac2b12fea0919dcf5,0x8496bb66471ddbc6304f8e4642ee10e80b36f79b,0xfd086bc7cd5c481dcc9c85ebe478a1c0b69fcbb9,38857000,2184,
arbitrum,deposit,503062065,1788880606000,0xd3fb65d60c9721bf910e61108769d8a5d10ade6cc58bb60a386ca35fbbcd310a,0xd9690c532a9dc4c7301cad5bc3dfc81b54649bb0,0x8556dc15413f3ada87f96a9e1b354ef3a2f9a291,0xfd086bc7cd5c481dcc9c85ebe478a1c0b69fcbb9,49975846,2184,
arbitrum,withdraw_final,503070043,1788882901000,0xf9d4732610d7a467af904efcd1c3fdba315ed449b117432054ec5398451be82c,,,,,,380249164375654400
arbitrum,withdraw_submit,503071625,1788882997000,0x335c5fdeb7be1d5f1a7db958c4e2b12adf4b8d2b1235936b0af861caa41e432c,,0xa76afd7418183cdb49404a3db5570630d24d6a93,0xfd086bc7cd5c481dcc9c85ebe478a1c0b69fcbb9,162033451,,380249164375654400
arbitrum,deposit,503075015,1788883843000,0x060e129877b45bf3aba2ed6f3b02161bf3ca293630ba6a3a861947fbf350d141,0x7f2215494b3db56ec4473f0d6c5c9b16f0ab96a5,0x24293bea690db3fb1892dfca9313795e70c6f9e8,0xfd086bc7cd5c481dcc9c85ebe478a1c0b69fcbb9,100000000,2184,
arbitrum,withdraw_final,503082086,1788885912000,0xce0fa833cd209622d001d8ae832436ea3f1b6ae60d863858834388d709880644,,,,,,380482183518748672
arbitrum,withdraw_final,503082572,1788886034000,0x4ae7a4435be4547ebec83941700a56354cfb26e704b3db589d837de66aa24d59,,,,,,380491357573087233
arbitrum,deposit,503083000,1788885840000,0xe0ab092df4565db8c0ddd492236345f49f7e11a6c5a32f503372d2f86d265eda,0xd55196b5248b28ee9a619a0f0a7c39af84036a5e,0xd55196b5248b28ee9a619a0f0a7c39af84036a5e,0xfd086bc7cd5c481dcc9c85ebe478a1c0b69fcbb9,137400939,2184,
arbitrum,withdraw_submit,503083630,1788885997000,0x7f050778547a0604db106c51eeaa37394968b566d8bf6a8c9faed8b6e3b0ae1f,,0xfba819d0bfa3a1fc39ac2e660c5b318afe8801b8,0xfd086bc7cd5c481dcc9c85ebe478a1c0b69fcbb9,2988222,,380482183518748672
arbitrum,withdraw_submit,503084107,1788886117000,0x2102eab3dc5d6c031d64a27f2978be047446087dd88d5b5760c008d60a193363,,0x656c7e9fbea43bcd86b6bb06d00348f944839281,0xfd086bc7cd5c481dcc9c85ebe478a1c0b69fcbb9,7567559,,380491357573087233
arbitrum,withdraw_final,503086708,1788887067000,0xdc3218d1e4b38f95848c364bd7e87d99dd79844d6561ca14ced566c5ecb7c881,,,,,,380570943333859329
arbitrum,withdraw_submit,503088189,1788887137000,0x3f001220cc848c950d87ff91ce80d9923fb6cdaf7891ed67076094a626a6a5ce,,0x3fa9166fa4cacd3dde303a87195dd7af7b9a5939,0xfd086bc7cd5c481dcc9c85ebe478a1c0b69fcbb9,122481074,,380570943333859329
arbitrum,withdraw_final,503088936,1788887624000,0xdc79c010e88db4fe57db555ad7c0ad0756e22f100e9195cd4a1774d5ce904f42,,,,,,380613781346058286
arbitrum,withdraw_submit,503090586,1788887737000,0x257fcab3e72bec56985cd5e3836662ef05500b0cdf21ee7523a066eea7159a0e,,0x3fa9166fa4cacd3dde303a87195dd7af7b9a5939,0xfd086bc7cd5c481dcc9c85ebe478a1c0b69fcbb9,116699104,,380613781346058286
arbitrum,deposit,503090592,1788887738000,0xc1b798c1bee779dcd34339a520ab50782adc858ac798727782b163c3ffc1a1f5,0x6d7c6d61604e669de329e9fe8329c246c1fb0fb3,0x6d7c6d61604e669de329e9fe8329c246c1fb0fb3,0xfd086bc7cd5c481dcc9c85ebe478a1c0b69fcbb9,122481074,2184,
arbitrum,deposit,503092229,1788888148000,0xa87066e499969dc8f4783cbb93ef64b107cd14eb1b02c7a856c74b84766d925a,0x213fa71a26ac0d19f323221a04b5239abe6aabae,0x213fa71a26ac0d19f323221a04b5239abe6aabae,0xfd086bc7cd5c481dcc9c85ebe478a1c0b69fcbb9,11000000,2184,
arbitrum,deposit,503093399,1788888440000,0x3f08fee369e235e85d60c7dedcb2dcf8af3e43e09ac88dcd825b1c43bc264603,0x62aff1de51e60876182b772a906cf02582ffbcb2,0x62aff1de51e60876182b772a906cf02582ffbcb2,0xfd086bc7cd5c481dcc9c85ebe478a1c0b69fcbb9,4011099,2184,
arbitrum,deposit,503094170,1788888633000,0xcef612bc3da51811c40e54861392715306c9d9a2c45bdad917cd196cfb7790a1,0x7f2215494b3db56ec4473f0d6c5c9b16f0ab96a5,0x24293bea690db3fb1892dfca9313795e70c6f9e8,0xfd086bc7cd5c481dcc9c85ebe478a1c0b69fcbb9,100000000,2184,
arbitrum,withdraw_final,503100490,1788890517000,0x5675ceb07637b1f5d097402afb2efa56fba14619c8d8404697d82c99d4bfbc44,,,,,,380837746689703936
arbitrum,withdraw_submit,503102087,1788890617000,0x8d525459a9c3a1a2c755840da6e16d2617ba8a41555d7a084d94a9efaaa91b83,,0x62dca82278c2d8bf6890cb9dbc50ecc77112a97a,0xfd086bc7cd5c481dcc9c85ebe478a1c0b69fcbb9,69000000,,380837746689703936
arbitrum,withdraw_final,503102645,1788891056000,0x0e2259d41920a0b6e70073abfb6da7d482a89782c4269a416459a69812d6c386,,,,,,380879596846841856
arbitrum,withdraw_submit,503104247,1788891158000,0xd636370fcbd026eac6d82260384d125772f230e01b7ce29b267faaac5010af38,,0xc73275adeae58e3e0a08e0346eff34c1b55541e3,0xfd086bc7cd5c481dcc9c85ebe478a1c0b69fcbb9,31025480,,380879596846841856
arbitrum,deposit,503110080,1788892618000,0xf83aad306c30f5d59c052452920554d6fdf307831154d7de5be39d2e8a4ba71b,0xea4f9dd19f7482d8151933acba6b051d04fa2b47,0xea4f9dd19f7482d8151933acba6b051d04fa2b47,0xfd086bc7cd5c481dcc9c85ebe478a1c0b69fcbb9,46844239,2184,
arbitrum,deposit,503115330,1788893933000,0x124a727740e8e5df7ca570f7b5ab4aa5e9b84c7563dc5ad15a05610bca2ef453,0x213fa71a26ac0d19f323221a04b5239abe6aabae,0x213fa71a26ac0d19f323221a04b5239abe6aabae,0xfd086bc7cd5c481dcc9c85ebe478a1c0b69fcbb9,4774410,2184,
arbitrum,deposit,503116300,1788894177000,0xf2935688bf4f8f3b995ddfc21089d63cd64840a8253de6a2af6facea02fc4923,0x10c051978043c78c51894dc4d8ec7870a553d2d3,0x10c051978043c78c51894dc4d8ec7870a553d2d3,0xfd086bc7cd5c481dcc9c85ebe478a1c0b69fcbb9,301739118,2184,
arbitrum,deposit,503118311,1788894679000,0x637d8af2f56ae71b6f4e977f99054358967b40069f964acaa773f1548df084e2,0xb9b9957448c3dde3315932fc71928e99103d5655,0x86aff01440a9fe1c95ba5dcc7c4d6bbfd111442e,0xfd086bc7cd5c481dcc9c85ebe478a1c0b69fcbb9,300476257,2184,
arbitrum,deposit,503119659,1788895015000,0x2ac9c0cdb658958f2b4b6eb942a7f67461d1061233ca1a533ff7fe2e4270ea9e,0x67d77402d94c358506deaf584f1f3a044f495bc7,0x67d77402d94c358506deaf584f1f3a044f495bc7,0xfd086bc7cd5c481dcc9c85ebe478a1c0b69fcbb9,1499907183,2184,
arbitrum,deposit,503122834,1788895810000,0x4c73afb169f9e1f8e816825fdefc277653c34c92de4091264d8d2f776f2143db,0xe67d3b0bdfd1d853fbce6c0898b464e332a67b18,0xe67d3b0bdfd1d853fbce6c0898b464e332a67b18,0xfd086bc7cd5c481dcc9c85ebe478a1c0b69fcbb9,1604315569,2184,
arbitrum,deposit,503135331,1788898940000,0xd1ad7bfc39d942b0c4499b8496418c7c751eba632b37a36cce66c970be8a1a8c,0xbb48553d0c9470eb429ba35acd350c4c242ee902,0xbb48553d0c9470eb429ba35acd350c4c242ee902,0xfd086bc7cd5c481dcc9c85ebe478a1c0b69fcbb9,2000000,2184,
arbitrum,withdraw_final,503135428,1788899264000,0x909cc53b676f531f03dcc64540a69672e2d299abdba2abd5995a11cdabc4b634,,,,,,381511936296091648
arbitrum,withdraw_submit,503137077,1788899377000,0xa6f12a731b45ec48e79b54a7e173479ffcff5e70fe673bd0c18b4db94f771712,,0xbb48553d0c9470eb429ba35acd350c4c242ee902,0xfd086bc7cd5c481dcc9c85ebe478a1c0b69fcbb9,1000000,,381511936296091648
arbitrum,withdraw_final,503141026,1788900665000,0x34d546990afee313880101083925e9267e582aff9558231e924d16e52b8cd5f1,,,,,,381620281157877760
arbitrum,withdraw_submit,503142596,1788900757000,0x257ce0fc7dff06fff1c9091cda54dba6bd426b8f284c6f1a9596fac1c3fc2db2,,0x213fa71a26ac0d19f323221a04b5239abe6aabae,0xfd086bc7cd5c481dcc9c85ebe478a1c0b69fcbb9,13047452,,381620281157877760
arbitrum,deposit,503176064,1788909194000,0xca9e44074b39e93f2887aedf90b9d61d154c6d253b2bb90407b29707eb3eab40,0xf73dcf163e8f6ecb9b57867cba5476c0b17bbb83,0xf73dcf163e8f6ecb9b57867cba5476c0b17bbb83,0xfd086bc7cd5c481dcc9c85ebe478a1c0b69fcbb9,1000000000,2184,
arbitrum,deposit,503181636,1788910616000,0x4e20c4175733192c3bc6b3b48c3006706256c5e34f0640ec0b9e54c929534661,0xf73dcf163e8f6ecb9b57867cba5476c0b17bbb83,0xf73dcf163e8f6ecb9b57867cba5476c0b17bbb83,0xfd086bc7cd5c481dcc9c85ebe478a1c0b69fcbb9,920000000,2184,
arbitrum,withdraw_final,503184106,1788911546000,0x46e085ce88f0fb4eca736270c404113a71acf37e3201062082754432f05e3528,,,,,,382460497011671040
arbitrum,deposit,503185427,1788911583000,0x2607705869caa5516d061729cb518fd2e9a55c1a6ab1f77801b1d81d4b80c099,0xc5a710b84f096d0567813580c25d0d95953781ff,0xc5a710b84f096d0567813580c25d0d95953781ff,0xfd086bc7cd5c481dcc9c85ebe478a1c0b69fcbb9,1000029943,2184,
arbitrum,withdraw_submit,503185562,1788911617000,0x268bad8ecde19de9c004e1a13626400c7a2c925bff31218e178014f3bc353db7,,0x07e8aaddcaa09f6f2806f92ebb735fab04a67d1c,0xfd086bc7cd5c481dcc9c85ebe478a1c0b69fcbb9,499000000,,382460497011671040
arbitrum,deposit,503207004,1788917029000,0x506f33b6b2e993a1b8abe7ab25d681090fd7132b6ceda9c3c4dba8183fc75416,0x66e3f1ee17ab68849b571ab775cdf76a95365f67,0x66e3f1ee17ab68849b571ab775cdf76a95365f67,0xfd086bc7cd5c481dcc9c85ebe478a1c0b69fcbb9,100822769,2184,
arbitrum,deposit,503220875,1788920540000,0x915d2aa52ab94269b983a92c2e73768bfae4309311252187db906b0643b73dbf,0xbb48553d0c9470eb429ba35acd350c4c242ee902,0xbb48553d0c9470eb429ba35acd350c4c242ee902,0xfd086bc7cd5c481dcc9c85ebe478a1c0b69fcbb9,2000000,2184,
arbitrum,withdraw_final,503220956,1788920860000,0xce903275bc0ab76de3d6d93fd87354d81df28c848e8efa73f79b0e1ec6f513c1,,,,,,383180307752288256
arbitrum,withdraw_submit,503222352,1788920917000,0x8dd8ed6d5ec94c77c25065665ea1b8ddd53d7f9f04dc96ee95155ca2ce09285b,,0xbb48553d0c9470eb429ba35acd350c4c242ee902,0xfd086bc7cd5c481dcc9c85ebe478a1c0b69fcbb9,1000000,,383180307752288256
arbitrum,withdraw_final,503247638,1788927645000,0x294b793426b83ea75be73aa46656c92ef328ecad90143584699e54ee235c17c0,,,,,,383705264416620544
arbitrum,withdraw_submit,503249281,1788927758000,0x1c795024585e8a1db006d9d3e1890f983fb1391e3e346de877bce9d4aa0657ca,,0x24293bea690db3fb1892dfca9313795e70c6f9e8,0xfd086bc7cd5c481dcc9c85ebe478a1c0b69fcbb9,183263882,,383705264416620544
arbitrum,withdraw_final,503251226,1788928553000,0x92204335ee5bdc6488a97f9440149ce4d75308fd91207731c03a7fb18a70ea90,,,,,,383775392671989780
arbitrum,withdraw_submit,503252813,1788928657000,0xd69dd4ed53494f0d6842112eef3c1ba41e4de8b1d4b93b0904638717f14c20a1,,0xc5a710b84f096d0567813580c25d0d95953781ff,0xfd086bc7cd5c481dcc9c85ebe478a1c0b69fcbb9,993787796,,383775392671989780
arbitrum,deposit,503256781,1788929659000,0xd030ef3ef63c51e97e4c4da92a1471ffef8e2b6050f8698d3b5019b926f449a2,0xc28a6898db7672cb645c5665b3092900aa5391b6,0xc28a6898db7672cb645c5665b3092900aa5391b6,0xfd086bc7cd5c481dcc9c85ebe478a1c0b69fcbb9,135000000,2184,
arbitrum,deposit,503264146,1788931514000,0xc31772646eebaaff8b204893de6de9c4266dc0ef8e3974cbb52463766452c4e0,0xab03fbf45ee719eef883063a1a0064507ae94236,0xab03fbf45ee719eef883063a1a0064507ae94236,0xfd086bc7cd5c481dcc9c85ebe478a1c0b69fcbb9,10001092863,2184,
arbitrum,withdraw_final,503268729,1788932966000,0xa03fceccb64466d3a2dee1d5f58cbb1c7af384fbbde231c648fc158e983041ef,,,,,,384115974971850752
arbitrum,withdraw_final,503269255,1788933098000,0x30cd43ecb7ba3940a9e48e817e2501f96d06bce88e37232fbbb8558cdcc0be67,,,,,,384126162638471169
arbitrum,withdraw_submit,503270214,1788933038000,0xe5857b7f65aa6e0857db611310a82e78b4b6b5223a77b4947be1bce8ee366dd8,,0xf73dcf163e8f6ecb9b57867cba5476c0b17bbb83,0xfd086bc7cd5c481dcc9c85ebe478a1c0b69fcbb9,1199000000,,384115974971850752
arbitrum,withdraw_submit,503270690,1788933157000,0x9ac4438fb71b5a64568ffa038c95a104bc499deef0e934933978f243c6975763,,0x2c6a2a8526cec910b0b7d23502fc7c66a388432c,0xfd086bc7cd5c481dcc9c85ebe478a1c0b69fcbb9,34536819,,384126162638471169
arbitrum,withdraw_final,503270701,1788933460000,0x186bdd30b21f018cec90dc473e1b3df7bd147e9af373cbcb11ea0a52367befd4,,,,,,384154217360654336
arbitrum,withdraw_final,503271022,1788933540000,0xa21d3c5810046174d0086befea5917fa5e15f8b6cf170ea98922ba6c105ce59c,,,,,,384160453653168128
arbitrum,withdraw_submit,503272129,1788933517000,0x33435124a09b47cf4e90aca8b06390d4574180fbb7843a650ddc0586655e5ac3,,0x1d19f1222f5047356b7c98f2ea6dd9b9987348b3,0xfd086bc7cd5c481dcc9c85ebe478a1c0b69fcbb9,142552772,,384154217360654336
arbitrum,withdraw_submit,503272607,1788933637000,0x70372d0820e9200f41fb9f185f4e2725e1f82ee8d33e6a99606ec193a58b3155,,0xf73dcf163e8f6ecb9b57867cba5476c0b17bbb83,0xfd086bc7cd5c481dcc9c85ebe478a1c0b69fcbb9,807263003,,384160453653168128
arbitrum,deposit,503274496,1788934111000,0x640c7bb616768c5028f2513709648bcb7081d7189457966cafabd04374bace6f,0xd529d321a0e8db175ca7ea28908427e3fa83730d,0xd529d321a0e8db175ca7ea28908427e3fa83730d,0xfd086bc7cd5c481dcc9c85ebe478a1c0b69fcbb9,30000018,2184,
arbitrum,deposit,503275908,1788934468000,0xf2a534637396f4ce7d89ad46d14446e41bb0a5ad42095f8102469849b4d75b26,0xad8b98559db2e588ff0880be1994c0982bb37712,0x206697a489e8094b03aeb57e75fd1794c8d469ea,0xfd086bc7cd5c481dcc9c85ebe478a1c0b69fcbb9,200000000,2184,
arbitrum,deposit,503276436,1788934600000,0x28334d4986eed11fddc696273f6d09e130fbf8a94c92b1392f993628b6868238,0xad8b98559db2e588ff0880be1994c0982bb37712,0x206697a489e8094b03aeb57e75fd1794c8d469ea,0xfd086bc7cd5c481dcc9c85ebe478a1c0b69fcbb9,799900000,2184,
arbitrum,deposit,503279599,1788935396000,0xff81fa6b7f0405aa9fe1659bc8a3c4573881c26d67482673fdda1f5fcf5d3279,0xae80a9e2358fe3b70d5019ad3ed7005d2ee6fd2e,0xae80a9e2358fe3b70d5019ad3ed7005d2ee6fd2e,0xfd086bc7cd5c481dcc9c85ebe478a1c0b69fcbb9,71000000,2184,
arbitrum,deposit,503282813,1788936203000,0x3f9ce8b93903141457469464f630bd135f38dd0f879070f37fc3e78772af7b1c,0x7f6c67febc4fc1fed382267873453aab8945e071,0x7f6c67febc4fc1fed382267873453aab8945e071,0xfd086bc7cd5c481dcc9c85ebe478a1c0b69fcbb9,71552772,2184,
arbitrum,withdraw_final,503283899,1788936775000,0x6a4962202455a339252cd9ebb2d80b83b9cae46fcf5056fcc792504ced05891b,,,,,,384410738594152465
arbitrum,withdraw_submit,503285500,1788936877000,0xe427b2fed8cf7dc733e6863b93cd3d00223d8d2fee06da35c8a8a52d96243c37,,0x66e3f1ee17ab68849b571ab775cdf76a95365f67,0xfd086bc7cd5c481dcc9c85ebe478a1c0b69fcbb9,78588934,,384410738594152465
arbitrum,withdraw_final,503291645,1788938719000,0x02b65f778dd787b166c12d78879a5f41f1a83c066904f56b8070a53fbca1e56a,,,,,,384560778981670937
arbitrum,withdraw_submit,503293154,1788938797000,0x6a8a29d8476fdb332c8fecafe3a24ac4d88b531cac3a5d8ecdf5dba0e9c8678b,,0x49c3b563c956cc062c771908a608efd7e445ec67,0xfd086bc7cd5c481dcc9c85ebe478a1c0b69fcbb9,33030000,,384560778981670937
arbitrum,deposit,503305493,1788941892000,0x36757df3061e25903ea558190f03789932dad21cd30fea7e55cc053440fb5381,0x74a2b63a3ece0ac42481d8ee0af5b37daaba2c98,0x74a2b63a3ece0ac42481d8ee0af5b37daaba2c98,0xfd086bc7cd5c481dcc9c85ebe478a1c0b69fcbb9,99900000,2184,
arbitrum,deposit,503306480,1788942140000,0x4b4f25810a54b3164301adc52ef6389eb15b993a4395968e29a5186d2243df57,0xbb48553d0c9470eb429ba35acd350c4c242ee902,0xbb48553d0c9470eb429ba35acd350c4c242ee902,0xfd086bc7cd5c481dcc9c85ebe478a1c0b69fcbb9,2000000,2184,
arbitrum,withdraw_final,503306572,1788942463000,0x9d255ba46767e48144db594fce6a642dbaa0db0c7e5942d525afc4693937f366,,,,,,384850105137627137
arbitrum,deposit,503307881,1788942492000,0x48d182b0248fac814ea89bff8faeb24d303155fe1104f4e5743030a125c33758,0xd541724e772082c8686bcfd8774f247cc5ab2e1c,0xd541724e772082c8686bcfd8774f247cc5ab2e1c,0xfd086bc7cd5c481dcc9c85ebe478a1c0b69fcbb9,1000658270,2184,
arbitrum,withdraw_submit,503308223,1788942577000,0x2a7595ccdcbd8a2960222be466fee087ef6b5d8b04c38509a4ba611d7fc09818,,0xbb48553d0c9470eb429ba35acd350c4c242ee902,0xfd086bc7cd5c481dcc9c85ebe478a1c0b69fcbb9,1000000,,384850105137627137
arbitrum,deposit,503308598,1788942671000,0xf9c71b6348fec4684f97f1e61f0a2ab651d325addbe5422e3903aa858eef7cf5,0x3589ecb02400c5e540e136b95405303b0facafd8,0x3589ecb02400c5e540e136b95405303b0facafd8,0xfd086bc7cd5c481dcc9c85ebe478a1c0b69fcbb9,10000000,2184,
arbitrum,deposit,503308992,1788942770000,0xf906b307e1763c85bb6d68883959c6ce5e58a02fa3b13bd0f5dcd32d83d86de2,0x2a3adf5c8d93def10fc85b1609ef442f7f665126,0x2a3adf5c8d93def10fc85b1609ef442f7f665126,0xfd086bc7cd5c481dcc9c85ebe478a1c0b69fcbb9,1501000000,2184,
arbitrum,deposit,503309877,1788942992000,0x25ed13f1a9d24513b70b02a66215d5bdbd32f3732744c57fa6ed283ec376ebc2,0x3589ecb02400c5e540e136b95405303b0facafd8,0x3589ecb02400c5e540e136b95405303b0facafd8,0xfd086bc7cd5c481dcc9c85ebe478a1c0b69fcbb9,21000000,2184,
arbitrum,withdraw_final,503314668,1788944494000,0xecba52915f7b19a60fa92bc327f4052e2c476303f24b9a93242b456b9b491bff,,,,,,385006622327439360
arbitrum,withdraw_submit,503316106,1788944557000,0x9dfeb6efd5bc6acc952caadde8be84c022a07fb3c82437971eeb450bce4c842a,,0x3589ecb02400c5e540e136b95405303b0facafd8,0xfd086bc7cd5c481dcc9c85ebe478a1c0b69fcbb9,19000000,,385006622327439360
arbitrum,withdraw_final,503316772,1788945025000,0x597159d294e7980917d4bab0b1fc3239d0ee2b2c1af68cb1ecb6e16d0e8b8bcc,,,,,,385047647867633664
arbitrum,withdraw_submit,503318251,1788945097000,0x6ec055b76b394c219fdb0f41ef8cd2d970831c356e02ba4bb82eb7f362cc62ab,,0x25cd76d04dfb6c49b75d888bdeaa3200b3d3cd73,0xfd086bc7cd5c481dcc9c85ebe478a1c0b69fcbb9,101811172,,385047647867633664
arbitrum,deposit,503319256,1788945350000,0xda299c47ed2db90643ce38ed2fbe433693ffcfe1586651a88ce5f4776cc28c8c,0x3589ecb02400c5e540e136b95405303b0facafd8,0x3589ecb02400c5e540e136b95405303b0facafd8,0xfd086bc7cd5c481dcc9c85ebe478a1c0b69fcbb9,647188845,2184,
arbitrum,deposit,503330093,1788948071000,0x3baff58040def1cd125628d52d32d6f904080b8797a4cc7c2c3ed90adab6e92c,0x3952fe0f1d38c8378fc3c35a1a44f69f6e0fc1dd,0x3952fe0f1d38c8378fc3c35a1a44f69f6e0fc1dd,0xfd086bc7cd5c481dcc9c85ebe478a1c0b69fcbb9,25000000,2184,
arbitrum,deposit,503340831,1788950761000,0x2432135194eb71230d01cb12837495dff9153f9ea5d865cd9351819929232a1a,0x13b0f713fd8b3b06b3408d949c0f92d7ff939434,0x9febb8000d50d0588dbf2d0c1126be6492bc8010,0xfd086bc7cd5c481dcc9c85ebe478a1c0b69fcbb9,500000000,2184,
arbitrum,deposit,503342029,1788951061000,0x94cabb8ce4c89be5f9178a60d64b35c1b4ad960770e1018b371cb36aa4209a68,0x63f90da9105d56ed073ae85ea8fcf074fc96ce1a,0x157c2566fa256f57ac3f7656f60163c502c36abb,0xfd086bc7cd5c481dcc9c85ebe478a1c0b69fcbb9,500000000,2184,
arbitrum,deposit,503342078,1788951073000,0xdd32ae04453e3e2f42ede674852577a35dca454df26abdac70d49f6f82b44d56,0x3589ecb02400c5e540e136b95405303b0facafd8,0x3589ecb02400c5e540e136b95405303b0facafd8,0xfd086bc7cd5c481dcc9c85ebe478a1c0b69fcbb9,1400119690,2184,
arbitrum,deposit,503342197,1788951103000,0xafa441a0788cd8528a4b0b1312ef86fdeca44185cedad41dd94bbc6f2fd9e9e6,0xd5cd3abec638f5718130d1403ff0fde32e9ae9a9,0xd5cd3abec638f5718130d1403ff0fde32e9ae9a9,0xfd086bc7cd5c481dcc9c85ebe478a1c0b69fcbb9,12000000,2184,
arbitrum,deposit,503343140,1788951340000,0x4c0337483a95b14e7c4cae8eff8fa9f1d65550291de67cd89e3e53a541b838c0,0xd6a73ae8ff8c655bf88f7842f49cb69a8aa1e629,0x5d032f219ea28d5df5512609843cb014c1e3079b,0xfd086bc7cd5c481dcc9c85ebe478a1c0b69fcbb9,500000000,2184,
arbitrum,deposit,503345778,1788952001000,0x202d475c51ba43713da12320ce42286df94847bfe775afe5b29127eaf4d90210,0x07e8aaddcaa09f6f2806f92ebb735fab04a67d1c,0x07e8aaddcaa09f6f2806f92ebb735fab04a67d1c,0xfd086bc7cd5c481dcc9c85ebe478a1c0b69fcbb9,1492787796,2184,
arbitrum,deposit,503346805,1788952258000,0x5dd46f8c8547b1fcb036832041c9784eed11e713d6efa53b976f32a39983ca8a,0x93faf7f8b6c4aaa6cf8fe35c5e8f1b1fb4057739,0x93faf7f8b6c4aaa6cf8fe35c5e8f1b1fb4057739,0xfd086bc7cd5c481dcc9c85ebe478a1c0b69fcbb9,9149726,2184,
arbitrum,withdraw_final,503348370,1788952948000,0xfaf4ce41c27a7459e45ecbfec050ec490896043d5ff77171e98768fac876ded1,,,,,,385448763440758784
arbitrum,deposit,503348975,1788952801000,0xca95200ee3793556eab3f82dd071e188c7c3b25f361692d87b14d98c82dc4772,0x82dee7591d8241dc73d98a3c60cfaf54d2d9170d,0x7cf3f5787cde535a86dd256b152ca606af1b2e71,0xfd086bc7cd5c481dcc9c85ebe478a1c0b69fcbb9,127955382,2184,
arbitrum,withdraw_submit,503349840,1788953017000,0x83f20ffb57e5a1196939d5708ff9f9850d93f535f0ccca00d84d7b9f8c715b56,,0xfd863da91e5cf813d95c491a7ce59aa96021e748,0xfd086bc7cd5c481dcc9c85ebe478a1c0b69fcbb9,2726594,,385448763440758784
arbitrum,withdraw_final,503359512,1788955741000,0x1cba2e2b07a459a822b8c46e080d647a01cc57ba09bbbe58dae8e345256a5767,,,,,,385589835936563200
arbitrum,withdraw_submit,503361095,1788955837000,0x30ffb8dfb919e16913fee447928e235eb9892bf181af09d6e51f9f6ddda07481,,0x095e5cae1411b7dfe4c010a7765f8f610de3c420,0xfd086bc7cd5c481dcc9c85ebe478a1c0b69fcbb9,4143363,,385589835936563200
arbitrum,withdraw_final,503371885,1788958838000,0x5c63290c50f829a4f13b0481d7389c016342c141d256541f09c1e4665b40aaf6,,,,,,385808363889360896
arbitrum,withdraw_final,503372764,1788959058000,0xdac924787f21a71914fb846a890bd9432bb80e3f0aca7b9a4572a3ed915a1650,,,,,,385822124972965888
arbitrum,withdraw_submit,503373317,1788958898000,0x0434fbd13fc617c7a5caf584e3edb1d1b7ef130a035021fb3596fa1911ffabf6,,0x1c28867f17cb0abe1886d902d5af752569b87754,0xfd086bc7cd5c481dcc9c85ebe478a1c0b69fcbb9,60000000,,385808363889360896
arbitrum,withdraw_final,503373500,1788959244000,0xc556a7addc2f8f4b4a2a919b166a0520ea2cc22f3765a289685fa1f069aafa9c,,,,,,385831848766341122
arbitrum,withdraw_submit,503374271,1788959137000,0xa4bc4a63474e98989de8732de10b96213ec46187d5c2a5a749d943582536f522,,0x1b9826b1fe5397c0cb5455fbb8d7aa2d4e4b282e,0xfd086bc7cd5c481dcc9c85ebe478a1c0b69fcbb9,214833979,,385822124972965888
arbitrum,withdraw_submit,503374989,1788959317000,0x4e933e6fc32a32ce71eeeaca1549fba7956947feefa0bce3b1243522177c007a,,0x06c2e0f7905bfdd3d0100ed4539a23677145744b,0xfd086bc7cd5c481dcc9c85ebe478a1c0b69fcbb9,3382310,,385831848766341122
arbitrum,deposit,503380632,1788960729000,0x8a18f4f34022256155b78f9afaf561ab2deec5d4a2e07a5f3ec6d6478f2d0a70,0x2a8ba662791beae1777da7873b07f06b42aac17d,0x6df5d1ec0834438e15ff13414962399c9774ef98,0xfd086bc7cd5c481dcc9c85ebe478a1c0b69fcbb9,2000000,2184,
arbitrum,deposit,503381231,1788960880000,0x18b852cc89b34837a53710e4316ae00ebc3bcfe47286e10fd8c30eb21ef12b18,0x2a8ba662791beae1777da7873b07f06b42aac17d,0x6df5d1ec0834438e15ff13414962399c9774ef98,0xfd086bc7cd5c481dcc9c85ebe478a1c0b69fcbb9,464288213,2184,
arbitrum,deposit,503383944,1788961558000,0x95c639edb5870ee3ed42bc918a8962267db8948c045c57015417363ca32a4d79,0xb4f998e83e504e40fd13b65f44b1a1fd10c5367f,0x355c1cf73c2c1d0193b0dac92863d5f254a3e83d,0xfd086bc7cd5c481dcc9c85ebe478a1c0b69fcbb9,2100163,2184,
arbitrum,withdraw_final,503386646,1788962532000,0x9e2ff36a59fabb7195a415cff94b3f81cddf814f5d0d41d15071b0ddf496a3e5,,,,,,385958533117509632
arbitrum,withdraw_final,503391542,1788963755000,0xd1e2d1681d2567f9a6a89d8f35cff0a5b14c290170922e5d4b7e54c3d7480834,,,,,,386000177128800256
arbitrum,deposit,503391766,1788963511000,0x8903cb8038c83b91476efa3c2d5716e5c400d2a3173c1407bb04e2588ec5ac60,0xf9848e49422de37c348e2f3cc91bf89185b3f0bd,0x314923f06c408b1eb0f22ccf0ccec628a6f40333,0xfd086bc7cd5c481dcc9c85ebe478a1c0b69fcbb9,2000000,2184,
arbitrum,deposit,503392690,1788963740000,0x007a56df2237e9f9cef457647b6e0cc232410c92e837a3610af7f6d27316f10b,0xbb48553d0c9470eb429ba35acd350c4c242ee902,0xbb48553d0c9470eb429ba35acd350c4c242ee902,0xfd086bc7cd5c481dcc9c85ebe478a1c0b69fcbb9,2000000,2184,
arbitrum,deposit,503393707,1788963995000,0xc390d537254bd269e9b2dff1be521d04f49ad237bd5c94329cd9f466bee49f35,0x314923f06c408b1eb0f22ccf0ccec628a6f40333,0x314923f06c408b1eb0f22ccf0ccec628a6f40333,0xfd086bc7cd5c481dcc9c85ebe478a1c0b69fcbb9,448075413,2184,
arbitrum,withdraw_final,503393933,1788964352000,0x7b957e99a45de529bd59766abd7a7a869672050e402eebc8c96a9f6d3561a9a4,,,,,,386024039962902585
arbitrum,withdraw_submit,503395155,1788964357000,0xa7871fc275ceacd42bffec05f1bdbc91f867a5fa51fc74a753742ab8bb8de99f,,0x314923f06c408b1eb0f22ccf0ccec628a6f40333,0xfd086bc7cd5c481dcc9c85ebe478a1c0b69fcbb9,4282869,,386024039962902585
arbitrum,withdraw_final,503398514,1788965496000,0x4bd195f6869b76c70f20449b082a25782666292a5362e289c4cc8e17ecc11c81,,,,,,386064515751478304
arbitrum,withdraw_final,503399368,1788965709000,0x5967b060e6e43cdf29123eef12a7a9584cb0db4e08053346ac60cf3ba1d46601,,,,,,385963017071755264
arbitrum,withdraw_final,503400100,1788965892000,0x149f6ade9bf07fa1e36c613bdcc24a8df1f1ec4b85291996b22f693369300a0c,,,,,,386047859847331840
arbitrum,withdraw_final,503400367,1788965958000,0xdddc4db76101da051f3c06675588cb899f69b1a8884d637835639c64ecffa2c8,,,,,,386035516111323136
arbitrum,deposit,503400745,1788965753000,0xf27c3bb980e96d6cf21957c8ad2350343fa2ae9665ab668ca187b51cbd43070c,0xcd21a7e327635a39227b50a650018a2970152e30,0xcd21a7e327635a39227b50a650018a2970152e30,0xfd086bc7cd5c481dcc9c85ebe478a1c0b69fcbb9,58588954,2184,
arbitrum,withdraw_final,503401098,1788966141000,0xa6e311a062b67b5298ee6d280d4f04e57b921cb667a340c5e11de27516586e61,,,,,,385961599728353280
arbitrum,withdraw_final,503401365,1788966208000,0xfab21e51618322ad7cab0b1d5520dac45e19f4c3acb391fe8b80ccfd305f6be0,,,,,,385352882590842897
arbitrum,withdraw_final,503401882,1788966336000,0xee110ad9ba59958c37673b8b8101c1653422a712964a0916c4ad0c7b75359f75,,,,,,385947202985394177
arbitrum,withdraw_submit,503403084,1788966337000,0x1ef00da1ad0d7fd7bb16f2beb5d0fa75786662f54c8efdc4b5cbc9089dcaabb5,,0xf0230d66d017a5ce8c4b64195706f8628f198a60,0xfd086bc7cd5c481dcc9c85ebe478a1c0b69fcbb9,996861521,,385352882590842897
arbitrum,withdraw_final,503403375,1788966709000,0xc605429a4f25086192ee5a098b6a31424b00ff9a0993c94826fdfc07785d462b,,,,,,386087562516627456
arbitrum,withdraw_submit,503403567,1788966457000,0xe7038f93ebc97f96fe5b8f8242287f218494dd87cdea9f27665fdc0459deb29a,,0x679943c5e575e48c76a3f16e1bd4bf0b32dd6ea2,0xfd086bc7cd5c481dcc9c85ebe478a1c0b69fcbb9,1299000000,,385958533117509632
arbitrum,withdraw_final,503405374,1788967208000,0x30d39931dca7e42f1c59c31396145256d6ddf0ccd189de3cee3a929ff3632856,,,,,,386093678575222784
arbitrum,withdraw_submit,503406206,1788967117000,0xb0aec7a8f1e0aeb0485d85ab8730206b22acbcdfa172301b4f5967d394940f39,,0x79a09bb1c1f7e0cd36575cea8c4a6638b3af9e50,0xfd086bc7cd5c481dcc9c85ebe478a1c0b69fcbb9,799000000,,385947202985394177
arbitrum,withdraw_final,503406372,1788967456000,0x71144e50b09d49173123332f49131545a5cd44daa258d9ab0de2a38a6b284953,,,,,,386102689420804140
arbitrum,withdraw_submit,503406455,1788967177000,0xae8ce347acb49920f1ee0faaecdbc1c461a5daf3936262d1995e0168c908b47d,,0x8a722b91385dd9eeeedeeaf21aeb3acac40dc623,0xfd086bc7cd5c481dcc9c85ebe478a1c0b69fcbb9,99000000,,385961599728353280
arbitrum,withdraw_submit,503406694,1788967237000,0x34a11ec498480b5df7923b8b95c86721e8d494dcd98915a12507eb0fbb554f5a,,0x87e4cd33cab54a828923c663786084481a302c7c,0xfd086bc7cd5c481dcc9c85ebe478a1c0b69fcbb9,3636182925,,385963017071755264
arbitrum,withdraw_final,503406912,1788967592000,0xa1e241d4de20bd1588ab93a2cdcf2b700f552f3f64d2b2b4ecd9f81c658749cb,,,,,,386106821170954240
arbitrum,withdraw_final,503406917,1788967593000,0x362a3bfd72a2b79e0105af6576cbeea6d6468dcdfa6ec99d9f693239f2fd91ec,,,,,,386107843356393472
arbitrum,withdraw_final,503406921,1788967594000,0xe84f177e1b867371c8adbddab01711ee01961bc0867fb462ece25fc3e58f2f32,,,,,,386110351625682944
arbitrum,withdraw_final,503406929,1788967596000,0xa9af63fd3ad5cf57ba23894389a8b605f5ab10893b04120a97f180de79683720,,,,,,386125865051750400
arbitrum,withdraw_submit,503406934,1788967297000,0x2809b8ce4604f6db362ba295e750d1ef0db479b88836726b589a4c78cb81f436,,0x7ce49a46f24fd3b26373b942d0555a72fb4d58fc,0xfd086bc7cd5c481dcc9c85ebe478a1c0b69fcbb9,70609020,,386000177128800256
arbitrum,withdraw_submit,503406934,1788967297000,0x2809b8ce4604f6db362ba295e750d1ef0db479b88836726b589a4c78cb81f436,,0xbb48553d0c9470eb429ba35acd350c4c242ee902,0xfd086bc7cd5c481dcc9c85ebe478a1c0b69fcbb9,1000000,,386035516111323136
arbitrum,withdraw_final,503406935,1788967597000,0x7bb9352debce34a0150236511bf223c73c7e83ac49a242d1a5f07dc8828387b5,,,,,,386127359712952320
arbitrum,withdraw_submit,503407173,1788967357000,0xf50786630e9ed1c819ecdbd0a0d9b586753117482acd00b0691975b73afd2232,,0x249d4a1504d17ff1965ee3134320095ea27e8ff2,0xfd086bc7cd5c481dcc9c85ebe478a1c0b69fcbb9,180689062,,386047859847331840
arbitrum,withdraw_submit,503407173,1788967357000,0xf50786630e9ed1c819ecdbd0a0d9b586753117482acd00b0691975b73afd2232,,0x67d77402d94c358506deaf584f1f3a044f495bc7,0xfd086bc7cd5c481dcc9c85ebe478a1c0b69fcbb9,1000000000,,386064515751478304
arbitrum,withdraw_submit,503407412,1788967417000,0x08e86936e119e1dcf0b06c8cc7734275ea620833ecd65ec86914c9a9a9ae44e5,,0x6df5d1ec0834438e15ff13414962399c9774ef98,0xfd086bc7cd5c481dcc9c85ebe478a1c0b69fcbb9,461157442,,386087562516627456
arbitrum,withdraw_submit,503407412,1788967417000,0x08e86936e119e1dcf0b06c8cc7734275ea620833ecd65ec86914c9a9a9ae44e5,,0x4e0a87b8bf1db92c77c0114d1b7b0c1960175035,0xfd086bc7cd5c481dcc9c85ebe478a1c0b69fcbb9,93627951,,386093678575222784
arbitrum,withdraw_submit,503408139,1788967597000,0x210853df8f65c68d8364a7719e1173916c4243b4947b41b61642de0c82ee5ea7,,0xd878dffc82f15d249fedb3950b41dda7bc328fe5,0xfd086bc7cd5c481dcc9c85ebe478a1c0b69fcbb9,287842760,,386106821170954240
arbitrum,withdraw_submit,503408139,1788967597000,0x210853df8f65c68d8364a7719e1173916c4243b4947b41b61642de0c82ee5ea7,,0xf6307a42a0c717b18325f29901068aa2f5b72d29,0xfd086bc7cd5c481dcc9c85ebe478a1c0b69fcbb9,8455803,,386107843356393472
arbitrum,withdraw_submit,503408139,1788967597000,0x210853df8f65c68d8364a7719e1173916c4243b4947b41b61642de0c82ee5ea7,,0x85e0a5b1418a44a2e5b53a9af536f6acebb3ece3,0xfd086bc7cd5c481dcc9c85ebe478a1c0b69fcbb9,899000000,,386110351625682944
arbitrum,withdraw_submit,503408378,1788967657000,0x0231b2234847ddac5c12ceac1019dda76fa4a1ed4028fbcc00c9f104636603e7,,0xcaadb48dff90c3720b3e46d330e146856642a6d4,0xfd086bc7cd5c481dcc9c85ebe478a1c0b69fcbb9,1099000000,,386125865051750400
arbitrum,withdraw_submit,503408378,1788967657000,0x0231b2234847ddac5c12ceac1019dda76fa4a1ed4028fbcc00c9f104636603e7,,0xb0264f254c541080b7b7d61b147d8adbb5d30f4f,0xfd086bc7cd5c481dcc9c85ebe478a1c0b69fcbb9,799000000,,386127359712952320
arbitrum,deposit,503409023,1788967818000,0xcdb5f936cd90fec6f46760f4ef6a082453ecd71d35c24d40541d88ec0b8fb132,0x634ceaa5abf564a6eaddb1e9966a7f2932f27319,0x634ceaa5abf564a6eaddb1e9966a7f2932f27319,0xfd086bc7cd5c481dcc9c85ebe478a1c0b69fcbb9,20000000,2184,
arbitrum,withdraw_submit,503409336,1788967897000,0xbdc1300ebe3fc38ad82bc99125092ef68d7b3de8d14b68f7999caef2b1d3ca02,,0xc9d11f6acf24703e880aa90a2c911b562f028fa7,0xfd086bc7cd5c481dcc9c85ebe478a1c0b69fcbb9,18822825,,386102689420804140
arbitrum,deposit,503413385,1788968908000,0x2d889570acfa9becdb3609d5a180729536727739dd1fab6216a970c87b4a59bc,0xadb2cc3215c14960240ac2e8f62371e1382497ef,0xadb2cc3215c14960240ac2e8f62371e1382497ef,0xfd086bc7cd5c481dcc9c85ebe478a1c0b69fcbb9,61380882,2184,
arbitrum,deposit,503416478,1788969682000,0x85617e5b91ecc90569c1d0975593ae5cedece23affcfe2896154de85f202d63b,0x14150ecb658f246091e58e9135a1612f2dd5eb10,0x14150ecb658f246091e58e9135a1612f2dd5eb10,0xfd086bc7cd5c481dcc9c85ebe478a1c0b69fcbb9,100388231,2184,
arbitrum,deposit,503427196,1788972361000,0x277d128338482de5d5058daa910fe983f144efa506fc3b95959542013e79c257,0x21e08c04f29febce461be04789c1ee44d0e15da8,0x21e08c04f29febce461be04789c1ee44d0e15da8,0xfd086bc7cd5c481dcc9c85ebe478a1c0b69fcbb9,367220574,2184,
arbitrum,withdraw_final,503429656,1788973277000,0x125f633783281ac606df311be64105e78c699e8bec4e342ac92496cb33602542,,,,,,386527083729256448
arbitrum,deposit,503430369,1788973157000,0xabe88d627219da44f723bf7e2195aa9fe3d55055a28c7329e8fbc4875a70d36f,0x1b9826b1fe5397c0cb5455fbb8d7aa2d4e4b282e,0x1b9826b1fe5397c0cb5455fbb8d7aa2d4e4b282e,0xfd086bc7cd5c481dcc9c85ebe478a1c0b69fcbb9,214833979,2184,
arbitrum,withdraw_submit,503431169,1788973357000,0xc8ab469007239f92872d6553eb213b8e9aad55a0bb7f7368bca75e952fd21c76,,0xadb2cc3215c14960240ac2e8f62371e1382497ef,0xfd086bc7cd5c481dcc9c85ebe478a1c0b69fcbb9,5000000,,386527083729256448
arbitrum,deposit,503452192,1788978626000,0x18221b7f3191ea8fdd3fe4f1525fc6cc8b80abecc7b274778dda8dac6e469a02,0x4bcc65e69fd0a6712064ca5dcd9dc31c03ca4198,0x4bcc65e69fd0a6712064ca5dcd9dc31c03ca4198,0xfd086bc7cd5c481dcc9c85ebe478a1c0b69fcbb9,1000000000,2184,
arbitrum,deposit,503457700,1788980006000,0x4e5f8f0f10b02fa9494d243c13f4b8dbf1b4442f66c4028f9cc6c9e69b1074d8,0x2018528f4abfa4822eb0180216e65632ac6e8e09,0x2018528f4abfa4822eb0180216e65632ac6e8e09,0xfd086bc7cd5c481dcc9c85ebe478a1c0b69fcbb9,649068706,2184,
arbitrum,deposit,503458279,1788980151000,0xad9e7f49735afc79ccf24d1d53d0eaff98c196857c0211d0e564fea492cb1df6,0xf20349cc08ce0fd2f4d13b14346cbc000cdbc71e,0xf20349cc08ce0fd2f4d13b14346cbc000cdbc71e,0xfd086bc7cd5c481dcc9c85ebe478a1c0b69fcbb9,112013891,2184,
arbitrum,deposit,503460606,1788980733000,0x29c841357c7a29a6f6755aed3c2e469e8eacc708d5b824c46f010acd2a25bfcc,0x67d77402d94c358506deaf584f1f3a044f495bc7,0x67d77402d94c358506deaf584f1f3a044f495bc7,0xfd086bc7cd5c481dcc9c85ebe478a1c0b69fcbb9,1000000000,2184,
arbitrum,withdraw_final,503461166,1788981174000,0x386495b9cac5b2a6c5a01df5871b98a15786f49c18965af540ceeb54c84ccb86,,,,,,386983114766811208
arbitrum,withdraw_submit,503462776,1788981277000,0xa6357e08a576406c823fe0fd589d69e4ca107d4a0ececa7c72d127016aec919f,,0xea4f9dd19f7482d8151933acba6b051d04fa2b47,0xfd086bc7cd5c481dcc9c85ebe478a1c0b69fcbb9,42867282,,386983114766811208
arbitrum,deposit,503479017,1788985339000,0x9d081272e2788b2ff5a88270a08165704d06e7df574495637fe31c9966b97640,0xbb48553d0c9470eb429ba35acd350c4c242ee902,0xbb48553d0c9470eb429ba35acd350c4c242ee902,0xfd086bc7cd5c481dcc9c85ebe478a1c0b69fcbb9,2000000,2184,
arbitrum,withdraw_final,503479112,1788985663000,0x8a8b4b6330e65e12cdeef2b8e0c56c874b938067e3b1e75ff97aa437f5a152c7,,,,,,387241860755619840
arbitrum,withdraw_submit,503480765,1788985777000,0xc7a4dbe45a1c0f89da1ec42e12668b2a8a3e87713d87d06f4d5ee0516a83bee5,,0xbb48553d0c9470eb429ba35acd350c4c242ee902,0xfd086bc7cd5c481dcc9c85ebe478a1c0b69fcbb9,1000000,,387241860755619840
arbitrum,deposit,503482006,1788986087000,0x6454064fdf22c43890c189828eaa3de29c18e23a0be677151e0881477c4c238d,0x69d63d54b5e61588367f6272e5df75ec58da174b,0x69d63d54b5e61588367f6272e5df75ec58da174b,0xfd086bc7cd5c481dcc9c85ebe478a1c0b69fcbb9,133926500,2184,
arbitrum,deposit,503493564,1788988994000,0x1ab08560ac46e407dc974d098a4f100dfb2e3f097d1e21a80dc669f0fb68b495,0x2018528f4abfa4822eb0180216e65632ac6e8e09,0x2018528f4abfa4822eb0180216e65632ac6e8e09,0xfd086bc7cd5c481dcc9c85ebe478a1c0b69fcbb9,650005200,2184,
arbitrum,withdraw_final,503495287,1788989729000,0xcf4dc660420c374d383188d5b760b8553cf88d87d3d7e50a1671330c515de11c,,,,,,387477542786826240
arbitrum,withdraw_submit,503496743,1788989797000,0x4db0a81d7d1400fa424e3dd4a3cbcfbb02b30657837fcff1ca4078c8adefe371,,0x9de44d98978bdb32f9cad7ff49b5fc25742efb78,0xfd086bc7cd5c481dcc9c85ebe478a1c0b69fcbb9,119000000,,387477542786826240
arbitrum,withdraw_final,503504756,1788992111000,0x4895df6711e9c31ad324bca369befded7a45883d47c88a9b9605ca7dcf030a70,,,,,,387616012540837888
arbitrum,withdraw_submit,503506297,1788992197000,0x2c1ee28385809bf4d0d3b2200bd2530df75a175b3df8b7150f07b24024e64525,,0x69d63d54b5e61588367f6272e5df75ec58da174b,0xfd086bc7cd5c481dcc9c85ebe478a1c0b69fcbb9,44685076,,387616012540837888
arbitrum,deposit,503512611,1788993785000,0xa193df9179669db49d203b8edcaae1cba56713d1f8a1dd50ac9c9b0eafbe9754,0xadb2cc3215c14960240ac2e8f62371e1382497ef,0xadb2cc3215c14960240ac2e8f62371e1382497ef,0xfd086bc7cd5c481dcc9c85ebe478a1c0b69fcbb9,5040934,2184,
arbitrum,deposit,503513560,1788994025000,0x20e0d34d6c31a3ff7399a6bf39efdbde5271e1a8aa528e8ccb1b78dcc14c4875,0xfba31dfa3c6612abca9a27f65af77d9fed7e2db7,0xfba31dfa3c6612abca9a27f65af77d9fed7e2db7,0xfd086bc7cd5c481dcc9c85ebe478a1c0b69fcbb9,7999900220,2184,
arbitrum,deposit,503538423,1789000345000,0xe3f74d1cd95c712add048d5dbb76ae68648e309f9a710819e60711329631860d,0x8214ed6abe2252706e59e573a7b822d07847b479,0xcde6efb11a8c7a7bc6240eb88139c0b4bdc0a11f,0xfd086bc7cd5c481dcc9c85ebe478a1c0b69fcbb9,5000000,2184,
arbitrum,deposit,503538550,1789000378000,0xbba7824e4ff4682a71f72eee12640ce80c2e0d8edc47dc095d4732de2c6e7a03,0x8214ed6abe2252706e59e573a7b822d07847b479,0xcde6efb11a8c7a7bc6240eb88139c0b4bdc0a11f,0xfd086bc7cd5c481dcc9c85ebe478a1c0b69fcbb9,995007633,2184,
arbitrum,deposit,503550667,1789003454000,0xcc77b620cb4006a925efaeb89f3a7550dfc1d0a125a2229f6427e3eb30046430,0x48b576c87e788a762d6f95a456f2a39113b46950,0x48b576c87e788a762d6f95a456f2a39113b46950,0xfd086bc7cd5c481dcc9c85ebe478a1c0b69fcbb9,36993796,2184,
arbitrum,deposit,503553353,1789004131000,0x027d04633ad0eaf3bd9aad8677673f15c2cdd8721d57bd01e9ab9083877ce3dc,0x269056351c33acb3bcac3bd78121a2e894212bb7,0x269056351c33acb3bcac3bd78121a2e894212bb7,0xfd086bc7cd5c481dcc9c85ebe478a1c0b69fcbb9,418063004,2184,
arbitrum,withdraw_final,503553596,1789004493000,0x84a709496478b4135005275f38ce195f8b5174639eb4a656661c46bfd5a06bac,,,,,,388332902716276736
arbitrum,withdraw_final,503554584,1789004741000,0x51cf775f3eab753eb1069239b62fcaa1a59703f3af5347197fc3b58ae09747dc,,,,,,388347479831085057
arbitrum,withdraw_submit,503555040,1789004557000,0x5292e9827aa38abdf2462d162c5a0d6135f74ce425d4be70cc01c61caa08985d,,0xb6594c6dfbd86339b6027728293035da71f4bc9c,0xfd086bc7cd5c481dcc9c85ebe478a1c0b69fcbb9,1559000000,,388332902716276736
arbitrum,withdraw_final,503555383,1789004944000,0xdb0193e08d3a8033c74333e5a8d72fd5638f30f95951a8c510060ea729b74045,,,,,,388359239447347200
arbitrum,withdraw_submit,503555993,1789004797000,0x0dba50df6390269d8fe54d00fb5c2e79afaf38a05a5703ee8a735167ed01ba7c,,0x1e484417f1ef7ce08263594d56f0379aefe7738b,0xfd086bc7cd5c481dcc9c85ebe478a1c0b69fcbb9,199000000,,388347479831085057
arbitrum,withdraw_final,503556163,1789005140000,0x15a480b7b079a733231a355aea645182eb5b1c286a5ffac7aef50c06ed73c159,,,,,,388370621119070208
arbitrum,withdraw_final,503556719,1789005280000,0xb674ac5572477df26d2dc61547724e09765f42bbc44c2e71e96ba7048da7a7a3,,,,,,388378910418534400
arbitrum,withdraw_submit,503556947,1789005037000,0x3426cd994598af10e41e300538a78831cec01cc6cc15f55cc62cbff6fc282494,,0x679943c5e575e48c76a3f16e1bd4bf0b32dd6ea2,0xfd086bc7cd5c481dcc9c85ebe478a1c0b69fcbb9,269000000,,388359239447347200
arbitrum,withdraw_submit,503557667,1789005217000,0xc159c1976b9661f5280a576b277e42c3009ac441bc023ec4de5c7cb41dfa0063,,0xcaadb48dff90c3720b3e46d330e146856642a6d4,0xfd086bc7cd5c481dcc9c85ebe478a1c0b69fcbb9,269000000,,388370621119070208
arbitrum,withdraw_submit,503558153,1789005340000,0x93d5523043556b0c67d9c4a304df580ef610b52d219814361673cbc8dd43987b,,0xb0264f254c541080b7b7d61b147d8adbb5d30f4f,0xfd086bc7cd5c481dcc9c85ebe478a1c0b69fcbb9,1199000000,,388378910418534400
arbitrum,withdraw_final,503558587,1789005750000,0xb891c37e84b87b6bfa1318db11703a70fd3aa1b351af01a32a2f12c10c9333e3,,,,,,388406329485557760
arbitrum,withdraw_submit,503560040,1789005817000,0x55c812ee068fb78574300d8bd6399daca1ce45fe7f48a0bc7e5825866167aab6,,0xf0c6c094c179e69e8a587fdc99e4ed4bcdf3874e,0xfd086bc7cd5c481dcc9c85ebe478a1c0b69fcbb9,1299000000,,388406329485557760
arbitrum,deposit,503564478,1789006940000,0xbe893205a3b4d60b459c3f32fb8d027c4b0a12f9aa71ebad638645363a4a12ab,0xbb48553d0c9470eb429ba35acd350c4c242ee902,0xbb48553d0c9470eb429ba35acd350c4c242ee902,0xfd086bc7cd5c481dcc9c85ebe478a1c0b69fcbb9,2000000,2184,
arbitrum,withdraw_final,503564566,1789007263000,0xe9beb22af90e9c572df69d8fcffeb2a784de65b5d1f948b05cd4faf6969f88c1,,,,,,388494290399002624
arbitrum,withdraw_submit,503566203,1789007377000,0x4e3a8a5a6519180e55df54c3831c0b0e3b871e1a4dd1443537fe1a1a16dc0dc3,,0xbb48553d0c9470eb429ba35acd350c4c242ee902,0xfd086bc7cd5c481dcc9c85ebe478a1c0b69fcbb9,1000000,,388494290399002624
arbitrum,withdraw_final,503596204,1789015324000,0x4951ff0bae9ba63311ea1f738f97fc00e59188de0f571f85ae0208f89051fa69,,,,,,388958868413087744
arbitrum,withdraw_submit,503597769,1789015418000,0x15fddfd635378311dea1a5cfc88c68b5b7e731d3d7e01ee850368160dc0bd7af,,0x9febb8000d50d0588dbf2d0c1126be6492bc8010,0xfd086bc7cd5c481dcc9c85ebe478a1c0b69fcbb9,461596533,,388958868413087744
arbitrum,withdraw_final,503598485,1789015902000,0x8fadbc4ecf0f2f113ab184768914b1878a41f04b85fe68f99249a1dc80afa59b,,,,,,388992145832280064
arbitrum,withdraw_submit,503599890,1789015957000,0x1cabc37a783aa85b1178363ae7018aaa42978392f1cb4edb4d1b3f57c268dc55,,0x157c2566fa256f57ac3f7656f60163c502c36abb,0xfd086bc7cd5c481dcc9c85ebe478a1c0b69fcbb9,477076988,,388992145832280064
arbitrum,withdraw_final,503600799,1789016488000,0x0e3c24dfc1a046cc85c868332b0403a3ec3ec609f38bdf7bedeeb40ffd53d0ce,,,,,,389025680936927232
arbitrum,withdraw_submit,503602247,1789016557000,0x8a0a3a94c460797ce24357bbf4f7e90415ac52f55a0b9e31fb8032ff6a58ad1c,,0x5d032f219ea28d5df5512609843cb014c1e3079b,0xfd086bc7cd5c481dcc9c85ebe478a1c0b69fcbb9,422819689,,389025680936927232
arbitrum,withdraw_final,503604696,1789017479000,0x7cfdb7fbbcb2513738faa03ad3c8ba6591bc66f994762cc46969021f252c4697,,,,,,389082778240548864
arbitrum,withdraw_submit,503606274,1789017577000,0x2dc49ac7fbd2276c1a8828dc9567ec8d37d637ec0726036e7dc59aaa195de6ea,,0xd878dffc82f15d249fedb3950b41dda7bc328fe5,0xfd086bc7cd5c481dcc9c85ebe478a1c0b69fcbb9,3118248,,389082778240548864
arbitrum,deposit,503614979,1789019778000,0x6c3709a035fc1878727913eee293e038d58d98778598855c4604645faf2de3c2,0xcd21293d20eb9ef247bf983a518ad96ccd469ae9,0xcd21293d20eb9ef247bf983a518ad96ccd469ae9,0xfd086bc7cd5c481dcc9c85ebe478a1c0b69fcbb9,500000000,2184,
arbitrum,deposit,503629658,1789023474000,0x854b03d85ce121cff2ccce83f0c27d160d112158af387b705bb4fbdd3328d49f,0x1d6cb9c92c67aa04e130e22e559bec4ec466e137,0x1d6cb9c92c67aa04e130e22e559bec4ec466e137,0xfd086bc7cd5c481dcc9c85ebe478a1c0b69fcbb9,195684355,2184,
arbitrum,deposit,503632299,1789024135000,0xa7a1b938d89de4c947b222a090b7620ea8428e8e0151078b6d1f16e82f7c0fdd,0xd529d321a0e8db175ca7ea28908427e3fa83730d,0xd529d321a0e8db175ca7ea28908427e3fa83730d,0xfd086bc7cd5c481dcc9c85ebe478a1c0b69fcbb9,9793341,2184,
arbitrum,deposit,503645230,1789027383000,0xb7dae70241de80abdcd481e48e7d18ce9925b88dadcab82a5671d0f50caee702,0xb4fb8484686422cb6565c47ce2866e4bca393fda,0xb4fb8484686422cb6565c47ce2866e4bca393fda,0xfd086bc7cd5c481dcc9c85ebe478a1c0b69fcbb9,197300000,2184,
arbitrum,withdraw_final,503645435,1789027734000,0x2bb444bdcc26391f1b163fd9eaa1bf7b7c246cd78bdc133dad41f977b12f1629,,,,,,389675157309882368
arbitrum,deposit,503645817,1789027530000,0xc40b966ec8c4043f16d3cca5a138cbe010ceeb05271c8466ab7065b5ac50d8ca,0x3afa43a5ca284ddc5e4a9bdc7330e197630b2774,0x3afa43a5ca284ddc5e4a9bdc7330e197630b2774,0xfd086bc7cd5c481dcc9c85ebe478a1c0b69fcbb9,2000000,2184,
arbitrum,deposit,503646297,1789027651000,0x2a956e9ba9dbb010e39d9525eb4623bf29f0c83cad90e9fffe6036167143353a,0x97a281b0ba89c371285c39a1b7f90b3890104fab,0x97a281b0ba89c371285c39a1b7f90b3890104fab,0xfd086bc7cd5c481dcc9c85ebe478a1c0b69fcbb9,197300000,2184,
arbitrum,withdraw_submit,503647039,1789027837000,0x3a808618be17e09b4a4fb8449eff73e17380e5d29fe6897d06cc98d3308ffcdf,,0x7b6001613cf4ee53e967bf25f53e715380caf0e5,0xfd086bc7cd5c481dcc9c85ebe478a1c0b69fcbb9,84009833,,389675157309882368
arbitrum,deposit,503649834,1789028540000,0x5978a9f02f3040a0ec2fdcef365725927011acf20bf4de0fa7e32adf3601f04c,0xbb48553d0c9470eb429ba35acd350c4c242ee902,0xbb48553d0c9470eb429ba35acd350c4c242ee902,0xfd086bc7cd5c481dcc9c85ebe478a1c0b69fcbb9,2000000,2184,
arbitrum,withdraw_final,503649927,1789028864000,0xc4c4865f2c8e1b46214e81342f8f60b1e94044f9f6499c022af02e25519ce0e5,,,,,,389739959763861504
arbitrum,withdraw_submit,503651340,1789028917000,0xbe3d63b3676f98f4ea1ae9d90cf935ba30718666067d43b893db47bcf7285e3c,,0xbb48553d0c9470eb429ba35acd350c4c242ee902,0xfd086bc7cd5c481dcc9c85ebe478a1c0b69fcbb9,1000000,,389739959763861504
arbitrum,withdraw_final,503652342,1789029467000,0x8213fba98246ebd2ff0df853c4bc2f180889a793c05926411ad7fd810bd2dd35,,,,,,389774800546955264
arbitrum,withdraw_submit,503653980,1789029577000,0x1a82893c6ab48342e260dfbfe5e48b579ed86c38a88b2353c25335bd458e9297,,0x3afa43a5ca284ddc5e4a9bdc7330e197630b2774,0xfd086bc7cd5c481dcc9c85ebe478a1c0b69fcbb9,1000000,,389774800546955264
arbitrum,deposit,503654408,1789029685000,0x141a5fb7a9ea62827df29a8ca90f4718acabd306f3a64deaaca03955e3871278,0xff6b89e30777f0c8afb6f3c6532e9df66d5696d0,0x27004f899abf885714d7c6327d63a4f1008ba47a,0xfd086bc7cd5c481dcc9c85ebe478a1c0b69fcbb9,22800664,2184,
arbitrum,deposit,503655506,1789029960000,0x7889affaf676842d0fb59441f2ff1f5c704c43232698c082702c95b70276bd9d,0xbdbdeabcae1e56823fecfb4c8c994123d5b8d96f,0xbdbdeabcae1e56823fecfb4c8c994123d5b8d96f,0xfd086bc7cd5c481dcc9c85ebe478a1c0b69fcbb9,24673371,2184,
arbitrum,withdraw_final,503659659,1789031300000,0x0a8656aa4325d7adcc1b28640e028ba5cc2d63b163cc27becd6cf8cfa8ac1633,,,,,,389880121722404864
arbitrum,withdraw_submit,503661162,1789031377000,0x4dc44ce8adc6101f9f23733b78fbc251501037c95b47f4eca43255ecb16bb60f,,0x7f6c67febc4fc1fed382267873453aab8945e071,0xfd086bc7cd5c481dcc9c85ebe478a1c0b69fcbb9,64467835,,389880121722404864
arbitrum,deposit,503663006,1789031838000,0x10162ddd86b53c8a5a8c385b21141187b877ab2800b85ab5c84df39fd37acb01,0xe1e41af0096df083dcbbd840836a3f8c502e9fde,0xe1e41af0096df083dcbbd840836a3f8c502e9fde,0xfd086bc7cd5c481dcc9c85ebe478a1c0b69fcbb9,41000000,2184,
arbitrum,deposit,503664263,1789032154000,0xa0b87ffa520f5752c8e5cb057c6cd7c539770bc9f4fda3fa721f169e4a6e48df,0x6e175848cb898ad3bd160720e422799742f5671f,0x6e175848cb898ad3bd160720e422799742f5671f,0xfd086bc7cd5c481dcc9c85ebe478a1c0b69fcbb9,1000000,2184,
arbitrum,deposit,503666778,1789032784000,0x470a188e348b37e2b798145809927c49be134948208d49d83ccb77f576a1b984,0xf6bb1a6869c33b4bd58e4e2ec92f062bd68f3632,0xef9b88e4f22a790426a5c96538cf0af729e9dc28,0xfd086bc7cd5c481dcc9c85ebe478a1c0b69fcbb9,2499900000,2184,
arbitrum,withdraw_final,503672666,1789034561000,0x50c8b3d0c32de321481a895606598923787a9004eb26c6b73252c8f67a7bcf7c,,,,,,390068352984285235
arbitrum,withdraw_submit,503674083,1789034617000,0xe6618da74acb17ea5e9eda8cf5507a0c7994e7eaeb0da031ed5f57493ee74dc9,,0x74fff1844290f82c8d2f665d532d2a3be88c2492,0xfd086bc7cd5c481dcc9c85ebe478a1c0b69fcbb9,29091281,,390068352984285235
arbitrum,deposit,503680289,1789036172000,0x2fc66a7e29ba3e39d2ef93c5e1d0d8163a197d59b8a68e8a54bf1867ce137a51,0x2a3adf5c8d93def10fc85b1609ef442f7f665126,0x2a3adf5c8d93def10fc85b1609ef442f7f665126,0xfd086bc7cd5c481dcc9c85ebe478a1c0b69fcbb9,502000000,2184,
arbitrum,withdraw_final,503687321,1789038236000,0x6e9852b9385606345f5ffcb5e45de290d5e88018045ca60917c0daf8cf574b1e,,,,,,390279244464259072
arbitrum,withdraw_final,503687622,1789038311000,0xf0499cf51b17c32af5996b7f9f81340f81fb1fb33c491c6087fde74a401603bf,,,,,,390283719811792897
arbitrum,withdraw_final,503688414,1789038509000,0x03fb21a1f78c0ba0b5ef152c5e9fe639a848cc263abe578ad9d506942e306be1,,,,,,390295187370278912
arbitrum,withdraw_submit,503688925,1789038337000,0xc4d46098a760939e2baf170a244bf38f1ae46929a67a357306e7974f5da59959,,0x37014c910ca3b3477fbf74378658587d09c56546,0xfd086bc7cd5c481dcc9c85ebe478a1c0b69fcbb9,602261712,,390279244464259072
arbitrum,withdraw_submit,503689163,1789038397000,0x6f6b2b898259b299af653459155d49e111b6e714226970973359faefbf0c9fef,,0x1871583ba6d7d3c2256523d4d675c68a64919738,0xfd086bc7cd5c481dcc9c85ebe478a1c0b69fcbb9,99017511,,390283719811792897
arbitrum,deposit,503689820,1789038562000,0x356f52376f3f123102a38cfef08dcc926c74b188857f56fee89da802ef90f835,0x3895276e9288c072244c17713198ba754d553332,0xf15d28c733fba9910f491dcb9cee0043bf101268,0xfd086bc7cd5c481dcc9c85ebe478a1c0b69fcbb9,2900000,2184,
arbitrum,withdraw_submit,503689884,1789038577000,0x9b39211b6decb3534046e2d3383996d9db0ece59b2e06142c720e277ce1b66f3,,0x938add8d43bf57982286de3255724058e1b845d3,0xfd086bc7cd5c481dcc9c85ebe478a1c0b69fcbb9,169089767,,390295187370278912
arbitrum,deposit,503690625,1789038763000,0xb0c0cf80001d6b60ef7c549c2c128fcc485687c7ea67dc12b3f5137c4f6ceb78,0x3895276e9288c072244c17713198ba754d553332,0xf15d28c733fba9910f491dcb9cee0043bf101268,0xfd086bc7cd5c481dcc9c85ebe478a1c0b69fcbb9,99900000,2184,
arbitrum,withdraw_final,503693039,1789039666000,0xa65cc9ff3619c287a0d9206159b5a4ceb8df30fdab1214b20a48134126a088b0,,,,,,390362601189539840
arbitrum,withdraw_final,503693434,1789039765000,0x330f4253f04100b2185a4dd2e6fabb1dd5b11885abae872c24ec29131b9e7ac0,,,,,,390368476688023552
arbitrum,withdraw_submit,503694677,1789039777000,0x6805310b39d7914aa71ca10d50fa29a5967e7d4837670a1c5dd04e3b86cabf18,,0xae80a9e2358fe3b70d5019ad3ed7005d2ee6fd2e,0xfd086bc7cd5c481dcc9c85ebe478a1c0b69fcbb9,48236835,,390362601189539840
arbitrum,withdraw_submit,503694915,1789039837000,0xb79ec4f21a5b5ae81d5a457e878c96ae198612a5a26142d5e3dc8c437029c050,,0x2c146640c95ebd0718b2424e9e31ff1ac37c56e1,0xfd086bc7cd5c481dcc9c85ebe478a1c0b69fcbb9,349000000,,390368476688023552
arbitrum,deposit,503699721,1789041043000,0xac58291f447eaaa2b860fb6273aafbd18c98485f676e8cbcf58b05903799f062,0xa42b37b50fe7f1a4850e66881c22e80a80a08240,0xa42b37b50fe7f1a4850e66881c22e80a80a08240,0xfd086bc7cd5c481dcc9c85ebe478a1c0b69fcbb9,5000000,2184,
arbitrum,deposit,503699912,1789041091000,0xe3bfd97c17d0f53da43618596b6adc10bc7b75c899f751731e872986b52bc1df,0xa42b37b50fe7f1a4850e66881c22e80a80a08240,0xa42b37b50fe7f1a4850e66881c22e80a80a08240,0xfd086bc7cd5c481dcc9c85ebe478a1c0b69fcbb9,495000000,2184,
arbitrum,withdraw_final,503700182,1789041459000,0x016effa50b20dc860113d66fa9870c8b810e9ab98e22502d5d22ebe28bdd8f45,,,,,,390465869358039040
arbitrum,withdraw_submit,503701611,1789041517000,0x27eb9a309cc79affc8edc388ea009f2c1a80e1176f44178e406d1fb999af0f93,,0xdbaa42cc2f069a84d6c1fc0e4dcc68628deae4d0,0xfd086bc7cd5c481dcc9c85ebe478a1c0b69fcbb9,14115125,,390465869358039040
arbitrum,deposit,503704718,1789042293000,0x80de721cb9529a00079e5be2778b339969aed8b651d73329bb06140821feb460,0x7d4a3298bda95f8a9228257bc24e1d80c8afcca8,0x7d4a3298bda95f8a9228257bc24e1d80c8afcca8,0xfd086bc7cd5c481dcc9c85ebe478a1c0b69fcbb9,100098389,2184,
arbitrum,withdraw_final,503710346,1789043998000,0x8eaf4de81b1de4e91ef1d2a39942ad58406002e4b02c888aee02ebfce99ceb11,,,,,,390613487384002560
arbitrum,withdraw_submit,503711939,1789044097000,0x7dc674725e3050374ab338f838817de6f3f119d9ef0c022210286e774cabcb37,,0x7d4a3298bda95f8a9228257bc24e1d80c8afcca8,0xfd086bc7cd5c481dcc9c85ebe478a1c0b69fcbb9,76152384,,390613487384002560
arbitrum,deposit,503712067,1789044129000,0x3fb932e9ab3f918f378a2d701e6d9f45c77d845709c953784c34fff6ca39572f,0x5cbad130f6ffd185ebf43a6c784507a424ac9d41,0x5cbad130f6ffd185ebf43a6c784507a424ac9d41,0xfd086bc7cd5c481dcc9c85ebe478a1c0b69fcbb9,32698445,2184,
arbitrum,deposit,503717572,1789045503000,0x9c7bf946255761f4e7309838ba6c534b4326e504859886fd48f2607ed5a7e07b,0x21a02d86a23d1670153a98880ca2b2b79b6ac9d1,0x21a02d86a23d1670153a98880ca2b2b79b6ac9d1,0xfd086bc7cd5c481dcc9c85ebe478a1c0b69fcbb9,300441465,2184,
arbitrum,withdraw_final,503718542,1789046047000,0x83496a4ec319506b3e7a4ca63b29b62be94a9ead0f14749aa821775fd7fdf929,,,,,,390735017795387392
arbitrum,withdraw_final,503718641,1789046071000,0x818eec2807c15c55f3f6d7935eba994a902c85bd2578f8b6d09d84fce67cf772,,,,,,390736460912787456
arbitrum,deposit,503719515,1789045990000,0x0a76642e37bc276343e4ab20205a6d366a1c796af8ddbccc234487f66a5f3670,0x1d5a082f3736bc4d872210c0cf9fd3175204d6eb,0x2cf6877b4ab866c01014582a0974464c99310e04,0xfd086bc7cd5c481dcc9c85ebe478a1c0b69fcbb9,39850000,2184,
arbitrum,deposit,503719877,1789046081000,0x23ac93cc5af1657a0a5887504dd9a3731b428b61b71bd78cd82080b1a05e02bc,0x84e464916bd29b60acac25444f6d5aa4576db9ce,0x84e464916bd29b60acac25444f6d5aa4576db9ce,0xfd086bc7cd5c481dcc9c85ebe478a1c0b69fcbb9,3550084,2184,
arbitrum,withdraw_submit,503720102,1789046137000,0x29e174f2ea248a21d1e1f78d7df0c04dbdbbab177037c08772486999cf0cddf0,,0x74449ab85bcb2707feec8fc51ec6b9b355d6ed0c,0xfd086bc7cd5c481dcc9c85ebe478a1c0b69fcbb9,33000000,,390735017795387392
arbitrum,withdraw_submit,503720102,1789046137000,0x29e174f2ea248a21d1e1f78d7df0c04dbdbbab177037c08772486999cf0cddf0,,0xeb40efcbcdac4565bcecf6de65afe7a9e31cf236,0xfd086bc7cd5c481dcc9c85ebe478a1c0b69fcbb9,9000000,,390736460912787456
arbitrum,withdraw_final,503721675,1789046830000,0x68f80499c1471f577b4114ba08cb9fd954ed186e64a6892430a5822606b58b57,,,,,,390781128572665856
arbitrum,deposit,503721871,1789046579000,0x4de6dc5da48ea6981e26bf8fb690c838ef65e517c0debcc91393d5cc95f43cb5,0x07e8aaddcaa09f6f2806f92ebb735fab04a67d1c,0x07e8aaddcaa09f6f2806f92ebb735fab04a67d1c,0xfd086bc7cd5c481dcc9c85ebe478a1c0b69fcbb9,1073090835,2184,
arbitrum,withdraw_submit,503723227,1789046919000,0x8dfb9994c132cd5c9ac810128e17d6386ed0b3d261b7d0f41da28670aec92401,,0x9b022617980222a0602f4c8b75d17341f0fe1dc6,0xfd086bc7cd5c481dcc9c85ebe478a1c0b69fcbb9,95526166,,390781128572665856
arbitrum,deposit,503726323,1789047694000,0x777ed629f188ebeb269595df0e196fc2c6bc7d64ab255a1f98a84cd3ad681a7b,0x6bdd192d8d2d5b10cde28f87740431780f858fcc,0x6bdd192d8d2d5b10cde28f87740431780f858fcc,0xfd086bc7cd5c481dcc9c85ebe478a1c0b69fcbb9,60616607,2184,
arbitrum,withdraw_final,503727433,1789048271000,0x547983f42e1d35c7b648b5ed51553ad72de1d9c0ba9c5ea8976c11e647b35015,,,,,,390864863255068672
arbitrum,deposit,503727740,1789048048000,0x1a742392ca46f475eb88fbebddf4a8cd584298725ef909049da9d3104f059484,0xc7fd111e9607325a28e53ecbcaff3512d80191fc,0xc7fd111e9607325a28e53ecbcaff3512d80191fc,0xfd086bc7cd5c481dcc9c85ebe478a1c0b69fcbb9,5473560,2184,
arbitrum,withdraw_final,503728094,1789048437000,0x4c00228c6a5c83c036672e47e3d3fe8dda5f3322b12cbae53819df92e9d07570,,,,,,390874509734838272
arbitrum,withdraw_submit,503728977,1789048357000,0x374eb0aa387ccc512ab7c7f552cfc622a98fbe0fe216e5bc8b3935281043332b,,0x84e464916bd29b60acac25444f6d5aa4576db9ce,0xfd086bc7cd5c481dcc9c85ebe478a1c0b69fcbb9,2550084,,390864863255068672
arbitrum,withdraw_submit,503729695,1789048537000,0x81671286d443ac2220e9e1ca3cb725c9aa7eda1e36fe4d991627c3110b1c0696,,0x62dca82278c2d8bf6890cb9dbc50ecc77112a97a,0xfd086bc7cd5c481dcc9c85ebe478a1c0b69fcbb9,90000000,,390874509734838272
arbitrum,withdraw_final,503731237,1789049223000,0x029dd07c7d22d8520b1045a68cf0a277ef972090fbf058fb28499295b99e0432,,,,,,390919830221357056
arbitrum,withdraw_final,503732593,1789049561000,0x0e628b64d9dea061dcb2b57c2345dc6c4312d42bbed699ac9578c4591f379a18,,,,,,390939380941848576
arbitrum,withdraw_submit,503732815,1789049317000,0x9e460cfe446fdc1f9a83f53b26814ac2f94f432b911c51d5f66ba8318ed9b9ba,,0x14150ecb658f246091e58e9135a1612f2dd5eb10,0xfd086bc7cd5c481dcc9c85ebe478a1c0b69fcbb9,90027627,,390919830221357056
arbitrum,deposit,503733882,1789049584000,0x25e785e004396deafa9f47c77b7d0df97311d119d10ad3d8107c9a570583c23e,0x656c7e9fbea43bcd86b6bb06d00348f944839281,0x656c7e9fbea43bcd86b6bb06d00348f944839281,0xfd086bc7cd5c481dcc9c85ebe478a1c0b69fcbb9,900382156,2184,
arbitrum,withdraw_submit,503734010,1789049617000,0x2b662a71524444543cb582cc93e523ffec3ebbc3d92e0b941136922a64f83625,,0x6ce10b3fecef3f1648635c13f7f6c6d6cb31d46f,0xfd086bc7cd5c481dcc9c85ebe478a1c0b69fcbb9,139000000,,390939380941848576
arbitrum,deposit,503734317,1789049695000,0xa70b8e832d3afd71dd1a60b54cdd7b41458b87ad318c4708710c73b8f15788be,0x023c0dce2031ec9fee070e280c3b104dca564443,0x023c0dce2031ec9fee070e280c3b104dca564443,0xfd086bc7cd5c481dcc9c85ebe478a1c0b69fcbb9,85432703,2184,
arbitrum,deposit,503736094,1789050140000,0x174d7f7a79a27fe51b171197bb0ab35fce87f7ca3fbf530c98489621f8534475,0xbb48553d0c9470eb429ba35acd350c4c242ee902,0xbb48553d0c9470eb429ba35acd350c4c242ee902,0xfd086bc7cd5c481dcc9c85ebe478a1c0b69fcbb9,2000000,2184,
arbitrum,withdraw_final,503736188,1789050464000,0xe24750c16a21308f59cc7118d6f973db0f64046e71aeb6c8dd12093bddcf2d1f,,,,,,390991796701757440
arbitrum,deposit,503737198,1789050418000,0xb3cdceaaa747bbad0a99abea88f17eb1c02aa4476493c22a716222d7f17b0b77,0x023c0dce2031ec9fee070e280c3b104dca564443,0x023c0dce2031ec9fee070e280c3b104dca564443,0xfd086bc7cd5c481dcc9c85ebe478a1c0b69fcbb9,34111771,2184,
arbitrum,withdraw_submit,503737832,1789050577000,0xebc57f7d98bf606bd86a206e3611f2cbcfcd8c18a51afe7a9bde29692077fef2,,0xbb48553d0c9470eb429ba35acd350c4c242ee902,0xfd086bc7cd5c481dcc9c85ebe478a1c0b69fcbb9,1000000,,390991796701757440
arbitrum,withdraw_final,503738040,1789050929000,0x1bdbea97460ca264b7769ff6e15b6011dadf72b2be9700d2c3ed2d237d55cf5f,,,,,,391018966677454848
arbitrum,withdraw_submit,503739505,1789050998000,0x04241fae7fc7b7bdd1b8bfb0125eefcfcf230dcd0c8770061126a8c4dad5525e,,0xa67f83cd0c11dffd98709f562cdb48201eea968d,0xfd086bc7cd5c481dcc9c85ebe478a1c0b69fcbb9,569833718,,391018966677454848
arbitrum,deposit,503742883,1789051846000,0x261c0174ba0976b1d038aa1e2a607d34cbef390bd867a96fac22eedf7232092a,0x4737edd49991f4d6da6cfc032172cb3c5479ff07,0x36466d81a9e25a7dba6cb46a24bed40e68754e52,0xfd086bc7cd5c481dcc9c85ebe478a1c0b69fcbb9,43000000,2184,
arbitrum,deposit,503744803,1789052329000,0xe68d74fda2a1313e7c57073d54cc29d9ddcfa590c817fa9cba40dc7c49e656c2,0xf20349cc08ce0fd2f4d13b14346cbc000cdbc71e,0xf20349cc08ce0fd2f4d13b14346cbc000cdbc71e,0xfd086bc7cd5c481dcc9c85ebe478a1c0b69fcbb9,700186778,2184,
arbitrum,deposit,503746523,1789052762000,0xeb4f31e5cafb27ced42d0bed7b66e81a603c571d6a32a36b7bdc8d9a45e0f81e,0x9784a0e3b33856b5b6515301e3f16175926bb31d,0x9784a0e3b33856b5b6515301e3f16175926bb31d,0xfd086bc7cd5c481dcc9c85ebe478a1c0b69fcbb9,80742000,2184,
arbitrum,deposit,503747432,1789052989000,0xdef0208e8433edca2b3a5b4c69da1b0093809faa486dac6be945bc942233b7ea,0xb9d1f68c3671ab9db67d47dbef1e42e95ccb8498,0x7821186f83341d0e01c6c6c7065bc03eae399d05,0xfd086bc7cd5c481dcc9c85ebe478a1c0b69fcbb9,20000000,2184,
arbitrum,deposit,503747670,1789053049000,0xeb853df36f5700e44bf4a2b4a2618d5eb6a7d6630198a5d70e49dc9d80cb1693,0xb9d1f68c3671ab9db67d47dbef1e42e95ccb8498,0x7821186f83341d0e01c6c6c7065bc03eae399d05,0xfd086bc7cd5c481dcc9c85ebe478a1c0b69fcbb9,579252758,2184,
arbitrum,withdraw_final,503749663,1789053850000,0xcc91eead35688d9962e8eea94f6f3ba1188f17ead1e285009c937cd44f070a53,,,,,,391187982234681344
arbitrum,withdraw_final,503750190,1789053983000,0x068abec8aea6ee2d2ffef0c8d8b07ab47e1d5c1f38d4443134092cca5ea402ca,,,,,,391195799079354368
arbitrum,withdraw_submit,503751191,1789053937000,0xed4d8ed59e0848726417d85165a2c8f72d29e9f5c508f34355be7f432c14c2fb,,0x88a98527d3e9b29395f117bfef04787bcb5a9f16,0xfd086bc7cd5c481dcc9c85ebe478a1c0b69fcbb9,10000000,,391187982234681344
arbitrum,withdraw_submit,503751662,1789054057000,0x1915e7a575f21705b032109a5e642929d1d5d48cb86c30945a02d8e87646924d,,0xadb2cc3215c14960240ac2e8f62371e1382497ef,0xfd086bc7cd5c481dcc9c85ebe478a1c0b69fcbb9,15473146,,391195799079354368
arbitrum,deposit,503754366,1789054743000,0x85c9bf9112336b994356c400b86050175d2788a2e0f4ddec50c514f2b416b9e3,0x023c0dce2031ec9fee070e280c3b104dca564443,0x023c0dce2031ec9fee070e280c3b104dca564443,0xfd086bc7cd5c481dcc9c85ebe478a1c0b69fcbb9,49997352,2184,
arbitrum,deposit,503756219,1789055215000,0x31c7e715617440293a776b8c6eda07cb806cec6dd94225bbd729b6bad0ed249a,0x4823085189ee20bd215136fb15f30d26a3b5813a,0x4823085189ee20bd215136fb15f30d26a3b5813a,0xfd086bc7cd5c481dcc9c85ebe478a1c0b69fcbb9,128443868,2184,
arbitrum,withdraw_final,503758427,1789056081000,0x869509d6adfa2b86e2a7d1e53385cf8d5d26de3da5758f1937218187cf792e1a,,,,,,391318282935730176
arbitrum,withdraw_submit,503759892,1789056158000,0x90709a97c56e9552b74b4d0a6ea73df93c19ed0c56f56f164f9e892723757d39,,0xa235bf004c3663070a377723cfb0577af6a1b392,0xfd086bc7cd5c481dcc9c85ebe478a1c0b69fcbb9,484611321,,391318282935730176
arbitrum,deposit,503760423,1789056292000,0x73b7c919862d82b74170dfb47c895ca43819b7da4c83de0d68e14519dcee4fab,0x2018528f4abfa4822eb0180216e65632ac6e8e09,0x2018528f4abfa4822eb0180216e65632ac6e8e09,0xfd086bc7cd5c481dcc9c85ebe478a1c0b69fcbb9,413010229,2184,
arbitrum,withdraw_final,503760862,1789056706000,0x465e7395ee35607ed5825816c6e6eccefa4d7214ec071c208c5abcbe633515a1,,,,,,391355030692691968
arbitrum,withdraw_submit,503762499,1789056817000,0xa2a80e1445e5abe8dd5f0531a9c125469f2180323e33f72d273e53934f7071da,,0xee92656bdda091ed8cbc45cde8e6bd2ddde9889e,0xfd086bc7cd5c481dcc9c85ebe478a1c0b69fcbb9,1616763601,,391355030692691968
arbitrum,deposit,503763515,1789057073000,0x8e11f9fa7dc1e5e9a7d9160d9fe4f1e7afb078f47ed83a0ac2f50d904ba7038b,0x4823085189ee20bd215136fb15f30d26a3b5813a,0x4823085189ee20bd215136fb15f30d26a3b5813a,0xfd086bc7cd5c481dcc9c85ebe478a1c0b69fcbb9,139402556,2184,
arbitrum,withdraw_final,503769824,1789058961000,0x33e9021fa11f7332a01da20882717b8a48011257637dc9946d12b5f9f1bab9e2,,,,,,391486920531640320
arbitrum,withdraw_final,503769969,1789058997000,0xddc134a5b2b8ea992d46b68be041b83a135e182f2e3d2f1c9e161e53ae0409ae,,,,,,391489110960766976
arbitrum,withdraw_final,503770052,1789059018000,0x04e5c23df068193a55fac57a807690075bca8ea6c6c6e221c803da81354884af,,,,,,391490382266892288
arbitrum,withdraw_final,503771084,1789059278000,0x616616af3f0e021ced9575017ebebd2da5ac0618c3010728c3b6efa3ae62f596,,,,,,391505930048503808
arbitrum,withdraw_submit,503771317,1789059038000,0xb859f0e8c8082f7bbb7dffef4e81c55621f6ba16c177ee2a08119e93689f6d8c,,0x4823085189ee20bd215136fb15f30d26a3b5813a,0xfd086bc7cd5c481dcc9c85ebe478a1c0b69fcbb9,163654670,,391486920531640320
arbitrum,withdraw_submit,503771546,1789059097000,0x3845d1a2c47a2232843ab7f8cfb3ef62f9befbef9377e6cf8db2e379982e0746,,0x656c7e9fbea43bcd86b6bb06d00348f944839281,0xfd086bc7cd5c481dcc9c85ebe478a1c0b69fcbb9,1178141021,,391489110960766976
arbitrum,withdraw_submit,503771546,1789059097000,0x3845d1a2c47a2232843ab7f8cfb3ef62f9befbef9377e6cf8db2e379982e0746,,0x7457fd965d22fb844d3e420494eefdb5df4b9a98,0xfd086bc7cd5c481dcc9c85ebe478a1c0b69fcbb9,713000000,,391490382266892288
arbitrum,withdraw_submit,503772492,1789059337000,0x27da087d6dd5e1586ff3a63a70487535dda80f289b2e9e20d10aa9f5d31f1320,,0xd288badbf0a1f3c5f5a28c4e5f1188fb55289118,0xfd086bc7cd5c481dcc9c85ebe478a1c0b69fcbb9,96715324,,391505930048503808
arbitrum,deposit,503776474,1789060342000,0x5a6b7fb514cfdc3e7bf2640d0c1a757b0024600874c6d15b201d66e639141cac,0x14150ecb658f246091e58e9135a1612f2dd5eb10,0x14150ecb658f246091e58e9135a1612f2dd5eb10,0xfd086bc7cd5c481dcc9c85ebe478a1c0b69fcbb9,89913044,2184,
arbitrum,deposit,503781382,1789061585000,0xa2852236705b25a7a1377e966f0fd046bee0f9ccbde07f28681edd901555e474,0x1b9826b1fe5397c0cb5455fbb8d7aa2d4e4b282e,0x1b9826b1fe5397c0cb5455fbb8d7aa2d4e4b282e,0xfd086bc7cd5c481dcc9c85ebe478a1c0b69fcbb9,34502565,2184,
arbitrum,withdraw_final,503782727,1789062222000,0xd81c36648bfeda04b7df98424e5e9208c6f2dcae30916a23431092c1dfc6e3f0,,,,,,391678647875928064
arbitrum,withdraw_submit,503784140,1789062277000,0x70cd493417ae2ca9880908e8a0f24ed4c974b5e9808f69b62a4369af90f7f69e,,0x2162feb49e9efe2506de3273f4edabe09d36cbaf,0xfd086bc7cd5c481dcc9c85ebe478a1c0b69fcbb9,104302466,,391678647875928064
arbitrum,deposit,503785986,1789062745000,0x816342577e180f0d172ac1a57dfc53511761707c5edb6b8e4fc08fcf6cd212ed,0x48b576c87e788a762d6f95a456f2a39113b46950,0x48b576c87e788a762d6f95a456f2a39113b46950,0xfd086bc7cd5c481dcc9c85ebe478a1c0b69fcbb9,20217778,2184,
arbitrum,deposit,503788025,1789063260000,0xc1383d402a49660bd82649e2d6b5fd8ac97f305ef9e5112a43c844b0ad84353c,0xafe1487f27934558f9d714517573d38f1a3dd872,0xafe1487f27934558f9d714517573d38f1a3dd872,0xfd086bc7cd5c481dcc9c85ebe478a1c0b69fcbb9,531450000,2184,
arbitrum,deposit,503791546,1789064152000,0x133e3d43370d3120294c19c187c79fa081e2c1c66d54a3dfd49b555df74acb79,0x12d15cb0b3e4d74d7a180f7443446f9175413af5,0x12d15cb0b3e4d74d7a180f7443446f9175413af5,0xfd086bc7cd5c481dcc9c85ebe478a1c0b69fcbb9,222850000,2184,
arbitrum,deposit,503791951,1789064256000,0x98a65785ca87f83b775e2d76a2d212b9476cc310f1ee941dceef11f6c2c2ad8f,0xd288972443e7b3a45555b37f9a38feaabe34fe10,0xd288972443e7b3a45555b37f9a38feaabe34fe10,0xfd086bc7cd5c481dcc9c85ebe478a1c0b69fcbb9,228850449,2184,
arbitrum,deposit,503793346,1789064605000,0x09415e78803a007dd7b485a1937f220966906a49a443590a9ac14215e2fc4172,0x1daea87ad6ceeff6b1a9f1710c63fca4636c23a6,0x1daea87ad6ceeff6b1a9f1710c63fca4636c23a6,0xfd086bc7cd5c481dcc9c85ebe478a1c0b69fcbb9,269850000,2184,
arbitrum,deposit,503794362,1789064861000,0x87f44c1521769a06b500b6c1694351174ed1c507a83ad94964345b3bf2f6ca0a,0x6ba7eaff379a118930e6423c1eb78830c0abb0af,0x6ba7eaff379a118930e6423c1eb78830c0abb0af,0xfd086bc7cd5c481dcc9c85ebe478a1c0b69fcbb9,56850000,2184,
arbitrum,deposit,503794785,1789064969000,0xf03d0103e99bf4a041fc303e60eb0c383efd0abf0801bf762dbf3cff009fb4d9,0xe4e1a41cfcc29b58b32e875222356df231912e4a,0xe4e1a41cfcc29b58b32e875222356df231912e4a,0xfd086bc7cd5c481dcc9c85ebe478a1c0b69fcbb9,47850000,2184,
arbitrum,deposit,503796014,1789065279000,0xf949e1dac42e583663ebfdfbff9f06ff5b4af7cbf26de23003e6e345fb869c72,0xc65f372582a08b785e2a755bf0512c6a0aaa3f05,0xc65f372582a08b785e2a755bf0512c6a0aaa3f05,0xfd086bc7cd5c481dcc9c85ebe478a1c0b69fcbb9,284850000,2184,
arbitrum,deposit,503798713,1789065959000,0xa29e940b30b422a8e7d41a79797ab2592c5b8ea148a8f2ab33373a292a861f02,0xf73dcf163e8f6ecb9b57867cba5476c0b17bbb83,0xf73dcf163e8f6ecb9b57867cba5476c0b17bbb83,0xfd086bc7cd5c481dcc9c85ebe478a1c0b69fcbb9,1398053301,2184,
arbitrum,deposit,503804297,1789067366000,0xea5ee9d0d27de24d716473aba5cd1da24579aae497a8910d37ed001f5f9e7032,0xbdbdeabcae1e56823fecfb4c8c994123d5b8d96f,0xbdbdeabcae1e56823fecfb4c8c994123d5b8d96f,0xfd086bc7cd5c481dcc9c85ebe478a1c0b69fcbb9,5746446,2184,
arbitrum,deposit,503806661,1789067962000,0x6e12b291e5be342b67938a72a5e93d8b86ad8df33b98d39ce751c1d436207d19,0xf73dcf163e8f6ecb9b57867cba5476c0b17bbb83,0xf73dcf163e8f6ecb9b57867cba5476c0b17bbb83,0xfd086bc7cd5c481dcc9c85ebe478a1c0b69fcbb9,854172092,2184,
arbitrum,deposit,503821599,1789071740000,0x07b07c795031ed8ea040a915f8940c27e2b80294c7239d3f04724bbb24ae5388,0xbb48553d0c9470eb429ba35acd350c4c242ee902,0xbb48553d0c9470eb429ba35acd350c4c242ee902,0xfd086bc7cd5c481dcc9c85ebe478a1c0b69fcbb9,2000000,2184,
arbitrum,withdraw_final,503821706,1789072067000,0x60cd10fe15147cdb8cae99078b61f58478a4d8582da826c73e7ea62ab331041a,,,,,,392252945128751104
arbitrum,deposit,503823210,1789072144000,0xbaeec6a269140f9a69cb785f745fa719cf36acfb9629c258da62951736c5509e,0x7a36921581703e4b48bbf723c542cd1959290f0f,0x7a36921581703e4b48bbf723c542cd1959290f0f,0xfd086bc7cd5c481dcc9c85ebe478a1c0b69fcbb9,15905013,2184,
arbitrum,withdraw_submit,503823349,1789072179000,0x11a78788751f8d2d822afa2edbaa0bf9a4ca70c3b5fece7d0ba02cdd07db66b7,,0xbb48553d0c9470eb429ba35acd350c4c242ee902,0xfd086bc7cd5c481dcc9c85ebe478a1c0b69fcbb9,1000000,,392252945128751104
arbitrum,deposit,503824743,1789072531000,0x5f910cb87d5505bc0c321b45a2a827aa37b0d52297a1fe546f5f6b1930bcda04,0xca5bf2a46e5b5cc85b60c72870b5042f0b45a496,0x5cbad130f6ffd185ebf43a6c784507a424ac9d41,0xfd086bc7cd5c481dcc9c85ebe478a1c0b69fcbb9,100025171,2184,
arbitrum,withdraw_final,503830909,1789074424000,0xa407971e6d8430e28cd396fe6a488788a02fb805a3ff913b6cbb0732de75f827,,,,,,392389233043570688
arbitrum,withdraw_submit,503832452,1789074517000,0xe65b8be880f94435bca39485dca140fd949451187dbe20a8da85171d863933ce,,0xf72511f1115fd578d9bd2362d2bbb6f0a1e33875,0xfd086bc7cd5c481dcc9c85ebe478a1c0b69fcbb9,50875268,,392389233043570688
arbitrum,deposit,503842430,1789077109000,0x31028b330f54ec9c3b9778ae5c046b6cb720ea4c9b6e0173d5822b4cc022fb3a,0x0f63b0d8a0501e1f083f742926656f329f0d6b4c,0xc344872814da175ba136d0050cf96873ca969a93,0xfd086bc7cd5c481dcc9c85ebe478a1c0b69fcbb9,103359491,2184,
arbitrum,withdraw_final,503846128,1789078377000,0x430dc04db6ee08a828b4b87f5a9bb9161ea1b8fbc5889d82d16bbe1d045f848b,,,,,,392618558518984704
arbitrum,withdraw_submit,503847688,1789078477000,0x9dd2546aac57b46419be0c98a87d6eb4a426e762eea2833d085dab1d85724a9a,,0x95bf4f832fb643928a81ac82bda56b6cd84ffce3,0xfd086bc7cd5c481dcc9c85ebe478a1c0b69fcbb9,14000000,,392618558518984704
arbitrum,withdraw_final,503848297,1789078934000,0x6dfbe877178661c2ffcd90cf3a58d9221940c732315269d67f8bfe4e5cc6c786,,,,,,392651165910695936
arbitrum,withdraw_submit,503849786,1789079017000,0x951b2166cdd9f3cc887bbdf13d4092bd85c5a86f1b8a6613483eb235c85b749e,,0x95bf4f832fb643928a81ac82bda56b6cd84ffce3,0xfd086bc7cd5c481dcc9c85ebe478a1c0b69fcbb9,533702422,,392651165910695936
arbitrum,deposit,503855289,1789080427000,0x9f746854c9d22aed43e45a825d2a1e14e5162939d5b49476c24dfd2221b46f19,0xf5ea29b94d84489e4b66144e0ab6bb7d179abd77,0x0e8e1e28df6079f956f6aa7f1a97fc565513796a,0xfd086bc7cd5c481dcc9c85ebe478a1c0b69fcbb9,1144850000,2184,
arbitrum,deposit,503856093,1789080637000,0x1a5fd196fe5b08a5d66531b31ccd2d564111fb7814e65bb37e9888d2a3af9804,0xdf140591c1a7f041ab53e77ee2f17911da904f8b,0x731106917c5689e03acbcbcc1abb8dd3b24a3a99,0xfd086bc7cd5c481dcc9c85ebe478a1c0b69fcbb9,1126850000,2184,
arbitrum,deposit,503856911,1789080850000,0x0584ee96199b49997e6ceafa79cc48dd821f1f2a7a859ccade6fd1ea9e5b491f,0xc434e209376983de79f7c533c61fb4668cff39a0,0x0533e3dc69f63f0cd9fb4cd3dbde7bacd96a8251,0xfd086bc7cd5c481dcc9c85ebe478a1c0b69fcbb9,1129850000,2184,
arbitrum,deposit,503857016,1789080877000,0xf58e8019a683f99b3495a68bb369653c0433e46e16c647284574d7818e75181f,0x4d158e61ec46490981be00d5dd5ebb328ac65346,0x6bc330cfb0e06d94adb15db3816c09fda78ccf22,0xfd086bc7cd5c481dcc9c85ebe478a1c0b69fcbb9,1199850000,2184,
arbitrum,deposit,503857134,1789080907000,0xd56ee46224ac9278b6252af013c8cd7bec347037df370dc7a3077eb218b944fc,0x30abf7bf0ddb099b0b9d26dd7fd87d7e9b7a0341,0xbaae89ad4dec8c26fa09a41c0163a496a8b41e51,0xfd086bc7cd5c481dcc9c85ebe478a1c0b69fcbb9,1184584560,2184,
arbitrum,deposit,503857240,1789080933000,0xf61ea384d4efa3781811f02e0fe21c1cad538b7dd471cad71d1313e8597e9ba5,0xbb6a364f1ed526938bbf6e297e6c4d7f09e91788,0xbb6a364f1ed526938bbf6e297e6c4d7f09e91788,0xfd086bc7cd5c481dcc9c85ebe478a1c0b69fcbb9,90002330,2184,
arbitrum,deposit,503858509,1789081259000,0x56027f9c8428085c632efc182f91e9a13cc3fa88d5342078872e20a9978ed210,0x48b576c87e788a762d6f95a456f2a39113b46950,0x48b576c87e788a762d6f95a456f2a39113b46950,0xfd086bc7cd5c481dcc9c85ebe478a1c0b69fcbb9,35444390,2184,
arbitrum,withdraw_final,503878561,1789086684000,0xb1db271feba8297296c0bac31f109b7c13a5d5e4f5c26b2d316a70464692124a,,,,,,393113098245898240
arbitrum,withdraw_submit,503880032,1789086758000,0xfe15d196ef207c8c0e612b957aa4962a93cbfe6869414a4ae3dd2b5cfd05f3b3,,0xa16321dbdbc43d8e3cd9d60cb7a2174a033faabe,0xfd086bc7cd5c481dcc9c85ebe478a1c0b69fcbb9,5999000000,,393113098245898240
arbitrum,deposit,503905790,1789093339000,0x83a9f78eee7205e3a346c9d2cc46b2de7096a40958b166141e2e0b0611ceaaef,0xbb48553d0c9470eb429ba35acd350c4c242ee902,0xbb48553d0c9470eb429ba35acd350c4c242ee902,0xfd086bc7cd5c481dcc9c85ebe478a1c0b69fcbb9,2000000,2184,
arbitrum,withdraw_final,503905912,1789093670000,0x245147a6500edd76a28088901065cc4caaac70a5b8b278a656d970a036af57cd,,,,,,393528722214354944
arbitrum,withdraw_submit,503907529,1789093778000,0xce070b5e0cbeb4c034ecdd8e2113827fe19af0a57ddf8a61a4ae03701bf4e043,,0xbb48553d0c9470eb429ba35acd350c4c242ee902,0xfd086bc7cd5c481dcc9c85ebe478a1c0b69fcbb9,1000000,,393528722214354944
arbitrum,withdraw_final,503920733,1789097467000,0xc12bb0ae1380fa899777b4c0fd9858f6e9579f603f90db0429b3fb8c8e1422f4,,,,,,393752215140958208
arbitrum,withdraw_submit,503922259,1789097557000,0xf729b262f347b35c72d78aa103afab5028e8bfb22678287ddbb5028b12e4d222,,0x54e77a9ac534eaf7f76843ec589c7209d290b90c,0xfd086bc7cd5c481dcc9c85ebe478a1c0b69fcbb9,80017644,,393752215140958208
arbitrum,withdraw_final,503928328,1789099397000,0x445dbe76c1d4cc309f898a99d3856712ddb810d9d7e9e7335c020fa3ff4edcb1,,,,,,393866160614932480
arbitrum,withdraw_submit,503929821,1789099477000,0x595bbd7a3c182f93e16d4e7c4b451e052f19e646c8d67ce94718dff33f5ca7e0,,0xfe34b7bdefec08567b6a57d8a0c60b29d7ea2002,0xfd086bc7cd5c481dcc9c85ebe478a1c0b69fcbb9,299000000,,393866160614932480
arbitrum,deposit,503934044,1789100554000,0xf9bc7978f8c0a120482caadd141b32b5dcad8f44f110b16633c8d05c5f796ebc,0x3959c404db1bcf6832c96b088f6bc818a82589c7,0x3959c404db1bcf6832c96b088f6bc818a82589c7,0xfd086bc7cd5c481dcc9c85ebe478a1c0b69fcbb9,200000000,2184,
arbitrum,withdraw_final,503936024,1789101352000,0x0bf4603f2c094b00d647a3313dce277c481cad7a986339e52eabc3d5a45f99b5,,,,,,393980784710516736
arbitrum,withdraw_submit,503937620,1789101457000,0x9f641654699e742d623f980903c99c8edfd98360a413afa5eb33f139edb62f41,,0x246f074547d510507676dcb33cf92656c3fd574c,0xfd086bc7cd5c481dcc9c85ebe478a1c0b69fcbb9,200000000,,393980784710516736
arbitrum,withdraw_final,503951555,1789105324000,0xb21405abf7fd19a46eccdf4a15035918bd2123ad64ba28d4629237a03faa6d38,,,,,,394210960610426880
arbitrum,withdraw_submit,503953099,1789105418000,0x50395cf87433a4a9c1e5b29d9d356d766c957bd3c993fab0b9ae17a80efaec14,,0xda1efdfd64d24c5061bae4a3456fa1b2a4e957df,0xfd086bc7cd5c481dcc9c85ebe478a1c0b69fcbb9,599000000,,394210960610426880
arbitrum,deposit,503958007,1789106681000,0x08b8c7a6acbf5c2e1db3fdfdb1886f473299f51ae8e64aada73a0d60e6fc0051,0xda1efdfd64d24c5061bae4a3456fa1b2a4e957df,0xda1efdfd64d24c5061bae4a3456fa1b2a4e957df,0xfd086bc7cd5c481dcc9c85ebe478a1c0b69fcbb9,599000000,2184,
arbitrum,withdraw_final,503965549,1789108899000,0xfcd876eb51330bf7337176bcc32671055a4febbb2fc5cbc1f456abe8cbc74443,,,,,,394418699584405504
arbitrum,withdraw_final,503966099,1789109039000,0xb28d2c34f82d8fd24f3dfbbd4d3b26187f2e3e37febff32f2ad3f332fd68faf5,,,,,,394426894382006272
arbitrum,withdraw_final,503966208,1789109067000,0x92866105ed2c0016e336ca9f0cd7f7436a6508e1442a72613aea1b6ec5218450,,,,,,394428526461190144
arbitrum,withdraw_final,503966526,1789109148000,0xaa3ae86d810c56954b8fd0df7b4379650e5351e1bbb09bf880c723264943df9e,,,,,,394433199368830976
arbitrum,withdraw_submit,503966952,1789108957000,0x20c4341bd82ac3d061638053fb6aca93ecc9abf945eed6493b91160268f20a34,,0x5faef87c6044c46f670a739b721f73077b0b861e,0xfd086bc7cd5c481dcc9c85ebe478a1c0b69fcbb9,22428639,,394418699584405504
arbitrum,withdraw_submit,503967668,1789109137000,0x341051b38b6fdcc90f5300675b5306e2e574c121d9fbc6a01492bb9573c2cce9,,0xab8124604a7d73d236d4e3341b503aa850c9e6ae,0xfd086bc7cd5c481dcc9c85ebe478a1c0b69fcbb9,14488965,,394426894382006272
arbitrum,withdraw_submit,503967668,1789109137000,0x341051b38b6fdcc90f5300675b5306e2e574c121d9fbc6a01492bb9573c2cce9,,0xd379dbb1016e5140d68f2d45882b93c5908cbfac,0xfd086bc7cd5c481dcc9c85ebe478a1c0b69fcbb9,27178621,,394428526461190144
arbitrum,withdraw_submit,503968136,1789109257000,0x1e383aeb4b01da54a5021ca248ef41df8a88cff520e02b77b9da51e593984537,,0x11e48ebd77cae336122cc1a3b2cf48fe961d8e10,0xfd086bc7cd5c481dcc9c85ebe478a1c0b69fcbb9,54641597,,394433199368830976
arbitrum,deposit,503969706,1789109656000,0x333a05cc9623c9eec71461ec7edbf154842d6c073b450dede25144c2173b4358,0x213fa71a26ac0d19f323221a04b5239abe6aabae,0x213fa71a26ac0d19f323221a04b5239abe6aabae,0xfd086bc7cd5c481dcc9c85ebe478a1c0b69fcbb9,1357073,2184,
arbitrum,withdraw_final,503973159,1789110838000,0x321d331493b901e4d530979f4b11d871c3f6c66fbda00c351b89982da2d27ef2,,,,,,394530093852000256
arbitrum,withdraw_final,503973162,1789110839000,0x010a327d64eaf803add6baca6f125fe2d1593724d29cc5832e9c75f01f1072ff,,,,,,394530102450323481
arbitrum,withdraw_final,503973163,1789110839000,0xbbd30bd8ad613df20719d87cf74372efed1cd67170c6cbb2c73ea186c1a00f93,,,,,,394530093860388864
arbitrum,withdraw_final,503973167,1789110840000,0xbef84af27c43e6c057e2e71e9e8cbb3006888f891f3e550841c8932f87b72919,,,,,,394530102433546240
arbitrum,withdraw_final,503973373,1789110892000,0xd1ed1f3aa92cfa0b2f8ba40c2f7ac684b5bb91913e3ae8b5ccf0cbf75f521e57,,,,,,394533151851937792
arbitrum,withdraw_final,503973376,1789110894000,0xca5d37364a7871db8938580a89eda554801af26e627f22293ea2e8fe91b1738c,,,,,,394533383780171776
arbitrum,withdraw_final,503973596,1789110949000,0x958f3d177540a401f01112045a62ceeca13aec678c6ae57fb5dbcab4bf15b33d,,,,,,394536579256811520
arbitrum,withdraw_final,503973738,1789110986000,0x5b28407c8271b69beda02e56191e87486077989c312924609cc06d5c6f34385a,,,,,,394538726736265218
arbitrum,withdraw_final,503973741,1789110986000,0x69d8bbb315bc865d450be84b8a8fae9cfa3bb074a96e77534de32633e4d49791,,,,,,394538752514457600
arbitrum,withdraw_final,503974272,1789111123000,0x070c3a18deebe0fd2344520ce5945bec9290cd113958fa9605fba463cab73f5c,,,,,,394546749743562858
arbitrum,deposit,503974375,1789110850000,0xb9548ed71b838d26da83ea2c6285126b6d608092ac8eda24aab4b7ef239cbd28,0x5f4e7172a476198be07f813102e12a957bf56bd8,0xec015d2d6f970ba44424d4c3f37d99b29eee7451,0xfd086bc7cd5c481dcc9c85ebe478a1c0b69fcbb9,100000000,2184,
arbitrum,withdraw_submit,503974714,1789110937000,0x6724bc225b81e4be7f9c15ebbe1ea2050dc1ab48dd8ddc75480941e379c0a265,,0x5168d0ca6cd25d6cb6dd3d649c04eb2167b6923f,0xfd086bc7cd5c481dcc9c85ebe478a1c0b69fcbb9,27240550,,394530093860388864
arbitrum,withdraw_submit,503974714,1789110937000,0x6724bc225b81e4be7f9c15ebbe1ea2050dc1ab48dd8ddc75480941e379c0a265,,0xaf661aaa47fdc1084e653d3dda83cf0a395e9d9d,0xfd086bc7cd5c481dcc9c85ebe478a1c0b69fcbb9,16534412,,394530093852000256
arbitrum,withdraw_submit,503974714,1789110937000,0x6724bc225b81e4be7f9c15ebbe1ea2050dc1ab48dd8ddc75480941e379c0a265,,0xec769b947d836fc22c6253516496d6a1583f42fb,0xfd086bc7cd5c481dcc9c85ebe478a1c0b69fcbb9,80682241,,394530102433546240
arbitrum,withdraw_submit,503974714,1789110937000,0x6724bc225b81e4be7f9c15ebbe1ea2050dc1ab48dd8ddc75480941e379c0a265,,0x09338747e685402bdfc04618bd6c76d61238a667,0xfd086bc7cd5c481dcc9c85ebe478a1c0b69fcbb9,15189872,,394530102450323481
arbitrum,deposit,503974891,1789110981000,0xc5d52eab20ce306074eea8a6a946db893d78a0308dad8ae3eba0f16cca9005d2,0x185a1b43db8ed6ef6045e19f69b5d1f6b2fc1663,0x185a1b43db8ed6ef6045e19f69b5d1f6b2fc1663,0xfd086bc7cd5c481dcc9c85ebe478a1c0b69fcbb9,500078971,2184,
arbitrum,withdraw_submit,503974951,1789110997000,0xb828f1089ccfbe4f150fae97c4127659cf6c51a1339240ecfd45ab0b3a2963f1,,0xea5bbde9be6c8b03188072f7f314722353c77289,0xfd086bc7cd5c481dcc9c85ebe478a1c0b69fcbb9,29897110,,394533151851937792
arbitrum,withdraw_submit,503974951,1789110997000,0xb828f1089ccfbe4f150fae97c4127659cf6c51a1339240ecfd45ab0b3a2963f1,,0x8580142a3bf203b2f26a5aff2b93a76564cb1419,0xfd086bc7cd5c481dcc9c85ebe478a1c0b69fcbb9,14915564,,394533383780171776
arbitrum,withdraw_submit,503975186,1789111057000,0xf325982f3cc50e97b6404051b911bddac38f87548a710fa2371c1fb9362a8729,,0x23e871afa58b7e7416bd4d4d4ac49998e1c66e4e,0xfd086bc7cd5c481dcc9c85ebe478a1c0b69fcbb9,34046926,,394536579256811520
arbitrum,withdraw_submit,503975186,1789111057000,0xf325982f3cc50e97b6404051b911bddac38f87548a710fa2371c1fb9362a8729,,0x069eb920a8fe288da76b88e3452eded7548281fd,0xfd086bc7cd5c481dcc9c85ebe478a1c0b69fcbb9,19862913,,394538726736265218
arbitrum,withdraw_submit,503975186,1789111057000,0xf325982f3cc50e97b6404051b911bddac38f87548a710fa2371c1fb9362a8729,,0x7f8346dbea203954a1b19512564acbdf6ae9c44f,0xfd086bc7cd5c481dcc9c85ebe478a1c0b69fcbb9,47209985,,394538752514457600
arbitrum,withdraw_submit,503975893,1789111237000,0xe9895e9dc4ca22f619c7c2e2410fcebeff90a823b7a6199d413d8d4f84d970f5,,0x840a5b9b2fee4f4b07f7558779eb8c805e78b03f,0xfd086bc7cd5c481dcc9c85ebe478a1c0b69fcbb9,35023459,,394546749743562858
arbitrum,deposit,503977766,1789111716000,0xc30c2c29da0058ee937525f3a30cbc6b0a8ef8e5c226f1dfd1eee378661e2e96,0x3589ecb02400c5e540e136b95405303b0facafd8,0x3589ecb02400c5e540e136b95405303b0facafd8,0xfd086bc7cd5c481dcc9c85ebe478a1c0b69fcbb9,10001689,2184,
arbitrum,deposit,503981140,1789112581000,0x152ffd3e3108114072dc1283260583f5b589528e8a564bf797a52defafdb9b77,0x97a281b0ba89c371285c39a1b7f90b3890104fab,0x97a281b0ba89c371285c39a1b7f90b3890104fab,0xfd086bc7cd5c481dcc9c85ebe478a1c0b69fcbb9,500000000,2184,
arbitrum,deposit,503981396,1789112647000,0xec34ca65510d9c0c393eca02dbf1b03fdc97fbecdf01ec0612c347e3f04f9791,0xb4fb8484686422cb6565c47ce2866e4bca393fda,0xb4fb8484686422cb6565c47ce2866e4bca393fda,0xfd086bc7cd5c481dcc9c85ebe478a1c0b69fcbb9,500000000,2184,
arbitrum,withdraw_final,503983537,1789113489000,0x049d30a2cfd704cfaf1e61268ba17b2f5bfef670b4b1d1f48f4bc9ad9d382494,,,,,,394683398423052362
arbitrum,withdraw_submit,503985067,1789113577000,0x867ef993b25f090be5bec3b051288ba2b3ab7b6b0d8d7609d6c5d43b17937d3d,,0xf36e4157ee21218ebb3eefe4d5aa46226875029f,0xfd086bc7cd5c481dcc9c85ebe478a1c0b69fcbb9,9000000,,394683398423052362
arbitrum,deposit,503985809,1789113764000,0xe61bd1187387bf8d74b6c4d0b278039bf212ed4ae7d598cf73c5b843ef82b185,0x3589ecb02400c5e540e136b95405303b0facafd8,0x3589ecb02400c5e540e136b95405303b0facafd8,0xfd086bc7cd5c481dcc9c85ebe478a1c0b69fcbb9,1159261077,2184,
arbitrum,deposit,503986694,1789113987000,0x1f0463634bc2af158b07fbce31bdbd22501fc85c96158de795381ef3476541be,0x7481e623da7fa4a71f40dedd1d7a1a7656042069,0x7481e623da7fa4a71f40dedd1d7a1a7656042069,0xfd086bc7cd5c481dcc9c85ebe478a1c0b69fcbb9,38462494,2184,
arbitrum,deposit,503987140,1789114101000,0xf8c6d9ce4317de0cbc45a2e77fb5efd0c62a75ddb60a7d62803f31648f9c7e5a,0x2a3adf5c8d93def10fc85b1609ef442f7f665126,0x2a3adf5c8d93def10fc85b1609ef442f7f665126,0xfd086bc7cd5c481dcc9c85ebe478a1c0b69fcbb9,569000000,2184,
arbitrum,withdraw_final,503987963,1789114610000,0x5743be51ac8ca706d19231e7ac745f5e8e9ec2b5320f56d7a3254d1da6cdcf31,,,,,,394747917404995584
arbitrum,withdraw_submit,503989567,1789114717000,0x96d57d17a191ed57bd6696cf3eca449abbce429624645f42203def74f79d47be,,0x023c0dce2031ec9fee070e280c3b104dca564443,0xfd086bc7cd5c481dcc9c85ebe478a1c0b69fcbb9,119000000,,394747917404995584
arbitrum,deposit,503990446,1789114940000,0x150122550ba870b8eae0ae129f8ed4e9d248e7b4abd63a5185ca1793d7dcff14,0xbb48553d0c9470eb429ba35acd350c4c242ee902,0xbb48553d0c9470eb429ba35acd350c4c242ee902,0xfd086bc7cd5c481dcc9c85ebe478a1c0b69fcbb9,2000000,2184,
arbitrum,withdraw_final,503990526,1789115260000,0x8f51c5afca3c59fa91a8c908b1f152ea7924d787f42fc0aa64103787bf690320,,,,,,394785446825033728
arbitrum,deposit,503991202,1789115130000,0x5db82b9c4b7167a098242b81e55111be0eb2a20cdc40e8ccb3726fc220fbef6e,0x287d41ad9fe1581b432c5247ce36ff308d90e4e8,0x287d41ad9fe1581b432c5247ce36ff308d90e4e8,0xfd086bc7cd5c481dcc9c85ebe478a1c0b69fcbb9,1000000000,2184,
arbitrum,withdraw_submit,503991932,1789115317000,0x7079851f549c95559d60b65ebb2f135dd071d616a89c239242986e8adbc0bee8,,0xbb48553d0c9470eb429ba35acd350c4c242ee902,0xfd086bc7cd5c481dcc9c85ebe478a1c0b69fcbb9,1000000,,394785446825033728
arbitrum,deposit,503994989,1789116084000,0x13794de3ed2eeef20ba6eff04a4b9939bb7e37cc0392a829b80259f5f99e7bde,0xda1efdfd64d24c5061bae4a3456fa1b2a4e957df,0xda1efdfd64d24c5061bae4a3456fa1b2a4e957df,0xfd086bc7cd5c481dcc9c85ebe478a1c0b69fcbb9,2282451079,2184,
arbitrum,deposit,504002488,1789117960000,0x65b2e60d8b0c343d42703a743ebe4de12eb09557793f4ea394e0a6277814dff0,0xadb2cc3215c14960240ac2e8f62371e1382497ef,0xadb2cc3215c14960240ac2e8f62371e1382497ef,0xfd086bc7cd5c481dcc9c85ebe478a1c0b69fcbb9,19903332,2184,
arbitrum,deposit,504002671,1789118005000,0x12f2774c0b5abc299951609a0e812884281f0bb288e247a43c5d3a4168972d29,0xa16321dbdbc43d8e3cd9d60cb7a2174a033faabe,0xa16321dbdbc43d8e3cd9d60cb7a2174a033faabe,0xfd086bc7cd5c481dcc9c85ebe478a1c0b69fcbb9,4000081686,2184,
arbitrum,deposit,504005642,1789118748000,0xe1514ee70cdacda9959660ededcdabb31b2a3fb0d97324b122fcd481e7bf7b71,0x22ad016c8512b304209d00a9ecb131203176801e,0x22ad016c8512b304209d00a9ecb131203176801e,0xfd086bc7cd5c481dcc9c85ebe478a1c0b69fcbb9,250000000,2184,
arbitrum,deposit,504006205,1789118888000,0x18cb375ba4edad9fcf1cdc36e364223da173ba69e594cb2edc8f2307d7d14187,0x91896defbd943f197e147abbd36b44f4a8849b4d,0x91896defbd943f197e147abbd36b44f4a8849b4d,0xfd086bc7cd5c481dcc9c85ebe478a1c0b69fcbb9,189338353,2184,
arbitrum,withdraw_final,504015412,1789121486000,0x53079a423cc239aa1d2f85cfaf3da37c51b2ea90e324292ff0e41cc4ecf878e3,,,,,,395146507549933568
arbitrum,withdraw_submit,504016896,1789121557000,0xd4781ae3eeeb9ff25a15807778c2cad44e05f7708b5428ff1a2d842b0b9aae46,,0xf73dcf163e8f6ecb9b57867cba5476c0b17bbb83,0xfd086bc7cd5c481dcc9c85ebe478a1c0b69fcbb9,2682366161,,395146507549933568
arbitrum,withdraw_final,504022153,1789123171000,0x5357f9b9409fb8aff9ea02502714e4a9c79380a82cfd362e69e722805ed30ca8,,,,,,395244243842498560
arbitrum,withdraw_submit,504023619,1789123237000,0xc67b204814f829645afb3448d2e3922ecc8da19ac05bd73b29ee397e98e9d49a,,0xadb2cc3215c14960240ac2e8f62371e1382497ef,0xfd086bc7cd5c481dcc9c85ebe478a1c0b69fcbb9,13244436,,395244243842498560
arbitrum,deposit,504025898,1789123807000,0xdc2bef78655c7d9f7528815ea82eaa7c0e26b84089062a995c5ed21d1e895fd3,0xadb2cc3215c14960240ac2e8f62371e1382497ef,0xadb2cc3215c14960240ac2e8f62371e1382497ef,0xfd086bc7cd5c481dcc9c85ebe478a1c0b69fcbb9,23923006,2184,
arbitrum,deposit,504027840,1789124291000,0x63576c7dca4997d69aa3a69dd1071c4681853ca8c4da1800d6580b15f0de2922,0x2018528f4abfa4822eb0180216e65632ac6e8e09,0x2018528f4abfa4822eb0180216e65632ac6e8e09,0xfd086bc7cd5c481dcc9c85ebe478a1c0b69fcbb9,900000000,2184,
arbitrum,deposit,504031598,1789125230000,0x0f1acdf10e315be83106ffc744399357eae2e42596fcaa0f620c8766d5a07c63,0x9862fd5b8dbfbe4e887d244d28e53d792ded66eb,0x9862fd5b8dbfbe4e887d244d28e53d792ded66eb,0xfd086bc7cd5c481dcc9c85ebe478a1c0b69fcbb9,40011989,2184,
arbitrum,withdraw_final,504032554,1789125769000,0x1ab75128c80ae1ab4124f503199415207bd0096c0907f63cb1cfb439afa6eaa1,,,,,,395396904160067584
arbitrum,withdraw_submit,504034184,1789125877000,0x3bf2a67386592b9606969fa04ac2fb0b946b5eb2a5aa4040877b48ecd3047a56,,0xadb2cc3215c14960240ac2e8f62371e1382497ef,0xfd086bc7cd5c481dcc9c85ebe478a1c0b69fcbb9,11665039,,395396904160067584
arbitrum,withdraw_final,504039086,1789127404000,0x41a0ad76b70a17f969055de9ce3d432b881d13b70292b8de648c3328933c8618,,,,,,395492707679600641
arbitrum,withdraw_submit,504040659,1789127498000,0x10323616987b190fdc1870e71b1fb458193f04765f4eb5452c5e449e577ca45d,,0xe837b5da8ba532fb84a58e4800bc1409a17e0dd7,0xfd086bc7cd5c481dcc9c85ebe478a1c0b69fcbb9,163196886,,395492707679600641
arbitrum,deposit,504044012,1789128337000,0xed50fc4252d740288db9c758c6c9fb93e874dae6e59010cbce9e905abd85d171,0x4737edd49991f4d6da6cfc032172cb3c5479ff07,0x36466d81a9e25a7dba6cb46a24bed40e68754e52,0xfd086bc7cd5c481dcc9c85ebe478a1c0b69fcbb9,24522400,2184,
arbitrum,withdraw_final,504044236,1789128693000,0x6f2637cb66ad1713753066eb80ffcd29a4ff0a30847b780ace9c5ed44bb656a8,,,,,,395569544652914688
arbitrum,withdraw_submit,504045690,1789128757000,0x3c5b8c63c15d2bb2829f0787e0521c75cab243516061aa29a5660688bf428760,,0xdc9dcab83072b77e0e056908471a8641f5a5fe8c,0xfd086bc7cd5c481dcc9c85ebe478a1c0b69fcbb9,10000000000,,395569544652914688
arbitrum,withdraw_final,504048287,1789129706000,0xe5a2d408147480e519db58b26152b3813baa3bace5396af4dd9cc45cc5a0ee66,,,,,,395631194613481472
arbitrum,withdraw_submit,504049766,1789129777000,0x5fba1d7c9acf503f0ba5f3f5878914cce48a8741def6f9b1f5503baa3d05a1e5,,0xe1dac561fd01d2c01ab0ab8c9981422149bdfe1c,0xfd086bc7cd5c481dcc9c85ebe478a1c0b69fcbb9,96578103,,395631194613481472
arbitrum,deposit,504058590,1789131975000,0x4a999b98bdf9755d98fd17dc78561b17c2645baa816932fe01c90cda886750bc,0xd5cd3abec638f5718130d1403ff0fde32e9ae9a9,0xd5cd3abec638f5718130d1403ff0fde32e9ae9a9,0xfd086bc7cd5c481dcc9c85ebe478a1c0b69fcbb9,15004552,2184,
arbitrum,deposit,504060295,1789132402000,0xd1d11a3e6119ebbb0bddd6bf989e7f8076725814c57eb94ab64124033293f662,0x2914da2d0cc7dbfcffd7866a435b80efc95163d6,0xe6b436aacfc580d811f6dae538149221732f105a,0xfd086bc7cd5c481dcc9c85ebe478a1c0b69fcbb9,468880387,2184,
arbitrum,deposit,504061212,1789132632000,0xc9e7f20108b7733229aecbe77cd577d79e02f299f917761807cad228221bb881,0x646ce413c9e03d8b9ba4dc12998621e437250751,0x646ce413c9e03d8b9ba4dc12998621e437250751,0xfd086bc7cd5c481dcc9c85ebe478a1c0b69fcbb9,305000000,2184,
arbitrum,deposit,504063720,1789133257000,0x7eb77f7a1284b9b16d72b07e668349283b951c5994efe6e0eb972d385d55a466,0x714faa1e9715d7b93712c1f53492e2e132eccb65,0xb98e39a7484f19bcab891a66125d0f4a67de4c42,0xfd086bc7cd5c481dcc9c85ebe478a1c0b69fcbb9,310000000,2184,
arbitrum,deposit,504065343,1789133662000,0xd0ee20f3334ba26c493affcafed0366da2923da7dc14686dfd414dfb83af641e,0x75327abe9086e84d1e7499eddda8320c49734552,0x6e18aa51547cc214568bbecc2c32a9631fc1be44,0xfd086bc7cd5c481dcc9c85ebe478a1c0b69fcbb9,302000000,2184,
arbitrum,deposit,504067100,1789134100000,0xb8bfc00a696678249d5c54b4363655b510df080dd52c601f12110f5bc1e1dfa3,0xa01f58d2336c4bde98631229f71908871bba472b,0x0a21841f7571f05c2a4f44420cb13e2ff27c3f69,0xfd086bc7cd5c481dcc9c85ebe478a1c0b69fcbb9,308000000,2184,
arbitrum,deposit,504068592,1789134472000,0x17ff6074de41185a97dc28a71697675f86b34860f3914909a985ed009209e714,0xc7fdd7fe71ab59b4225a2dd75f5cc28e58e7bd49,0x421a76dab8d677645afc705a4204bced1d934624,0xfd086bc7cd5c481dcc9c85ebe478a1c0b69fcbb9,301000000,2184,
arbitrum,deposit,504070067,1789134838000,0xe86efc26d496b85f2de1ab6c9c44e074c791a94e3ee8a24cdb54a606ea174500,0x314923f06c408b1eb0f22ccf0ccec628a6f40333,0x314923f06c408b1eb0f22ccf0ccec628a6f40333,0xfd086bc7cd5c481dcc9c85ebe478a1c0b69fcbb9,334381180,2184,
arbitrum,deposit,504072873,1789135536000,0x9a9cd2182b77ea65829c36fe0204caaff8ffe5aebacc1fd0aca1be927c94b45c,0x314923f06c408b1eb0f22ccf0ccec628a6f40333,0x314923f06c408b1eb0f22ccf0ccec628a6f40333,0xfd086bc7cd5c481dcc9c85ebe478a1c0b69fcbb9,50000000,2184,
arbitrum,withdraw_final,504075904,1789136584000,0x70459c3a2b0356cdebd65a3f999ca6bbb673ef81598c14c1210e77cbce243128,,,,,,396074297795280896
arbitrum,deposit,504076950,1789136542000,0x01616d1b2db3d82c14398d1fb61701af327e39f804f6ecdbbe3f1c5b9a3464c3,0xbb48553d0c9470eb429ba35acd350c4c242ee902,0xbb48553d0c9470eb429ba35acd350c4c242ee902,0xfd086bc7cd5c481dcc9c85ebe478a1c0b69fcbb9,2000000,2184,
arbitrum,withdraw_final,504077063,1789136871000,0x64a2dfe79d885ba18b7a9c1e73156fbbe5e1d7a23f86461ad8b1d9c46908d004,,,,,,396091847027458048
arbitrum,withdraw_submit,504077488,1789136677000,0x6283341a6ddea04a4a78c89c4b6f848301cc52936c104f6c2f27bd0a2be8dd46,,0x314923f06c408b1eb0f22ccf0ccec628a6f40333,0xfd086bc7cd5c481dcc9c85ebe478a1c0b69fcbb9,41000000,,396074297795280896
arbitrum,withdraw_submit,504078693,1789136977000,0xbad4b56764b94e701e4a8f3234ba46f163e185024bd1480be51c0ddeca2fb26c,,0xbb48553d0c9470eb429ba35acd350c4c242ee902,0xfd086bc7cd5c481dcc9c85ebe478a1c0b69fcbb9,1000000,,396091847027458048
arbitrum,deposit,504083324,1789138132000,0x4ccb1d82a52a92a94eb4f197ea689d28a1774cbff66ae4b99d8f2faa1d69da96,0xbc0c2687462a2c0d4f0ea8ea497cccc6cccf0eb6,0x90e8912eaec570ea59fc086e926ea53bb77e8a7d,0xfd086bc7cd5c481dcc9c85ebe478a1c0b69fcbb9,1000395730,2184,
arbitrum,withdraw_final,504085004,1789138852000,0xd02f3e506412a6a0bdd168f2eeb9ccdb2b27734f0a5cc78b379d9d36e4b1deec,,,,,,396213532032499712
arbitrum,withdraw_submit,504086629,1789138957000,0x87be163bf30be60ea09a2bb4dcf8a550dfcce48ef833131b2a8818ad8e866ee4,,0x096b7c5764b07aa2d77d418a14086540c6ec01a9,0xfd086bc7cd5c481dcc9c85ebe478a1c0b69fcbb9,45147436,,396213532032499712
arbitrum,deposit,504088275,1789139368000,0x7c8105cddcb715520bb2979ef349c009400d64918089ca4b66402c83518b6e16,0x6b62ed63481ee849a921580899541b735a9fcae7,0x6ce10b3fecef3f1648635c13f7f6c6d6cb31d46f,0xfd086bc7cd5c481dcc9c85ebe478a1c0b69fcbb9,45008234,2184,
arbitrum,deposit,504089017,1789139554000,0x663646c4df3577bd428ca8c60b74a664b584ab4889d5e9b3b5ddd8482625d839,0xf20349cc08ce0fd2f4d13b14346cbc000cdbc71e,0xf20349cc08ce0fd2f4d13b14346cbc000cdbc71e,0xfd086bc7cd5c481dcc9c85ebe478a1c0b69fcbb9,3000553453,2184,
arbitrum,deposit,504097261,1789141613000,0x4d2a4d72c3a6ad20c8e8746dd19bc8ce98a3b7f2df926788d3f7e69a658af050,0x67d77402d94c358506deaf584f1f3a044f495bc7,0x67d77402d94c358506deaf584f1f3a044f495bc7,0xfd086bc7cd5c481dcc9c85ebe478a1c0b69fcbb9,2000000000,2184,
arbitrum,deposit,504098799,1789141997000,0x33cb7b5c2eb4572500c97fdb673824177973263ec38d670a800128b8522c1618,0x67d77402d94c358506deaf584f1f3a044f495bc7,0x67d77402d94c358506deaf584f1f3a044f495bc7,0xfd086bc7cd5c481dcc9c85ebe478a1c0b69fcbb9,500257046,2184,
arbitrum,deposit,504100822,1789142503000,0xa61b5489145cab3c6c802bb251647b87aef26c982f17a550422e8859b2f35f7d,0xa68fffbac4378cc9f00c8ff1d7e08f960a37c34d,0xd2b0adba1d51398922c25e5e97509a8b693af6b5,0xfd086bc7cd5c481dcc9c85ebe478a1c0b69fcbb9,109900000,2184,
arbitrum,deposit,504102135,1789142831000,0xd959bc46044d2cfdedba1cd311da81ce6cf6964e1f6f1fd9da73d8c4d522fcef,0xe67d3b0bdfd1d853fbce6c0898b464e332a67b18,0xe67d3b0bdfd1d853fbce6c0898b464e332a67b18,0xfd086bc7cd5c481dcc9c85ebe478a1c0b69fcbb9,1900202381,2184,
arbitrum,withdraw_final,504104056,1789143608000,0x64f37cbe692cbe6eca150d622928278c973689242fc880d8a6c5261df7afbc75,,,,,,396503880436809728
arbitrum,deposit,504105008,1789143545000,0x5e296955c124e5b246dcfeebaf4d2eaf1014008a02eea0bbcfac8c8e63ee5ab8,0x62dca82278c2d8bf6890cb9dbc50ecc77112a97a,0x62dca82278c2d8bf6890cb9dbc50ecc77112a97a,0xfd086bc7cd5c481dcc9c85ebe478a1c0b69fcbb9,176808054,2184,
arbitrum,withdraw_final,504105421,1789143949000,0xd562f67d7af2b9f4e01f0beda96d592fe659aec44c469aa6c18751095a6604d4,,,,,,396525982330126336
arbitrum,withdraw_submit,504105615,1789143697000,0xe11c6ff4bdaf1303eaf5dc26344a1082150a5d53f5bda687a0877971ba530689,,0xc28a6898db7672cb645c5665b3092900aa5391b6,0xfd086bc7cd5c481dcc9c85ebe478a1c0b69fcbb9,99000000,,396503880436809728
arbitrum,withdraw_submit,504107058,1789144057000,0xa61be365068f1975a7430e6fc0a6033d6a760aecf01a53d653365a0106170112,,0x82e43b3edf45980251340d3ea8e59fcdd566ab7c,0xfd086bc7cd5c481dcc9c85ebe478a1c0b69fcbb9,13160977,,396525982330126336
arbitrum,deposit,504109916,1789144771000,0x439508b000c5c8be439b1892725ca65e12b48b1d9844aae82273611cfbfef68b,0x67d77402d94c358506deaf584f1f3a044f495bc7,0x67d77402d94c358506deaf584f1f3a044f495bc7,0xfd086bc7cd5c481dcc9c85ebe478a1c0b69fcbb9,3997164564,2184,
arbitrum,deposit,504111305,1789145118000,0xca482dcab1f705696ba610dd90f964d7b805de31ca2dec9a16b4433c655a98fc,0x70dafa11ff44c7680010d7590806057c3025dea4,0x70dafa11ff44c7680010d7590806057c3025dea4,0xfd086bc7cd5c481dcc9c85ebe478a1c0b69fcbb9,3000608437,2184,
arbitrum,deposit,504146446,1789153912000,0xddc48cade6d4ef4fd62ed0fb90cf72fe490a039cbeb44ce4af7fe16eec19316e,0x240f896698438dbb7c4ad9b7372c6ee1e765a488,0x240f896698438dbb7c4ad9b7372c6ee1e765a488,0xfd086bc7cd5c481dcc9c85ebe478a1c0b69fcbb9,100000000,2184,
arbitrum,deposit,504150855,1789155015000,0x25162d8b0081482e6f7285aa3c65b1a9daec4f7ffefd73bc04de375474df87ec,0x240f896698438dbb7c4ad9b7372c6ee1e765a488,0x240f896698438dbb7c4ad9b7372c6ee1e765a488,0xfd086bc7cd5c481dcc9c85ebe478a1c0b69fcbb9,4900000000,2184,
arbitrum,deposit,504156389,1789156401000,0x34a6fa504d5a94ddf2da446702bcae222857a73e349fe078e2675bc45035ae57,0x454daa01de0b616c891443009e36bafdb6836a3c,0x454daa01de0b616c891443009e36bafdb6836a3c,0xfd086bc7cd5c481dcc9c85ebe478a1c0b69fcbb9,5175145015,2184,
arbitrum,withdraw_final,504156697,1789156778000,0xd4bc33dee347ffe5c3b590ee17cc81d94427dbc4f71e5335c1b4539690a8fec5,,,,,,397296482270576640
arbitrum,withdraw_submit,504158125,1789156837000,0xdc5f87dd33805a232ef104d84cbd52dd3a4e830efdf815141d0dc2f9451a4012,,0x9de44d98978bdb32f9cad7ff49b5fc25742efb78,0xfd086bc7cd5c481dcc9c85ebe478a1c0b69fcbb9,99000000,,397296482270576640
arbitrum,deposit,504163326,1789158140000,0xc68b494dbcd2cf339b567fe17caf6a2db824479685b15981daf99d1440e5cfe4,0xbb48553d0c9470eb429ba35acd350c4c242ee902,0xbb48553d0c9470eb429ba35acd350c4c242ee902,0xfd086bc7cd5c481dcc9c85ebe478a1c0b69fcbb9,2000000,2184,
arbitrum,withdraw_final,504163424,1789158464000,0x196b01fd801eb3d1e8d0f4326a9e1ac87796f18fa9e5fc5e874dba50881fd486,,,,,,397395799098523648
arbitrum,withdraw_final,504163709,1789158536000,0xd62b5f985e9aba9b3363448fe4c7f75e4cf9cd424106246d36260f6c287bc8f2,,,,,,397400094061625344
arbitrum,withdraw_submit,504165074,1789158577000,0x451ed64efa6f2109e6e5d13ccbd0686184c3072fd16181942c83d9466c238b0e,,0xbb48553d0c9470eb429ba35acd350c4c242ee902,0xfd086bc7cd5c481dcc9c85ebe478a1c0b69fcbb9,1000000,,397395799098523648
arbitrum,withdraw_submit,504165318,1789158638000,0xe2db4725c17f64d75f158fa606569b973c6e493b09704605f6e6b2594fcbbd3f,,0x9de44d98978bdb32f9cad7ff49b5fc25742efb78,0xfd086bc7cd5c481dcc9c85ebe478a1c0b69fcbb9,127000000,,397400094061625344
arbitrum,deposit,504183867,1789163288000,0xcd3e0eddeb8560135fdad5173aef4b3c40b8b9f3c4ec38b20114cccfdc0e4a4d,0xe67d3b0bdfd1d853fbce6c0898b464e332a67b18,0xe67d3b0bdfd1d853fbce6c0898b464e332a67b18,0xfd086bc7cd5c481dcc9c85ebe478a1c0b69fcbb9,2385851016,2184,
arbitrum,deposit,504195862,1789166297000,0x7e6cd0dc86efea2785ee195f35f6fba4500dca5cea7e8c550987cdf5599a489a,0x656c7e9fbea43bcd86b6bb06d00348f944839281,0x656c7e9fbea43bcd86b6bb06d00348f944839281,0xfd086bc7cd5c481dcc9c85ebe478a1c0b69fcbb9,170924758,2184,
arbitrum,deposit,504207159,1789169137000,0x25c6d262f0444b7a8b14a415d8abcec7464e6dad2d87baac713b388e3df45fcb,0xbbb1e07ab38e8b1a4a3141165a135df10549b9c7,0xcd8e25d8348a3d1160c1436a83088b3d397a1c57,0xfd086bc7cd5c481dcc9c85ebe478a1c0b69fcbb9,100000000,2184,
arbitrum,withdraw_final,504216264,1789171730000,0xfc58a5bdf7355cc928fb3aa357bc9ce788e424ac1f08e53a44f3731303af9fbe,,,,,,398175438762934272
arbitrum,withdraw_submit,504217888,1789171837000,0x8c4e583a91d3d00085ebc1268fd9a60f9dd6a910880e7c4a32509766ed67dd60,,0x67d77402d94c358506deaf584f1f3a044f495bc7,0xfd086bc7cd5c481dcc9c85ebe478a1c0b69fcbb9,4000000000,,398175438762934272
arbitrum,deposit,504218508,1789171993000,0x644d202aabe80908f638ec331d9ab6aab2a20a239d9a9ff160c180532f9f9bdc,0x3fc70927fc8c6075bd359a12e0c80bea9fbe7423,0x6c249078148b535271fe405d588ef61a9f8e5b27,0xfd086bc7cd5c481dcc9c85ebe478a1c0b69fcbb9,110000000,2184,
arbitrum,deposit,504222752,1789173059000,0x42bdf164bfd9fd4615222a3e4d79bc1f5307ac29aada77d894c1950f184ff86f,0x74449ab85bcb2707feec8fc51ec6b9b355d6ed0c,0x74449ab85bcb2707feec8fc51ec6b9b355d6ed0c,0xfd086bc7cd5c481dcc9c85ebe478a1c0b69fcbb9,91386837,2184,
arbitrum,deposit,504236631,1789176565000,0x4f5b2ae1cc1b9f3b7e63cd121bf8b20f81b63dc1cf1ea624f35f7e1f0646e606,0xff6b89e30777f0c8afb6f3c6532e9df66d5696d0,0x27004f899abf885714d7c6327d63a4f1008ba47a,0xfd086bc7cd5c481dcc9c85ebe478a1c0b69fcbb9,68369311,2184,
arbitrum,deposit,504249193,1789179740000,0xe53bd114037a9e1d295201359deb70f1fcb968dcf7a2b5023470be3c4574bf7f,0xbb48553d0c9470eb429ba35acd350c4c242ee902,0xbb48553d0c9470eb429ba35acd350c4c242ee902,0xfd086bc7cd5c481dcc9c85ebe478a1c0b69fcbb9,2000000,2184,
arbitrum,withdraw_final,504249311,1789180069000,0xbbc9f0f4dc6db1a416889177f33e1f3bc2b528ce7fe64cc383c86c84a50b8fc2,,,,,,398658605382893568
arbitrum,withdraw_submit,504250928,1789180177000,0x28cb58d7851c896b9ce3dcf178df93ab58b042fe41bb9ce4f8f14e8adb20e9e0,,0xbb48553d0c9470eb429ba35acd350c4c242ee902,0xfd086bc7cd5c481dcc9c85ebe478a1c0b69fcbb9,1000000,,398658605382893568
arbitrum,deposit,504251616,1789180352000,0x2d8aaa180bccc284e48b5bec5071e8d0a9f545cf42fcca71a2732d2011d8b7bd,0x227fd2fd881cc6c99dfccc0fb40f2b1dc2f3f36e,0x227fd2fd881cc6c99dfccc0fb40f2b1dc2f3f36e,0xfd086bc7cd5c481dcc9c85ebe478a1c0b69fcbb9,20116512,2184,
arbitrum,withdraw_final,504255859,1789181727000,0xfab7fcade9b01e88eed4d3c3361cd42a515ab63ede1830a2abbb5328cd87ea74,,,,,,398754898541281280
arbitrum,withdraw_submit,504257321,1789181797000,0x3b291fd21f8b2cda0150bac96340977117020b40d55e806899cc33a14a9db129,,0xd01588528b7ec43cf8d197f82d214fb65c05f250,0xfd086bc7cd5c481dcc9c85ebe478a1c0b69fcbb9,1499000000,,398754898541281280
arbitrum,deposit,504257438,1789181826000,0x346cc23217e5120210362877e304ccdbe0de56aff75eb04efd7c182f6bbc3234,0xd01588528b7ec43cf8d197f82d214fb65c05f250,0xd01588528b7ec43cf8d197f82d214fb65c05f250,0xfd086bc7cd5c481dcc9c85ebe478a1c0b69fcbb9,500000000,2184,
arbitrum,withdraw_final,504270595,1789185455000,0xe003f44fbc8ea10df83ad447425527aecc6c5f82c9b13d7eb34212455d165197,,,,,,398970351301689346
arbitrum,withdraw_submit,504272039,1789185519000,0x02f5af50cd8875ae4b075adead52ec7e981b1d894714b24520db3e70c1f5684d,,0x9e61ae0d849ad4d74d156c7769285642a645d39d,0xfd086bc7cd5c481dcc9c85ebe478a1c0b69fcbb9,49000000,,398970351301689346
arbitrum,deposit,504274509,1789186144000,0x4bfa62319af36b273b028dfc9e6d549eb4bbbd6bc17116205b25af410dc0793a,0x201bade7cb685cd59394a153dc2bf171f26c7c99,0x0451ace2c4bfc95a6bfa923559f643343dc9cdcf,0xfd086bc7cd5c481dcc9c85ebe478a1c0b69fcbb9,2000000,2184,
arbitrum,deposit,504274943,1789186255000,0xe77d3791b5536aa0260ff3216a65351d4963742b93d787f638cb647241fe3b5e,0x201bade7cb685cd59394a153dc2bf171f26c7c99,0x0451ace2c4bfc95a6bfa923559f643343dc9cdcf,0xfd086bc7cd5c481dcc9c85ebe478a1c0b69fcbb9,300000000,2184,
arbitrum,deposit,504286531,1789189191000,0x9fa8aabad31e0308406b3aba3a844101184f382a79ad086f8af8e38d5612b809,0xd529d321a0e8db175ca7ea28908427e3fa83730d,0xd529d321a0e8db175ca7ea28908427e3fa83730d,0xfd086bc7cd5c481dcc9c85ebe478a1c0b69fcbb9,7462239,2184,
arbitrum,deposit,504287039,1789189319000,0xe71af683c185b2aa7f6a2a3f774da85f112a383438f698b31d94ed8d9204fead,0x1e9442c78bf24a5ffabf4b97de91ffa070328e47,0x1e9442c78bf24a5ffabf4b97de91ffa070328e47,0xfd086bc7cd5c481dcc9c85ebe478a1c0b69fcbb9,1102062603,2184,
arbitrum,deposit,504299574,1789192492000,0x8169a88db55f832e4c49f39a6c9a497d372d4a0a5a16f011a489a07747af4947,0x6b62ed63481ee849a921580899541b735a9fcae7,0x6ce10b3fecef3f1648635c13f7f6c6d6cb31d46f,0xfd086bc7cd5c481dcc9c85ebe478a1c0b69fcbb9,109816049,2184,
arbitrum,deposit,504306299,1789194187000,0x5e2cf2a4846017118a31a10149f68d95c23283492478fc27d634b7e5049078f4,0x6a0d4897b8ef985288d6227e6cafc61864690f03,0x6a0d4897b8ef985288d6227e6cafc61864690f03,0xfd086bc7cd5c481dcc9c85ebe478a1c0b69fcbb9,63219511,2184,
arbitrum,deposit,504314736,1789196317000,0x9359915047103863507e0a670b407a3bba3320058e80934290b69663ef37121e,0x0efc5c1119e1e6ff9b8f22f03dfeb321c4d74a8d,0xfd917205f880d20d3307bbefdb8c68965746b341,0xfd086bc7cd5c481dcc9c85ebe478a1c0b69fcbb9,50000000,2184,
arbitrum,deposit,504315395,1789196482000,0x00e883dd00a12c58c748113c14c9a6c4cf56430a9a731a098071b9844568adc2,0x2595f3c78cf369947f4070da2a28cfa2c9666ab9,0x914e2028cc15f71a896426b284d5a09f52bb8bad,0xfd086bc7cd5c481dcc9c85ebe478a1c0b69fcbb9,188564895,2184,
arbitrum,withdraw_final,504315925,1789196915000,0xc50899a2b4708298cd3c5d06bb21d523243d6a3c5e94f21acf64188a0f687ae6,,,,,,399636543658000384
arbitrum,withdraw_submit,504317371,1789196977000,0xf0348a25fdab4d03a7fe7a8d6441d9f767a3aaf6c537166d87dd0e3598facb15,,0x21e08c04f29febce461be04789c1ee44d0e15da8,0xfd086bc7cd5c481dcc9c85ebe478a1c0b69fcbb9,1099000000,,399636543658000384
arbitrum,withdraw_final,504326414,1789199530000,0xac6085d2f158a6dcf1b7e301d41323fb1c8e8857a065279b840421bef4e02c54,,,,,,399787133805527040
arbitrum,withdraw_final,504327422,1789199780000,0x4cd316be462597cfa735b2ff8496d715db94ce58d7e212f757cf4f6f20e39c09,,,,,,399801779660783616
arbitrum,withdraw_submit,504327970,1789199617000,0x7fa9f35b2dd62fcb9b5a2c469e8796284fcafdfac0215887fcdf3c6b0ab46fee,,0x9de44d98978bdb32f9cad7ff49b5fc25742efb78,0xfd086bc7cd5c481dcc9c85ebe478a1c0b69fcbb9,1317572440,,399787133805527040
arbitrum,withdraw_submit,504328936,1789199857000,0x7baf8bbad76ed65436783c9f7d848068fe4b2a2febb8235817043b608e6bf64a,,0x0dd080f296021e42c948e0c02933f8b15dc4f2f8,0xfd086bc7cd5c481dcc9c85ebe478a1c0b69fcbb9,187564895,,399801779660783616
arbitrum,deposit,504334876,1789201339000,0x0a8bd2c66747ae0c8a67b2c146e6bf4c97bf7333283127260436c3b9e01a3109,0xbb48553d0c9470eb429ba35acd350c4c242ee902,0xbb48553d0c9470eb429ba35acd350c4c242ee902,0xfd086bc7cd5c481dcc9c85ebe478a1c0b69fcbb9,2000000,2184,
arbitrum,withdraw_final,504334975,1789201664000,0x2c89155f7564ce8a2c0d5833fc7a8bd936a269e11e0e406068247e50e7be10cb,,,,,,399911730810978304
arbitrum,withdraw_submit,504336644,1789201777000,0x09acf4825eb199d9cfc8add0f45a45a7ac465793aa4ccecda63d8fd552080869,,0xbb48553d0c9470eb429ba35acd350c4c242ee902,0xfd086bc7cd5c481dcc9c85ebe478a1c0b69fcbb9,1000000,,399911730810978304
arbitrum,deposit,504343065,1789203380000,0x000f86109fb78b8b5ca35fa0d348571ea0f30223a07636ae80e3d715d98d9e14,0x9f48752d0eac731117da7499b1274543716f7d0c,0x9f48752d0eac731117da7499b1274543716f7d0c,0xfd086bc7cd5c481dcc9c85ebe478a1c0b69fcbb9,125000000,2184,
arbitrum,withdraw_final,504359904,1789207883000,0x43d039a809169d154b7e4e03683b2d10e863f98c447ad5eb4aa54a84d8883695,,,,,,400272645494407168
arbitrum,withdraw_submit,504361405,1789207958000,0x9fb642a5cb010c19b3d06c873c09f7d18e2cbbefd6c12f0345825563695ccc93,,0xac0d2e1e1826e894e64e85bf927b713a8da989a8,0xfd086bc7cd5c481dcc9c85ebe478a1c0b69fcbb9,249000000,,400272645494407168
arbitrum,deposit,504361648,1789208019000,0xe88b24595451f9de6709e92353f766fb57171685b93038fc3ef1465d16ee5460,0xe33af3a510ffaa05895f325c5798a45bc5995fdc,0xe33af3a510ffaa05895f325c5798a45bc5995fdc,0xfd086bc7cd5c481dcc9c85ebe478a1c0b69fcbb9,249000000,2184,
arbitrum,deposit,504367111,1789209383000,0xcc655f5b8f424a0590260d63bc7abe4ecff17ac43c89cd282ba2f522fcd68856,0x9f48752d0eac731117da7499b1274543716f7d0c,0x9f48752d0eac731117da7499b1274543716f7d0c,0xfd086bc7cd5c481dcc9c85ebe478a1c0b69fcbb9,100000000,2184,
arbitrum,deposit,504372866,1789210822000,0x45bbebc1185cbd7c0a7d6ceebb9bfe2ade45ca2db1fd013463432f94a088e97e,0xd529d321a0e8db175ca7ea28908427e3fa83730d,0xd529d321a0e8db175ca7ea28908427e3fa83730d,0xfd086bc7cd5c481dcc9c85ebe478a1c0b69fcbb9,11455329,2184,
arbitrum,deposit,504383997,1789213606000,0x07dfbe101c047d241a43c65136d51e96955b83606ece786671a88ac33159cdb2,0x001ab5172aea79ecb23f093cdf01a6a29bff0599,0x001ab5172aea79ecb23f093cdf01a6a29bff0599,0xfd086bc7cd5c481dcc9c85ebe478a1c0b69fcbb9,48019920,2184,
arbitrum,withdraw_final,504389734,1789215341000,0x64f09562d33f7bcd51b8ff3498f521fe4a3ed16bd97ec4ab7e2a42f10e62dcfb,,,,,,400708971251368005
arbitrum,withdraw_submit,504391156,1789215397000,0x7b7f34e191af1a4dd514bc8a70604c3e914e2e3bc06c0d8263ffcba8480242d1,,0x74fff1844290f82c8d2f665d532d2a3be88c2492,0xfd086bc7cd5c481dcc9c85ebe478a1c0b69fcbb9,20254293,,400708971251368005
arbitrum,withdraw_final,504391543,1789215795000,0x6518ed4fafa2d0b9442720d555fd39fe13d79de68dd3567786171d63de072064,,,,,,400735694533689344
arbitrum,withdraw_submit,504393070,1789215877000,0x16d9926d15ee42dc9d16a96c73e728dd70100ff0767669af145257a8683eb368,,0x22ad016c8512b304209d00a9ecb131203176801e,0xfd086bc7cd5c481dcc9c85ebe478a1c0b69fcbb9,224000000,,400735694533689344
arbitrum,withdraw_final,504394558,1789216550000,0xcd5fbbc890dbc3b2a8f2effd33bddb9a0435f33dc464f92e73e90e46569756b6,,,,,,400780087311466496
arbitrum,withdraw_submit,504396184,1789216657000,0x94cc62e08610b3d8b8c66a7c5aad9914a76512d9a94ee9087333719c1d6d3342,,0x91896defbd943f197e147abbd36b44f4a8849b4d,0xfd086bc7cd5c481dcc9c85ebe478a1c0b69fcbb9,133000000,,400780087311466496
arbitrum,deposit,504396689,1789216782000,0x1f1afab7f0fe0f5dee209081c83940a551ab8c5c1c349578b37974786aa885c4,0x14150ecb658f246091e58e9135a1612f2dd5eb10,0x14150ecb658f246091e58e9135a1612f2dd5eb10,0xfd086bc7cd5c481dcc9c85ebe478a1c0b69fcbb9,100008955,2184,
arbitrum,deposit,504419500,1789222494000,0xd62e437539c8e251cf251f31ca95ef7b4932355b70cba013c2ff6132637f0f95,0x11e48ebd77cae336122cc1a3b2cf48fe961d8e10,0x11e48ebd77cae336122cc1a3b2cf48fe961d8e10,0xfd086bc7cd5c481dcc9c85ebe478a1c0b69fcbb9,169700054,2184,
arbitrum,deposit,504419575,1789222513000,0xb7845a8e52c54a6930bf12765618991acc59166e346eff94cef81a27e061e102,0x5faef87c6044c46f670a739b721f73077b0b861e,0x5faef87c6044c46f670a739b721f73077b0b861e,0xfd086bc7cd5c481dcc9c85ebe478a1c0b69fcbb9,186700099,2184,
arbitrum,deposit,504421287,1789222940000,0x53d230bc8fee82dec56d9a155fd11a31945a00e42a6da67dcb1eb81999b5f3e6,0xbb48553d0c9470eb429ba35acd350c4c242ee902,0xbb48553d0c9470eb429ba35acd350c4c242ee902,0xfd086bc7cd5c481dcc9c85ebe478a1c0b69fcbb9,2000000,2184,
arbitrum,withdraw_final,504421394,1789223267000,0x9ac4b3a6619e234f6409413cd0180b80e59bad4c7651a3b02c486edada6e7a6e,,,,,,401180833517404160
arbitrum,withdraw_submit,504423031,1789223377000,0x4fb7ba67d93ed7672f3f760ce4c2f4e306fa098681255349cb3428b0b95ea12f,,0xbb48553d0c9470eb429ba35acd350c4c242ee902,0xfd086bc7cd5c481dcc9c85ebe478a1c0b69fcbb9,1000000,,401180833517404160
arbitrum,withdraw_final,504446031,1789229449000,0x8129d1f8269e765187e91cf8c050e034937f45d0ef80e09b7426610e4439a2a6,,,,,,401542237839687680
arbitrum,withdraw_submit,504447654,1789229557000,0xe590704a969674077350bc6351c39d1a79da979e53a89e998a8eb23ad3f8a81a,,0x2162feb49e9efe2506de3273f4edabe09d36cbaf,0xfd086bc7cd5c481dcc9c85ebe478a1c0b69fcbb9,106069264,,401542237839687680
arbitrum,deposit,504455845,1789231618000,0x7edba0b393df1905fa29ae09a8749f39291e5f00f5b4f98393e76f46f71e6878,0x0f63b0d8a0501e1f083f742926656f329f0d6b4c,0xc344872814da175ba136d0050cf96873ca969a93,0xfd086bc7cd5c481dcc9c85ebe478a1c0b69fcbb9,106153361,2184,
arbitrum,withdraw_final,504457193,1789232258000,0xbda85d02b69313151daaf47ef0c5c908d40a4978f7c7991ec914e68c6d39833c,,,,,,401704312712986624
arbitrum,withdraw_submit,504458613,1789232317000,0x527e3ad8a84faa2db31d6a0f09abd41e23ba3fca867b36b6e2906f8aa590583e,,0x11e48ebd77cae336122cc1a3b2cf48fe961d8e10,0xfd086bc7cd5c481dcc9c85ebe478a1c0b69fcbb9,149000000,,401704312712986624
arbitrum,withdraw_final,504459861,1789232934000,0x5249694947b0f43f9c76293686472fa8df24a7335f932a1cbe34da857e6a0ba7,,,,,,401743620278845440
arbitrum,withdraw_submit,504461453,1789233037000,0xeba4e6d9a57b8babce48fcb49ec354ff8f335ff3be724b6b0d7fde602a3c1a50,,0x5faef87c6044c46f670a739b721f73077b0b861e,0xfd086bc7cd5c481dcc9c85ebe478a1c0b69fcbb9,142000000,,401743620278845440
arbitrum,withdraw_final,504465568,1789234373000,0x485e0bc153a961d426e2908f992dc5a7a7f40d550ae6b85fbc6100e1ff662dfd,,,,,,401826899694714880
arbitrum,withdraw_submit,504467167,1789234477000,0xc6e8f7690d7f8c09737ae758d50f8026a86fa2fbfadd3f9d4fb00df6a21f2b8a,,0xe70f576ed562de8217155fce5c77adfdb774fed6,0xfd086bc7cd5c481dcc9c85ebe478a1c0b69fcbb9,5500000,,401826899694714880
arbitrum,deposit,504470794,1789235395000,0x4ddc4b91f5b558a021fdf827ab0500d3a523ed8115d6c0aae78917bf4a2a9042,0xebde960c3f9cbd18b191926c59a9696249a5f9a5,0xebde960c3f9cbd18b191926c59a9696249a5f9a5,0xfd086bc7cd5c481dcc9c85ebe478a1c0b69fcbb9,41665047,2184,
arbitrum,deposit,504486646,1789239383000,0xe64fced074434bdd7a2fb131b7ebcd0a2043a8e61a50684acbcfe653c8f3605f,0x3a6a0b0c5e43eb1ae96036a12f1a3d8f6153efd1,0x3a6a0b0c5e43eb1ae96036a12f1a3d8f6153efd1,0xfd086bc7cd5c481dcc9c85ebe478a1c0b69fcbb9,1000000000,2184,
arbitrum,deposit,504507068,1789244540000,0x6e342131f9915578f19467d997625784c0a26b315f8f0acfc3469bd92f29210f,0xbb48553d0c9470eb429ba35acd350c4c242ee902,0xbb48553d0c9470eb429ba35acd350c4c242ee902,0xfd086bc7cd5c481dcc9c85ebe478a1c0b69fcbb9,2000000,2184,
arbitrum,withdraw_final,504507168,1789244865000,0xce0d4e23c90bed27ef28e50ccbb0fabd45db23686ae980de380f3c4f1b53cbd7,,,,,,402436664774885376
arbitrum,withdraw_submit,504508813,1789244977000,0x477bd6ac46f0f460b5c710c66aa1c67f2533e9a75aa5d68e76df8b5a64ea1efa,,0xbb48553d0c9470eb429ba35acd350c4c242ee902,0xfd086bc7cd5c481dcc9c85ebe478a1c0b69fcbb9,1000000,,402436664774885376
arbitrum,deposit,504524733,1789248996000,0x522942837f5da758d6e62f8b09841bc7d73ffd8a561f4abace0dc5ef416f51d1,0x1a5a4b48465f268f18d0621b2e0b7427cff64d71,0x1a5a4b48465f268f18d0621b2e0b7427cff64d71,0xfd086bc7cd5c481dcc9c85ebe478a1c0b69fcbb9,23850000,2184,
arbitrum,withdraw_final,504525996,1789249617000,0x17c5ded51047e25c010615f988a9d6e12b60bd60ebe4c8a8f08316945e713ea5,,,,,,402711267799728128
arbitrum,deposit,504528626,1789249981000,0x080042a2b254e284a381adde18218341c840b918161f9f3ad7150eb796960f71,0x48b576c87e788a762d6f95a456f2a39113b46950,0x48b576c87e788a762d6f95a456f2a39113b46950,0xfd086bc7cd5c481dcc9c85ebe478a1c0b69fcbb9,47907143,2184,
arbitrum,withdraw_submit,504530431,1789250437000,0x2035cf7f341c0b6d37a4b2f155d96a71b99b624367d8b5b828dccc521eabd572,,0x656c7e9fbea43bcd86b6bb06d00348f944839281,0xfd086bc7cd5c481dcc9c85ebe478a1c0b69fcbb9,169308166,,402711267799728128
arbitrum,deposit,504533489,1789251225000,0x5f33e1f3f3ec2b17ddc72eaa79445ad114b7699cbf6ef3a387fb7e320eac2b41,0x21e08c04f29febce461be04789c1ee44d0e15da8,0x21e08c04f29febce461be04789c1ee44d0e15da8,0xfd086bc7cd5c481dcc9c85ebe478a1c0b69fcbb9,55395930,2184,
arbitrum,withdraw_final,504556305,1789257397000,0xf6e41581879e58c1aeb79282d1eeb065efae38728107cceddbddc2d298817b45,,,,,,403161655258644480
arbitrum,withdraw_submit,504557698,1789257457000,0x9b0fec25842e1c66776ac3553b4df66dc919ec86caefbd92c68369b5af0fa9cb,,0x2aa7c65c086b70b6963f9506c179752f88cb3d63,0xfd086bc7cd5c481dcc9c85ebe478a1c0b69fcbb9,59149625,,403161655258644480
arbitrum,deposit,504574696,1789261824000,0xf4312dd16b3255490c710b3ad85b1f2d35fb4ca0219b16b6b9179fedebc36172,0x21e08c04f29febce461be04789c1ee44d0e15da8,0x21e08c04f29febce461be04789c1ee44d0e15da8,0xfd086bc7cd5c481dcc9c85ebe478a1c0b69fcbb9,199920603,2184,
arbitrum,withdraw_final,504582383,1789264087000,0xf1ed7920245968b357265819a4251b5984264ae65c3fa210ac5571991de85b8d,,,,,,403547850123771904
arbitrum,withdraw_final,504582473,1789264110000,0x42e475d46f9e94bb78841ead63d951354ec78aff081d305e1f02369c7e331361,,,,,,403549284642848768
arbitrum,deposit,504583370,1789264041000,0x7860764ca97d765ec57f0f19524ddf1853750df6640adbe1ebe02718fdc10193,0x1a5a4b48465f268f18d0621b2e0b7427cff64d71,0x1a5a4b48465f268f18d0621b2e0b7427cff64d71,0xfd086bc7cd5c481dcc9c85ebe478a1c0b69fcbb9,299900000,2184,
arbitrum,withdraw_submit,504583896,1789264177000,0x9326c92519bf8a75edb42f5c39a2dd028c049a05f5a4bfd3f93fd6c158b57531,,0x1da64808dc3bfc70ee5407625e850bf82accec94,0xfd086bc7cd5c481dcc9c85ebe478a1c0b69fcbb9,422000000,,403547850123771904
arbitrum,withdraw_submit,504583896,1789264177000,0x9326c92519bf8a75edb42f5c39a2dd028c049a05f5a4bfd3f93fd6c158b57531,,0x66dc2cccd7fa6206617a8bdee3fb6dc21b848a3a,0xfd086bc7cd5c481dcc9c85ebe478a1c0b69fcbb9,1999000000,,403549284642848768
arbitrum,deposit,504591549,1789266140000,0x84ee293241f5495c8972edbf888bb2555fe5e9e3d4bc6a1af603dac238545138,0xbb48553d0c9470eb429ba35acd350c4c242ee902,0xbb48553d0c9470eb429ba35acd350c4c242ee902,0xfd086bc7cd5c481dcc9c85ebe478a1c0b69fcbb9,2000000,2184,
arbitrum,withdraw_final,504591645,1789266464000,0xd32b4e73bb4a34938d1846600a87754be09108c34963dd879de8070bb72e0716,,,,,,403684997019467777
arbitrum,withdraw_submit,504593249,1789266577000,0xa3990434fd0984656e02e0eb50966ee8bc56294442887bb9541788e672d65f5a,,0xbb48553d0c9470eb429ba35acd350c4c242ee902,0xfd086bc7cd5c481dcc9c85ebe478a1c0b69fcbb9,1000000,,403684997019467777
arbitrum,deposit,504632810,1789276743000,0xf827521fdb9482e5cef5d89f51b85f0e6a3ca6f78d37127cf549e5efcd50569c,0x637dc6233f878838a83ca27bdecd6e1a261b1457,0x637dc6233f878838a83ca27bdecd6e1a261b1457,0xfd086bc7cd5c481dcc9c85ebe478a1c0b69fcbb9,2000000000,2184,
arbitrum,withdraw_final,504639531,1789278790000,0xd0299cbe7d3c6443edac8dae047e6f871dbbb5483b42a01c85d770953a30b1c1,,,,,,404396844899106816
arbitrum,withdraw_submit,504641023,1789278877000,0x121f1deb490bd1101b42bcfae92e9251310f5996b2e3e6d8b8025c9336da708a,,0xf7a9ec4bc8bd628543b3846934985fe13383fd6a,0xfd086bc7cd5c481dcc9c85ebe478a1c0b69fcbb9,136088419,,404396844899106816
arbitrum,deposit,504660132,1789283794000,0xd82224223713787775742f3927e014baa23483c23ddf735df17d51c37782d065,0x21e08c04f29febce461be04789c1ee44d0e15da8,0x21e08c04f29febce461be04789c1ee44d0e15da8,0xfd086bc7cd5c481dcc9c85ebe478a1c0b69fcbb9,199856170,2184,
arbitrum,withdraw_final,504660455,1789284175000,0x9ec47d14f7d6e66bbe497e380bf19af7a67a700a574a8699eef73a9f08ccc0cc,,,,,,404713177822003200
arbitrum,withdraw_submit,504662029,1789284277000,0xed0e86ef7ebe1f31bc083e631bc13f5129b79c6806bc45147795b4218b98c57b,,0x0e24da4d693d9a9d8dd8a5c959fdd77efbc77b20,0xfd086bc7cd5c481dcc9c85ebe478a1c0b69fcbb9,108753014,,404713177822003200
arbitrum,deposit,504662973,1789284521000,0x4ec525e2c9421354a607e8af8d786625cf55bd05771d2b51fcbb5810a53cd73e,0xab8124604a7d73d236d4e3341b503aa850c9e6ae,0xab8124604a7d73d236d4e3341b503aa850c9e6ae,0xfd086bc7cd5c481dcc9c85ebe478a1c0b69fcbb9,149850000,2184,
arbitrum,deposit,504662991,1789284525000,0xdec776ea9816696cb1d991e55a3e7f6523f2762bd23b287693878e6e4945c92e,0xd379dbb1016e5140d68f2d45882b93c5908cbfac,0xd379dbb1016e5140d68f2d45882b93c5908cbfac,0xfd086bc7cd5c481dcc9c85ebe478a1c0b69fcbb9,140850000,2184,
arbitrum,withdraw_final,504675426,1789287978000,0x9a0af1a8ca99392bc551c4e8f825331afb0d0c8c51cb682f81551571ca8d32cd,,,,,,404937564118581248
arbitrum,deposit,504675672,1789287741000,0x8ae0c4f38cb37e7142d3a244a197eafa5877ff029c37eddb128aeafd5ee9667f,0xbb48553d0c9470eb429ba35acd350c4c242ee902,0xbb48553d0c9470eb429ba35acd350c4c242ee902,0xfd086bc7cd5c481dcc9c85ebe478a1c0b69fcbb9,2000000,2184,
arbitrum,withdraw_final,504675782,1789288068000,0x32e577d85788f97aec497807d6993aef7b03e7226b9965fa4702ef1c856e8805,,,,,,404942958580727809
arbitrum,withdraw_submit,504676931,1789288057000,0x56f96488acd231109203a78924244923221703b0aa8f1798fad7f5c3e5a9c685,,0xef9b88e4f22a790426a5c96538cf0af729e9dc28,0xfd086bc7cd5c481dcc9c85ebe478a1c0b69fcbb9,102831755,,404937564118581248
arbitrum,withdraw_submit,504677408,1789288177000,0x790e3532a414838c2e02b703d85f5c0b0ad88b819521def1fdc5c2743757b6e1,,0xbb48553d0c9470eb429ba35acd350c4c242ee902,0xfd086bc7cd5c481dcc9c85ebe478a1c0b69fcbb9,1000000,,404942958580727809
arbitrum,deposit,504678599,1789288476000,0x6acce7cf06af1543f786558059cecff477af6d131543190600bec0f2ac946d0e,0x92edf0f5d06a671485c9f2a050ede4a0ee136715,0x92edf0f5d06a671485c9f2a050ede4a0ee136715,0xfd086bc7cd5c481dcc9c85ebe478a1c0b69fcbb9,100000000,2184,
arbitrum,deposit,504682173,1789289373000,0x907bd89696bbfcc9bd38a8055c002a5aecacbddd02b9ff07ad4a351707b47387,0xdd49e41ab17b74180a90a4f182ed9b56669f441b,0xdd49e41ab17b74180a90a4f182ed9b56669f441b,0xfd086bc7cd5c481dcc9c85ebe478a1c0b69fcbb9,5000636406,2184,
arbitrum,withdraw_final,504686461,1789290752000,0xad04d2e602d4db74ca3e5e91b5b75b7b7ea4bdec6d0cbe43bbb5a4cec616e051,,,,,,405110539606294528
arbitrum,withdraw_submit,504687910,1789290817000,0x01874dbef63cf275231fbd8f953110226331223aba42c8ae7b0690d257cf35d3,,0xfba819d0bfa3a1fc39ac2e660c5b318afe8801b8,0xfd086bc7cd5c481dcc9c85ebe478a1c0b69fcbb9,2132703,,405110539606294528
arbitrum,deposit,504693142,1789292132000,0x9eff8090cd4c951e940a71fa0e8c8198dbd6d0e923ac6cf2926818e574855052,0x48b576c87e788a762d6f95a456f2a39113b46950,0x48b576c87e788a762d6f95a456f2a39113b46950,0xfd086bc7cd5c481dcc9c85ebe478a1c0b69fcbb9,26513572,2184,
arbitrum,withdraw_final,504694155,1789292686000,0x5b74e5bf21a0b9cf6ebcfd88fb1e5af8d908db94a6dd466a0eb9411fbc23e3e1,,,,,,405233796607115293
arbitrum,withdraw_submit,504695808,1789292797000,0xd6107f103d7080c912237263db97b269557c198dc40cabd68f56ffe264fda080,,0xda1efdfd64d24c5061bae4a3456fa1b2a4e957df,0xfd086bc7cd5c481dcc9c85ebe478a1c0b69fcbb9,1440234020,,405233796607115293
arbitrum,deposit,504700778,1789294048000,0x99400d9fe4d23a065e6c7fe2f51b5622d017c9be71b0e3346b70e287ab8bc3c8,0xa283fdc9fbd98eb52e7b5f476f609ef57ae2b66b,0x3be402d131a6aae758576b0b4d2b5af7e1aefd14,0xfd086bc7cd5c481dcc9c85ebe478a1c0b69fcbb9,5000000,2184,
arbitrum,deposit,504701219,1789294159000,0x1c9aae749624ced7d05c69ecdfc22cf56094b895d9d925e232b0ba0078210024,0xa283fdc9fbd98eb52e7b5f476f609ef57ae2b66b,0x3be402d131a6aae758576b0b4d2b5af7e1aefd14,0xfd086bc7cd5c481dcc9c85ebe478a1c0b69fcbb9,800989548,2184,
arbitrum,withdraw_final,504706026,1789295667000,0xac1d8c856035fe1319c93824095cb07cf5c6afe9e7922920470c1d2e873c2efa,,,,,,405412724940472320
arbitrum,withdraw_final,504706075,1789295679000,0x027279e78c800b11e45b2c592d5e596afa454a423295d29258f96deddb6ee4e9,,,,,,405413558155739136
arbitrum,withdraw_submit,504707500,1789295737000,0x66ff824ab7446579ebb17f9009f0c7b6c2a8715b5fb8d0055d6095ffad454083,,0xab8124604a7d73d236d4e3341b503aa850c9e6ae,0xfd086bc7cd5c481dcc9c85ebe478a1c0b69fcbb9,139000000,,405412724940472320
arbitrum,withdraw_submit,504707500,1789295737000,0x66ff824ab7446579ebb17f9009f0c7b6c2a8715b5fb8d0055d6095ffad454083,,0xd379dbb1016e5140d68f2d45882b93c5908cbfac,0xfd086bc7cd5c481dcc9c85ebe478a1c0b69fcbb9,105000000,,405413558155739136
arbitrum,deposit,504711131,1789296649000,0x4cb05c35e3a96aaada9a1c319f44f9d25846b0ce512ca3594892b16007f7be4c,0xe8104818c4b773a9271554cdce83f0459c4933c0,0xe8104818c4b773a9271554cdce83f0459c4933c0,0xfd086bc7cd5c481dcc9c85ebe478a1c0b69fcbb9,100014319,2184,
arbitrum,deposit,504717471,1789298242000,0xa445f5bfe92f973316cf6b9f1fb5b7c4fd2164464ae1f6c6152485657ed806bf,0xea5bbde9be6c8b03188072f7f314722353c77289,0xea5bbde9be6c8b03188072f7f314722353c77289,0xfd086bc7cd5c481dcc9c85ebe478a1c0b69fcbb9,123850000,2184,
arbitrum,deposit,504717487,1789298246000,0xe65a3e1c81421d80539b2a6804abb5e3754d0ab7699af9aac15cf56f0ec72d28,0xaf661aaa47fdc1084e653d3dda83cf0a395e9d9d,0xaf661aaa47fdc1084e653d3dda83cf0a395e9d9d,0xfd086bc7cd5c481dcc9c85ebe478a1c0b69fcbb9,119850000,2184,
arbitrum,withdraw_final,504723235,1789299991000,0x87098142ed7c6332bbb0639d2eb7a26931c66a2fd651ac56a87081f0b03275a0,,,,,,405675731553615873
arbitrum,withdraw_submit,504724692,1789300057000,0x23965298fea550262704b0dd8a26902f3fa6004b41266f19a59b51e1daee8b13,,0x00745751d32b837c85ce713ef6dcaf1b7813825d,0xfd086bc7cd5c481dcc9c85ebe478a1c0b69fcbb9,399000000,,405675731553615873
arbitrum,withdraw_final,504732463,1789302308000,0x64cdcc80d9fcfda47068338569df8fc7b38f06b71d8e619ec7f0b0054a6783a8,,,,,,405814605013581824
arbitrum,withdraw_submit,504734008,1789302397000,0x8c201341afd4a79b38410c87e88131acf6346cccdb8f3b8418f20bc778e4d7af,,0x90278e3bfb67dc99726a595b402d55a1eb4e380a,0xfd086bc7cd5c481dcc9c85ebe478a1c0b69fcbb9,30000000,,405814605013581824
arbitrum,deposit,504739752,1789303842000,0x497f30ad57049f2d77aec49c9eb01c2c8b5344b94ef8ed6b8aebf63808541d7e,0x027b40a6aa141ff6ee587985ec391d77a2ffce09,0x027b40a6aa141ff6ee587985ec391d77a2ffce09,0xfd086bc7cd5c481dcc9c85ebe478a1c0b69fcbb9,46220316,2184,
arbitrum,deposit,504740796,1789304104000,0x95a854f11efe75c27ff593c6afa9686efab135f66b4af5a9ffac4c456b2b215a,0x840fc6758f7c9da99ea87c11a310ef4b21addb5c,0x840fc6758f7c9da99ea87c11a310ef4b21addb5c,0xfd086bc7cd5c481dcc9c85ebe478a1c0b69fcbb9,25164583,2184,
arbitrum,deposit,504746594,1789305559000,0xfbc58899f3336bee0a4c7d065fe5a201bc64bbbe2b3bc5b38de4a88f6f6f9a6c,0x6ce10b3fecef3f1648635c13f7f6c6d6cb31d46f,0x6ce10b3fecef3f1648635c13f7f6c6d6cb31d46f,0xfd086bc7cd5c481dcc9c85ebe478a1c0b69fcbb9,128999845,2184,
arbitrum,deposit,504750296,1789306484000,0x9d324706ed7e11821b83513b74caa089fa0643cd3e2db2723b42888534b05d7b,0x6ce10b3fecef3f1648635c13f7f6c6d6cb31d46f,0x6ce10b3fecef3f1648635c13f7f6c6d6cb31d46f,0xfd086bc7cd5c481dcc9c85ebe478a1c0b69fcbb9,150818410,2184,
arbitrum,withdraw_final,504750880,1789306928000,0x693ad32bf3349e67cc54c91d20ea36d8db0510b673a2b32200546e3408a9f085,,,,,,406093451478695936
arbitrum,withdraw_final,504752041,1789307220000,0x7fa066a5b256325021118008e8f75fd1d4b2c65920a6e73baa21d24640f78c82,,,,,,406111172496982016
arbitrum,withdraw_submit,504752436,1789307017000,0xb07e03425eed09a618f7e1293edb6bbfeeb143ee77c7b5bbaf657466225e0ee8,,0x840fc6758f7c9da99ea87c11a310ef4b21addb5c,0xfd086bc7cd5c481dcc9c85ebe478a1c0b69fcbb9,39641608,,406093451478695936
arbitrum,withdraw_submit,504753627,1789307317000,0x427ad355b9fa46d3f628aefb4b907f359e158152b7704906e06cfe0cc160b011,,0x74a2b63a3ece0ac42481d8ee0af5b37daaba2c98,0xfd086bc7cd5c481dcc9c85ebe478a1c0b69fcbb9,22300119,,406111172496982016
arbitrum,deposit,504757002,1789308160000,0x8e9bcb4b841cbd78998eb33c840f8693452fd08910668f971117ca26a96e21a9,0x7eda80d8ff18d0d460ff7a2cf490fc934c496f4c,0x7eda80d8ff18d0d460ff7a2cf490fc934c496f4c,0xfd086bc7cd5c481dcc9c85ebe478a1c0b69fcbb9,2000000000,2184,
arbitrum,withdraw_final,504757127,1789308492000,0x95896cc27f25d11a3327168d9fb6cab217a518996560ee4949bd409602663f30,,,,,,406188473339346944
arbitrum,withdraw_final,504757191,1789308508000,0x841751d2783c0da611b54856b3e3164fb79e0e6af4fa4384ceff4277c07192f4,,,,,,406189418215374848
arbitrum,withdraw_submit,504758668,1789308577000,0x945271fb12231e06df5eeb6fab1ced297f5272c417d0ede9cb54d80218df6d62,,0xaf661aaa47fdc1084e653d3dda83cf0a395e9d9d,0xfd086bc7cd5c481dcc9c85ebe478a1c0b69fcbb9,89000000,,406188473339346944
arbitrum,withdraw_submit,504758668,1789308577000,0x945271fb12231e06df5eeb6fab1ced297f5272c417d0ede9cb54d80218df6d62,,0xea5bbde9be6c8b03188072f7f314722353c77289,0xfd086bc7cd5c481dcc9c85ebe478a1c0b69fcbb9,94000000,,406189418215374848
arbitrum,deposit,504759551,1789308799000,0xaa5519d6aa18bd566b550fbe6c45899a68f2610dfad9a7db5246df30d6fc9648,0x027b40a6aa141ff6ee587985ec391d77a2ffce09,0x027b40a6aa141ff6ee587985ec391d77a2ffce09,0xfd086bc7cd5c481dcc9c85ebe478a1c0b69fcbb9,7463015,2184,
arbitrum,deposit,504761169,1789309204000,0x9296ca75be84969180ef17bc7f3154af5a773bc3f7e0b10c8d98a575e046e08d,0xaf661aaa47fdc1084e653d3dda83cf0a395e9d9d,0xaf661aaa47fdc1084e653d3dda83cf0a395e9d9d,0xfd086bc7cd5c481dcc9c85ebe478a1c0b69fcbb9,89000000,2184,
arbitrum,deposit,504761243,1789309223000,0xf75965843ce59af10de4c4abcde140a83b59860d2d4581124dcab214c915c6be,0xea5bbde9be6c8b03188072f7f314722353c77289,0xea5bbde9be6c8b03188072f7f314722353c77289,0xfd086bc7cd5c481dcc9c85ebe478a1c0b69fcbb9,94000000,2184,
arbitrum,deposit,504761712,1789309340000,0x07571469ecbdbda6c8413975bebeebc46ea8e5a6dfc75f800d52e722ad351a9f,0xbb48553d0c9470eb429ba35acd350c4c242ee902,0xbb48553d0c9470eb429ba35acd350c4c242ee902,0xfd086bc7cd5c481dcc9c85ebe478a1c0b69fcbb9,2000000,2184,
arbitrum,withdraw_final,504761809,1789309664000,0x29ec014c660523afb94c09b5c65e1b2e93b8f9fe1a8ef8ef31bc354a1df54481,,,,,,406260731856551936
arbitrum,withdraw_submit,504763463,1789309777000,0x8d1f0dc4b26529056e6dec1339bccf8a0e9ed0240ba6226cf887b0b2a9074d13,,0xbb48553d0c9470eb429ba35acd350c4c242ee902,0xfd086bc7cd5c481dcc9c85ebe478a1c0b69fcbb9,1000000,,406260731856551936
arbitrum,withdraw_final,504766233,1789310771000,0x793337dce20405e976b46e32c5d87a5adeaed7fddf73bef8de8634368ad81d13,,,,,,406329872244277248
arbitrum,withdraw_submit,504767775,1789310857000,0xea173aacdb737360f19ade5c34402c7e4308a0e7024c4e1e5461d97261437350,,0xdd49e41ab17b74180a90a4f182ed9b56669f441b,0xfd086bc7cd5c481dcc9c85ebe478a1c0b69fcbb9,5223880334,,406329872244277248
arbitrum,deposit,504768306,1789310990000,0xecaad8d204e97f2031d9384c0f6fe28c7011a40e44244e84626947759facdb52,0x240f896698438dbb7c4ad9b7372c6ee1e765a488,0x240f896698438dbb7c4ad9b7372c6ee1e765a488,0xfd086bc7cd5c481dcc9c85ebe478a1c0b69fcbb9,5000000000,2184,
arbitrum,withdraw_final,504774425,1789312822000,0xba14f587468011f6faece6ca683076ffa444b0dac306b4497ad027cc61a92ec1,,,,,,406457011874562048
arbitrum,withdraw_submit,504775918,1789312897000,0x145e330326d60c267cc576b5d489cb2cb44cb163f2be247a6b07b025c34ec798,,0xaf661aaa47fdc1084e653d3dda83cf0a395e9d9d,0xfd086bc7cd5c481dcc9c85ebe478a1c0b69fcbb9,89000000,,406457011874562048
arbitrum,withdraw_final,504777548,1789313607000,0xf58562dd3cd438ac5a97cccb30d595ba069bbf96721282a9dd32357bd1f0a424,,,,,,406506472701165568
arbitrum,deposit,504778595,1789313570000,0x3e9d63f77ff7c406a6560fdcaa02e9cabce5636728a6b14b237f2addc3fea1ac,0x4c2fa7c08757cf0abfc55689339542e96a539e49,0x4c2fa7c08757cf0abfc55689339542e96a539e49,0xfd086bc7cd5c481dcc9c85ebe478a1c0b69fcbb9,500000000,2184,
arbitrum,withdraw_submit,504779021,1789313677000,0x6321c75176f9c3715874d267cce64f1c95cbcd00972850e72f402ecdf253a156,,0xea5bbde9be6c8b03188072f7f314722353c77289,0xfd086bc7cd5c481dcc9c85ebe478a1c0b69fcbb9,89000000,,406506472701165568
arbitrum,deposit,504779031,1789313680000,0x7b74f68273bfaa78d7b90646d9318640627bff6d2a2c995e2d08eb37d039f028,0x41af2adddba8a2f5f92d70bfe46962fd04c332a6,0x23397ec7d6cd4b4ccca9add3443b0e01598934f7,0xfd086bc7cd5c481dcc9c85ebe478a1c0b69fcbb9,4900000,2184,
arbitrum,deposit,504779499,1789313799000,0x309a7e72993f691993e742a21e3d99e059ae1d3e6bce7faef5e7f7212b873688,0x73975f92c0d594a8872bd329c46d0a8476867f96,0x73975f92c0d594a8872bd329c46d0a8476867f96,0xfd086bc7cd5c481dcc9c85ebe478a1c0b69fcbb9,99898709,2184,
arbitrum,deposit,504780106,1789313953000,0xb404b6517ba0d1b79b09da50e42a6f6dfa6581e56d20f36faa3916b5107162ab,0x41af2adddba8a2f5f92d70bfe46962fd04c332a6,0x23397ec7d6cd4b4ccca9add3443b0e01598934f7,0xfd086bc7cd5c481dcc9c85ebe478a1c0b69fcbb9,19900000,2184,
arbitrum,deposit,504780429,1789314034000,0x551b094fd86a7185cf09e8e57e00f2e77fa1ac543be49796218c8e8e69d8e799,0x41af2adddba8a2f5f92d70bfe46962fd04c332a6,0x23397ec7d6cd4b4ccca9add3443b0e01598934f7,0xfd086bc7cd5c481dcc9c85ebe478a1c0b69fcbb9,99900000,2184,
arbitrum,deposit,504783839,1789314896000,0xb5e5f1eabade60f2ab829919a2ae95d896378672c8873814f535c3822335a409,0x14150ecb658f246091e58e9135a1612f2dd5eb10,0x14150ecb658f246091e58e9135a1612f2dd5eb10,0xfd086bc7cd5c481dcc9c85ebe478a1c0b69fcbb9,100007461,2184,
arbitrum,deposit,504785496,1789315315000,0x1098d8dfbfc0b9d28cbe7fa425fe7aee0ab8ffa33d922368a1709ec793378215,0x5168d0ca6cd25d6cb6dd3d649c04eb2167b6923f,0x5168d0ca6cd25d6cb6dd3d649c04eb2167b6923f,0xfd086bc7cd5c481dcc9c85ebe478a1c0b69fcbb9,97850000,2184,
arbitrum,deposit,504785539,1789315326000,0xedb11f6d5b1be85a1c54ae56a43cb3252f3ff42a58e4c1a494bc6fcd36742a76,0x8580142a3bf203b2f26a5aff2b93a76564cb1419,0x8580142a3bf203b2f26a5aff2b93a76564cb1419,0xfd086bc7cd5c481dcc9c85ebe478a1c0b69fcbb9,79850000,2184,
arbitrum,deposit,504786678,1789315615000,0xd19e48ac5dc7d0fd955cf34b9364679c7b77938a27744f42f4761ca64357a1fc,0xbe1ff2067e6b13ef0a826f5ddcde8f9eb68cc229,0xbe1ff2067e6b13ef0a826f5ddcde8f9eb68cc229,0xfd086bc7cd5c481dcc9c85ebe478a1c0b69fcbb9,8000000000,2184,
arbitrum,deposit,504791509,1789316835000,0xfb2679758c06cad9f8fd7a40b516cb52259780fb4650b5f3f070455c575b315f,0x8b67c6306b4245444b84fbb195eb5e17c890ace2,0x8b67c6306b4245444b84fbb195eb5e17c890ace2,0xfd086bc7cd5c481dcc9c85ebe478a1c0b69fcbb9,199000000,2184,
arbitrum,deposit,504813729,1789322464000,0xf13b302407c9a6c5aa9c93d005c44804513b828acdc209d08c26c667dcc44209,0x48b576c87e788a762d6f95a456f2a39113b46950,0x48b576c87e788a762d6f95a456f2a39113b46950,0xfd086bc7cd5c481dcc9c85ebe478a1c0b69fcbb9,12031027,2184,
arbitrum,deposit,504820321,1789324114000,0x0456397f14eb5e0a3de5b103d3022604f3224caafbaa87b361508597b10be442,0x227fd2fd881cc6c99dfccc0fb40f2b1dc2f3f36e,0x227fd2fd881cc6c99dfccc0fb40f2b1dc2f3f36e,0xfd086bc7cd5c481dcc9c85ebe478a1c0b69fcbb9,18504421,2184,
arbitrum,withdraw_final,504821711,1789324763000,0x600e8e035f0cf49e1ae2f3c4336b444e1c8ff42011adc5611788f698ce290b69,,,,,,407174597838897152
arbitrum,withdraw_submit,504823199,1789324837000,0x6114f41d3f60529b979e646c8aae70903f4a38854399cf65e39b565ccb973967,,0x6ce10b3fecef3f1648635c13f7f6c6d6cb31d46f,0xfd086bc7cd5c481dcc9c85ebe478a1c0b69fcbb9,101000000,,407174597838897152
arbitrum,withdraw_final,504827839,1789326303000,0xf3632d2d5deff4ba17505f54f14b154c7c587a379cc970ab1115b3e945e2acd4,,,,,,407263890208981030
arbitrum,deposit,504828701,1789326219000,0x18569b84bd9c7e0a12bfee302e146095757351c22c4f1774760825e9e6faf1bf,0x7c1ca185931df15eba6e8f735e1610f97ab22684,0x7c1ca185931df15eba6e8f735e1610f97ab22684,0xfd086bc7cd5c481dcc9c85ebe478a1c0b69fcbb9,59967413,2184,
arbitrum,withdraw_submit,504829406,1789326397000,0x1a7e9209ee0360064ea0b110f7df12be9981a6dcd3ff81e9ee94f7cd2369fc87,,0x5168d0ca6cd25d6cb6dd3d649c04eb2167b6923f,0xfd086bc7cd5c481dcc9c85ebe478a1c0b69fcbb9,89000000,,407263890208981030
arbitrum,withdraw_final,504829469,1789326713000,0xab74eef316314afafe433b34aaef3e1d5247a9309c682311e39a312144411db4,,,,,,407287899050999808
arbitrum,withdraw_submit,504831078,1789326817000,0x7ef56719e8480743325296063f200f6c66e5d30347f85064d330c91ee546a909,,0x8580142a3bf203b2f26a5aff2b93a76564cb1419,0xfd086bc7cd5c481dcc9c85ebe478a1c0b69fcbb9,57000000,,407287899050999808
arbitrum,deposit,504838368,1789328651000,0x1936cc6d5718427ce021e389e591d26c801db5518963db72689caf393b6af87a,0xf14a71bfcec8e077eff7f545eeaaa9a7339f656b,0xf14a71bfcec8e077eff7f545eeaaa9a7339f656b,0xfd086bc7cd5c481dcc9c85ebe478a1c0b69fcbb9,49825801,2184,
arbitrum,withdraw_final,504841243,1789329683000,0x177188808a98f933ef1f3225f12b4f8b80a3fc73f53678bf36030d9b263c1d93,,,,,,407463099361132544
arbitrum,withdraw_submit,504842717,1789329757000,0x314ee2c4900597eed9de6715a6c713b6823e7e5d37d51aede8862960eea91dc5,,0x62dca82278c2d8bf6890cb9dbc50ecc77112a97a,0xfd086bc7cd5c481dcc9c85ebe478a1c0b69fcbb9,175191368,,407463099361132544
arbitrum,deposit,504847391,1789330939000,0x0ba840a485ae76e58b48ac78c0c9035250056f55a3c036b2c0eee46f5b77eb9c,0xbb48553d0c9470eb429ba35acd350c4c242ee902,0xbb48553d0c9470eb429ba35acd350c4c242ee902,0xfd086bc7cd5c481dcc9c85ebe478a1c0b69fcbb9,2000000,2184,
arbitrum,withdraw_final,504847488,1789331264000,0xd24103d415f8fe0e0f9cd2452baaa313df477ebd64779fe3acd19edbbb44258f,,,,,,407555320898912256
arbitrum,withdraw_submit,504849135,1789331377000,0xf391f837fc0ca5f75d19cfd75b4f3421ee66e80dd07bf7e9179c2dbfd44c0a43,,0xbb48553d0c9470eb429ba35acd350c4c242ee902,0xfd086bc7cd5c481dcc9c85ebe478a1c0b69fcbb9,1000000,,407555320898912256
arbitrum,deposit,504851750,1789332034000,0x02e5e64644c31e83165a50bd8a5313bc56e51831a942466a08e4efe62b575df0,0xe0f40496dc013bbf1f1fd9958161cdcc0319b264,0xe0690172911cdc69ddca32bf378443f4bc687453,0xfd086bc7cd5c481dcc9c85ebe478a1c0b69fcbb9,5000000,2184,
arbitrum,deposit,504852035,1789332106000,0xdf966070421485354a2162e91e5adba36dc9e26a2d416d47baf9d7f71c5fc548,0xe0f40496dc013bbf1f1fd9958161cdcc0319b264,0xe0690172911cdc69ddca32bf378443f4bc687453,0xfd086bc7cd5c481dcc9c85ebe478a1c0b69fcbb9,96005454,2184,
arbitrum,deposit,504870097,1789336681000,0x3023fc328e54ca5c6e88e2a484e13d550b4d3de066127584bf5718a1be040fb7,0xc6dd6a630eaa1afb881fc06326688d19b3ddad19,0x79222967113094a0170ba7424b33da2dd0921862,0xfd086bc7cd5c481dcc9c85ebe478a1c0b69fcbb9,2000000,2184,
arbitrum,deposit,504870120,1789336687000,0xeaff748b6ff9658921ecc6683caf64d32784c4b48a70b340766547471c8c8778,0x92a4db5157f335dd369dd904a95e2f758ab6d720,0x92a4db5157f335dd369dd904a95e2f758ab6d720,0xfd086bc7cd5c481dcc9c85ebe478a1c0b69fcbb9,5222003,2184,
arbitrum,deposit,504870157,1789336696000,0x920b68a8caa102fb289453ad47a71920ac8d05dbce9e164a048ca429a3344f74,0x87334c04229a6dcc4acaa507c4b0394066bf36ba,0x87334c04229a6dcc4acaa507c4b0394066bf36ba,0xfd086bc7cd5c481dcc9c85ebe478a1c0b69fcbb9,100021445,2184,
arbitrum,deposit,504870261,1789336722000,0x78392ac62ecfb05335709e4de849006189692478562bd6a87a04f2dfeb3d73c8,0x2b2d337a62c7f8c0d8f013dca03738baddaa0a9d,0x2b2d337a62c7f8c0d8f013dca03738baddaa0a9d,0xfd086bc7cd5c481dcc9c85ebe478a1c0b69fcbb9,1000000,2184,
arbitrum,deposit,504870347,1789336744000,0xc6ca5986f796d69b341dc4c02a0d1b7f288e9324c33f8cb91328f4ef0a1c6c99,0x13834af594221cc948f529357c79cfc68cb45ec3,0xd2247afd5fb3a5c25fad956b2411e39b9f5b7417,0xfd086bc7cd5c481dcc9c85ebe478a1c0b69fcbb9,5063037,2184,
arbitrum,deposit,504871332,1789336991000,0x70744c634273a9582dabe942012f4767e0db279c6fef7d0959ab0f91bda7f959,0xf5760d9da17a3acee0b908d233d4bde08e8d54ba,0xf5760d9da17a3acee0b908d233d4bde08e8d54ba,0xfd086bc7cd5c481dcc9c85ebe478a1c0b69fcbb9,7453592,2184,
arbitrum,deposit,504871334,1789336992000,0x1b65389f7eea17249075a38332fa1eaa051ec83edda0db0757719a51b4e7d514,0x1f574602be1f4cf0bf5b20bb528615a78ba75740,0x1f574602be1f4cf0bf5b20bb528615a78ba75740,0xfd086bc7cd5c481dcc9c85ebe478a1c0b69fcbb9,32220502,2184,
arbitrum,deposit,504871564,1789337050000,0x961a3f7ec957a24c8d3ee225e23294b43c98ab8c9829e9b1d0e715349882fa17,0x32307a7cc90876f31d9adc33865780f0d466e128,0x32307a7cc90876f31d9adc33865780f0d466e128,0xfd086bc7cd5c481dcc9c85ebe478a1c0b69fcbb9,10472059,2184,
arbitrum,deposit,504871831,1789337117000,0x785abc353b9039d2b1567d41f03b0577b3294773d5ba3e8d113081c7b8e564df,0x39b6c85a8b22e65123018fdb51988b367ae7787b,0x39b6c85a8b22e65123018fdb51988b367ae7787b,0xfd086bc7cd5c481dcc9c85ebe478a1c0b69fcbb9,21947275,2184,
arbitrum,deposit,504871958,1789337149000,0xd35392d078815dc6f88cae7a564a2f47e06ed10fedb56f44d43c6372bc2e0763,0x96d9795011ea59e2d08bba14d50223445c04e484,0x96d9795011ea59e2d08bba14d50223445c04e484,0xfd086bc7cd5c481dcc9c85ebe478a1c0b69fcbb9,101003898,2184,
arbitrum,deposit,504872491,1789337283000,0x28f7ef9d974e25dc340d6f5a33fe7292606513344080ebf9c39e3b4252c0f38c,0xda22dcfad349a76af3e2e063289ed9ed14b81989,0xda22dcfad349a76af3e2e063289ed9ed14b81989,0xfd086bc7cd5c481dcc9c85ebe478a1c0b69fcbb9,10996236,2184,
arbitrum,deposit,504873263,1789337478000,0xbc19027c97c1925916b5e2b2a6ef87f2c2037fa5bf5175125e21042b1c1cfab2,0x6fc416101a016edd512b0344fdf8edb8cf60e4c4,0x6fc416101a016edd512b0344fdf8edb8cf60e4c4,0xfd086bc7cd5c481dcc9c85ebe478a1c0b69fcbb9,20029166,2184,
arbitrum,deposit,504873978,1789337659000,0x259cd0bd1a7e639a179b0e58e53e1ad1ffdf6a8eb8218aa912f3b26f26f8b410,0x92a4db5157f335dd369dd904a95e2f758ab6d720,0x92a4db5157f335dd369dd904a95e2f758ab6d720,0xfd086bc7cd5c481dcc9c85ebe478a1c0b69fcbb9,16268328,2184,
arbitrum,deposit,504874736,1789337849000,0xa2a4e1841499b17bb8d11521f6986f689d7e2e497ca99e4675fa89a916654d7c,0xed3a4303943d7ad353a257b50c6015e4a9b536a5,0xed3a4303943d7ad353a257b50c6015e4a9b536a5,0xfd086bc7cd5c481dcc9c85ebe478a1c0b69fcbb9,35428208,2184,
arbitrum,deposit,504875767,1789338109000,0xf6edb0c6908aa68ace89c990530f8a96d2ebeafa251a068ad87f0566b90b800d,0x293c55aa6934079c08671f9aba1798ba5ae2e3de,0x293c55aa6934079c08671f9aba1798ba5ae2e3de,0xfd086bc7cd5c481dcc9c85ebe478a1c0b69fcbb9,14857296,2184,
arbitrum,deposit,504876512,1789338298000,0xb772f0523a1dec8958150ef26b075cbf74bde2e1855b2d78ce315fabc6d1faeb,0x5ecc25d1f658af69d9b59fcaedb2d9ee38254036,0x5ecc25d1f658af69d9b59fcaedb2d9ee38254036,0xfd086bc7cd5c481dcc9c85ebe478a1c0b69fcbb9,200000000,2184,
arbitrum,deposit,504876722,1789338352000,0xac9cd0f4a63481a182858bcc1e807fe12ca0cce0545c04609afa4f33ae6d2c02,0xd990a08a35fdcf44d7041530c4dabd0f2b18a8c1,0xd7e7c4e30cf9b369b8b62589b6b8790ef6f1f9a2,0xfd086bc7cd5c481dcc9c85ebe478a1c0b69fcbb9,1010000,2184,
arbitrum,deposit,504881162,1789339481000,0x86c8152446791195d108c5e0b4a69ebeac7c9636116dee5d755d5cf2dce8b25c,0x21e08c04f29febce461be04789c1ee44d0e15da8,0x21e08c04f29febce461be04789c1ee44d0e15da8,0xfd086bc7cd5c481dcc9c85ebe478a1c0b69fcbb9,464030323,2184,
