chain,kind,block,ts,tx,sender,receiver,token,amount,to_chain_id,wid
morph,unknown:0xbc7cd75a,25044284,1785985466000,0x7a9fbb0c68aea300634b6c6c33ed7cffa1fbb589ba19c2ae8ac3698dcc9527bd,,,,,,
morph,unknown:0x2f878811,25044284,1785985466000,0x7a9fbb0c68aea300634b6c6c33ed7cffa1fbb589ba19c2ae8ac3698dcc9527bd,,,,,,
morph,unknown:0x2f878811,25044284,1785985466000,0x7a9fbb0c68aea300634b6c6c33ed7cffa1fbb589ba19c2ae8ac3698dcc9527bd,,,,,,
morph,unknown:0x2f878811,25044284,1785985466000,0x7a9fbb0c68aea300634b6c6c33ed7cffa1fbb589ba19c2ae8ac3698dcc9527bd,,,,,,
morph,unknown:0x7d9b9b4f,25044284,1785985466000,0x7a9fbb0c68aea300634b6c6c33ed7cffa1fbb589ba19c2ae8ac3698dcc9527bd,,,,,,
morph,unknown:0xc7f505b2,25044284,1785985466000,0x7a9fbb0c68aea300634b6c6c33ed7cffa1fbb589ba19c2ae8ac3698dcc9527bd,,,,,,
morph,unknown:0x2f878811,25044378,1785985893000,0x71438dc7ea0611f02eb9c124c2323ebff5cf6d35b06dd52b897266a0ad22b97c,,,,,,
morph,unknown:0x2f878811,25044378,1785985893000,0xf396f63ebc3ba2459cf82cb2a8ed2f645a62989432650ecec72f7468b5e4f5d2,,,,,,
morph,unknown:0x2f878811,25044378,1785985893000,0xb1d6e7a5ecbe5cba8fe7e69398550e82c49dc91ce658d68dc42ce709984c507f,,,,,,
morph,unknown:0xf6391f5c,25044378,1785985893000,0xccca2c76043d1aff7eef83c7dc25258f33f5a7b6a75276de09e7ffbe90c0d099,,,,,,
morph,unknown:0xf6391f5c,25044378,1785985893000,0x7ed06ea7d1479c9e3e1e4258efda8e5d40773450843adad572bac13d11cf8bc1,,,,,,
morph,unknown:0xf6391f5c,25044378,1785985893000,0x4534d0c431a6db88947ef241d574350e5600e2ee267e98d9d908fb8e389ed303,,,,,,
morph,unknown:0x55f11f29,25148045,1786428142000,0x9795f2279ae30139b01d967eaa87d3a07bb364a3f01769d7bea28f78722f806f,,,,,,
morph,unknown:0x6d1f7158,25148046,1786428144000,0x3d8f24b24b21c759c1e595fed9c2f4b1209ec31560dc7f84207cbcee85429bf2,,,,,,
morph,unknown:0xeb896525,25148048,1786428148000,0x2f7460ec7c2916944db7ee5bd5a90aa4fa5f537d920cee0026dcc56b80810dfc,,,,,,
morph,unknown:0x830c37f6,25148049,1786428150000,0x194f0a4943482dfe6cdacc44e206dfbaf2e6d14f71e23c580a8374dc3b9655ca,,,,,,
morph,unknown:0x830c37f6,25148049,1786428150000,0x194f0a4943482dfe6cdacc44e206dfbaf2e6d14f71e23c580a8374dc3b9655ca,,,,,,
morph,unknown:0x830c37f6,25148049,1786428150000,0x194f0a4943482dfe6cdacc44e206dfbaf2e6d14f71e23c580a8374dc3b9655ca,,,,,,
morph,deposit,25148488,1786430078000,0x5fac4083c73dd3035d255b66c8d7a88186a93e61c14537d7a90be1c9dfbfce7b,0x6922650f46e1337a82567bc190a8dd9929201bd5,0x6922650f46e1337a82567bc190a8dd9929201bd5,0xe7cd86e13ac4309349f30b3435a9d337750fc82d,2000000,2184,
morph,withdraw_final,25148746,1786431459000,0x01d74d78d0d800c7b428cc41cd96ee31e65dca388918578335361acc1b235f25,,,,,,199207479584751616
morph,withdraw_submit,25149595,1786434760000,0xdb10ab3765bc37fb0532823d609ac567c73ed53410d9e4b72349e1e6105c9890,,0x6922650f46e1337a82567bc190a8dd9929201bd5,0xe7cd86e13ac4309349f30b3435a9d337750fc82d,1000000,,199207479584751616
morph,deposit,25150407,1786438030000,0x67110a12fc0e9c77ecba8dbfc7ccfbb7bdfbf89b58acf3e8e345e4abb7b9cc5e,0x9d90cca2e66ffc29bdc0f8383754acf7eef27c66,0x9d90cca2e66ffc29bdc0f8383754acf7eef27c66,0xe7cd86e13ac4309349f30b3435a9d337750fc82d,1000000,2184,
morph,deposit,25150664,1786439066000,0x3d5f55842f8fd4ef4d74c6b5373b85aea282b3198a6215b89b88aac53f4e4203,0x9d90cca2e66ffc29bdc0f8383754acf7eef27c66,0x9d90cca2e66ffc29bdc0f8383754acf7eef27c66,0xe7cd86e13ac4309349f30b3435a9d337750fc82d,1000000,2184,
morph,unknown:0x55f11f29,25151002,1786440566000,0x22758bd5053e0ea65aa09c4e2ecab72a24613333e819b4de5ebb8d4950213637,,,,,,
morph,deposit,25151635,1786442996000,0xd5fc336b1f25019a52a6133a0db0067abe2c27549afb6472ab1e5aae3a6e9218,0x3e9c6523db3b012ce503a127b9c8fec5647205e7,0x3e9c6523db3b012ce503a127b9c8fec5647205e7,0xe7cd86e13ac4309349f30b3435a9d337750fc82d,1200000,2184,
morph,deposit,25169555,1786516630000,0x194ac81d100c0943899fc6a3886b52e6517ac2730ded21ee6e0d5f2de7c1c4ea,0xce4aedf66bbb7ee7be574461204640798ba0278e,0xce4aedf66bbb7ee7be574461204640798ba0278e,0xe7cd86e13ac4309349f30b3435a9d337750fc82d,19000000,2184,
morph,deposit,25172438,1786525575000,0xde612809edba24b4211e151dc700b5d44cc3891b9c1d8fd30b24638727a6c5d9,0x3e9c6523db3b012ce503a127b9c8fec5647205e7,0x3e9c6523db3b012ce503a127b9c8fec5647205e7,0xe7cd86e13ac4309349f30b3435a9d337750fc82d,10886430,2184,
morph,deposit,25205359,1786585970000,0x026fd70f6398f49cb878585a2e8a0e0053742ddff9895ac308019313fafad09f,0xf1a5b89ea90fe2422ce2d6a15687f7cf0df4d542,0xf1a5b89ea90fe2422ce2d6a15687f7cf0df4d542,0xe7cd86e13ac4309349f30b3435a9d337750fc82d,4240000,2184,
morph,deposit,25206914,1786589000000,0xd4f3a3481b8f17cf7231d7d3d595214c47de34e39f4050fd05e7b3f82edbf910,0xf36e4157ee21218ebb3eefe4d5aa46226875029f,0xf36e4157ee21218ebb3eefe4d5aa46226875029f,0xe7cd86e13ac4309349f30b3435a9d337750fc82d,10000000,2184,
morph,deposit,25207043,1786589250000,0x52448c0bdc6224e8c87fa9bbe797ac02a2ac80daa5a7b6f2080fe3b550b51e28,0xf36e4157ee21218ebb3eefe4d5aa46226875029f,0xf36e4157ee21218ebb3eefe4d5aa46226875029f,0xe7cd86e13ac4309349f30b3435a9d337750fc82d,10000000,2184,
morph,deposit,25207642,1786590375000,0x5a03a917f5709377e26763f34947f1296d74daacb0e699a3318d0bff740afb82,0xf36e4157ee21218ebb3eefe4d5aa46226875029f,0xf36e4157ee21218ebb3eefe4d5aa46226875029f,0xe7cd86e13ac4309349f30b3435a9d337750fc82d,9877953,2184,
morph,unknown:0xe1002227,25208717,1786592431000,0x4c8352ed15a7c42627bbd543c78a535a57552bb05e65abe8c5f27380831663f3,,,,,,
morph,unknown:0x6c6a853c,25208901,1786592786000,0x3d4cf2796195facc7e412bbdccc76f4c845a5bd1bf711dc55db8638cd5c51c52,,,,,,
morph,unknown:0x6c6a853c,25208901,1786592786000,0x3d4cf2796195facc7e412bbdccc76f4c845a5bd1bf711dc55db8638cd5c51c52,,,,,,
morph,unknown:0x6c6a853c,25208901,1786592786000,0x3d4cf2796195facc7e412bbdccc76f4c845a5bd1bf711dc55db8638cd5c51c52,,,,,,
morph,unknown:0x6c6a853c,25208901,1786592786000,0x3d4cf2796195facc7e412bbdccc76f4c845a5bd1bf711dc55db8638cd5c51c52,,,,,,
morph,unknown:0x6c6a853c,25208901,1786592786000,0x3d4cf2796195facc7e412bbdccc76f4c845a5bd1bf711dc55db8638cd5c51c52,,,,,,
morph,unknown:0x6c6a853c,25208901,1786592786000,0x3d4cf2796195facc7e412bbdccc76f4c845a5bd1bf711dc55db8638cd5c51c52,,,,,,
morph,unknown:0x6c6a853c,25208901,1786592786000,0x3d4cf2796195facc7e412bbdccc76f4c845a5bd1bf711dc55db8638cd5c51c52,,,,,,
morph,deposit,25215506,1786605130000,0x187bece8188cb619d0c3708d6a55ed5652f9f360834cbfd15cbdcf5f77577ecd,0xf36e4157ee21218ebb3eefe4d5aa46226875029f,0xf36e4157ee21218ebb3eefe4d5aa46226875029f,0xe7cd86e13ac4309349f30b3435a9d337750fc82d,5000000,2184,
morph,deposit,25215543,1786605202000,0xc0be9bd98584072923e749cbf75986fdadec521887bf1b4cf989589694cd4cd5,0x3c729aefecf454ba7670b1bfabbdab5cae5a143e,0x3c729aefecf454ba7670b1bfabbdab5cae5a143e,0xe7cd86e13ac4309349f30b3435a9d337750fc82d,50000035,2184,
morph,deposit,25216924,1786607860000,0xd87fba4f3548f87f080f0885cbc2c760af4ae17bc9430839c156dc57e363ac6c,0x3c729aefecf454ba7670b1bfabbdab5cae5a143e,0x3c729aefecf454ba7670b1bfabbdab5cae5a143e,0xe7cd86e13ac4309349f30b3435a9d337750fc82d,14390000,2184,
morph,withdraw_final,25218545,1786611234000,0x17a733ee701effff77ca08917c7531471a61125efed5b136d87171cd908a20be,,,,,,210831018301587456
morph,withdraw_submit,25219212,1786612180000,0xe370a09c0cb70ab2209389f9495e250b6fc77afb04b9fd61539e4b6f216dc508,,0x3c729aefecf454ba7670b1bfabbdab5cae5a143e,0xe7cd86e13ac4309349f30b3435a9d337750fc82d,1000000,,210831018301587456
morph,withdraw_final,25220903,1786615662000,0xce38028a79e87c1d4da000192c379f8cb772dca9d652f44362c1c4af63414a75,,,,,,211113850487963648
morph,withdraw_final,25221227,1786616238000,0x470058e5febc595bd0de04fe926a55614585ff90bae5ce6a349fc992b11a97fd,,,,,,211152986229964800
morph,withdraw_submit,25221553,1786616560000,0xc4b1aa568a9e5f5dc0ad26afdb5eac32b70f591aad6f496b5e751e00f0d121a3,,0x3c729aefecf454ba7670b1bfabbdab5cae5a143e,0xe7cd86e13ac4309349f30b3435a9d337750fc82d,1000000,,211113850487963648
morph,withdraw_submit,25221869,1786617159000,0xd3d29966e1c5f859e49fa5edf5c4c99facd1bb35271cc6ff44dcd4e99e1121a1,,0x3c729aefecf454ba7670b1bfabbdab5cae5a143e,0xe7cd86e13ac4309349f30b3435a9d337750fc82d,1000000,,211152986229964800
morph,deposit,25222997,1786619348000,0x0e906b3456ae1dc5a9c8184ef5dd17eecbc89f4d6bf7e65e1efb9713c0cf05f2,0x45422aa2cc6cd965777a5e0ff83fd22b87c5bdee,0x45422aa2cc6cd965777a5e0ff83fd22b87c5bdee,0xe7cd86e13ac4309349f30b3435a9d337750fc82d,1120000,2184,
morph,withdraw_final,25226510,1786626228000,0x3e69e97a3032fa39c832181d9df77a79cdfd578388645da9236128572be4c246,,,,,,211800856276762624
morph,deposit,25227014,1786626845000,0x448a9aa9e7bcd6430b2ed7cdddcbb99d78eede40c523ef23daad0eb873d8fb22,0xf36e4157ee21218ebb3eefe4d5aa46226875029f,0xf36e4157ee21218ebb3eefe4d5aa46226875029f,0xe7cd86e13ac4309349f30b3435a9d337750fc82d,5000000,2184,
morph,withdraw_submit,25227198,1786627180000,0x9c49676a4b2707860144c0899e778208dd301c8a98521291250e0a0721780758,,0x3c729aefecf454ba7670b1bfabbdab5cae5a143e,0xe7cd86e13ac4309349f30b3435a9d337750fc82d,1000000,,211800856276762624
morph,deposit,25229275,1786631051000,0xc7b9d602dcdd6760b973075c1db8b0b444a839866d223b7cf0e678ca5d3041e5,0xb04a95945a54028c73e47e9a86bd8ef6fd73c556,0xb04a95945a54028c73e47e9a86bd8ef6fd73c556,0xe7cd86e13ac4309349f30b3435a9d337750fc82d,5000000,2184,
morph,deposit,25253464,1786676745000,0x4032601a342c90525608b96c14182013c83de8984c0b561cf2f50f485d90385a,0xf6f662c6e3d19e74b287979ad507a21331fdaad6,0xf6f662c6e3d19e74b287979ad507a21331fdaad6,0xe7cd86e13ac4309349f30b3435a9d337750fc82d,20000000,2184,
morph,deposit,25253564,1786676927000,0xfb5ce8fc28a06b1bb4d37dbc60ded4b2309f1b557b308be01e0d90c021cfdbea,0xbb48553d0c9470eb429ba35acd350c4c242ee902,0xbb48553d0c9470eb429ba35acd350c4c242ee902,0xe7cd86e13ac4309349f30b3435a9d337750fc82d,2000000,2184,
morph,deposit,25253740,1786677261000,0x3a19668f72c45a2d5f7dbcbf4d6dd75ed501311cece570fafcbf3213813e7abd,0xf36e4157ee21218ebb3eefe4d5aa46226875029f,0xf36e4157ee21218ebb3eefe4d5aa46226875029f,0xe7cd86e13ac4309349f30b3435a9d337750fc82d,5000000,2184,
morph,deposit,25254134,1786678005000,0xce2a30312b51883b6b545a40c460277f3fe70c648f908d22109ee931a292f261,0xbb48553d0c9470eb429ba35acd350c4c242ee902,0xbb48553d0c9470eb429ba35acd350c4c242ee902,0xe7cd86e13ac4309349f30b3435a9d337750fc82d,2000000,2184,
morph,withdraw_final,25254207,1786678451000,0x08bc6cd2a6dc2a0126f895a12901f004dcbfc32ecbd8ff1c93806d348ccd25fb,,,,,,215210862724513792
morph,withdraw_final,25254609,1786679197000,0x6508883e52a329fbbafa410b8c2076f0893704b9d84514c465daafd16dde8da8,,,,,,215260186145718272
morph,withdraw_final,25254751,1786679472000,0x097506e8e0c53486035e607bc793e0b3cc0ffc38b87f0d7768b73da14e73047b,,,,,,215276996651909136
morph,withdraw_submit,25254862,1786679380000,0xed453460d1af228299a677d80b4a46ee8759dc34ac6254999ca050705a1e65fd,,0xbb48553d0c9470eb429ba35acd350c4c242ee902,0xe7cd86e13ac4309349f30b3435a9d337750fc82d,1000000,,215210862724513792
morph,withdraw_submit,25255237,1786680100000,0xc05d8f22ac2f62d17c2f5ba67bf92a1764ff1180d54613e7933697ff08cedb24,,0x3c729aefecf454ba7670b1bfabbdab5cae5a143e,0xe7cd86e13ac4309349f30b3435a9d337750fc82d,1000000,,215260186145718272
morph,withdraw_submit,25255390,1786680399000,0x43c0823c397434ee05fc812101d906d82f06b616ccd73f133bdca110c6413412,,0xf36e4157ee21218ebb3eefe4d5aa46226875029f,0xe7cd86e13ac4309349f30b3435a9d337750fc82d,1000000,,215276996651909136
morph,deposit,25255877,1786681331000,0x4059895b38959a8c680cb280d2fa92ae8a206078ce1248fe0a1ccc3ed5bd7773,0xbb48553d0c9470eb429ba35acd350c4c242ee902,0xbb48553d0c9470eb429ba35acd350c4c242ee902,0xe7cd86e13ac4309349f30b3435a9d337750fc82d,2000000,2184,
morph,withdraw_final,25255952,1786681774000,0x35a96c39e402403331f1974beff611b72881ce6b5bdab2dc1ba1d56e1e65fd57,,,,,,215419142868566016
morph,withdraw_submit,25256576,1786682680000,0x1a819e3fa11fde8ab1df42c464d0001442f2ae57271d526c486995923e68db1f,,0xbb48553d0c9470eb429ba35acd350c4c242ee902,0xe7cd86e13ac4309349f30b3435a9d337750fc82d,1000000,,215419142868566016
morph,deposit,25259174,1786687690000,0x1c1cc1e37913c3b1c18b03c97b6bdabd8d0a42d7068a7616043a54bc0cd429ac,0xf36e4157ee21218ebb3eefe4d5aa46226875029f,0xf36e4157ee21218ebb3eefe4d5aa46226875029f,0xe7cd86e13ac4309349f30b3435a9d337750fc82d,2000000,2184,
morph,withdraw_final,25259492,1786688580000,0x436c900f5b4ccc02064b16e0b84c6b9240d5bf89195711e08b3604d4f8cdd630,,,,,,215845229410910208
morph,withdraw_submit,25260143,1786689520000,0xc1f36d62e94d99b048812c48c4acdb7124367ff5289517d8fa55b56e5f24dbcb,,0x3c729aefecf454ba7670b1bfabbdab5cae5a143e,0xe7cd86e13ac4309349f30b3435a9d337750fc82d,1000000,,215845229410910208
morph,deposit,25261076,1786691240000,0xac1c23216b24b8928fb96681d9ec20b806d944e6224d935a0886f7683cf8aca7,0xc7f8b5057103280503e626ea1a27102bee2a248d,0xc7f8b5057103280503e626ea1a27102bee2a248d,0xe7cd86e13ac4309349f30b3435a9d337750fc82d,2000000,2184,
morph,deposit,25263593,1786696005000,0x95a782b0ae3cd39c468b4ed21d5d65e0cc0a49607e2011521d88c1738a1e2dee,0xf36e4157ee21218ebb3eefe4d5aa46226875029f,0xf36e4157ee21218ebb3eefe4d5aa46226875029f,0xe7cd86e13ac4309349f30b3435a9d337750fc82d,9883948,2184,
morph,deposit,25263620,1786696048000,0x331018856e393bcd277e93b832995b50745bda922c4b81ce3053d46c0533f84b,0xbdcd00d456aa22b0abf22721db5007254775874f,0xbdcd00d456aa22b0abf22721db5007254775874f,0xe7cd86e13ac4309349f30b3435a9d337750fc82d,200000000,2184,
morph,deposit,25263788,1786696370000,0x1fed3204bc5ebdaa9702fdacb08689d0dcb72207a205c75c558ed453e54e3cb8,0x55ddea02bf97a509dcd77bbaf3c0b7b992701a32,0x55ddea02bf97a509dcd77bbaf3c0b7b992701a32,0xe7cd86e13ac4309349f30b3435a9d337750fc82d,2860000,2184,
morph,deposit,25267236,1786702931000,0xa8feb1f63acc028b9997b277134cbadcf590160db88c8a4abdfe756e9b2fbaed,0xbb48553d0c9470eb429ba35acd350c4c242ee902,0xbb48553d0c9470eb429ba35acd350c4c242ee902,0xe7cd86e13ac4309349f30b3435a9d337750fc82d,2000000,2184,
morph,deposit,25267289,1786703030000,0xb794a31ff1efc59528c27c786d5d84b25ab580dbedabce45e0a62682dd6b9c16,0x0f7c4420d4f56ee834f1e2e420a818317403bc86,0x0f7c4420d4f56ee834f1e2e420a818317403bc86,0xe7cd86e13ac4309349f30b3435a9d337750fc82d,5000000,2184,
morph,withdraw_final,25267316,1786703377000,0x2efd6dc3cbcc1e03d47268b648e6f273f1dbee6e9b832a92b98041b5d4b28842,,,,,,216828983063347200
morph,withdraw_submit,25267946,1786704279000,0xd6d0ce1fd289f6ecb0cd1bdc118f4d24012f1dc151dd4433be766b223c9e3484,,0xbb48553d0c9470eb429ba35acd350c4c242ee902,0xe7cd86e13ac4309349f30b3435a9d337750fc82d,1000000,,216828983063347200
morph,deposit,25278631,1786724531000,0x15ae4fae59df83c6cc099ab55a9013321961959133bac2316d324198da09a37e,0xbb48553d0c9470eb429ba35acd350c4c242ee902,0xbb48553d0c9470eb429ba35acd350c4c242ee902,0xe7cd86e13ac4309349f30b3435a9d337750fc82d,2000000,2184,
morph,withdraw_final,25278708,1786724968000,0x3570ce9e6dab4fb96ee870cb810e1c95dd38f359a6b3153f6e7375106362cbed,,,,,,218300808226144256
morph,withdraw_submit,25279345,1786725880000,0x2579dc3d6ce3e2840241daf198eaee4ad8dc37016c199faa340a079a801b652c,,0xbb48553d0c9470eb429ba35acd350c4c242ee902,0xe7cd86e13ac4309349f30b3435a9d337750fc82d,1000000,,218300808226144256
morph,deposit,25289759,1786746131000,0x22f1e7cecd6c4231c7ac0fb37ae28f3dfed716a2c83f34a2b7529209ba510879,0xbb48553d0c9470eb429ba35acd350c4c242ee902,0xbb48553d0c9470eb429ba35acd350c4c242ee902,0xe7cd86e13ac4309349f30b3435a9d337750fc82d,2000000,2184,
morph,withdraw_final,25289836,1786746582000,0x8860b1cf1cf57b5d9136fd821f12afec3b2478b6c07dce5780c1fdb1159dc839,,,,,,219742216430551040
morph,withdraw_submit,25290448,1786747480000,0x47a42a028d48a260e60f2dd8bc0464ea6e27cd01209384ef273bbbc1be2b3f88,,0xbb48553d0c9470eb429ba35acd350c4c242ee902,0xe7cd86e13ac4309349f30b3435a9d337750fc82d,1000000,,219742216430551040
morph,deposit,25300796,1786767731000,0x5e493b4b39c369e910b109896051dbf8c548b1bd54a2c57429629952d360a1bd,0xbb48553d0c9470eb429ba35acd350c4c242ee902,0xbb48553d0c9470eb429ba35acd350c4c242ee902,0xe7cd86e13ac4309349f30b3435a9d337750fc82d,2000000,2184,
morph,withdraw_final,25300869,1786768174000,0xd7ab100bab7c2db6332f5d31590d2856d82f4b4f48c7150a79f80dbf22c9d1fc,,,,,,221110661730533376
morph,withdraw_submit,25301491,1786769080000,0x0cf030289b80755080acf5095b800b3eabe6e0f9795e45a54af50158f99b413b,,0xbb48553d0c9470eb429ba35acd350c4c242ee902,0xe7cd86e13ac4309349f30b3435a9d337750fc82d,1000000,,221110661730533376
morph,deposit,25312002,1786789331000,0xe4e154698e01d46f732ddca6410540b47dbf671ba24f0c01101c2c52a731b041,0xbb48553d0c9470eb429ba35acd350c4c242ee902,0xbb48553d0c9470eb429ba35acd350c4c242ee902,0xe7cd86e13ac4309349f30b3435a9d337750fc82d,2000000,2184,
morph,withdraw_final,25312076,1786789770000,0x6a03d09594532e00548a889f67649e6b07ff5bb035530ffafe7f7329d4c7b550,,,,,,222486528734003200
morph,withdraw_submit,25312702,1786790680000,0x69c3f19e67216b1affc601eb536c7c20f3593cac42eae2d7cddc0203e1d8bac6,,0xbb48553d0c9470eb429ba35acd350c4c242ee902,0xe7cd86e13ac4309349f30b3435a9d337750fc82d,1000000,,222486528734003200
morph,deposit,25323173,1786810931000,0xb38d2390824b3ca6701f2171a776e41b942ddbb8724d4e91c0004ccf0a15782d,0xbb48553d0c9470eb429ba35acd350c4c242ee902,0xbb48553d0c9470eb429ba35acd350c4c242ee902,0xe7cd86e13ac4309349f30b3435a9d337750fc82d,2000000,2184,
morph,withdraw_final,25323250,1786811378000,0x0b20823b20946bfd14d1ccd1a99511ec91a62e60c8fc38a2d52e0428f53fc2b7,,,,,,223876500410073088
morph,withdraw_submit,25323867,1786812280000,0x4dc47222012e690eb2f7cfc2c3ea569a1470a78b9f086d98189046da7a134e95,,0xbb48553d0c9470eb429ba35acd350c4c242ee902,0xe7cd86e13ac4309349f30b3435a9d337750fc82d,1000000,,223876500410073088
morph,deposit,25334138,1786832531000,0x09c484bfa12b5dd7d2fa8039296039507e1554dbc795389cd0740a29eebaf4fa,0xbb48553d0c9470eb429ba35acd350c4c242ee902,0xbb48553d0c9470eb429ba35acd350c4c242ee902,0xe7cd86e13ac4309349f30b3435a9d337750fc82d,2000000,2184,
morph,withdraw_final,25334215,1786832980000,0xd80f223124529f714d768fad60876a4a4960ea24d88af20209cf3a1b835c50b2,,,,,,225284467999113216
morph,withdraw_submit,25334822,1786833880000,0xa7d98f833022274fc743d42b77f759142f959958b231506de879456e67d3c4c1,,0xbb48553d0c9470eb429ba35acd350c4c242ee902,0xe7cd86e13ac4309349f30b3435a9d337750fc82d,1000000,,225284467999113216
morph,deposit,25345141,1786854131000,0x4028c2862952b35b74bd3dbc830bc3db397abfb050815c0f082bedfdc858edec,0xbb48553d0c9470eb429ba35acd350c4c242ee902,0xbb48553d0c9470eb429ba35acd350c4c242ee902,0xe7cd86e13ac4309349f30b3435a9d337750fc82d,2000000,2184,
morph,withdraw_final,25345215,1786854575000,0x1f8af751cfb5164f4ac7d229b07b4860b767fb583462217ab0f8bba55fef658b,,,,,,226681045334884352
morph,withdraw_submit,25345830,1786855480000,0xef0199858a4d5307f78d1eee895f82be1e0ff4ac66f8d88ac4e4d5012155d413,,0xbb48553d0c9470eb429ba35acd350c4c242ee902,0xe7cd86e13ac4309349f30b3435a9d337750fc82d,1000000,,226681045334884352
morph,deposit,25356260,1786875731000,0x82e6010dbf1509ffbd97169bb110dcbde567657f9c4bd0d7ac44fff1def43549,0xbb48553d0c9470eb429ba35acd350c4c242ee902,0xbb48553d0c9470eb429ba35acd350c4c242ee902,0xe7cd86e13ac4309349f30b3435a9d337750fc82d,2000000,2184,
morph,withdraw_final,25356333,1786876174000,0xf818b75c757ef72ff62e5f11d1f76177604bd21d19098ca9bfc7985cc90811b4,,,,,,228055409099800576
morph,withdraw_submit,25356953,1786877080000,0xefded555de998857681de9312a85be2d7501c8e789cfc3db68c89080135f7498,,0xbb48553d0c9470eb429ba35acd350c4c242ee902,0xe7cd86e13ac4309349f30b3435a9d337750fc82d,1000000,,228055409099800576
morph,deposit,25367399,1786897331000,0xeb0db3f7f0c02daef19fdca8f1edc0ee913868d6255042d6f996a9eb34608cef,0xbb48553d0c9470eb429ba35acd350c4c242ee902,0xbb48553d0c9470eb429ba35acd350c4c242ee902,0xe7cd86e13ac4309349f30b3435a9d337750fc82d,2000000,2184,
morph,withdraw_final,25367478,1786897781000,0x011f09911c349879da1125b1decfb844987cf82055ad9337f3a26e711d54696e,,,,,,229409766907052032
morph,withdraw_submit,25368139,1786898740000,0x1fc3196bea0989ffb707c13e335288652ac7ea37940dbc2b374d0a0adcd60517,,0xbb48553d0c9470eb429ba35acd350c4c242ee902,0xe7cd86e13ac4309349f30b3435a9d337750fc82d,1000000,,229409766907052032
morph,deposit,25378512,1786918931000,0xdf2813730ec0273ad5ffc059d492c0b6fc892dcb4c5311150b47261862b8b421,0xbb48553d0c9470eb429ba35acd350c4c242ee902,0xbb48553d0c9470eb429ba35acd350c4c242ee902,0xe7cd86e13ac4309349f30b3435a9d337750fc82d,2000000,2184,
morph,withdraw_final,25378589,1786919383000,0x46163ff3311fb2671a12a8dbcb71e85b017e66337a6dc839e51ac493475fcff6,,,,,,230843031853465600
morph,withdraw_submit,25379253,1786920340000,0x86e508463a12a5f8a8ee56a06882970120590b457ad5dd8dbfe65a753ea3db51,,0xbb48553d0c9470eb429ba35acd350c4c242ee902,0xe7cd86e13ac4309349f30b3435a9d337750fc82d,1000000,,230843031853465600
morph,deposit,25388757,1786938460000,0x068c5aa68e794f395d3bccedae53b057b51802333751008ccb3c17b76cc3da77,0xf36e4157ee21218ebb3eefe4d5aa46226875029f,0xf36e4157ee21218ebb3eefe4d5aa46226875029f,0xe7cd86e13ac4309349f30b3435a9d337750fc82d,2000000,2184,
morph,deposit,25389826,1786940531000,0xaadcf8783c84dfc15aee87de092f456d82a1f9fea2be2c0fe70df8082c272481,0xbb48553d0c9470eb429ba35acd350c4c242ee902,0xbb48553d0c9470eb429ba35acd350c4c242ee902,0xe7cd86e13ac4309349f30b3435a9d337750fc82d,2000000,2184,
morph,withdraw_final,25389903,1786940979000,0x62938ac1f69d7679bb1ac184a2c404b5d6c85d8eb59bf4b3bafe4bbbe273a79b,,,,,,232292574725931008
morph,withdraw_submit,25390520,1786941880000,0xa54b0e22f5ff69e995eeadd72b186c8acb02b130b5d2b5550e9745347f273f01,,0xbb48553d0c9470eb429ba35acd350c4c242ee902,0xe7cd86e13ac4309349f30b3435a9d337750fc82d,1000000,,232292574725931008
morph,deposit,25395235,1786950895000,0x478cf0a17a1f46f0b946228ec4c64bc58bc8e01378e1b229218b9e78ee032658,0xf36e4157ee21218ebb3eefe4d5aa46226875029f,0xf36e4157ee21218ebb3eefe4d5aa46226875029f,0xe7cd86e13ac4309349f30b3435a9d337750fc82d,2000000,2184,
morph,deposit,25395348,1786951105000,0x21a53f6929d42a65e3bd58983668cbe5128476ab32bf2f332e3662a09cb0e217,0xf36e4157ee21218ebb3eefe4d5aa46226875029f,0xf36e4157ee21218ebb3eefe4d5aa46226875029f,0xe7cd86e13ac4309349f30b3435a9d337750fc82d,2100000,2184,
morph,deposit,25395480,1786951360000,0x9a34cbd2c8a3350a2f045b92c5e4061c60c9f7544268c52f228a7bea67ce43d8,0x08be3cba82580aa42918e2b77c57a1f0375d43a3,0x08be3cba82580aa42918e2b77c57a1f0375d43a3,0xe7cd86e13ac4309349f30b3435a9d337750fc82d,13090000,2184,
morph,deposit,25395741,1786951864000,0x843bf11e7f21f7cf5b5b81556f9c8678f7eb5e979c6a24d062222055a2f6deb8,0x3e9c6523db3b012ce503a127b9c8fec5647205e7,0x3e9c6523db3b012ce503a127b9c8fec5647205e7,0xe7cd86e13ac4309349f30b3435a9d337750fc82d,1000000,2184,
morph,deposit,25396092,1786952541000,0xb708c23aa7906ecc44835347d973cc78d464d535acf69613c808362fb8798712,0x3e9c6523db3b012ce503a127b9c8fec5647205e7,0x3e9c6523db3b012ce503a127b9c8fec5647205e7,0xe7cd86e13ac4309349f30b3435a9d337750fc82d,1000000,2184,
morph,withdraw_final,25397018,1786954586000,0xc2430565d17ecaac60f3b237e81e11aa6cd98d9731d1eedf3d11022486a63808,,,,,,233235551996608540
morph,withdraw_submit,25397673,1786955500000,0x172c352e6be0f4abfe3fe57cdbf3aa81fea59efd9b1fb6621db312ccc0c6bee1,,0xf36e4157ee21218ebb3eefe4d5aa46226875029f,0xe7cd86e13ac4309349f30b3435a9d337750fc82d,4000000,,233235551996608540
morph,deposit,25398011,1786956145000,0xc5e9258e209cf65b9f1335495f6787c842d236054f3f090b8074c740c49092eb,0xf36e4157ee21218ebb3eefe4d5aa46226875029f,0xf36e4157ee21218ebb3eefe4d5aa46226875029f,0xe7cd86e13ac4309349f30b3435a9d337750fc82d,2000000,2184,
morph,deposit,25398113,1786956337000,0xd2a04cbd8d802278539f0fb2e84fae078164ad1cc2c38a14b3e3c4d1d7fed38c,0xf36e4157ee21218ebb3eefe4d5aa46226875029f,0xf36e4157ee21218ebb3eefe4d5aa46226875029f,0xe7cd86e13ac4309349f30b3435a9d337750fc82d,2000000,2184,
morph,deposit,25398384,1786956849000,0xf797d0485396c49e3f34c498d73fcd0be79addb69c4c11eae0254775d29ec372,0xf36e4157ee21218ebb3eefe4d5aa46226875029f,0xf36e4157ee21218ebb3eefe4d5aa46226875029f,0xe7cd86e13ac4309349f30b3435a9d337750fc82d,2200000,2184,
morph,deposit,25398391,1786956860000,0x94d53dca11a867dfb62f21ba14c1414dc43347d52a32a17a7a78b341c183e940,0xf36e4157ee21218ebb3eefe4d5aa46226875029f,0xf36e4157ee21218ebb3eefe4d5aa46226875029f,0xe7cd86e13ac4309349f30b3435a9d337750fc82d,2100000,2184,
morph,withdraw_final,25398603,1786957568000,0x16f2a7321da604ed127dd179258004d4150cc6fdd6b1c4d48c4b402289d1d7d7,,,,,,233455402782556160
morph,withdraw_final,25398792,1786957934000,0x0480a21174ffed1490ab1b388e40daefae82fdf9b64f8b3c728c378f710b55ab,,,,,,233481550543454222
morph,deposit,25398929,1786957900000,0x919c2259a6f316b56ed034b4c42230b0d974ba0d986e2f8e9441c6f95e7b7bb2,0xf36e4157ee21218ebb3eefe4d5aa46226875029f,0xf36e4157ee21218ebb3eefe4d5aa46226875029f,0xe7cd86e13ac4309349f30b3435a9d337750fc82d,2000000,2184,
morph,withdraw_submit,25399240,1786958500000,0x25e2bbdcc08edeff7c554b907ca07be79224744a7c27a539396cf68ce2aa993b,,0xf36e4157ee21218ebb3eefe4d5aa46226875029f,0xe7cd86e13ac4309349f30b3435a9d337750fc82d,1300000,,233455402782556160
morph,withdraw_submit,25399433,1786958860000,0xba2cef695fb5e21bf89285c304b193ad8596012c93d813f21653800c7f72b467,,0xf36e4157ee21218ebb3eefe4d5aa46226875029f,0xe7cd86e13ac4309349f30b3435a9d337750fc82d,1400000,,233481550543454222
morph,deposit,25399939,1786959841000,0x609fc39023ef73b38fbe928d8769884c77d3ef8f8c482702b2daea8716f558d9,0x3355e917d1a7fcd7aeb464c0bc0bd802eb62b791,0x3355e917d1a7fcd7aeb464c0bc0bd802eb62b791,0xe7cd86e13ac4309349f30b3435a9d337750fc82d,1590000,2184,
morph,deposit,25401131,1786962131000,0x3800cf8d6cea2ad3296746757bdac9441f286425caa755d329d5a3757d8dbde3,0xbb48553d0c9470eb429ba35acd350c4c242ee902,0xbb48553d0c9470eb429ba35acd350c4c242ee902,0xe7cd86e13ac4309349f30b3435a9d337750fc82d,2000000,2184,
morph,withdraw_final,25401206,1786962577000,0x8ad2250aba03e22c8ce0c6e7a8092e335fb2263cee5658b2832f980c4a0bdbe8,,,,,,233819693297696768
morph,withdraw_submit,25401863,1786963480000,0xba68678add3ef327900986c85c3865c73a025f52f7038b7916222ef1023e18b3,,0xbb48553d0c9470eb429ba35acd350c4c242ee902,0xe7cd86e13ac4309349f30b3435a9d337750fc82d,1000000,,233819693297696768
morph,deposit,25406525,1786972378000,0x1101a17e6c1e908871b948c0fbcf0df49b5f84f022dbc0380866fd2384a96667,0xbb48553d0c9470eb429ba35acd350c4c242ee902,0xbb48553d0c9470eb429ba35acd350c4c242ee902,0xe7cd86e13ac4309349f30b3435a9d337750fc82d,2000000,2184,
morph,withdraw_final,25406600,1786972819000,0x70c41e1d65d02869c8b87e1e5b638bf641137ea46740949fea96238207314a92,,,,,,234574396361015296
morph,withdraw_submit,25407264,1786973740000,0x94a17f5e63f8ea99d8bce642f9e63d697385e6e8a1fae9636355127b377c90aa,,0xbb48553d0c9470eb429ba35acd350c4c242ee902,0xe7cd86e13ac4309349f30b3435a9d337750fc82d,1000000,,234574396361015296
morph,deposit,25412558,1786983743000,0x2cfa896f5bdda7d50721cf6623ade40807d0d8b9f2b718cfce78148e127376c5,0xbb48553d0c9470eb429ba35acd350c4c242ee902,0xbb48553d0c9470eb429ba35acd350c4c242ee902,0xe7cd86e13ac4309349f30b3435a9d337750fc82d,2000000,2184,
morph,withdraw_final,25412635,1786984191000,0xbb57d1c13d27f8c7b37590905a5e270c06b25a2aa75573fc4239d5b4ab662626,,,,,,235433011863093248
morph,withdraw_submit,25413299,1786985140000,0x42e1a9f6caeb0fd66bbd46ab72af7599f7167369de60b5a7b4e98091d2397e97,,0xbb48553d0c9470eb429ba35acd350c4c242ee902,0xe7cd86e13ac4309349f30b3435a9d337750fc82d,1000000,,235433011863093248
morph,deposit,25423790,1787005343000,0x6189c62fc054a1dcf9e6236a68154d21e5c3ea839556f2ce6df6bd0f56e83588,0xbb48553d0c9470eb429ba35acd350c4c242ee902,0xbb48553d0c9470eb429ba35acd350c4c242ee902,0xe7cd86e13ac4309349f30b3435a9d337750fc82d,2000000,2184,
morph,withdraw_final,25423866,1787005792000,0xe5a52dfc0af44435d8e0666b061692d06f254bb8f0a20bf9b0d315bdb78d8a90,,,,,,236969089736638464
morph,withdraw_submit,25424496,1787006740000,0x10d0fd60691e80826d280009a01bf1c46dbbf2d6831b017f8b1419b05630941f,,0xbb48553d0c9470eb429ba35acd350c4c242ee902,0xe7cd86e13ac4309349f30b3435a9d337750fc82d,1000000,,236969089736638464
morph,deposit,25435119,1787026943000,0x97261e908b4bcb9bcaf28791c93d10b0a2106cdfd896eb4255eab17171adbe5a,0xbb48553d0c9470eb429ba35acd350c4c242ee902,0xbb48553d0c9470eb429ba35acd350c4c242ee902,0xe7cd86e13ac4309349f30b3435a9d337750fc82d,2000000,2184,
morph,withdraw_final,25435197,1787027393000,0xcf0b7ca58e2eb7cb8cff99a4242b383be437d16e7f26cd0675acf02cb6394f7c,,,,,,238543083581472768
morph,withdraw_submit,25435856,1787028340000,0xccb424a5ad7d907908cf7a1f8affa07c1f99db29b4c48a1a51c6e79d4ddcce8f,,0xbb48553d0c9470eb429ba35acd350c4c242ee902,0xe7cd86e13ac4309349f30b3435a9d337750fc82d,1000000,,238543083581472768
morph,deposit,25441048,1787038260000,0xdd6a80e21d29e4afbff2d233a2beb58f292086e0a4a111b14f61e59c9f869ab6,0xbce1239f3bfb2b9735ee55d63167a8c6a50a6161,0xbce1239f3bfb2b9735ee55d63167a8c6a50a6161,0xe7cd86e13ac4309349f30b3435a9d337750fc82d,5000000,2184,
morph,deposit,25441221,1787038585000,0x5636830f5fed5a7d8529de21e1b1f6da388f8019a2541a3a25a99f990a8e4a8c,0x6922650f46e1337a82567bc190a8dd9929201bd5,0x6922650f46e1337a82567bc190a8dd9929201bd5,0xe7cd86e13ac4309349f30b3435a9d337750fc82d,2000000,2184,
morph,deposit,25441358,1787038845000,0xde06f78dc077a5c3bdb70a36ef4253ddb1c02ee51f7da4199b90d098e5271847,0xf36e4157ee21218ebb3eefe4d5aa46226875029f,0xf36e4157ee21218ebb3eefe4d5aa46226875029f,0xe7cd86e13ac4309349f30b3435a9d337750fc82d,9881256,2184,
morph,withdraw_final,25441414,1787039256000,0x64864980ccc4cd0b53a11a2fab39df7a70d3365302683c666f580ab1a830ff1a,,,,,,239423380091043840
morph,withdraw_submit,25442056,1787040160000,0x13362fac18865d865487350a2b637813b8767d74da1609d35c6670574d2692c2,,0x6922650f46e1337a82567bc190a8dd9929201bd5,0xe7cd86e13ac4309349f30b3435a9d337750fc82d,1000000,,239423380091043840
morph,deposit,25444249,1787044310000,0x5fba5868e71fa5ae7dc5146777e2ebacb0bfa35c50bc84fb1fa920c99a66914f,0xf36e4157ee21218ebb3eefe4d5aa46226875029f,0xf36e4157ee21218ebb3eefe4d5aa46226875029f,0xe7cd86e13ac4309349f30b3435a9d337750fc82d,2000000,2184,
morph,deposit,25446455,1787048543000,0xbd12a1350c2ebfcb2e7eb4472bcbbbd539636f66d151e5f3d825dcd00d8a2f14,0xbb48553d0c9470eb429ba35acd350c4c242ee902,0xbb48553d0c9470eb429ba35acd350c4c242ee902,0xe7cd86e13ac4309349f30b3435a9d337750fc82d,2000000,2184,
morph,withdraw_final,25446531,1787048990000,0xa4795e9fdd2d88ebce575108c0572c24c53a11d3139802a15db3688f4d29d9d3,,,,,,240140923084734464
morph,withdraw_submit,25447176,1787049940000,0x38b32112ed1bee19b2440ef3126608647110e522fb60d30760f6fc239de1c466,,0xbb48553d0c9470eb429ba35acd350c4c242ee902,0xe7cd86e13ac4309349f30b3435a9d337750fc82d,1000000,,240140923084734464
morph,deposit,25457936,1787070143000,0x1395470bce144c81efd34beb0efde12dab26ccca639b2ff23f03476a7a8e7f55,0xbb48553d0c9470eb429ba35acd350c4c242ee902,0xbb48553d0c9470eb429ba35acd350c4c242ee902,0xe7cd86e13ac4309349f30b3435a9d337750fc82d,2000000,2184,
morph,withdraw_final,25458010,1787070583000,0x2e26e95b85c01b15dd3e206ad8d436ca3bf8fa9f22d31834bef02a4599d713d0,,,,,,241750788496424960
morph,withdraw_submit,25458666,1787071540000,0x9cfb140008fa0b68231dedb23140299247c1a43ba4b62bad502827837f673afc,,0xbb48553d0c9470eb429ba35acd350c4c242ee902,0xe7cd86e13ac4309349f30b3435a9d337750fc82d,1000000,,241750788496424960
morph,deposit,25469114,1787091742000,0x01bf260ecd1ad01de6fc5ac335ff34992ff7d3a977f61542a5b424abe8d162f5,0xbb48553d0c9470eb429ba35acd350c4c242ee902,0xbb48553d0c9470eb429ba35acd350c4c242ee902,0xe7cd86e13ac4309349f30b3435a9d337750fc82d,2000000,2184,
morph,withdraw_final,25469191,1787092195000,0xcfdcdb4280a801b5510643339697e5a40d6acd2288a9928013851771030d8107,,,,,,243291006718443520
morph,withdraw_submit,25469828,1787093139000,0xdc09791874b2d0f2f34f9ad7b40a5dbae34ab53e9f5b454a0b8c9373d6e3e5a9,,0xbb48553d0c9470eb429ba35acd350c4c242ee902,0xe7cd86e13ac4309349f30b3435a9d337750fc82d,1000000,,243291006718443520
morph,withdraw_final,25477898,1787109061000,0x3559af62507141df56b9f89b3a393f8983b35176e211f4f7631420e50b033ebb,,,,,,244520819059851264
morph,withdraw_submit,25478558,1787110000000,0x63f33e80ae08370deccbc6798080e6fbb501fa48c471f3558bef19eb21fe1673,,0xbce1239f3bfb2b9735ee55d63167a8c6a50a6161,0xe7cd86e13ac4309349f30b3435a9d337750fc82d,3930000,,244520819059851264
morph,deposit,25479737,1787112271000,0xfa1d7073cd6540422c469d986149840cb10a62512ff90c1cec6677e713441fb3,0x0ce68a85c14881e862a4bb631bce74b6e83d5332,0x0ce68a85c14881e862a4bb631bce74b6e83d5332,0xe7cd86e13ac4309349f30b3435a9d337750fc82d,2000000,2184,
morph,deposit,25480310,1787113343000,0x534c51b12ba64f79417caa29775de1e8c9ad55e8e796ce7c276f4608f6c95229,0xbb48553d0c9470eb429ba35acd350c4c242ee902,0xbb48553d0c9470eb429ba35acd350c4c242ee902,0xe7cd86e13ac4309349f30b3435a9d337750fc82d,2000000,2184,
morph,withdraw_final,25480389,1787113793000,0x956bcb10d4592116b85e666a7fdfe3e7480bd4f878747750e54cc5d7d9507c39,,,,,,244860370588532736
morph,withdraw_submit,25481023,1787114740000,0x663b5821318ac601d8edbb8bbcf6dcfb1041930857df0d5099da1b9780f9fd5f,,0xbb48553d0c9470eb429ba35acd350c4c242ee902,0xe7cd86e13ac4309349f30b3435a9d337750fc82d,1000000,,244860370588532736
morph,withdraw_final,25488524,1787129224000,0xdf5f4f9c07090f2a1370a8d077fcffab9e617f1f745f5da23825235ca8a55e16,,,,,,245987533236731920
morph,withdraw_submit,25489169,1787130160000,0x738dd0cca9fcaadf1c2d04d8cc0766441a926ca79258a4a0e10c48eb3a9238bf,,0xf36e4157ee21218ebb3eefe4d5aa46226875029f,0xe7cd86e13ac4309349f30b3435a9d337750fc82d,19000000,,245987533236731920
morph,deposit,25491671,1787134943000,0x7b71433ec3290f9577d6c04ea9c1a57c97a6c4dda9a5264c5798cdf0eeaae5ab,0xbb48553d0c9470eb429ba35acd350c4c242ee902,0xbb48553d0c9470eb429ba35acd350c4c242ee902,0xe7cd86e13ac4309349f30b3435a9d337750fc82d,2000000,2184,
morph,withdraw_final,25491747,1787135387000,0xb87f92c5dcac6bde34aefb4b48e8d40314f4c705698404e5a984ae4c2ef2a868,,,,,,246431392315998208
morph,withdraw_submit,25492405,1787136340000,0x9a8be7fdd3fe73d499c1eadecebacfbdb9f593d68e5738a798ede7880d640916,,0xbb48553d0c9470eb429ba35acd350c4c242ee902,0xe7cd86e13ac4309349f30b3435a9d337750fc82d,1000000,,246431392315998208
morph,withdraw_final,25500324,1787151377000,0xf1ea46acc20aa4a3dd24228f33718336e3b05093c43f7228564852a42bd84cf9,,,,,,247627635218186272
morph,withdraw_submit,25501252,1787152300000,0x1c43922a1387a11f1c870f1a4b748bd3c3cbb4ea7f30f53208f98e625bd4de7d,,0xf36e4157ee21218ebb3eefe4d5aa46226875029f,0xe7cd86e13ac4309349f30b3435a9d337750fc82d,19000000,,247627635218186272
morph,deposit,25504022,1787156544000,0x64fbb6389d61def93ef22cb52354bdf0e85369b8ea546760d96a1e2e387406c3,0xbb48553d0c9470eb429ba35acd350c4c242ee902,0xbb48553d0c9470eb429ba35acd350c4c242ee902,0xe7cd86e13ac4309349f30b3435a9d337750fc82d,2000000,2184,
morph,withdraw_final,25504100,1787156988000,0x522817a158f7fa5523c7fbadef3457fc8c7366a2b44276281093bb650237cb1f,,,,,,248061478433718272
morph,withdraw_submit,25504792,1787157940000,0x2ca9e02863b9e4323651516ae1dbebdd28990baeb971ed5a5deb97728c8dfcd7,,0xbb48553d0c9470eb429ba35acd350c4c242ee902,0xe7cd86e13ac4309349f30b3435a9d337750fc82d,1000000,,248061478433718272
morph,deposit,25516705,1787178142000,0xaed12d171a16e95f1057db586fbf50720af4dd45f19f5e3561e99131a52e6199,0xbb48553d0c9470eb429ba35acd350c4c242ee902,0xbb48553d0c9470eb429ba35acd350c4c242ee902,0xe7cd86e13ac4309349f30b3435a9d337750fc82d,2000000,2184,
morph,withdraw_final,25516785,1787178583000,0x4dcba84cdec56b3acb5e147f7c7a87e3ecd2a2faaa617bbd18e476865f261d18,,,,,,249719627867750400
morph,withdraw_submit,25517498,1787179480000,0x15cd40ea5055dd8be2dcc37f23e0073bcdcf6e21ea667575e7ae9acc7f7c2272,,0xbb48553d0c9470eb429ba35acd350c4c242ee902,0xe7cd86e13ac4309349f30b3435a9d337750fc82d,1000000,,249719627867750400
morph,deposit,25526043,1787195140000,0x5f4860170828a102db1993e104325eaa5d18046c52a88f4c3d599a0896fbcccb,0xf36e4157ee21218ebb3eefe4d5aa46226875029f,0xf36e4157ee21218ebb3eefe4d5aa46226875029f,0xe7cd86e13ac4309349f30b3435a9d337750fc82d,2000000,2184,
morph,deposit,25526091,1787195230000,0x9dd44659cf42fafdd2c88142c3da4cab756bd07fad65ac8272e717de73522a71,0xf36e4157ee21218ebb3eefe4d5aa46226875029f,0xf36e4157ee21218ebb3eefe4d5aa46226875029f,0xe7cd86e13ac4309349f30b3435a9d337750fc82d,2000000,2184,
morph,withdraw_final,25526254,1787195758000,0x73fddb9ec05c796c03aa7b504c3e936a192434e05fe60240ee7d0c17fddd4863,,,,,,251041412664000580
morph,deposit,25526390,1787195655000,0x07e6108eb714766ed4bdba7410f3997f6af7287be6db5cd0a112267be4b37cd1,0xf36e4157ee21218ebb3eefe4d5aa46226875029f,0xf36e4157ee21218ebb3eefe4d5aa46226875029f,0xe7cd86e13ac4309349f30b3435a9d337750fc82d,9884359,2184,
morph,withdraw_submit,25526988,1787196700000,0x195201fc9388407d75fc4dbc4f228a9e94ae40e38455fce81cb38431e614ac5d,,0xf36e4157ee21218ebb3eefe4d5aa46226875029f,0xe7cd86e13ac4309349f30b3435a9d337750fc82d,4000000,,251041412664000580
morph,deposit,25528649,1787199745000,0xda6969caf27d8a7db7c041f3918d5d03706fe971243f11c3643e5808382e3a99,0xbb48553d0c9470eb429ba35acd350c4c242ee902,0xbb48553d0c9470eb429ba35acd350c4c242ee902,0xe7cd86e13ac4309349f30b3435a9d337750fc82d,2000000,2184,
morph,withdraw_final,25528726,1787200186000,0x702fce7751c494b610f50a342a1fb5af81f9093e0cb88add402b417896dfbde0,,,,,,251371068562866176
morph,withdraw_submit,25529393,1787201140000,0xf86e6dc4a2d413ab87b6ef586c7a692b42a9a543c4ba93aa1a6a80f430098cf7,,0xbb48553d0c9470eb429ba35acd350c4c242ee902,0xe7cd86e13ac4309349f30b3435a9d337750fc82d,1000000,,251371068562866176
morph,deposit,25534622,1787210895000,0xdd00bf0bfc3503b11da450e64b43005f12a02c868b7e8b0b0884fb1f8589278d,0x45422aa2cc6cd965777a5e0ff83fd22b87c5bdee,0x45422aa2cc6cd965777a5e0ff83fd22b87c5bdee,0xe7cd86e13ac4309349f30b3435a9d337750fc82d,19880000,2184,
morph,deposit,25540567,1787221342000,0x57ffc8108eb19aaf10860324c8e3455592c087455d15886d656f000d51b44faa,0xbb48553d0c9470eb429ba35acd350c4c242ee902,0xbb48553d0c9470eb429ba35acd350c4c242ee902,0xe7cd86e13ac4309349f30b3435a9d337750fc82d,2000000,2184,
morph,withdraw_final,25540643,1787221775000,0xe6c47e52a57538da9e8a3df8bc0eb91c95d3d81db025a6874fc358418c81390a,,,,,,253006866987089920
morph,withdraw_submit,25541311,1787222680000,0x505ce290c0957a4ed2a209ddaf0dcc197fa3d2ddce4bb1167cfd11dee0b00247,,0xbb48553d0c9470eb429ba35acd350c4c242ee902,0xe7cd86e13ac4309349f30b3435a9d337750fc82d,1000000,,253006866987089920
morph,deposit,25553213,1787242943000,0x0824364f3721e6bff9b37b2495318404bfa614897eb37ed39be7f6dfcf93ba4b,0xbb48553d0c9470eb429ba35acd350c4c242ee902,0xbb48553d0c9470eb429ba35acd350c4c242ee902,0xe7cd86e13ac4309349f30b3435a9d337750fc82d,2000000,2184,
morph,withdraw_final,25553286,1787243378000,0xe1e4948cf70601cd937094338055964e690473d2d2327de59007cac17df86b78,,,,,,254669225489072128
morph,withdraw_submit,25553989,1787244280000,0x11a63ef526f16ea998a30de210888769c6a1b9b428f26e7014fc74281458adb9,,0xbb48553d0c9470eb429ba35acd350c4c242ee902,0xe7cd86e13ac4309349f30b3435a9d337750fc82d,1000000,,254669225489072128
morph,deposit,25564958,1787264543000,0xdaee82b8a170ccb2f33675bc092babb736af5c818ac27d5402ff7f6bcb57fc7f,0xbb48553d0c9470eb429ba35acd350c4c242ee902,0xbb48553d0c9470eb429ba35acd350c4c242ee902,0xe7cd86e13ac4309349f30b3435a9d337750fc82d,2000000,2184,
morph,withdraw_final,25565035,1787264987000,0x08a19e4a5c1e691aff7cd606c56f6e739911676ebf84b0e2f5388c16bd3fd119,,,,,,256319111406026752
morph,withdraw_submit,25566039,1787266632000,0x7b436753bc4f3aa770c0d0068bca6b9ccb6191fb6783228b35f0c4e6213d2f9c,,0xbb48553d0c9470eb429ba35acd350c4c242ee902,0xe7cd86e13ac4309349f30b3435a9d337750fc82d,1000000,,256319111406026752
morph,deposit,25576973,1787286143000,0x9cb77fb2f69f36826ca1416b837c41a16843ac5012b9f14fd724db6ca37bdb20,0xbb48553d0c9470eb429ba35acd350c4c242ee902,0xbb48553d0c9470eb429ba35acd350c4c242ee902,0xe7cd86e13ac4309349f30b3435a9d337750fc82d,2000000,2184,
morph,withdraw_final,25577049,1787286588000,0x775fd54bdc464bad3765c3401fc6350b3ee2f215bc0b8bd328239e2fa6fea9ab,,,,,,257974932967784448
morph,withdraw_submit,25577719,1787287540000,0x885a7f179d77c9a76f11eef685c14976b2851e79013320beef4ba6249a404ca6,,0xbb48553d0c9470eb429ba35acd350c4c242ee902,0xe7cd86e13ac4309349f30b3435a9d337750fc82d,1000000,,257974932967784448
morph,withdraw_final,25583003,1787297335000,0x855b52a867b2b3c45041fcb82323d7736e9b0834710aef6bbb2b86e6977f4dae,,,,,,258801576754282509
morph,withdraw_submit,25583730,1787298280000,0xe146614126eff27c04832bf37cc3c04a53ee120fbf756205377a99ebaf857356,,0xf36e4157ee21218ebb3eefe4d5aa46226875029f,0xe7cd86e13ac4309349f30b3435a9d337750fc82d,1000000,,258801576754282509
morph,deposit,25584284,1787299165000,0xa5a6ae9743dca8b3f74734faaa83facd6454a30652025362c952a415dfee88f6,0x3afa43a5ca284ddc5e4a9bdc7330e197630b2774,0x3afa43a5ca284ddc5e4a9bdc7330e197630b2774,0xe7cd86e13ac4309349f30b3435a9d337750fc82d,2000000,2184,
morph,withdraw_final,25584379,1787299632000,0x5cf98560d1aa965a9c3689f80a397c2c19d927958a5529ba43fc3e4f292b875c,,,,,,258979302488408064
morph,withdraw_final,25584514,1787299855000,0x8389269954da073302fe2fcf75583ab2d04805a1621312160bc075977e3f3848,,,,,,258996662758801430
morph,withdraw_submit,25585124,1787300560000,0xbe90eef4a86d3507e725a8218d0216324153417b42223fa181a2032e73840449,,0x3afa43a5ca284ddc5e4a9bdc7330e197630b2774,0xe7cd86e13ac4309349f30b3435a9d337750fc82d,1000000,,258979302488408064
morph,withdraw_submit,25585266,1787300800000,0x4964fcbd47a29085cc98762eb74d34135594beb325e711a97b481500c9bcb4a7,,0xf36e4157ee21218ebb3eefe4d5aa46226875029f,0xe7cd86e13ac4309349f30b3435a9d337750fc82d,1000000,,258996662758801430
morph,withdraw_final,25585368,1787301279000,0x588e274c8a61d20456381890db2da4f52a420e97035e050f5f20f62067da9c44,,,,,,259106948929028108
morph,withdraw_submit,25586122,1787302180000,0x3b2052e158553d713c688f28f0ddf14ed555cebf3c3f8766a817c4363636ada9,,0xf36e4157ee21218ebb3eefe4d5aa46226875029f,0xe7cd86e13ac4309349f30b3435a9d337750fc82d,1000000,,259106948929028108
morph,deposit,25587179,1787303549000,0x3fd5af6f85d076f56c3213ceef134ccc39c9541d1c66311402e6ebcb812ed8c2,0x3c729aefecf454ba7670b1bfabbdab5cae5a143e,0x3c729aefecf454ba7670b1bfabbdab5cae5a143e,0xe7cd86e13ac4309349f30b3435a9d337750fc82d,11990000,2184,
morph,deposit,25587244,1787303661000,0x310770a65bce616277ffac3b7485a695ed5051d4830b1b3cb78e3816f6d89afb,0xf36e4157ee21218ebb3eefe4d5aa46226875029f,0xf36e4157ee21218ebb3eefe4d5aa46226875029f,0xe7cd86e13ac4309349f30b3435a9d337750fc82d,2100000,2184,
morph,deposit,25587260,1787303685000,0x9028d557c6479e03f06dd35814d6cd998fc3beb82bb07737db2eef2fd10931c0,0xf36e4157ee21218ebb3eefe4d5aa46226875029f,0xf36e4157ee21218ebb3eefe4d5aa46226875029f,0xe7cd86e13ac4309349f30b3435a9d337750fc82d,9848120,2184,
morph,withdraw_final,25587310,1787304045000,0x681257dc665cdb29edd2941765d492d1f67de9cd59195ebc64dcf31b88ddb73b,,,,,,259320778170826822
morph,withdraw_submit,25588161,1787305000000,0x742fcb374dccfea84c41241842f303e29dc5b3d5a5f8b72c37fe967265351fd8,,0xf36e4157ee21218ebb3eefe4d5aa46226875029f,0xe7cd86e13ac4309349f30b3435a9d337750fc82d,3100000,,259320778170826822
morph,withdraw_final,25588835,1787306440000,0x09354fda80d037fc77423416ee57680014885766d0daaab53ff9911982de9c8d,,,,,,259505994336305153
morph,deposit,25588852,1787306166000,0x6a3d5ca368145d79a264710758bd11b4b8755e3a1fbf6799d28e74f03ae05c49,0x3c729aefecf454ba7670b1bfabbdab5cae5a143e,0x3c729aefecf454ba7670b1bfabbdab5cae5a143e,0xe7cd86e13ac4309349f30b3435a9d337750fc82d,8880000,2184,
morph,deposit,25589232,1787306776000,0xb62e7a8dafba219d5563f44f27147911ffa7d6f37a081345beba66e2d6b14f20,0xf36e4157ee21218ebb3eefe4d5aa46226875029f,0xf36e4157ee21218ebb3eefe4d5aa46226875029f,0xe7cd86e13ac4309349f30b3435a9d337750fc82d,2200000,2184,
morph,withdraw_final,25589314,1787307212000,0xbf39bd3e656e582037fa2b54aa5ff23ce8bea62cb2ddeb375f9ccffd111ba26f,,,,,,259565771695325229
morph,withdraw_submit,25589559,1787307340000,0x122a8cc543d092e4c064ed43a7c26be5ffab21818153fe110c8a935eb20e9bfa,,0x3c729aefecf454ba7670b1bfabbdab5cae5a143e,0xe7cd86e13ac4309349f30b3435a9d337750fc82d,12480000,,259505994336305153
morph,deposit,25589784,1787307744000,0xc1de019de879740a33e8cb04884e743aba617a591beece3113d07fbe73c3448f,0xbb48553d0c9470eb429ba35acd350c4c242ee902,0xbb48553d0c9470eb429ba35acd350c4c242ee902,0xe7cd86e13ac4309349f30b3435a9d337750fc82d,2000000,2184,
morph,withdraw_final,25589861,1787308186000,0x0ed69891c56b36c5a0e187abcfcdf6f366e5d9a4c52faf0dea8380b39d6934d4,,,,,,259640761803341824
morph,withdraw_submit,25590014,1787308120000,0xf5b5484109fed69947476f7633dd66d3812b4f72de258b17daf1b817ef172ce9,,0xf36e4157ee21218ebb3eefe4d5aa46226875029f,0xe7cd86e13ac4309349f30b3435a9d337750fc82d,1000000,,259565771695325229
morph,withdraw_submit,25590595,1787309140000,0x1a6d425fddab51e8cabe076ab0b24ce91a76824efacdbe11dc8fbf74868b39d7,,0xbb48553d0c9470eb429ba35acd350c4c242ee902,0xe7cd86e13ac4309349f30b3435a9d337750fc82d,1000000,,259640761803341824
morph,deposit,25590744,1787309386000,0x10e50e53dc44de13f49b248486903ed86165e01fc7e4324022c887e192ca2155,0xf36e4157ee21218ebb3eefe4d5aa46226875029f,0xf36e4157ee21218ebb3eefe4d5aa46226875029f,0xe7cd86e13ac4309349f30b3435a9d337750fc82d,10883035,2184,
morph,withdraw_final,25590908,1787309978000,0xf8ae24f10ef5262bfe1bcac0b027f3f98d7a26310700df8c90c87b37399b5222,,,,,,259779265929674781
morph,withdraw_submit,25591612,1787310880000,0x9977650f263179283e762bd42fb889227fb24ebdb0fa1eb363759b2914584d8a,,0xf36e4157ee21218ebb3eefe4d5aa46226875029f,0xe7cd86e13ac4309349f30b3435a9d337750fc82d,19000000,,259779265929674781
morph,deposit,25602704,1787329342000,0xdf9505704965c9cc4dfab0f5e42ce655fe6111d8d06580bed5b0e21c27e3c85b,0xbb48553d0c9470eb429ba35acd350c4c242ee902,0xbb48553d0c9470eb429ba35acd350c4c242ee902,0xe7cd86e13ac4309349f30b3435a9d337750fc82d,2000000,2184,
morph,withdraw_final,25602779,1787329777000,0x4bc9322dd0028570b9487e4af0dfda62b760a9b9bcb74a64cfa3ea92d317b7c7,,,,,,261310138281885696
morph,withdraw_submit,25603439,1787330680000,0xe4207d48e05c86be52d5d58ab28dfc340c1fc1c7815ab4e1fbdb1439829dfbe3,,0xbb48553d0c9470eb429ba35acd350c4c242ee902,0xe7cd86e13ac4309349f30b3435a9d337750fc82d,1000000,,261310138281885696
morph,deposit,25615000,1787350942000,0x2b7e2d1603977aa14602e15bef6fbbbb91e280acd60a4f2ca32ea78ab7fa9b61,0xbb48553d0c9470eb429ba35acd350c4c242ee902,0xbb48553d0c9470eb429ba35acd350c4c242ee902,0xe7cd86e13ac4309349f30b3435a9d337750fc82d,2000000,2184,
morph,withdraw_final,25615077,1787351375000,0x647a809b86a7548df033fe3c0b6ed667e3e630af2ecd0bf2c58bf3519adf3ea0,,,,,,262973321417588736
morph,withdraw_submit,25615773,1787352280000,0xd62d7dbfece46f4d5e65ebb286b0125503d021f419827fc130be3d70905e3bec,,0xbb48553d0c9470eb429ba35acd350c4c242ee902,0xe7cd86e13ac4309349f30b3435a9d337750fc82d,1000000,,262973321417588736
morph,deposit,25627618,1787372544000,0x9de8755d9af8a544ba6c0a94d76b7e89d8b511a6161e27fbc125b8ca28314b5f,0xbb48553d0c9470eb429ba35acd350c4c242ee902,0xbb48553d0c9470eb429ba35acd350c4c242ee902,0xe7cd86e13ac4309349f30b3435a9d337750fc82d,2000000,2184,
morph,withdraw_final,25627694,1787372987000,0xa4f4fa0955b07d618e88102833788e3af5f0e27209bdb9da11a2ddf8101e0f58,,,,,,264640181045297152
morph,withdraw_submit,25628419,1787373940000,0xeea322916af8b7cfbfae505d7a2338001cbcdc68ea3bf81aeb85566e62decad8,,0xbb48553d0c9470eb429ba35acd350c4c242ee902,0xe7cd86e13ac4309349f30b3435a9d337750fc82d,1000000,,264640181045297152
morph,deposit,25641098,1787394143000,0x7c14ad727aca50a1fc721b90bdddfffd7c9354b742fb9dcba9e137664c86870a,0xbb48553d0c9470eb429ba35acd350c4c242ee902,0xbb48553d0c9470eb429ba35acd350c4c242ee902,0xe7cd86e13ac4309349f30b3435a9d337750fc82d,2000000,2184,
morph,withdraw_final,25641189,1787394539000,0x5e0572b6ab0fba50921d16c9eaf3f137a4d48a1ed8c312dfe0683a123755c474,,,,,,266304128685178880
morph,withdraw_submit,25641898,1787395480000,0xe280be3a6273f6d788361009954b79b9537cbb10484532ab6c5eacd4447ced24,,0xbb48553d0c9470eb429ba35acd350c4c242ee902,0xe7cd86e13ac4309349f30b3435a9d337750fc82d,1000000,,266304128685178880
morph,deposit,25652858,1787415743000,0x94010f1158afb7c391eef0635d23997c6380e378387149a7f08f480498bed5ce,0xbb48553d0c9470eb429ba35acd350c4c242ee902,0xbb48553d0c9470eb429ba35acd350c4c242ee902,0xe7cd86e13ac4309349f30b3435a9d337750fc82d,2000000,2184,
morph,withdraw_final,25652933,1787416180000,0x97a3caa573d89197aad11fa9b8af097d8ebb2815f6fac1b3c7da481e867b46d5,,,,,,267965696913178624
morph,withdraw_submit,25653604,1787417140000,0x0fd1e564c945ff15f1900cf5dd203d9c2ad424fd82dd21718fb777b97b03c126,,0xbb48553d0c9470eb429ba35acd350c4c242ee902,0xe7cd86e13ac4309349f30b3435a9d337750fc82d,1000000,,267965696913178624
morph,deposit,25664327,1787437342000,0x021b49e117d02c77dc34462a4d3e4bcd5711cbc117816650547b6eef0404a461,0xbb48553d0c9470eb429ba35acd350c4c242ee902,0xbb48553d0c9470eb429ba35acd350c4c242ee902,0xe7cd86e13ac4309349f30b3435a9d337750fc82d,2000000,2184,
morph,withdraw_final,25664405,1787437797000,0xaa891c5a55ca03792923404fe61539f1e62436e2c906e66962080a976748bc5b,,,,,,269606503269269504
morph,withdraw_submit,25665071,1787438740000,0x57483bf4e8cacc2bd45b2c540f0ff911d3a9108d18d707222bb2585f78e37279,,0xbb48553d0c9470eb429ba35acd350c4c242ee902,0xe7cd86e13ac4309349f30b3435a9d337750fc82d,1000000,,269606503269269504
morph,deposit,25675752,1787458943000,0xab585e237ebd0e2f2582a4ad9a69a1b91925ba5fb5ece82ccd730ebbc5d7bb78,0xbb48553d0c9470eb429ba35acd350c4c242ee902,0xbb48553d0c9470eb429ba35acd350c4c242ee902,0xe7cd86e13ac4309349f30b3435a9d337750fc82d,2000000,2184,
morph,withdraw_final,25675830,1787459394000,0x0318b439dc1ef333e162fece3b4dad2756f9c8d0aaa531dc63c8b9e4f6881b8c,,,,,,271240978843566080
morph,withdraw_submit,25676506,1787460340000,0x05ff1e241fe9eded9864ba98b39703f12daf4c7f40b90785541f9bb87952c7cc,,0xbb48553d0c9470eb429ba35acd350c4c242ee902,0xe7cd86e13ac4309349f30b3435a9d337750fc82d,1000000,,271240978843566080
morph,deposit,25687685,1787480543000,0x6e32a41e56e0fc62da0e092803d258b44be92f25ed6228705396a88fb25c7124,0xbb48553d0c9470eb429ba35acd350c4c242ee902,0xbb48553d0c9470eb429ba35acd350c4c242ee902,0xe7cd86e13ac4309349f30b3435a9d337750fc82d,2000000,2184,
morph,withdraw_final,25687761,1787480991000,0xff5915bec2c37b55fc746a1fc155e0dd6a5e0e93ba53b205e297f6d3bea293dd,,,,,,272883563316117504
morph,withdraw_submit,25688405,1787481940000,0x98cfbc8823699a546033243938d3e3efdb28e3c04df54d31e43d775cf2e2cefe,,0xbb48553d0c9470eb429ba35acd350c4c242ee902,0xe7cd86e13ac4309349f30b3435a9d337750fc82d,1000000,,272883563316117504
morph,deposit,25699764,1787502143000,0x090c2381e7dcd4582ccb8c34ca52fa9ba6a343fb8969a04dc6d1f0f2763d35e1,0xbb48553d0c9470eb429ba35acd350c4c242ee902,0xbb48553d0c9470eb429ba35acd350c4c242ee902,0xe7cd86e13ac4309349f30b3435a9d337750fc82d,2000000,2184,
morph,withdraw_final,25699842,1787502589000,0x4cc500e934d772fd87923127fc1b3bc8e96ed0cd355a21349a7da02e8630a26f,,,,,,274539075640229888
morph,withdraw_submit,25700496,1787503540000,0x5dbee3dda0da4ded6dd4f3be3fec51c77da44b49d3a7348be6e9bb8ccca7413a,,0xbb48553d0c9470eb429ba35acd350c4c242ee902,0xe7cd86e13ac4309349f30b3435a9d337750fc82d,1000000,,274539075640229888
morph,deposit,25711451,1787523743000,0xbad08f605cd3583f4667724af72a742f88b8f7435f01e6548ee781f71ff36f57,0xbb48553d0c9470eb429ba35acd350c4c242ee902,0xbb48553d0c9470eb429ba35acd350c4c242ee902,0xe7cd86e13ac4309349f30b3435a9d337750fc82d,2000000,2184,
morph,withdraw_final,25711531,1787524199000,0x552b392573a14257fff66c44a61e0d14380e043198c2c786bdfc8ef737922121,,,,,,276176205504315392
morph,withdraw_submit,25712196,1787525140000,0x48c9c724e5e32e0785d24ae3a2fa9d2e1db8cdcd624ec3b7f77fe8f4b1c830cd,,0xbb48553d0c9470eb429ba35acd350c4c242ee902,0xe7cd86e13ac4309349f30b3435a9d337750fc82d,1000000,,276176205504315392
morph,deposit,25720559,1787540155000,0x3846f2d6f39b7b0baf18a4f69b125fb13bba9dc4fac8c793ccd579ecbb26db4a,0x08be3cba82580aa42918e2b77c57a1f0375d43a3,0x08be3cba82580aa42918e2b77c57a1f0375d43a3,0xe7cd86e13ac4309349f30b3435a9d337750fc82d,1000000,2184,
morph,deposit,25723369,1787545344000,0x85b57db644f8621b3b881d293c12db80b8cbadc08cedcfa11118f26f8f57efdf,0xbb48553d0c9470eb429ba35acd350c4c242ee902,0xbb48553d0c9470eb429ba35acd350c4c242ee902,0xe7cd86e13ac4309349f30b3435a9d337750fc82d,2000000,2184,
morph,withdraw_final,25723447,1787545790000,0x0b48ec5d3f934497097984427489727fae00e7aa6323a53197a1bf35fc92271e,,,,,,277832087195615232
morph,withdraw_submit,25724095,1787546740000,0x98ab5bff893f2891579854fd51163c18005d884b362a4c13c4f306720f51b5f9,,0xbb48553d0c9470eb429ba35acd350c4c242ee902,0xe7cd86e13ac4309349f30b3435a9d337750fc82d,1000000,,277832087195615232
morph,deposit,25735123,1787566943000,0x208a16cae36c005777bd562d2b43b8ad1a1804ad5da4924213d98be1c4445a13,0xbb48553d0c9470eb429ba35acd350c4c242ee902,0xbb48553d0c9470eb429ba35acd350c4c242ee902,0xe7cd86e13ac4309349f30b3435a9d337750fc82d,2000000,2184,
morph,withdraw_final,25735198,1787567392000,0xdf98ac3bb571c1f12e843cc1d07523420194cb90ce9cb78977b585b5b8c8fcf0,,,,,,279485348956864512
morph,withdraw_submit,25735875,1787568339000,0xd3da51426a77f7b0f36bb8e1e7f6ee6157e6de5624f1cd66c0524d78f2e89916,,0xbb48553d0c9470eb429ba35acd350c4c242ee902,0xe7cd86e13ac4309349f30b3435a9d337750fc82d,1000000,,279485348956864512
morph,deposit,25736330,1787569205000,0xa5a281c8b4e0463f45d68fe24e2435bf34da3e5bafe88ffcc704b49eec5b060e,0x45422aa2cc6cd965777a5e0ff83fd22b87c5bdee,0x45422aa2cc6cd965777a5e0ff83fd22b87c5bdee,0xe7cd86e13ac4309349f30b3435a9d337750fc82d,1000000,2184,
morph,deposit,25747611,1787588543000,0xe7c7a8241d7eec0b3a02390a3315999e0acbf542281cb768a420f15de369814d,0xbb48553d0c9470eb429ba35acd350c4c242ee902,0xbb48553d0c9470eb429ba35acd350c4c242ee902,0xe7cd86e13ac4309349f30b3435a9d337750fc82d,2000000,2184,
morph,withdraw_final,25747688,1787588980000,0x2fab8fb626b569c28711b150bdee030fb08f216308afe84ee630ed919e874dbf,,,,,,281149090438316032
morph,deposit,25747921,1787589116000,0xb87cc13638cbda35d8b8d7b0e0ac6cbc633154e946173c8b212e4e9f04949544,0x4b134efe6ef5ea79bd991d454cc8ce8161fc4cb8,0x4b134efe6ef5ea79bd991d454cc8ce8161fc4cb8,0xe7cd86e13ac4309349f30b3435a9d337750fc82d,100000000,2184,
morph,withdraw_submit,25748350,1787589879000,0xb67567c6691243f9284d1ddd2a135311a7343e79e182ab3f596cacf17d2d7b40,,0xbb48553d0c9470eb429ba35acd350c4c242ee902,0xe7cd86e13ac4309349f30b3435a9d337750fc82d,1000000,,281149090438316032
morph,deposit,25759361,1787610143000,0x88c78be3d6c717100286268a0883d7ba77e5986a6195041c3bf12ee068e2222d,0xbb48553d0c9470eb429ba35acd350c4c242ee902,0xbb48553d0c9470eb429ba35acd350c4c242ee902,0xe7cd86e13ac4309349f30b3435a9d337750fc82d,2000000,2184,
morph,withdraw_final,25759437,1787610592000,0x136e5253a5451c5e0fc760266a0466e611c2c6e244a4f3936767814d84276011,,,,,,282777664727547904
morph,withdraw_submit,25760098,1787611539000,0x14aba08ea03bc8e2d69a39784841f6d8d244b7a668999553dabf990dbeeecf89,,0xbb48553d0c9470eb429ba35acd350c4c242ee902,0xe7cd86e13ac4309349f30b3435a9d337750fc82d,1000000,,282777664727547904
morph,deposit,25762501,1787616177000,0x95da9c667468e75f3f6668082ea91c35d5e9ef75d75b5a703370d0e0a83031c0,0x2e36623b7ffb5829e6d61bc4d5f70aaca4c1c4a2,0x2e36623b7ffb5829e6d61bc4d5f70aaca4c1c4a2,0xe7cd86e13ac4309349f30b3435a9d337750fc82d,99973435,2184,
morph,deposit,25767053,1787624396000,0x4b4892ac891c41b9702f3a982d04dff06c14cabed09393495a95753c24da77b5,0x45422aa2cc6cd965777a5e0ff83fd22b87c5bdee,0x45422aa2cc6cd965777a5e0ff83fd22b87c5bdee,0xe7cd86e13ac4309349f30b3435a9d337750fc82d,1000000,2184,
morph,deposit,25768496,1787626826000,0x6d28e9dc440463cd0c615af0dc9489e543801d002741a81e312a6f90a5a79496,0xf36e4157ee21218ebb3eefe4d5aa46226875029f,0xf36e4157ee21218ebb3eefe4d5aa46226875029f,0xe7cd86e13ac4309349f30b3435a9d337750fc82d,2000000,2184,
morph,deposit,25768714,1787627215000,0xaf3b18b7b74dbe1a968a32f8225fbff2c42d56e7e3f191fb3b69024372921605,0xf36e4157ee21218ebb3eefe4d5aa46226875029f,0xf36e4157ee21218ebb3eefe4d5aa46226875029f,0xe7cd86e13ac4309349f30b3435a9d337750fc82d,5000000,2184,
morph,withdraw_final,25768993,1787628017000,0x7b8f5c8ea2b025f5ef13eff413933ba5e2526d60ea4bd39335a40bdc94a914de,,,,,,284100153898434571
morph,withdraw_submit,25769675,1787628939000,0x2d480cd6de607a5b5e928c3cdc22ad8d15164e03aafcba972caa4a0850dee232,,0xf36e4157ee21218ebb3eefe4d5aa46226875029f,0xe7cd86e13ac4309349f30b3435a9d337750fc82d,4000000,,284100153898434571
morph,deposit,25769944,1787629447000,0x1ed47e4833b767c3db83ce0243d898755c172ebc8fa079e681cbfd949c97a9ee,0xf36e4157ee21218ebb3eefe4d5aa46226875029f,0xf36e4157ee21218ebb3eefe4d5aa46226875029f,0xe7cd86e13ac4309349f30b3435a9d337750fc82d,3300000,2184,
morph,deposit,25771227,1787631743000,0xb99ad80aa49f93882b3aa5599c2de7e913df5124d2207bb73ee08b6c04776f1d,0xbb48553d0c9470eb429ba35acd350c4c242ee902,0xbb48553d0c9470eb429ba35acd350c4c242ee902,0xe7cd86e13ac4309349f30b3435a9d337750fc82d,2000000,2184,
morph,withdraw_final,25771304,1787632189000,0xc55a2ebd19909758d6c05489f106f91129948d33d7fd7a8708333301866cfef2,,,,,,284419433156313088
morph,withdraw_submit,25771976,1787633140000,0x5d5a1cdde4d9754c341e278c1c22b9aeb972413f04d6f5179418c06dadf50d61,,0xbb48553d0c9470eb429ba35acd350c4c242ee902,0xe7cd86e13ac4309349f30b3435a9d337750fc82d,1000000,,284419433156313088
morph,deposit,25776913,1787642317000,0x1d6d996e6b481764d945897b1363dd186c1128e85c9536e053f6e8aa3799c89d,0xf36e4157ee21218ebb3eefe4d5aa46226875029f,0xf36e4157ee21218ebb3eefe4d5aa46226875029f,0xe7cd86e13ac4309349f30b3435a9d337750fc82d,2100000,2184,
morph,deposit,25777002,1787642485000,0x391636db164cfc6d4a7db6fff8a83bf8012b288c3b7cfcc1d6914000dac23eb2,0xf36e4157ee21218ebb3eefe4d5aa46226875029f,0xf36e4157ee21218ebb3eefe4d5aa46226875029f,0xe7cd86e13ac4309349f30b3435a9d337750fc82d,3000000,2184,
morph,deposit,25777030,1787642539000,0xe679bd46812b847fae51b2e4faf704d2d8386173c241dd08387d4e6b701296e8,0xf36e4157ee21218ebb3eefe4d5aa46226875029f,0xf36e4157ee21218ebb3eefe4d5aa46226875029f,0xe7cd86e13ac4309349f30b3435a9d337750fc82d,2000000,2184,
morph,withdraw_final,25777204,1787643176000,0xf4e2bae54a46396ff7d1f9e19c54edc740800d44457c3144ceaf4b7f3db2b109,,,,,,285263325531471910
morph,withdraw_final,25777776,1787644214000,0x34ba2ebedc7eb86fe9bcf323b8ba92952ac2f2bf77d27df7a66c620e6bc97a96,,,,,,285343357947871232
morph,withdraw_submit,25777888,1787644120000,0x66eaa5830ddaa4303146a12e157f3c2ebff90d036782978e36946d9980ca9a93,,0xf36e4157ee21218ebb3eefe4d5aa46226875029f,0xe7cd86e13ac4309349f30b3435a9d337750fc82d,9000000,,285263325531471910
morph,deposit,25777894,1787644126000,0xf4f288d11ae544b32bf65382d75ea344364d31e1be6d98101c43d59cda7cab01,0xf36e4157ee21218ebb3eefe4d5aa46226875029f,0xf36e4157ee21218ebb3eefe4d5aa46226875029f,0xe7cd86e13ac4309349f30b3435a9d337750fc82d,9881503,2184,
morph,deposit,25777895,1787644126000,0x1216067a59676015dc149a7ba2dfae76713c0493906932cea1c4d624bf1a02d0,0x49c3b563c956cc062c771908a608efd7e445ec67,0x49c3b563c956cc062c771908a608efd7e445ec67,0xe7cd86e13ac4309349f30b3435a9d337750fc82d,40520000,2184,
morph,deposit,25778543,1787645090000,0x6ffff7e50ba06fb1f616d1f73c6e3fc7b3f972c00eeab0a64de481fbc80da45a,0xb1be3dc5b3fbe3201e00fb6e26380ae5e204d230,0xb1be3dc5b3fbe3201e00fb6e26380ae5e204d230,0xe7cd86e13ac4309349f30b3435a9d337750fc82d,10350000,2184,
morph,withdraw_submit,25778568,1787645139000,0xf7a8a0d6b6363399733d6f6a4f1b395653a0d5a66a51a8166e240931209418c0,,0x3c729aefecf454ba7670b1bfabbdab5cae5a143e,0xe7cd86e13ac4309349f30b3435a9d337750fc82d,21260000,,285343357947871232
morph,deposit,25778609,1787645214000,0x4936273183966b74a3afab33607a2833266ad10121e395e116c75a131907219b,0xbce1239f3bfb2b9735ee55d63167a8c6a50a6161,0xbce1239f3bfb2b9735ee55d63167a8c6a50a6161,0xe7cd86e13ac4309349f30b3435a9d337750fc82d,5000000,2184,
morph,deposit,25778994,1787645925000,0x551ec555941bdaa835447da40e55efad940227b02a0db1653cb96750247b3368,0xb1be3dc5b3fbe3201e00fb6e26380ae5e204d230,0xb1be3dc5b3fbe3201e00fb6e26380ae5e204d230,0xe7cd86e13ac4309349f30b3435a9d337750fc82d,3660000,2184,
morph,deposit,25779870,1787647494000,0x032afb7cf378a0a9f772040530fb66b7a89a7c8e336ecb65e4aad589fc441734,0x0ccc1c08125fdd08c362a1e8ff325127086efcea,0x0ccc1c08125fdd08c362a1e8ff325127086efcea,0xe7cd86e13ac4309349f30b3435a9d337750fc82d,4000000000,2184,
morph,deposit,25783107,1787653344000,0xd467b8141a64c59cd5206b9c45e29cf6512f75b8cf660e307fbff20e3814c1c7,0xbb48553d0c9470eb429ba35acd350c4c242ee902,0xbb48553d0c9470eb429ba35acd350c4c242ee902,0xe7cd86e13ac4309349f30b3435a9d337750fc82d,2000000,2184,
morph,withdraw_final,25783183,1787653790000,0xc43f992bf8550eb8a8d945a5370d4c6f2430ab0fa9026eb4b0b9012ffbdb6c20,,,,,,286083990681550848
morph,withdraw_submit,25783837,1787654739000,0x3bc9ffd0df4f5f002b98871feab059a4c0c63726f8d9fd24843f78f87b435645,,0xbb48553d0c9470eb429ba35acd350c4c242ee902,0xe7cd86e13ac4309349f30b3435a9d337750fc82d,1000000,,286083990681550848
morph,deposit,25795314,1787674944000,0x82d966fb1d802599d5d86d450d3510905a662bde79afa29e51fed6658e68bd6f,0xbb48553d0c9470eb429ba35acd350c4c242ee902,0xbb48553d0c9470eb429ba35acd350c4c242ee902,0xe7cd86e13ac4309349f30b3435a9d337750fc82d,2000000,2184,
morph,withdraw_final,25795397,1787675379000,0x8cf0c925b1df53d8ae871c80767de80825d390f77c778ca321bf5e104d45e582,,,,,,287751795202064384
morph,withdraw_submit,25796037,1787676279000,0x1f2f3ecd624d7f4cd92b1cedc3d7ef49ebd7995de124aaaf90a88cdcd253cdcc,,0xbb48553d0c9470eb429ba35acd350c4c242ee902,0xe7cd86e13ac4309349f30b3435a9d337750fc82d,1000000,,287751795202064384
morph,deposit,25806992,1787696543000,0xb0b52556b878f618837fa7024cd29775c6d3d470c1668c7cf17b3c58cb0aa1d3,0xbb48553d0c9470eb429ba35acd350c4c242ee902,0xbb48553d0c9470eb429ba35acd350c4c242ee902,0xe7cd86e13ac4309349f30b3435a9d337750fc82d,2000000,2184,
morph,withdraw_final,25807071,1787696996000,0x39005440619ef9d4eff40fb405e4e75defb046d67cf73923319b87cbc1d37421,,,,,,289419350614474752
morph,withdraw_submit,25807719,1787697940000,0x7325827479a1f8ed7743fd10f843725ee74d601d975f8ab364c1ac9870d5192c,,0xbb48553d0c9470eb429ba35acd350c4c242ee902,0xe7cd86e13ac4309349f30b3435a9d337750fc82d,1000000,,289419350614474752
morph,withdraw_final,25815057,1787712071000,0xe0c6445700c2870d925feb1df57c2a5574d464569e4bdcae46f75e81ed9cf446,,,,,,290578828567248896
morph,deposit,25815140,1787711933000,0xb015c6fb32dca90a0aec9125a54cbdfd41ea927078267b10ddad1623e260df00,0x5a9669e4e050548a9e83ba38c4470f991c2d1ac0,0x5a9669e4e050548a9e83ba38c4470f991c2d1ac0,0xe7cd86e13ac4309349f30b3435a9d337750fc82d,1000000,2184,
morph,withdraw_submit,25815692,1787712999000,0x9255916f47d8c34fac183d9718fd86fa9c7b1750a903b3926a4e5b4efac6ad29,,0x5a9669e4e050548a9e83ba38c4470f991c2d1ac0,0xe7cd86e13ac4309349f30b3435a9d337750fc82d,1000000,,290578828567248896
morph,deposit,25818479,1787718143000,0x25d952031d84f23b299144f2f94ae893f3d3ce0b05cbfd43eab4f1c45afd3eb5,0xbb48553d0c9470eb429ba35acd350c4c242ee902,0xbb48553d0c9470eb429ba35acd350c4c242ee902,0xe7cd86e13ac4309349f30b3435a9d337750fc82d,2000000,2184,
morph,withdraw_final,25818558,1787718595000,0xe69ee01e57449efda699a685cce5f26a5bc36c66df0765aefd1d1596810b90f2,,,,,,291080085618819072
morph,withdraw_submit,25819207,1787719540000,0x9bdfae931a3383c980bafc6c66f13b567e68e4faeeb7ab03245eda967b84471e,,0xbb48553d0c9470eb429ba35acd350c4c242ee902,0xe7cd86e13ac4309349f30b3435a9d337750fc82d,1000000,,291080085618819072
morph,deposit,25830119,1787739744000,0x1e219d794f878b2c2a6ddfe2e95ef0ea6c0b04b4801dbcf4a0dc05f8b1409ce6,0xbb48553d0c9470eb429ba35acd350c4c242ee902,0xbb48553d0c9470eb429ba35acd350c4c242ee902,0xe7cd86e13ac4309349f30b3435a9d337750fc82d,2000000,2184,
morph,withdraw_final,25830196,1787740190000,0x42067b9d3dbc7b246b9caeee1656a86bfd15042778e9a3b16f2e7b5b98c1cf8a,,,,,,292740511385518080
morph,withdraw_submit,25830893,1787741140000,0x4823fc2d4a37c2c339eaef98d73a9c33db70ef3509efc57b742f645b4c299579,,0xbb48553d0c9470eb429ba35acd350c4c242ee902,0xe7cd86e13ac4309349f30b3435a9d337750fc82d,1000000,,292740511385518080
morph,deposit,25842200,1787761343000,0x7cae030e9a4be7eabd60c8a2029b6d51737c57f9b2ba997792dd5c52a116dc86,0xbb48553d0c9470eb429ba35acd350c4c242ee902,0xbb48553d0c9470eb429ba35acd350c4c242ee902,0xe7cd86e13ac4309349f30b3435a9d337750fc82d,2000000,2184,
morph,withdraw_final,25842279,1787761793000,0x4de60b27ba86ab560386f1d0c7902bc3dac92852f53d6b475a57f99aa8953143,,,,,,294405369558466560
morph,withdraw_submit,25842955,1787762739000,0x86773c589e958a85c508c13a584c65bcc281b95b4dd0a167feb3c1d1391d2fc2,,0xbb48553d0c9470eb429ba35acd350c4c242ee902,0xe7cd86e13ac4309349f30b3435a9d337750fc82d,1000000,,294405369558466560
morph,deposit,25853958,1787782943000,0xfb0645a115079a6dfb8ae1aa57afb3693f5e96df448c25f2d8f72db79fdd24c3,0xbb48553d0c9470eb429ba35acd350c4c242ee902,0xbb48553d0c9470eb429ba35acd350c4c242ee902,0xe7cd86e13ac4309349f30b3435a9d337750fc82d,2000000,2184,
morph,withdraw_final,25854038,1787783381000,0x202cc5129072f3ea664a4150afb41630d46d2a1ca4ba2b8af3a3d579e57728cc,,,,,,296073972942897152
morph,withdraw_submit,25854677,1787784279000,0xd7c3f75577442bfdef83ceea6f2fa90cfefe0e2479b647861188084d9f415bc4,,0xbb48553d0c9470eb429ba35acd350c4c242ee902,0xe7cd86e13ac4309349f30b3435a9d337750fc82d,1000000,,296073972942897152
morph,withdraw_final,25876036,1787824119000,0x813ab900e69e8e480d1c4d523d072c6c5946988f3214ecc328f93f90ad2f4b75,,,,,,299213113020907529
morph,withdraw_submit,25876736,1787825019000,0xcf9b731aa0c68d2276b4b30146646c2f8784fa4c0054200d310bff2ae771e361,,0xf36e4157ee21218ebb3eefe4d5aa46226875029f,0xe7cd86e13ac4309349f30b3435a9d337750fc82d,1000000,,299213113020907529
morph,deposit,25877377,1787826143000,0x48c1a7d8c6c07896e3fe0601de32b164fbdfbba09004b34d482620a72a9b9879,0xbb48553d0c9470eb429ba35acd350c4c242ee902,0xbb48553d0c9470eb429ba35acd350c4c242ee902,0xe7cd86e13ac4309349f30b3435a9d337750fc82d,2000000,2184,
morph,withdraw_final,25877463,1787826578000,0x604cd579594acfaef76ac6e5d1fa43e00374e05c3f5c15c1a7bc361d952d3a5f,,,,,,299403328511541248
morph,withdraw_submit,25878238,1787827480000,0x16a6251525633f15d1657a643c3f88ec37df516cd121aec0ecd14b9cdb4ef9a5,,0xbb48553d0c9470eb429ba35acd350c4c242ee902,0xe7cd86e13ac4309349f30b3435a9d337750fc82d,1000000,,299403328511541248
morph,deposit,25889523,1787847744000,0xfd5e90297f8f96db6f2cb6a44e0dff94e94c2a51f08c7b36345d4d4ae86d2c61,0xbb48553d0c9470eb429ba35acd350c4c242ee902,0xbb48553d0c9470eb429ba35acd350c4c242ee902,0xe7cd86e13ac4309349f30b3435a9d337750fc82d,2000000,2184,
morph,withdraw_final,25889601,1787848191000,0xf4471ee1aea9ab3a0bcec2fb069785b67f645fe5dc0bfa87962fd412b96b2b64,,,,,,301071347780419584
morph,withdraw_submit,25890298,1787849139000,0x404661bfbbac2866f0f604e927dd2337852e137caf2bfa819dc40a13fb314f9f,,0xbb48553d0c9470eb429ba35acd350c4c242ee902,0xe7cd86e13ac4309349f30b3435a9d337750fc82d,1000000,,301071347780419584
morph,deposit,25901258,1787869344000,0x5f8b1716b9226ddcdd035687ddf3ffde3c96f869d3408d2e78b003e9b7c3daad,0xbb48553d0c9470eb429ba35acd350c4c242ee902,0xbb48553d0c9470eb429ba35acd350c4c242ee902,0xe7cd86e13ac4309349f30b3435a9d337750fc82d,2000000,2184,
morph,withdraw_final,25901338,1787869799000,0x6f7e61e438615df0df4f66cca4b567bceb35113a0ddd15c58768b9c444925006,,,,,,302735252470628352
morph,withdraw_submit,25901978,1787870739000,0x9eddfbbd6633517e153222f8a23508bcb874e15c94c399bf5345b59d5f4d187e,,0xbb48553d0c9470eb429ba35acd350c4c242ee902,0xe7cd86e13ac4309349f30b3435a9d337750fc82d,1000000,,302735252470628352
morph,withdraw_final,25907484,1787881420000,0x38686bc0f72284cffd0756548aa32657b9d7c9b2726a5e3f7691d11cc67f90a3,,,,,,303625375861178368
morph,withdraw_final,25908037,1787882453000,0x79659a1514f0296aaedd60943d5bea9c33abc718f7c330e7102e92b416d9f4c7,,,,,,303705442654093358
morph,withdraw_submit,25908131,1787882319000,0xc49ed7d090c5fa3d9391ce64c17b1db9809129a6160d8c81e5e92cd7fadd5919,,0x124081c4787981ec60d6ef061542e1c8d7fb453c,0xe7cd86e13ac4309349f30b3435a9d337750fc82d,1250000,,303625375861178368
morph,withdraw_submit,25908713,1787883399000,0xcc2051c49614421736647a8beb0bd68b7990aaf34d268c19e01c38f0c6dafb3d,,0xf36e4157ee21218ebb3eefe4d5aa46226875029f,0xe7cd86e13ac4309349f30b3435a9d337750fc82d,44850000,,303705442654093358
morph,deposit,25912858,1787890943000,0xf2954ebdd320eb6e7367da3996df0cc05895ec752fb91bddcd3aa40cef45d39a,0xbb48553d0c9470eb429ba35acd350c4c242ee902,0xbb48553d0c9470eb429ba35acd350c4c242ee902,0xe7cd86e13ac4309349f30b3435a9d337750fc82d,2000000,2184,
morph,withdraw_final,25912935,1787891377000,0xbf65bdf7596fbbf1db713c3e27566872c7b35450b8507ebc92e66e020bd5f4b7,,,,,,304393539343613952
morph,withdraw_submit,25913570,1787892279000,0xddb348afafd29bdddde6cdb518cb321b8a8441a410455e9280787115aa63a2eb,,0xbb48553d0c9470eb429ba35acd350c4c242ee902,0xe7cd86e13ac4309349f30b3435a9d337750fc82d,1000000,,304393539343613952
morph,deposit,25924362,1787912543000,0xb66e9e88ab11c2209fbfe1a602917bec727dd660519a6651e63d223a0c21e1e7,0xbb48553d0c9470eb429ba35acd350c4c242ee902,0xbb48553d0c9470eb429ba35acd350c4c242ee902,0xe7cd86e13ac4309349f30b3435a9d337750fc82d,2000000,2184,
morph,withdraw_final,25924440,1787912990000,0x2e22c42ea47bdc89a8d239622478643844fce4ff7239fc7e08a0326cf650a022,,,,,,306060785518379008
morph,withdraw_submit,25925110,1787913939000,0xf3a9a659d6144c1ae770a2612d0203f4b386105975c5cfb88ca92c6f1a9cc4d8,,0xbb48553d0c9470eb429ba35acd350c4c242ee902,0xe7cd86e13ac4309349f30b3435a9d337750fc82d,1000000,,306060785518379008
morph,deposit,25936925,1787934143000,0x55bec98961e1015914456f98066a5014237861e9ea05fd8e3ef7f75bfaa6097c,0xbb48553d0c9470eb429ba35acd350c4c242ee902,0xbb48553d0c9470eb429ba35acd350c4c242ee902,0xe7cd86e13ac4309349f30b3435a9d337750fc82d,2000000,2184,
morph,withdraw_final,25937002,1787934552000,0xd057b510e1c087f57321f1639be19b54ff3dc61c8e763a2ee68dac612d35aa41,,,,,,307720472550703104
morph,withdraw_submit,25937847,1787935479000,0x89874261fbd0f0ce7556bd9cb8f9b16410aa949511dd4d841cc58e79a43f99bc,,0xbb48553d0c9470eb429ba35acd350c4c242ee902,0xe7cd86e13ac4309349f30b3435a9d337750fc82d,1000000,,307720472550703104
morph,deposit,25948925,1787955744000,0x64ed62c2759a32cb7eb33fdcdac8f9bc24da20ab9c4692c1c937a95bbbbc85be,0xbb48553d0c9470eb429ba35acd350c4c242ee902,0xbb48553d0c9470eb429ba35acd350c4c242ee902,0xe7cd86e13ac4309349f30b3435a9d337750fc82d,2000000,2184,
morph,withdraw_final,25949000,1787956188000,0x13b6ece0bdbf5c8068c6db6b7eae6812d39213786f86aeaece489e997a8f21ef,,,,,,309390802511986688
morph,withdraw_submit,25949670,1787957140000,0x25c4a6b328a36ac49a2b047f92a015192307c0049ab2f4ea46f9d746bc3ef838,,0xbb48553d0c9470eb429ba35acd350c4c242ee902,0xe7cd86e13ac4309349f30b3435a9d337750fc82d,1000000,,309390802511986688
morph,deposit,25960175,1787977343000,0x16ad485470b0110bf389ec5969774fbbf3dd171687be51d57ffe13b958ab1180,0xbb48553d0c9470eb429ba35acd350c4c242ee902,0xbb48553d0c9470eb429ba35acd350c4c242ee902,0xe7cd86e13ac4309349f30b3435a9d337750fc82d,2000000,2184,
morph,withdraw_final,25960255,1787977795000,0x48ae57a01046c794146cba465a1bc061a7e9c584a27387a809391444d564e13a,,,,,,310995110235996160
morph,withdraw_submit,25960903,1787978739000,0xb2af585d6a706c96e95d2b41c0179730af2a104ab8d708442a126e0d1901a9d4,,0xbb48553d0c9470eb429ba35acd350c4c242ee902,0xe7cd86e13ac4309349f30b3435a9d337750fc82d,1000000,,310995110235996160
morph,deposit,25971515,1787998943000,0x12d3840a6d04ae0c9f6dd1f64ace6a5cfd6ba660285ff21370a370d23dd9d714,0xbb48553d0c9470eb429ba35acd350c4c242ee902,0xbb48553d0c9470eb429ba35acd350c4c242ee902,0xe7cd86e13ac4309349f30b3435a9d337750fc82d,2000000,2184,
morph,withdraw_final,25971592,1787999394000,0x1f75bfe5ce3dbcae5560d82f762076df6c06d1205420e8129bf6ba5d79b1d1c8,,,,,,312581241658408960
morph,withdraw_submit,25972240,1788000339000,0xc7a0728c2543b842aa8ad0e7e61fa2d92ce9810c66329148d9f631d2feacfd23,,0xbb48553d0c9470eb429ba35acd350c4c242ee902,0xe7cd86e13ac4309349f30b3435a9d337750fc82d,1000000,,312581241658408960
morph,deposit,25982862,1788020543000,0x1afcd279d42dd74a6919ba3e0babd169650a6e4d1a15087465cd1ca7f11351b8,0xbb48553d0c9470eb429ba35acd350c4c242ee902,0xbb48553d0c9470eb429ba35acd350c4c242ee902,0xe7cd86e13ac4309349f30b3435a9d337750fc82d,2000000,2184,
morph,withdraw_final,25982943,1788020985000,0x6bbd1391c3ee831093c73a956f3875c5f255fddd076a3a58bdfb4b8a6916c415,,,,,,314168335153496064
morph,withdraw_submit,25983617,1788021938000,0x535976f5965404781faf9d3a541121be83ba443692c73d5dd7725b2ac655e18a,,0xbb48553d0c9470eb429ba35acd350c4c242ee902,0xe7cd86e13ac4309349f30b3435a9d337750fc82d,1000000,,314168335153496064
morph,deposit,25994256,1788042143000,0xff3a2ac39bfbe0a3c3d2f59b517776b888c3c11849843a996f7503b8f2b420fb,0xbb48553d0c9470eb429ba35acd350c4c242ee902,0xbb48553d0c9470eb429ba35acd350c4c242ee902,0xe7cd86e13ac4309349f30b3435a9d337750fc82d,2000000,2184,
morph,withdraw_final,25994332,1788042594000,0xd11c147f485bf5cc23ca7fced247139469a75d537bbb192d1ac1edb8c77db6ae,,,,,,315736350403854336
morph,deposit,25994383,1788042394000,0x35e892533547ff0d35b495f889a685d3faf2965d177ec23a857cccf374a749c7,0x0339cb697bf127030893f0a4babf25526d09f231,0x0339cb697bf127030893f0a4babf25526d09f231,0xe7cd86e13ac4309349f30b3435a9d337750fc82d,105000000,2184,
morph,withdraw_submit,25994960,1788043539000,0x217cd92d03469c1f5df59d338cf805346215a01eda195431a8332a32186f13b0,,0xbb48553d0c9470eb429ba35acd350c4c242ee902,0xe7cd86e13ac4309349f30b3435a9d337750fc82d,1000000,,315736350403854336
morph,deposit,26005339,1788063743000,0xd19e278f66d915b1434b01575c44a3d9750e509dc36939249dad3d8d472f3eb0,0xbb48553d0c9470eb429ba35acd350c4c242ee902,0xbb48553d0c9470eb429ba35acd350c4c242ee902,0xe7cd86e13ac4309349f30b3435a9d337750fc82d,2000000,2184,
morph,withdraw_final,26005415,1788064190000,0xfc76584326d0195354a565a51197f93e26b99f47ef3e67302bd1f6262839e197,,,,,,317310979903848448
morph,withdraw_submit,26006060,1788065139000,0xe93d197a2ef87a680f90ada2271b055374cbabab04bb846a74e9684e7e92fb6d,,0xbb48553d0c9470eb429ba35acd350c4c242ee902,0xe7cd86e13ac4309349f30b3435a9d337750fc82d,1000000,,317310979903848448
morph,deposit,26016614,1788085343000,0x5cf484023def4c0311a0c484fb0f94d50bccc8e6978005fee57f33773bab1b97,0xbb48553d0c9470eb429ba35acd350c4c242ee902,0xbb48553d0c9470eb429ba35acd350c4c242ee902,0xe7cd86e13ac4309349f30b3435a9d337750fc82d,2000000,2184,
morph,withdraw_final,26016690,1788085795000,0x6fd6b81fa012495ba0617d0101372274351fbdfbde774274dddf0afecbc738a4,,,,,,318891665307729920
morph,withdraw_submit,26017339,1788086739000,0xcfdb5d5de1d353070f7b6f4e43d94c3de84d3b967302d912f5c829dd0f7faa18,,0xbb48553d0c9470eb429ba35acd350c4c242ee902,0xe7cd86e13ac4309349f30b3435a9d337750fc82d,1000000,,318891665307729920
morph,withdraw_final,26026555,1788104005000,0x0e3ebc449bffd2da5e9c4ee98dfffdcc00e1a6caf7280469d565cd12084202ea,,,,,,320262584508874752
morph,withdraw_submit,26027212,1788104918000,0x35a9de80781cea6a01705cfc80fea136d406d70f4b5e8f5fd84c072995d760b1,,0x0ccc1c08125fdd08c362a1e8ff325127086efcea,0xe7cd86e13ac4309349f30b3435a9d337750fc82d,3499000000,,320262584508874752
morph,deposit,26028490,1788106943000,0x44ade90806b7722e975bb93de99f9125e87891d01530fb3be75db462d108ee0b,0xbb48553d0c9470eb429ba35acd350c4c242ee902,0xbb48553d0c9470eb429ba35acd350c4c242ee902,0xe7cd86e13ac4309349f30b3435a9d337750fc82d,2000000,2184,
morph,withdraw_final,26028567,1788107359000,0x861ab87ead7bac634a826f900a7d5784859a4221de64ac99f96e9079245daf3e,,,,,,320518555969781760
morph,withdraw_submit,26029333,1788108279000,0xef058315c162ed65d6a7d907b40a0a650e7e2ea5594aac5bac22bb0bcbd80ec7,,0xbb48553d0c9470eb429ba35acd350c4c242ee902,0xe7cd86e13ac4309349f30b3435a9d337750fc82d,1000000,,320518555969781760
morph,deposit,26040556,1788128543000,0x97bd26052fee231b79c7e14bd9628d21b45c7e152b99a61eb7c3244dea38ff63,0xbb48553d0c9470eb429ba35acd350c4c242ee902,0xbb48553d0c9470eb429ba35acd350c4c242ee902,0xe7cd86e13ac4309349f30b3435a9d337750fc82d,2000000,2184,
morph,withdraw_final,26040634,1788128979000,0xd80faee066c2269badfb0147850ba38a46b5263fc55ec73d9c4acb342341b551,,,,,,322161088902725632
morph,withdraw_submit,26041292,1788129879000,0x66b2efddf254066c85801c5b0c2fe9feab26684c9c5f53932907dbbc4460d36d,,0xbb48553d0c9470eb429ba35acd350c4c242ee902,0xe7cd86e13ac4309349f30b3435a9d337750fc82d,1000000,,322161088902725632
morph,deposit,26052646,1788150143000,0x4d895217e976a547191254acc2d7f0dc727d5f6d893ebe94c2c7b5c43ee64e61,0xbb48553d0c9470eb429ba35acd350c4c242ee902,0xbb48553d0c9470eb429ba35acd350c4c242ee902,0xe7cd86e13ac4309349f30b3435a9d337750fc82d,2000000,2184,
morph,withdraw_final,26052726,1788150584000,0x2948273857decb971dbdaae79ca84f5af188e9c980efd32cbce16b140fdd4c18,,,,,,323827931350564864
morph,withdraw_submit,26053387,1788151538000,0x4ed5fb8d364600dac11501956e1f14b0432b5fb33b30a69a19041359084457ac,,0xbb48553d0c9470eb429ba35acd350c4c242ee902,0xe7cd86e13ac4309349f30b3435a9d337750fc82d,1000000,,323827931350564864
morph,deposit,26056537,1788157157000,0x43d3f1b5433a7da57824b98a67456b8ca4c5df8155f269105fac8089b6836681,0x3905fdd33aa3d4351a4e64c57568d108f67e0561,0x3905fdd33aa3d4351a4e64c57568d108f67e0561,0xe7cd86e13ac4309349f30b3435a9d337750fc82d,100000000,2184,
morph,deposit,26057414,1788158697000,0x4d4b4bc970dfcc40a262a976e5ae70671a23f3669c0298f62e641569a3b497c2,0x3905fdd33aa3d4351a4e64c57568d108f67e0561,0x3905fdd33aa3d4351a4e64c57568d108f67e0561,0xe7cd86e13ac4309349f30b3435a9d337750fc82d,99899900000,2184,
morph,withdraw_final,26063150,1788169321000,0x1a15dc14d3ebe8b1f852234a219c76dd1c3918d62562f1695700c7a0509e99b6,,,,,,325271040353632256
morph,withdraw_submit,26063817,1788170259000,0xe665da138a9a6b02d3d264d8cab0617608c08514b5b0715430a72b4c481b6e18,,0x5a9669e4e050548a9e83ba38c4470f991c2d1ac0,0xe7cd86e13ac4309349f30b3435a9d337750fc82d,4000000,,325271040353632256
morph,deposit,26064369,1788171274000,0x87c5a68885c131945e0667abdcf3be4229d0154ddde0ee6eeb596bdce42cf7ab,0x5a9669e4e050548a9e83ba38c4470f991c2d1ac0,0x5a9669e4e050548a9e83ba38c4470f991c2d1ac0,0xe7cd86e13ac4309349f30b3435a9d337750fc82d,1100000,2184,
morph,deposit,26064618,1788171744000,0xd918b7a31abb92f8dfb53cac3c93c60d7f74c574d01ac8479d7c15ca970f112b,0xbb48553d0c9470eb429ba35acd350c4c242ee902,0xbb48553d0c9470eb429ba35acd350c4c242ee902,0xe7cd86e13ac4309349f30b3435a9d337750fc82d,2000000,2184,
morph,withdraw_final,26064695,1788172184000,0x34cfe8e9e357c3f19a8ed02936e4426f22180d14da42b266b8ec305b5bf55aac,,,,,,325491758731362304
morph,withdraw_submit,26065360,1788173140000,0xfb9f0e18d4b7bb3efae5679fa8a2c4fb50fcf19c7af89072830a0119ce08f45e,,0xbb48553d0c9470eb429ba35acd350c4c242ee902,0xe7cd86e13ac4309349f30b3435a9d337750fc82d,1000000,,325491758731362304
morph,withdraw_final,26065471,1788173656000,0x26d0ae247ef6e7c20df9d335286ad8ff439baa51adbe017c89dcfc8bc66d3eff,,,,,,325604364200706048
morph,withdraw_submit,26066132,1788174579000,0xb026a77809c077e643c97a5869fe2378bac70bc99be91d7450f41113cfec5a47,,0xb04a95945a54028c73e47e9a86bd8ef6fd73c556,0xe7cd86e13ac4309349f30b3435a9d337750fc82d,1000000,,325604364200706048
morph,deposit,26077074,1788193344000,0x18c672b195e25b841c1301acbfe30fbd6d11bfc28868819d0109b12de4e495c2,0xbb48553d0c9470eb429ba35acd350c4c242ee902,0xbb48553d0c9470eb429ba35acd350c4c242ee902,0xe7cd86e13ac4309349f30b3435a9d337750fc82d,2000000,2184,
morph,withdraw_final,26077149,1788193786000,0xb01c45b28c0f084b4e2526babd5ba404a7bf4ea58b9aa1cb78e78a8df4129a6e,,,,,,327154572499877888
morph,withdraw_submit,26077834,1788194739000,0x1e174bbc2bd40db651890316899e717a64f520ce93bd7ef5bb706ca852746a46,,0xbb48553d0c9470eb429ba35acd350c4c242ee902,0xe7cd86e13ac4309349f30b3435a9d337750fc82d,1000000,,327154572499877888
morph,deposit,26088660,1788214944000,0x4fc8a32cb1928a4efa293bf50b0ccdeb98b0b9367f1391bef0381bffcacd615e,0xbb48553d0c9470eb429ba35acd350c4c242ee902,0xbb48553d0c9470eb429ba35acd350c4c242ee902,0xe7cd86e13ac4309349f30b3435a9d337750fc82d,2000000,2184,
morph,withdraw_final,26088736,1788215384000,0xb21d495060b897119ede37de8b1eb8b84d4dfce46caaf27b1fd2e6381a3aa0e6,,,,,,328813675416649728
morph,withdraw_submit,26089389,1788216339000,0x2a15473b7352c3721ef1151c3f54bcd20c4453b94ab27b64b81cbe5ce72f87e9,,0xbb48553d0c9470eb429ba35acd350c4c242ee902,0xe7cd86e13ac4309349f30b3435a9d337750fc82d,1000000,,328813675416649728
morph,deposit,26097941,1788232637000,0xbfe4aa1d9fce1308b6f15010efb9b3001adeeed8255cc131c4492525af5f1b71,0x6252b6bc2d633a3f232440f5dc938ec247cf8155,0x6252b6bc2d633a3f232440f5dc938ec247cf8155,0xe7cd86e13ac4309349f30b3435a9d337750fc82d,5000000,2184,
morph,deposit,26100046,1788236543000,0x9ee0ab7b002359ae4f2a28f26218430a528a86df0aa25dda3fce66a5993dbf48,0xbb48553d0c9470eb429ba35acd350c4c242ee902,0xbb48553d0c9470eb429ba35acd350c4c242ee902,0xe7cd86e13ac4309349f30b3435a9d337750fc82d,2000000,2184,
morph,withdraw_final,26100124,1788236992000,0xb30d2ac3c07fde00dccbc922aa851ba3e1b10f0c2a7578efca0ade84b497a5ed,,,,,,330463475434258432
morph,withdraw_submit,26100775,1788237940000,0xaeaf288f4aca2c48ace41020293a315fc9d2cf4f2f9927bdbf5e5aa4187c5811,,0xbb48553d0c9470eb429ba35acd350c4c242ee902,0xe7cd86e13ac4309349f30b3435a9d337750fc82d,1000000,,330463475434258432
morph,withdraw_final,26106131,1788248259000,0xcefffbfaf8df043d08e0e5e995fbb144abdb6703f276a4d2eaee734d828f23a1,,,,,,331329658681294848
morph,withdraw_submit,26107004,1788249520000,0xad846ed5cb9674a4505022b0c839b231165f6434b775d0bc207c479a417fd96d,,0x6252b6bc2d633a3f232440f5dc938ec247cf8155,0xe7cd86e13ac4309349f30b3435a9d337750fc82d,3986989,,331329658681294848
morph,deposit,26111723,1788258143000,0xab9b8aacded33e0fe5c7a11f55172065508f8155cdc539607b31e88ca2a1fafc,0xbb48553d0c9470eb429ba35acd350c4c242ee902,0xbb48553d0c9470eb429ba35acd350c4c242ee902,0xe7cd86e13ac4309349f30b3435a9d337750fc82d,2000000,2184,
morph,withdraw_final,26111801,1788258579000,0xf8660d975002610e791e6e351ad7ee7170f075f20c23d121b562296f25a8e7c9,,,,,,332126598440419328
morph,withdraw_submit,26111995,1788258639000,0x07b06102ca6200b39c2993d429e7736c3adadaa264ae44cc4410f498543ae278,,0xbb48553d0c9470eb429ba35acd350c4c242ee902,0xe7cd86e13ac4309349f30b3435a9d337750fc82d,1000000,,332126598440419328
morph,deposit,26123654,1788279743000,0xa213a7f4709b0589b26c17915c38e7ad9a40c6cce917e338b62c9584535b6dfa,0xbb48553d0c9470eb429ba35acd350c4c242ee902,0xbb48553d0c9470eb429ba35acd350c4c242ee902,0xe7cd86e13ac4309349f30b3435a9d337750fc82d,2000000,2184,
morph,withdraw_final,26123737,1788280174000,0x9542bc2ac3e971537c4501bbff1a0373796b56b3ca4888472bafdf02eb2773e7,,,,,,333791886110097408
morph,withdraw_submit,26123940,1788280240000,0x8b7ea0d3358766a3441edb81df098c56f7f93d5a0d83c18af21e24f63d669878,,0xbb48553d0c9470eb429ba35acd350c4c242ee902,0xe7cd86e13ac4309349f30b3435a9d337750fc82d,1000000,,333791886110097408
morph,deposit,26135659,1788301343000,0x2eb1f68bc8f99c452eab7cedd92c97f6f2d1130013494f5a9b16549f5f6c65b6,0xbb48553d0c9470eb429ba35acd350c4c242ee902,0xbb48553d0c9470eb429ba35acd350c4c242ee902,0xe7cd86e13ac4309349f30b3435a9d337750fc82d,2000000,2184,
morph,withdraw_final,26135737,1788301789000,0x889b52790a6232aef4ea913574316969512ad9da908fce6fc762774e1b8d7071,,,,,,335457336988532736
morph,withdraw_submit,26135952,1788301898000,0xea931480661d59beef9ca767f09c19d579efd2d0aa3b215e5f4b6b3874ec23d9,,0xbb48553d0c9470eb429ba35acd350c4c242ee902,0xe7cd86e13ac4309349f30b3435a9d337750fc82d,1000000,,335457336988532736
morph,deposit,26144290,1788317493000,0x6c92c55030eda4f6c9bbc7a8f1f6a361e170444cfdde52e92fb37105cc080be4,0x5c080b8890dfd48c6fb00764e6f69ea884823bb3,0x5a9669e4e050548a9e83ba38c4470f991c2d1ac0,0xe7cd86e13ac4309349f30b3435a9d337750fc82d,1100000,2184,
morph,deposit,26147229,1788322943000,0xf9cb14de8583c215246aa03526a3404c27b15e4720610fda3886e094d2d2cd75,0xbb48553d0c9470eb429ba35acd350c4c242ee902,0xbb48553d0c9470eb429ba35acd350c4c242ee902,0xe7cd86e13ac4309349f30b3435a9d337750fc82d,2000000,2184,
morph,withdraw_final,26147305,1788323389000,0x65316b0b7663f3d0e3943e7d9cff92032ecd05e95575666dc1c0eb5f234c8bb6,,,,,,337121276038479872
morph,withdraw_submit,26147522,1788323499000,0x08ed4a75f54621d52bdee351120daaf20619780219b2fd7a32733841798b8c6f,,0xbb48553d0c9470eb429ba35acd350c4c242ee902,0xe7cd86e13ac4309349f30b3435a9d337750fc82d,1000000,,337121276038479872
morph,deposit,26158867,1788344544000,0xcf626b0b821533d6440c116f37c77a5720a9568a77a64b6512884476d5f349f5,0xbb48553d0c9470eb429ba35acd350c4c242ee902,0xbb48553d0c9470eb429ba35acd350c4c242ee902,0xe7cd86e13ac4309349f30b3435a9d337750fc82d,2000000,2184,
morph,withdraw_final,26158942,1788344984000,0xcf3e0fac6fd0318479763fc6fde25767b71069a35755b7eca6491ca4fb265608,,,,,,338788367594422272
morph,withdraw_submit,26159163,1788345099000,0xff14638f787889513ab05b6a03174dd411e73342c7b489907dd4cbbc4ace42d6,,0xbb48553d0c9470eb429ba35acd350c4c242ee902,0xe7cd86e13ac4309349f30b3435a9d337750fc82d,1000000,,338788367594422272
morph,deposit,26161007,1788348441000,0xd167b6cf5c4612d2ac72a2c325d3a78b76740213d86715b9a4ac0313cdecbba1,0xf36e4157ee21218ebb3eefe4d5aa46226875029f,0xf36e4157ee21218ebb3eefe4d5aa46226875029f,0xe7cd86e13ac4309349f30b3435a9d337750fc82d,5000000,2184,
morph,withdraw_final,26161422,1788349496000,0xa012487b777fa36e1047d62b6322138bbace28390978e6bd509cf658a08e53bf,,,,,,339136929981268007
morph,deposit,26161605,1788349540000,0xb93e0f7b4c88536dab8ef1785dabf0d924d4b8a0a1cba861d415665de1688460,0xf36e4157ee21218ebb3eefe4d5aa46226875029f,0xf36e4157ee21218ebb3eefe4d5aa46226875029f,0xe7cd86e13ac4309349f30b3435a9d337750fc82d,4400000,2184,
morph,withdraw_submit,26161640,1788349599000,0x805d784cd2b5ca665d48731735833295798cd29ff4c4854e7940ea3a3eeb2e8c,,0xf36e4157ee21218ebb3eefe4d5aa46226875029f,0xe7cd86e13ac4309349f30b3435a9d337750fc82d,1000000,,339136929981268007
morph,deposit,26163322,1788352685000,0x18d09d08514a652840f956eb3b11dc930cbce283007b15ca80bec6ec113ac127,0x86a2055ff5f66f3baf71f4cdd4046d7f0a349a3d,0x86a2055ff5f66f3baf71f4cdd4046d7f0a349a3d,0xe7cd86e13ac4309349f30b3435a9d337750fc82d,1980000,2184,
morph,withdraw_final,26163590,1788353495000,0x49e483076ad9160477acd38bfdc79eb5962f7f94a3002efd1eebf87bd44fbe96,,,,,,339445884158738505
morph,withdraw_final,26163774,1788353840000,0x098294187bace24811b37a13446603735740b252605a021950bd778b4431d19d,,,,,,339472495776104485
morph,withdraw_submit,26163785,1788353560000,0x3bbb47172a71d5f69daa12e72bf78b309b62a920d84c79a9e0da83e5aa55f4f5,,0xf36e4157ee21218ebb3eefe4d5aa46226875029f,0xe7cd86e13ac4309349f30b3435a9d337750fc82d,1000000,,339445884158738505
morph,withdraw_submit,26163971,1788353918000,0xa06af06dd03b0d60e2014e516d9d7f9f401439f3465599faf06fdb97b6b7c2fc,,0xf36e4157ee21218ebb3eefe4d5aa46226875029f,0xe7cd86e13ac4309349f30b3435a9d337750fc82d,1000000,,339472495776104485
morph,deposit,26164046,1788354060000,0x81ef2190aef00588869e0e067fbb95bc050ae06c8edc3517d5f1b660087e8e46,0xf36e4157ee21218ebb3eefe4d5aa46226875029f,0xf36e4157ee21218ebb3eefe4d5aa46226875029f,0xe7cd86e13ac4309349f30b3435a9d337750fc82d,3000000,2184,
morph,withdraw_final,26164061,1788354388000,0x6709c9a62d316f1c2b0d70778ff2ac31f483f780d3cf213ed06d67a50f5cc213,,,,,,339514904283185159
morph,withdraw_submit,26164268,1788354459000,0x63ebc94df5178c2a46a6cb088d815422d4b31508ff8afd3469da6be7ef5a258a,,0xf36e4157ee21218ebb3eefe4d5aa46226875029f,0xe7cd86e13ac4309349f30b3435a9d337750fc82d,1000000,,339514904283185159
morph,deposit,26164924,1788355704000,0x0789e6b7fdd3e614e07e8ed295c49ade63f1c9c1ac7d40657eb8b0a6a411a3ff,0xf36e4157ee21218ebb3eefe4d5aa46226875029f,0xf36e4157ee21218ebb3eefe4d5aa46226875029f,0xe7cd86e13ac4309349f30b3435a9d337750fc82d,2100000,2184,
morph,deposit,26164935,1788355725000,0xf19174516b63a4ff3ea597593d646e85252c669732995a816aec58e424239921,0xf36e4157ee21218ebb3eefe4d5aa46226875029f,0xf36e4157ee21218ebb3eefe4d5aa46226875029f,0xe7cd86e13ac4309349f30b3435a9d337750fc82d,2200000,2184,
morph,deposit,26164943,1788355741000,0x18b204b46315b033eae1fd110ac869e88c90bf2c841a87efc85c250f4ca70f18,0xf36e4157ee21218ebb3eefe4d5aa46226875029f,0xf36e4157ee21218ebb3eefe4d5aa46226875029f,0xe7cd86e13ac4309349f30b3435a9d337750fc82d,2300000,2184,
morph,deposit,26164953,1788355759000,0x4bb250afe398f056b1c0a70e81bdac4e82919a9dede0bd18a5898acdd75c0ca3,0xf36e4157ee21218ebb3eefe4d5aa46226875029f,0xf36e4157ee21218ebb3eefe4d5aa46226875029f,0xe7cd86e13ac4309349f30b3435a9d337750fc82d,2400000,2184,
morph,deposit,26164959,1788355771000,0xc876ddcbd52d6dab84b5106d1d8602ee98067007c4086eb9c11c43b277d017e1,0xf36e4157ee21218ebb3eefe4d5aa46226875029f,0xf36e4157ee21218ebb3eefe4d5aa46226875029f,0xe7cd86e13ac4309349f30b3435a9d337750fc82d,9888592,2184,
morph,deposit,26164963,1788355777000,0x2f7aeed04e397722d011c20f3a499354681ee59f2a1e22d65ff7b678eaee9176,0xf36e4157ee21218ebb3eefe4d5aa46226875029f,0xf36e4157ee21218ebb3eefe4d5aa46226875029f,0xe7cd86e13ac4309349f30b3435a9d337750fc82d,2500000,2184,
morph,deposit,26165067,1788355970000,0xee3fdc6ffdf63b97677e6b3ebfeb063a35ca7afa9bbe09321f388f2c4f53f099,0xf36e4157ee21218ebb3eefe4d5aa46226875029f,0xf36e4157ee21218ebb3eefe4d5aa46226875029f,0xe7cd86e13ac4309349f30b3435a9d337750fc82d,2120000,2184,
morph,deposit,26165075,1788355983000,0x644787ec74f9ddef0c44c757d3b803d9370b2cb3f046be0158b2a2b8ed9f0957,0xf36e4157ee21218ebb3eefe4d5aa46226875029f,0xf36e4157ee21218ebb3eefe4d5aa46226875029f,0xe7cd86e13ac4309349f30b3435a9d337750fc82d,2110000,2184,
morph,deposit,26165086,1788355999000,0xd92d65723410dd5861b4055206e304118844ec47be1d7ad886d549d1b8d01e2e,0xf36e4157ee21218ebb3eefe4d5aa46226875029f,0xf36e4157ee21218ebb3eefe4d5aa46226875029f,0xe7cd86e13ac4309349f30b3435a9d337750fc82d,2130000,2184,
morph,deposit,26165093,1788356012000,0x65e062df06a2afc9c6c0fadf76831ea012e8f755d5d025e9e9125de47233aa50,0xf36e4157ee21218ebb3eefe4d5aa46226875029f,0xf36e4157ee21218ebb3eefe4d5aa46226875029f,0xe7cd86e13ac4309349f30b3435a9d337750fc82d,2140000,2184,
morph,deposit,26165103,1788356031000,0xe0331c63e48ae1290652961753d74f9eddcc44fcb3b5ef7b4daf29a4511f02ab,0xf36e4157ee21218ebb3eefe4d5aa46226875029f,0xf36e4157ee21218ebb3eefe4d5aa46226875029f,0xe7cd86e13ac4309349f30b3435a9d337750fc82d,2150000,2184,
morph,deposit,26171108,1788366144000,0x90857048e8d1608591c454920a175356dce0ca856a23efb2258e169d82663c9b,0xbb48553d0c9470eb429ba35acd350c4c242ee902,0xbb48553d0c9470eb429ba35acd350c4c242ee902,0xe7cd86e13ac4309349f30b3435a9d337750fc82d,2000000,2184,
morph,withdraw_final,26171154,1788366514000,0x0d195f11f11f3b7b122bbf8b73c9d8d42e23943a134efd0ab287169b4a6b55f2,,,,,,340449772613664768
morph,withdraw_submit,26171360,1788366580000,0x6393650ea035c567a285411dc61b978fe4e6dd529449b73e3ece82697f57402f,,0xbb48553d0c9470eb429ba35acd350c4c242ee902,0xe7cd86e13ac4309349f30b3435a9d337750fc82d,1000000,,340449772613664768
morph,deposit,26182913,1788387743000,0x5a29a772b0268aed10c748a98ef4a63bbbd4cd45fad2925c435e06316f48e3fe,0xbb48553d0c9470eb429ba35acd350c4c242ee902,0xbb48553d0c9470eb429ba35acd350c4c242ee902,0xe7cd86e13ac4309349f30b3435a9d337750fc82d,2000000,2184,
morph,withdraw_final,26182951,1788388118000,0x23083138da392af8a06899f88230df94de7fe143994035930918ee5aa8215e49,,,,,,342115652988829696
morph,withdraw_submit,26183141,1788388179000,0xbd5c208fb2b757b9bae2e66268d3da5ee05290cf23cd243a06639f8edd0ee34d,,0xbb48553d0c9470eb429ba35acd350c4c242ee902,0xe7cd86e13ac4309349f30b3435a9d337750fc82d,1000000,,342115652988829696
morph,deposit,26190494,1788401928000,0x7e11f3ad4ff09f96aab7c2c82ca7e53192fdc72f08db98371999cc06af49d74b,0xf36e4157ee21218ebb3eefe4d5aa46226875029f,0xf36e4157ee21218ebb3eefe4d5aa46226875029f,0xe7cd86e13ac4309349f30b3435a9d337750fc82d,3130000,2184,
morph,deposit,26191949,1788404567000,0x476686f3d711d2e5aaa7d630dc00c83fe37ef01b3513d110331d174b2d8de42f,0xf36e4157ee21218ebb3eefe4d5aa46226875029f,0xf36e4157ee21218ebb3eefe4d5aa46226875029f,0xe7cd86e13ac4309349f30b3435a9d337750fc82d,4500000,2184,
morph,withdraw_final,26192971,1788406764000,0xd44ce0a2b0facc9ae4a36367a7edab173a6ec413c424c2f9ebc53dd4de968ac7,,,,,,343553565089857536
morph,withdraw_submit,26193174,1788406839000,0x7212a2df7c3ab151b6786c64dae3451da63f28d7594a08e94eaead6c93f363d7,,0x0ccc1c08125fdd08c362a1e8ff325127086efcea,0xe7cd86e13ac4309349f30b3435a9d337750fc82d,493531932,,343553565089857536
morph,deposit,26194538,1788409344000,0x9cdfbd4c99c489a1c8cd9241fc5c30652ba86cf92a5908c7471140d34c17ac00,0xbb48553d0c9470eb429ba35acd350c4c242ee902,0xbb48553d0c9470eb429ba35acd350c4c242ee902,0xe7cd86e13ac4309349f30b3435a9d337750fc82d,2000000,2184,
morph,withdraw_final,26194575,1788409713000,0x09da9cbf44eadb29a63fa910a7a8b62271b3ca966fcada41877631879af9843a,,,,,,343781121047134208
morph,withdraw_submit,26194770,1788409779000,0x3aae63b3d9407e4923fccd39356549b385330820404db4e70cc12bb00213b451,,0xbb48553d0c9470eb429ba35acd350c4c242ee902,0xe7cd86e13ac4309349f30b3435a9d337750fc82d,1000000,,343781121047134208
morph,deposit,26200951,1788420702000,0xb16e1d8da72354535c3dd41a9963f795b36aabc6e33a63873377df961fc7870b,0x460c5d211111d544162ac6599fdc8cfe277e1d23,0x460c5d211111d544162ac6599fdc8cfe277e1d23,0xe7cd86e13ac4309349f30b3435a9d337750fc82d,3520000,2184,
morph,deposit,26204104,1788426312000,0x746453336fdabcfff4683d795c5f641096060f56499fbb0c222ee8492f1ef1f4,0x5c080b8890dfd48c6fb00764e6f69ea884823bb3,0x5a9669e4e050548a9e83ba38c4470f991c2d1ac0,0xe7cd86e13ac4309349f30b3435a9d337750fc82d,1800000,2184,
morph,deposit,26205968,1788429754000,0xbac7d0db64ad7ab842c48057f6328e240d7b4601714ebaf2d3a5f12fff3847d0,0x5a9669e4e050548a9e83ba38c4470f991c2d1ac0,0x5a9669e4e050548a9e83ba38c4470f991c2d1ac0,0xe7cd86e13ac4309349f30b3435a9d337750fc82d,1000000,2184,
morph,deposit,26206605,1788430943000,0x5ef5c12d71b9929bee93617bd09b60f33515371f8b8b9b9c8554ef4c58d860fc,0xbb48553d0c9470eb429ba35acd350c4c242ee902,0xbb48553d0c9470eb429ba35acd350c4c242ee902,0xe7cd86e13ac4309349f30b3435a9d337750fc82d,2000000,2184,
morph,withdraw_final,26206642,1788431311000,0x462eb6bb9b275245a8fceaf946f75307ce154d8f49da88af0bb051e3b8e90b7a,,,,,,345449234805293056
morph,withdraw_submit,26206837,1788431379000,0x4d74b81bd4db440fe270e89768cf8f5cd4387a8fa64ceba9038a019f6d52e04a,,0xbb48553d0c9470eb429ba35acd350c4c242ee902,0xe7cd86e13ac4309349f30b3435a9d337750fc82d,1000000,,345449234805293056
morph,deposit,26219609,1788451768000,0xcc72fe237f56447f80c7f94ede02458c6b137e79688a95317ddd1e39524724e3,0x948059d5a2004f5e4faac42c14caee51b209f2a5,0x948059d5a2004f5e4faac42c14caee51b209f2a5,0xe7cd86e13ac4309349f30b3435a9d337750fc82d,10000000,2184,
morph,deposit,26220064,1788452543000,0x8858e1b6635b470d9c28965e3a943345b03a6bf75c948e48a7d0a47d2cfb948a,0xbb48553d0c9470eb429ba35acd350c4c242ee902,0xbb48553d0c9470eb429ba35acd350c4c242ee902,0xe7cd86e13ac4309349f30b3435a9d337750fc82d,2000000,2184,
morph,withdraw_final,26220104,1788452912000,0x3e13fcb0dccca1a60e91df8fab98fe555c4a7d4221d9ce375209fa522766c623,,,,,,347115278389215232
morph,withdraw_submit,26220315,1788452980000,0x709ee1acb9ea47ca15ed835c9fd1f9b7c8dcef5eb36d07089cc60624b372dccc,,0xbb48553d0c9470eb429ba35acd350c4c242ee902,0xe7cd86e13ac4309349f30b3435a9d337750fc82d,1000000,,347115278389215232
morph,deposit,26232112,1788474144000,0x8e84292ea06cdee3d103633813d8f724e6e097626aaf92a757afc0639c13cda3,0xbb48553d0c9470eb429ba35acd350c4c242ee902,0xbb48553d0c9470eb429ba35acd350c4c242ee902,0xe7cd86e13ac4309349f30b3435a9d337750fc82d,2000000,2184,
morph,withdraw_final,26232149,1788474513000,0x14b6a6b48d11ea7c5f60552d044c9b2b242f0cc0260b44fd8caa5e52ff26bfa3,,,,,,348782902521102336
morph,withdraw_submit,26232353,1788474579000,0x4c0e82a894137c51e187b650f5d82847f029452989f15f4c5ec767e7c2e669b8,,0xbb48553d0c9470eb429ba35acd350c4c242ee902,0xe7cd86e13ac4309349f30b3435a9d337750fc82d,1000000,,348782902521102336
morph,deposit,26243847,1788495743000,0x5e548819f6d055f95b6c57659d92a9f6679f56882b3d76774b12af3eaa733b14,0xbb48553d0c9470eb429ba35acd350c4c242ee902,0xbb48553d0c9470eb429ba35acd350c4c242ee902,0xe7cd86e13ac4309349f30b3435a9d337750fc82d,2000000,2184,
morph,withdraw_final,26243888,1788496109000,0xc73b77928e553173743502edd4a18a8e66ffc85c123c162e8d599c7f42662ad6,,,,,,350451282567233536
morph,withdraw_submit,26244100,1788496179000,0x428fd0df1f1d91b7ddfccf52bc329501e884eaf05e849066d5ef3f29f2acaef5,,0xbb48553d0c9470eb429ba35acd350c4c242ee902,0xe7cd86e13ac4309349f30b3435a9d337750fc82d,1000000,,350451282567233536
morph,deposit,26257280,1788517344000,0x5e1efb30abcdfe5d824d2f5527bc79cc89c4055d7a9c5ee5fe7e0805fc5589d1,0xbb48553d0c9470eb429ba35acd350c4c242ee902,0xbb48553d0c9470eb429ba35acd350c4c242ee902,0xe7cd86e13ac4309349f30b3435a9d337750fc82d,2000000,2184,
morph,withdraw_final,26257323,1788517717000,0xa0d464ac7cccfebff351bfbc7ec1ab803ffdc0771c5a56f9b6aca17e64699233,,,,,,352120470067216384
morph,withdraw_submit,26257549,1788517779000,0x9b92db23cf11e0fa245263f1778f9bbab6a87e0f8ff18bfa5b4faad2af0275f5,,0xbb48553d0c9470eb429ba35acd350c4c242ee902,0xe7cd86e13ac4309349f30b3435a9d337750fc82d,1000000,,352120470067216384
morph,deposit,26270598,1788538943000,0x95a0109475ea4b12ff77710166656d1a652cb71b2c8f416b0abefcedd83ae9ad,0xbb48553d0c9470eb429ba35acd350c4c242ee902,0xbb48553d0c9470eb429ba35acd350c4c242ee902,0xe7cd86e13ac4309349f30b3435a9d337750fc82d,2000000,2184,
morph,withdraw_final,26270635,1788539310000,0x390a2c18f6df61f3a0c68e4a3e9db5fdb0fe06d1604712837a4a1cd0e902f28e,,,,,,353775028908589056
morph,withdraw_submit,26270840,1788539379000,0xcb1d4999fcf960617a545f0ec40630f34c2dec46b7959c8a370c9f059f49c49d,,0xbb48553d0c9470eb429ba35acd350c4c242ee902,0xe7cd86e13ac4309349f30b3435a9d337750fc82d,1000000,,353775028908589056
morph,deposit,26282193,1788560543000,0xac74ebe854125830ad5f54f700f2ed13b45127741521ce9f293510b4d22ba2bf,0xbb48553d0c9470eb429ba35acd350c4c242ee902,0xbb48553d0c9470eb429ba35acd350c4c242ee902,0xe7cd86e13ac4309349f30b3435a9d337750fc82d,2000000,2184,
morph,withdraw_final,26282230,1788560914000,0x74c9935178b93d6c822c06c2f664f23a6862401d2b1b62f1c8cfe7cd46789833,,,,,,355439414635134976
morph,withdraw_submit,26282416,1788560980000,0xca43477f09b7a1a475d9be36c63faabd83755a56586f35974755d9645e2f73fa,,0xbb48553d0c9470eb429ba35acd350c4c242ee902,0xe7cd86e13ac4309349f30b3435a9d337750fc82d,1000000,,355439414635134976
morph,deposit,26293525,1788582142000,0x44ee180d0eb5f958aa1e52fe3a56d81642f136a9b5d2e2b0527bc195b1ad0a25,0xbb48553d0c9470eb429ba35acd350c4c242ee902,0xbb48553d0c9470eb429ba35acd350c4c242ee902,0xe7cd86e13ac4309349f30b3435a9d337750fc82d,2000000,2184,
morph,withdraw_final,26293565,1788582508000,0x9db740b73f9d770c8d935b91595b10c83bad87b912f34acc641942311a153921,,,,,,357093062943440896
morph,withdraw_submit,26293768,1788582579000,0xe32e8eb3515a6c432ad2c4b09d61350d09f45461edace15f693ee2ac24eee7c7,,0xbb48553d0c9470eb429ba35acd350c4c242ee902,0xe7cd86e13ac4309349f30b3435a9d337750fc82d,1000000,,357093062943440896
morph,deposit,26303900,1788600748000,0x6f21b2f6cf354b59aa6f9b11bc6417e0e5784db353f8d8d2d43a002dcb72b8ed,0xad54fcc05e1c0934632e5c405b4fa49a1b00681b,0xad54fcc05e1c0934632e5c405b4fa49a1b00681b,0xe7cd86e13ac4309349f30b3435a9d337750fc82d,10000000,2184,
morph,deposit,26305547,1788603744000,0x5f6695f66c232518dd0e54da129be03160a9feb56b292387d83dcae29ca4e48e,0xbb48553d0c9470eb429ba35acd350c4c242ee902,0xbb48553d0c9470eb429ba35acd350c4c242ee902,0xe7cd86e13ac4309349f30b3435a9d337750fc82d,2000000,2184,
morph,withdraw_final,26305587,1788604120000,0xba4b4fe01b2b8864d907c21855d29be5d899022016a3bf0cc6a9c63e3487b630,,,,,,358752518047531008
morph,withdraw_submit,26305784,1788604180000,0xb9579b0147ad62389c50ac7090800a95207509840a675afb3b0738f561bff6ea,,0xbb48553d0c9470eb429ba35acd350c4c242ee902,0xe7cd86e13ac4309349f30b3435a9d337750fc82d,1000000,,358752518047531008
morph,deposit,26317321,1788625343000,0x97fcee541a1ca647b4ef4dedd39210c1593fb7bca063ce164615c2ea301b9db0,0xbb48553d0c9470eb429ba35acd350c4c242ee902,0xbb48553d0c9470eb429ba35acd350c4c242ee902,0xe7cd86e13ac4309349f30b3435a9d337750fc82d,2000000,2184,
morph,withdraw_final,26317361,1788625717000,0x5ae99a8ec91bfe719b7f300f08f6ffcb8b1275ac4074465bbfae9daa4e4ceb30,,,,,,360409207192682496
morph,withdraw_submit,26317556,1788625779000,0x41e30200158bf6274fb3dda1a6f7d7a644becd42fe1f3dc9350d2c1b88bb77ae,,0xbb48553d0c9470eb429ba35acd350c4c242ee902,0xe7cd86e13ac4309349f30b3435a9d337750fc82d,1000000,,360409207192682496
morph,deposit,26329237,1788646943000,0xc982183c0b714bf4fea5b2d49b96767e14318fcc167c286bb1848b2d691ef223,0xbb48553d0c9470eb429ba35acd350c4c242ee902,0xbb48553d0c9470eb429ba35acd350c4c242ee902,0xe7cd86e13ac4309349f30b3435a9d337750fc82d,2000000,2184,
morph,withdraw_final,26329275,1788647306000,0x7703db0660bfe0e92a0a850f1df000e4dcd7b8f20b36efe904f5862ea282c7ad,,,,,,362068542037688320
morph,withdraw_submit,26329484,1788647379000,0x05d954c9c5cb70588465ec0ead608c922b2d1a2e05e1d10fe9b0686ccad398cd,,0xbb48553d0c9470eb429ba35acd350c4c242ee902,0xe7cd86e13ac4309349f30b3435a9d337750fc82d,1000000,,362068542037688320
morph,deposit,26341012,1788668543000,0x1753c52253024804e305499bbf61689333ad3798519eb52a1d896875269c1241,0xbb48553d0c9470eb429ba35acd350c4c242ee902,0xbb48553d0c9470eb429ba35acd350c4c242ee902,0xe7cd86e13ac4309349f30b3435a9d337750fc82d,2000000,2184,
morph,withdraw_final,26341048,1788668911000,0xae2d58ed481a930f78af342551c38588721b41d5b40eb50c4407ffe7d35cff16,,,,,,363730737330913280
morph,withdraw_submit,26341250,1788668979000,0x46264d74ab74524ffbfbfe7767e7b5f85eac950fdb22de931954232af70daaa0,,0xbb48553d0c9470eb429ba35acd350c4c242ee902,0xe7cd86e13ac4309349f30b3435a9d337750fc82d,1000000,,363730737330913280
morph,deposit,26353380,1788690143000,0x8427b1dcb9e650561a9a39ce8deee6180b288eb0a578a039976f6b929a01a675,0xbb48553d0c9470eb429ba35acd350c4c242ee902,0xbb48553d0c9470eb429ba35acd350c4c242ee902,0xe7cd86e13ac4309349f30b3435a9d337750fc82d,2000000,2184,
morph,withdraw_final,26353419,1788690511000,0x4a10458e164b2f80415a658d0d46ea400b722df33584de2d7bd3748951e4a033,,,,,,365396033590525952
morph,withdraw_submit,26353623,1788690579000,0x358ae3497abbbaee16e215d14449f7699e01da0820f3746d957d5ca097c14fbf,,0xbb48553d0c9470eb429ba35acd350c4c242ee902,0xe7cd86e13ac4309349f30b3435a9d337750fc82d,1000000,,365396033590525952
morph,deposit,26365659,1788711743000,0xee355a30ff500a2e4368437e5bc18d59eb2164c85d9618384d026c85da24b939,0xbb48553d0c9470eb429ba35acd350c4c242ee902,0xbb48553d0c9470eb429ba35acd350c4c242ee902,0xe7cd86e13ac4309349f30b3435a9d337750fc82d,2000000,2184,
morph,withdraw_final,26365698,1788712103000,0xd1c73606ac070b411e5ef859d5982a5fc6e0c7a8524a3d178b033421cbe45aac,,,,,,367062180253663232
morph,withdraw_submit,26365910,1788712179000,0xe96549b647e58645c6cf8a236f4765a2bca04c469bb78f6e7fe19e4bfbf12a23,,0xbb48553d0c9470eb429ba35acd350c4c242ee902,0xe7cd86e13ac4309349f30b3435a9d337750fc82d,1000000,,367062180253663232
morph,deposit,26377694,1788733342000,0x2afca1a340a7521ba6c94cb56918951a660b005344ded4398982a5e7c2a664b6,0xbb48553d0c9470eb429ba35acd350c4c242ee902,0xbb48553d0c9470eb429ba35acd350c4c242ee902,0xe7cd86e13ac4309349f30b3435a9d337750fc82d,2000000,2184,
morph,withdraw_final,26377734,1788733715000,0x462ef580dcd3faa3130a5913b7e957cda41da3e9f5bfd00ec2c2277213c4ee0b,,,,,,368731213134823424
morph,withdraw_submit,26377937,1788733779000,0x86e172af1cf77751a54a7e4c64fdc0b6dae605679806955500cf2e8017100db3,,0xbb48553d0c9470eb429ba35acd350c4c242ee902,0xe7cd86e13ac4309349f30b3435a9d337750fc82d,1000000,,368731213134823424
morph,deposit,26391631,1788754944000,0xa06ae9a5b454ca5dfc7b87786f8c334aba02025400e57cf8bfd896167b35ed36,0xbb48553d0c9470eb429ba35acd350c4c242ee902,0xbb48553d0c9470eb429ba35acd350c4c242ee902,0xe7cd86e13ac4309349f30b3435a9d337750fc82d,2000000,2184,
morph,withdraw_final,26391671,1788755317000,0xdf3af33149e7607f3b9328f8ccc0829e1217694ce1e9312898ed3c112b61cf72,,,,,,370400323325394944
morph,withdraw_submit,26391871,1788755379000,0xc46b13060d83760c951480dab8026b2ce4efffc3c4ede7ecf3bb6781b3938949,,0xbb48553d0c9470eb429ba35acd350c4c242ee902,0xe7cd86e13ac4309349f30b3435a9d337750fc82d,1000000,,370400323325394944
morph,deposit,26402378,1788772665000,0x74d207a8d300386e6dde6b9cc896b02350c9c4f90d1693184cfe153bc90eeadd,0xa70ad342b47e49e69e986eb2028be963ae7a7af8,0x4153e1d6ee2ce8e3113afa8d23b04b109a6d02ba,0xe7cd86e13ac4309349f30b3435a9d337750fc82d,1100000,2184,
morph,deposit,26403738,1788775011000,0xd33f2c37d6e620674155c40b7a33099acac8f223a476201841b6cc40b1c43973,0xa70ad342b47e49e69e986eb2028be963ae7a7af8,0x4153e1d6ee2ce8e3113afa8d23b04b109a6d02ba,0xe7cd86e13ac4309349f30b3435a9d337750fc82d,1100000,2184,
morph,deposit,26403953,1788775372000,0x617a9b62131dd9ae605cc595bf8dbbac625bd9da6b7519b2ffd3d01c848f622b,0xab945cb40848b527254c89497b3529a2ce6f2cb8,0xab945cb40848b527254c89497b3529a2ce6f2cb8,0xe7cd86e13ac4309349f30b3435a9d337750fc82d,8260000,2184,
morph,deposit,26404630,1788776544000,0xbcae5c1567554f19b9f204db7daaf418eb36ffa0cd25e4b01facd4fe549b30d1,0xbb48553d0c9470eb429ba35acd350c4c242ee902,0xbb48553d0c9470eb429ba35acd350c4c242ee902,0xe7cd86e13ac4309349f30b3435a9d337750fc82d,2000000,2184,
morph,withdraw_final,26404667,1788776907000,0x9411a57805c1c98abed2a6f0f02995a11bc19436e43eaba6b64fb09caa178f39,,,,,,372070404178575360
morph,withdraw_submit,26404884,1788776979000,0x6d3c0897fc81933593954108e875860f50235b16c9e118fa7228034b1fe2cb03,,0xbb48553d0c9470eb429ba35acd350c4c242ee902,0xe7cd86e13ac4309349f30b3435a9d337750fc82d,1000000,,372070404178575360
morph,deposit,26417302,1788798143000,0xb2f330900855181a93844687e1c70d45f2bf37dfb142bf386b025ab3e6f59da4,0xbb48553d0c9470eb429ba35acd350c4c242ee902,0xbb48553d0c9470eb429ba35acd350c4c242ee902,0xe7cd86e13ac4309349f30b3435a9d337750fc82d,2000000,2184,
morph,withdraw_final,26417341,1788798513000,0xafb56b736680ee4586ad5d2af0035a330a6dba54887678cf17c8155beef05966,,,,,,373740562341167104
morph,withdraw_submit,26417543,1788798579000,0xa9744adfb86545705974256768941708ce42353e93afd8ef425e7ff83ce3e2e7,,0xbb48553d0c9470eb429ba35acd350c4c242ee902,0xe7cd86e13ac4309349f30b3435a9d337750fc82d,1000000,,373740562341167104
morph,deposit,26429125,1788819743000,0xee4fd7fa06c87437b500b12ae538c438a3c40cd65e6fd5d6175ab6c1c30e7e69,0xbb48553d0c9470eb429ba35acd350c4c242ee902,0xbb48553d0c9470eb429ba35acd350c4c242ee902,0xe7cd86e13ac4309349f30b3435a9d337750fc82d,2000000,2184,
morph,withdraw_final,26429167,1788820120000,0xd1e6f6c1c73d88b1d70dcde1a6ea12786cf5c27a704ea230c6b3454d23785c96,,,,,,375402766224326656
morph,withdraw_submit,26429357,1788820179000,0xa00e8be1f108d0c90ae389dd0b253b15eab97306821cf840a252f67a9a634719,,0xbb48553d0c9470eb429ba35acd350c4c242ee902,0xe7cd86e13ac4309349f30b3435a9d337750fc82d,1000000,,375402766224326656
morph,deposit,26443551,1788841344000,0x3b4a8a473300f3cd9e2c140323f3db241e064d3e62d0dd192edee5425cedd290,0xbb48553d0c9470eb429ba35acd350c4c242ee902,0xbb48553d0c9470eb429ba35acd350c4c242ee902,0xe7cd86e13ac4309349f30b3435a9d337750fc82d,2000000,2184,
morph,withdraw_final,26443591,1788841708000,0xbd85ff44c301df9a0491fd6c002bc07aa24964cc645facc611ce0476c44f7d71,,,,,,377071232169803776
morph,withdraw_submit,26443846,1788841779000,0xc0448c62205f5a95c4c6eedf00b074ac8ba9028ca5f402024b1506b6159f7c49,,0xbb48553d0c9470eb429ba35acd350c4c242ee902,0xe7cd86e13ac4309349f30b3435a9d337750fc82d,1000000,,377071232169803776
morph,withdraw_final,26448718,1788849254000,0xcfac0a68c1e600e5bc46656085c694fac6d1b5ae8e17a1907b6716dccf8d8490,,,,,,377654411440160772
morph,withdraw_submit,26448960,1788849339000,0x58d5f5e0123650c4882807735db28eff8a5458e319a5635e6a48558175b7703a,,0xf36e4157ee21218ebb3eefe4d5aa46226875029f,0xe7cd86e13ac4309349f30b3435a9d337750fc82d,29000000,,377654411440160772
morph,deposit,26449059,1788849496000,0xb067c07c071d0a962eaaa9636084ffca2dec6aa440c08dd9ca85cd8fd37ac87b,0xf36e4157ee21218ebb3eefe4d5aa46226875029f,0xf36e4157ee21218ebb3eefe4d5aa46226875029f,0xe7cd86e13ac4309349f30b3435a9d337750fc82d,4400000,2184,
morph,deposit,26450342,1788851459000,0xaaab4f489ab54501e5c8f26671448e8dd8803a93318f814a09123b91a8189a71,0xf36e4157ee21218ebb3eefe4d5aa46226875029f,0xf36e4157ee21218ebb3eefe4d5aa46226875029f,0xe7cd86e13ac4309349f30b3435a9d337750fc82d,3300000,2184,
morph,deposit,26458194,1788862943000,0xca45bff5e03b0b9407f608d681e82a75af8c352d68d6229df4ac77b477c796a4,0xbb48553d0c9470eb429ba35acd350c4c242ee902,0xbb48553d0c9470eb429ba35acd350c4c242ee902,0xe7cd86e13ac4309349f30b3435a9d337750fc82d,2000000,2184,
morph,withdraw_final,26458235,1788863311000,0x314e7e05ed264a1a8b8cff9110e73e71639965ff4dab318f3b6d52c8036e7cc1,,,,,,378738641553326080
morph,withdraw_submit,26458463,1788863379000,0x55e8f2a43f0a76da1d2e132b0e397e7457c6332e9cb1e08174c09adda7574f5e,,0xbb48553d0c9470eb429ba35acd350c4c242ee902,0xe7cd86e13ac4309349f30b3435a9d337750fc82d,1000000,,378738641553326080
morph,deposit,26470154,1788879024000,0x231a05afacd1f9bfcb07be97ee4bd9df5b3aa7ef449e781919e10786fbf0139d,0xde14ba08aa1519349e96fa286a359ed4cf74f243,0x2977ee342528be43df01d8861457376f0302536b,0xe7cd86e13ac4309349f30b3435a9d337750fc82d,388000000,2184,
morph,deposit,26473659,1788884544000,0xab13714eb749076d4ad958fb1316173577e108d30f340db2ce7b7fc5a8c8469c,0xbb48553d0c9470eb429ba35acd350c4c242ee902,0xbb48553d0c9470eb429ba35acd350c4c242ee902,0xe7cd86e13ac4309349f30b3435a9d337750fc82d,2000000,2184,
morph,withdraw_final,26473709,1788884918000,0xd213f0bdfea6e9be35bd140a6a1c143e8ebe0cd944661ada1e2947ab105b65bf,,,,,,380405045914501120
morph,withdraw_submit,26473933,1788884979000,0x2eddec4a4925da5a5419485a08bc1dd997b29b11dd1c4fc3e81139e036b2f9cc,,0xbb48553d0c9470eb429ba35acd350c4c242ee902,0xe7cd86e13ac4309349f30b3435a9d337750fc82d,1000000,,380405045914501120
morph,deposit,26485864,1788906142000,0xafe1c508ce8e85aaef56bef15950f14e021fd836322dc7be5f704bd75635f286,0xbb48553d0c9470eb429ba35acd350c4c242ee902,0xbb48553d0c9470eb429ba35acd350c4c242ee902,0xe7cd86e13ac4309349f30b3435a9d337750fc82d,2000000,2184,
morph,withdraw_final,26485903,1788906516000,0xe7db70bb4d6d79dbbaa5bc74821278d1f37f5eadfe243525c7d1f585b97a5c2e,,,,,,382071836822732801
morph,withdraw_submit,26486104,1788906579000,0xb0e149b8fcb3b74da31fe4beae6ddfa501130e06b4a20958cccc140a764ab650,,0xbb48553d0c9470eb429ba35acd350c4c242ee902,0xe7cd86e13ac4309349f30b3435a9d337750fc82d,1000000,,382071836822732801
morph,deposit,26495441,1788922585000,0x3dc4f894c3feff0d8c48c9e0b9f477d0dd772ec7b58773e11065f813e38ff081,0xf36e4157ee21218ebb3eefe4d5aa46226875029f,0xf36e4157ee21218ebb3eefe4d5aa46226875029f,0xe7cd86e13ac4309349f30b3435a9d337750fc82d,2000000,2184,
morph,withdraw_final,26498128,1788927311000,0x869031361d02e4996929b82bca76070e1382d33063be288c309e92cd6b503015,,,,,,383679340023382141
morph,withdraw_final,26498151,1788927344000,0x5fa3150bd5d21b6e938f88f7b8a177ae32fe472f9be7518542f9f0dc243afbcf,,,,,,383681899798724608
morph,withdraw_submit,26498368,1788927398000,0x8e23072784f1efb9eabc395f7cb34149ced890dac786b232674d107741d76db9,,0xf36e4157ee21218ebb3eefe4d5aa46226875029f,0xe7cd86e13ac4309349f30b3435a9d337750fc82d,3000000,,383679340023382141
morph,withdraw_submit,26498407,1788927458000,0x6317d7a8acc48404a664be97f62cb9f2c44dcad026aae697cfe55bdf84eb56c8,,0xbce1239f3bfb2b9735ee55d63167a8c6a50a6161,0xe7cd86e13ac4309349f30b3435a9d337750fc82d,1000000,,383681899798724608
morph,deposit,26498588,1788927743000,0x363ef4d5858aac076bbe69b588531f1b6b33d5feaee94d2838416ad24efbbe80,0xbb48553d0c9470eb429ba35acd350c4c242ee902,0xbb48553d0c9470eb429ba35acd350c4c242ee902,0xe7cd86e13ac4309349f30b3435a9d337750fc82d,2000000,2184,
morph,withdraw_final,26498631,1788928107000,0x3f3faf7d4cad6ee4e22f15c0a2e80702cf735b9cd7f9e07fdd8d152de7d59b99,,,,,,383740989962977280
morph,withdraw_submit,26498865,1788928179000,0xbcb240af0d3c2716e3f5cffc6bbd3c5cbdb23e2623b9da1951fcfd8e49b1736f,,0xbb48553d0c9470eb429ba35acd350c4c242ee902,0xe7cd86e13ac4309349f30b3435a9d337750fc82d,1000000,,383740989962977280
morph,deposit,26503076,1788934663000,0x6d39c5f23e53c3dbdeb7948ffeff170e316fb4feeb9c7147c7411be37d0ab993,0xbce1239f3bfb2b9735ee55d63167a8c6a50a6161,0xbce1239f3bfb2b9735ee55d63167a8c6a50a6161,0xe7cd86e13ac4309349f30b3435a9d337750fc82d,20000000,2184,
morph,deposit,26508034,1788941248000,0x2572ea4d6d380b21f3aed7947517c713418c7defda73777e4db1cb765099ce47,0xf6f662c6e3d19e74b287979ad507a21331fdaad6,0xf6f662c6e3d19e74b287979ad507a21331fdaad6,0xe7cd86e13ac4309349f30b3435a9d337750fc82d,3000000,2184,
morph,deposit,26512248,1788948324000,0x87b943b724b9adb5ce47f415a26347b056e50115331ed27a9afa6e6e7c4affb9,0x0ce0e320aab55f95cdf4c1b1e90702f7cfb5d866,0x0ce0e320aab55f95cdf4c1b1e90702f7cfb5d866,0xe7cd86e13ac4309349f30b3435a9d337750fc82d,900000000,2184,
morph,deposit,26512823,1788949343000,0x3e6bc637e96cb6e227ec2396b7eec1565cb056b5a318eff9bf9e86f795fa45a0,0xbb48553d0c9470eb429ba35acd350c4c242ee902,0xbb48553d0c9470eb429ba35acd350c4c242ee902,0xe7cd86e13ac4309349f30b3435a9d337750fc82d,2000000,2184,
morph,withdraw_final,26513008,1788949965000,0x1126d717555f99aee92369f665af4934580bdf7de29543882dc15122d278a71d,,,,,,385299753853779969
morph,withdraw_submit,26513226,1788950019000,0xe4fc58290615ceb733a4fba7b5e7d5a3ba5c21664b8a1af89a747b99e2f8c660,,0xbb48553d0c9470eb429ba35acd350c4c242ee902,0xe7cd86e13ac4309349f30b3435a9d337750fc82d,1000000,,385299753853779969
morph,deposit,26526390,1788970943000,0xf36b09d23ab8322f6d501530bbdff887c01a28f526097fe7e475b0f97cb189e0,0xbb48553d0c9470eb429ba35acd350c4c242ee902,0xbb48553d0c9470eb429ba35acd350c4c242ee902,0xe7cd86e13ac4309349f30b3435a9d337750fc82d,2000000,2184,
morph,withdraw_final,26526429,1788971302000,0x4249fd6fab2ec6b9b332769fb3475cec1bb6a868aa4f773e649502d129b023cc,,,,,,386412820398342144
morph,withdraw_submit,26526641,1788971379000,0xb644e81abf75a52c069f6cdf020d28a49be745524794f2363dfd7fe2fc65af03,,0xbb48553d0c9470eb429ba35acd350c4c242ee902,0xe7cd86e13ac4309349f30b3435a9d337750fc82d,1000000,,386412820398342144
morph,deposit,26538634,1788992544000,0x6c6937c7f415d643bf6ab758bb86c62613d52a6029973ba30bfd13ffbfcc49a1,0xbb48553d0c9470eb429ba35acd350c4c242ee902,0xbb48553d0c9470eb429ba35acd350c4c242ee902,0xe7cd86e13ac4309349f30b3435a9d337750fc82d,2000000,2184,
morph,withdraw_final,26538676,1788992921000,0xb8e760cab2876d775b2e3f5a0467be12f83b6cf1d8a421d170a188428a27135a,,,,,,387663549234675712
morph,withdraw_submit,26538869,1788992979000,0x2e4a783bdaa445cdb26602081f940724f1aa958ff78db76981a41f7e099930d3,,0xbb48553d0c9470eb429ba35acd350c4c242ee902,0xe7cd86e13ac4309349f30b3435a9d337750fc82d,1000000,,387663549234675712
morph,deposit,26550473,1789014142000,0x6abc7d912411f13e298f024754ccc793dd57ce9924d1d29c5e9cbe2e0e10a103,0xbb48553d0c9470eb429ba35acd350c4c242ee902,0xbb48553d0c9470eb429ba35acd350c4c242ee902,0xe7cd86e13ac4309349f30b3435a9d337750fc82d,2000000,2184,
morph,withdraw_final,26550516,1789014523000,0xd8ae6e186c160115bf164b08393334ff7c558bb085581162a6f2d230377faf12,,,,,,388912826372063232
morph,withdraw_submit,26550720,1789014581000,0x9ed9ec95caa83c37e9261fd77bdad5c94701ef977487f1032bb235f79e3714ab,,0xbb48553d0c9470eb429ba35acd350c4c242ee902,0xe7cd86e13ac4309349f30b3435a9d337750fc82d,1000000,,388912826372063232
morph,deposit,26558037,1789027821000,0xbf83a56a4346bc1ba6ba046c5b5773e2f29e102965dbde1cdd8e5131536067e5,0x3afa43a5ca284ddc5e4a9bdc7330e197630b2774,0x3afa43a5ca284ddc5e4a9bdc7330e197630b2774,0xe7cd86e13ac4309349f30b3435a9d337750fc82d,4000000,2184,
morph,deposit,26562939,1789035742000,0xb1f6b7b777a74e71625f1028b7a2e3a58b1fd3348e8d52c8ec6b92fad1cfe2bc,0xbb48553d0c9470eb429ba35acd350c4c242ee902,0xbb48553d0c9470eb429ba35acd350c4c242ee902,0xe7cd86e13ac4309349f30b3435a9d337750fc82d,2000000,2184,
morph,withdraw_final,26562976,1789036108000,0x93686368c4cf911557e696247b17535860fed257542bc249b1acc52059bb3225,,,,,,390156872239284225
morph,withdraw_submit,26563186,1789036179000,0x6543829684247db3c57bc989aa46b84eae6976d4e66d8a3dd6608afe83a2855c,,0xbb48553d0c9470eb429ba35acd350c4c242ee902,0xe7cd86e13ac4309349f30b3435a9d337750fc82d,1000000,,390156872239284225
morph,deposit,26569726,1789046701000,0xb7a6c7623c158ffb42031cc07e8f1ee8b3ca08ca3663ee19badc32e2b20bfc5f,0xce4aedf66bbb7ee7be574461204640798ba0278e,0xce4aedf66bbb7ee7be574461204640798ba0278e,0xe7cd86e13ac4309349f30b3435a9d337750fc82d,65000000,2184,
morph,deposit,26569839,1789046906000,0x62a9f27bc2e7712cd66fba8244e14275aa80330455d6ee93d38299a362e1f2e4,0xce4aedf66bbb7ee7be574461204640798ba0278e,0xce4aedf66bbb7ee7be574461204640798ba0278e,0xe7cd86e13ac4309349f30b3435a9d337750fc82d,100000000,2184,
morph,deposit,26570113,1789047380000,0x50596a09547f653e25448e9d9a460e8d71d184a0fd107d0f865f41500ad185bc,0xce4aedf66bbb7ee7be574461204640798ba0278e,0xce4aedf66bbb7ee7be574461204640798ba0278e,0xe7cd86e13ac4309349f30b3435a9d337750fc82d,50000000,2184,
morph,deposit,26570549,1789048086000,0xf9d9943c38fd7b2abf4f93b578ba32bbec7f65fce65007cd0a4c60ef9dce7ace,0xce4aedf66bbb7ee7be574461204640798ba0278e,0xce4aedf66bbb7ee7be574461204640798ba0278e,0xe7cd86e13ac4309349f30b3435a9d337750fc82d,50000000,2184,
morph,deposit,26575973,1789057342000,0x997de7c54f59af94046da09c5aacb7a738262ab30ad1082e7dbeb1bed623b6b3,0xbb48553d0c9470eb429ba35acd350c4c242ee902,0xbb48553d0c9470eb429ba35acd350c4c242ee902,0xe7cd86e13ac4309349f30b3435a9d337750fc82d,2000000,2184,
morph,withdraw_final,26576008,1789057705000,0x0043f36ea9cce9a8f6ec12ad33c0c6b14e283d09bbc5ac094c231ee17d40ad14,,,,,,391413820188262400
morph,withdraw_submit,26576217,1789057779000,0x0d95061a9903969bc053961ac8acff528dbd5708cbf3c2aa673abc4977f3e477,,0xbb48553d0c9470eb429ba35acd350c4c242ee902,0xe7cd86e13ac4309349f30b3435a9d337750fc82d,1000000,,391413820188262400
morph,deposit,26587939,1789078942000,0x2e909b6dada7f1b5da2d51fe265ed3a68648f873c0be595933022f207662a7c9,0xbb48553d0c9470eb429ba35acd350c4c242ee902,0xbb48553d0c9470eb429ba35acd350c4c242ee902,0xe7cd86e13ac4309349f30b3435a9d337750fc82d,2000000,2184,
morph,withdraw_final,26587978,1789079320000,0xfac774811e2cee8c115d7ac6d8a93f03883b09f7a0f1fe3eefb8c0356939854f,,,,,,392673577045852160
morph,withdraw_submit,26588168,1789079380000,0xd7657e43ce162a7098160da01576626fa39daa2a0fabf70de29c6605c72e3989,,0xbb48553d0c9470eb429ba35acd350c4c242ee902,0xe7cd86e13ac4309349f30b3435a9d337750fc82d,1000000,,392673577045852160
morph,deposit,26599659,1789100543000,0xb02cd82a93bc282af7893d060024b696ed63960d2402492cfb906a5ec5e96b07,0xbb48553d0c9470eb429ba35acd350c4c242ee902,0xbb48553d0c9470eb429ba35acd350c4c242ee902,0xe7cd86e13ac4309349f30b3435a9d337750fc82d,2000000,2184,
morph,withdraw_final,26599698,1789100908000,0x0f81657b563062cd797806ba3338c8ea7912c93079448fb9267ae9c5f9764ba4,,,,,,393954671300968448
morph,withdraw_submit,26599931,1789100979000,0x8597bf0f0ec6549e15611ccc7d5d528d9f718b83465d6b2c6a08f6ccc1a33a80,,0xbb48553d0c9470eb429ba35acd350c4c242ee902,0xe7cd86e13ac4309349f30b3435a9d337750fc82d,1000000,,393954671300968448
morph,withdraw_final,26604753,1789109601000,0x2e87045398d4c40a23a2f5f1c3208ef4719b947787b89571c8f54c02550bf18f,,,,,,394459055097118720
morph,withdraw_submit,26604975,1789109679000,0x4ae55ab4f43ac0058db4949519434c447cfa9cf8e5d22eca4fe1960f3852fb47,,0x0ce0e320aab55f95cdf4c1b1e90702f7cfb5d866,0xe7cd86e13ac4309349f30b3435a9d337750fc82d,99000000,,394459055097118720
morph,withdraw_final,26606476,1789112596000,0x5d06d7d11867ea739e7119130502b9f342f2acd009e65e39f71a63c2f0258bbe,,,,,,394631927534977056
morph,withdraw_submit,26606692,1789112679000,0x1556d2acc1267369c12c7432a38cc0fef3957b77e13501a21f92e0be2706a059,,0xf36e4157ee21218ebb3eefe4d5aa46226875029f,0xe7cd86e13ac4309349f30b3435a9d337750fc82d,4000000,,394631927534977056
morph,withdraw_final,26606986,1789113498000,0x6b1505ae65a8efd3afcb8470a3b9dd1da6f287fa20a0c09043a0f9442a807cd7,,,,,,394683870869454848
morph,withdraw_submit,26607205,1789113580000,0xae7969bd2fc24529abffbbcfb9e16ed076bec96d4203dc8d04aea106a9d8150f,,0xf36e4157ee21218ebb3eefe4d5aa46226875029f,0xe7cd86e13ac4309349f30b3435a9d337750fc82d,9000000,,394683870869454848
morph,deposit,26610935,1789119914000,0xa2a22d497eef204bad8d37cc3fe0e92796767723d2c9e3588ea7b67c0d3fa10b,0xdaf62f9e006ecc5247f307bd2aa5b36a3f164516,0xdaf62f9e006ecc5247f307bd2aa5b36a3f164516,0xe7cd86e13ac4309349f30b3435a9d337750fc82d,13110000,2184,
morph,deposit,26612192,1789122142000,0x9af00d399d48d5f6708404907416e49bcb163dbca7ee54d097c08b501f2993ca,0xbb48553d0c9470eb429ba35acd350c4c242ee902,0xbb48553d0c9470eb429ba35acd350c4c242ee902,0xe7cd86e13ac4309349f30b3435a9d337750fc82d,2000000,2184,
morph,withdraw_final,26612236,1789122516000,0x8c4a0a4ea258348affa261779bee8cea64c23c39b363b97879f0b0affe75ed86,,,,,,395206070152200192
morph,withdraw_submit,26612458,1789122579000,0xc286056c10ca8eb7f4335880db31e404b6a0ffc5dbf614bf9604076ca147e240,,0xbb48553d0c9470eb429ba35acd350c4c242ee902,0xe7cd86e13ac4309349f30b3435a9d337750fc82d,1000000,,395206070152200192
morph,withdraw_final,26618356,1789132248000,0xcb6abd6d0b6748fef17f1dd97f142e14c5f31d3e9e1529f2868b7b74022553df,,,,,,395799952451698688
morph,withdraw_submit,26618623,1789132359000,0xac2aeec2edbfa0f173b77ab2db38686dd9547488a04115f96b1785013e942f0c,,0x4b134efe6ef5ea79bd991d454cc8ce8161fc4cb8,0xe7cd86e13ac4309349f30b3435a9d337750fc82d,134935199,,395799952451698688
morph,deposit,26624044,1789139972000,0x24b344f38c3c356816894624ef233910ea8044357ea644b14abb513b87054372,0xad54fcc05e1c0934632e5c405b4fa49a1b00681b,0xad54fcc05e1c0934632e5c405b4fa49a1b00681b,0xe7cd86e13ac4309349f30b3435a9d337750fc82d,5000000,2184,
morph,deposit,26626623,1789143742000,0x13d4fbe467097c9737b32dac69b44aeb10830ed0ab1bd160971b4f0b708dc5e9,0xbb48553d0c9470eb429ba35acd350c4c242ee902,0xbb48553d0c9470eb429ba35acd350c4c242ee902,0xe7cd86e13ac4309349f30b3435a9d337750fc82d,2000000,2184,
morph,withdraw_final,26626661,1789144101000,0x957cf20201cd0f9b9289ffc9d841a5aaac1a24ac76fdc0e437203a8303936696,,,,,,396535809206910976
morph,withdraw_submit,26626896,1789144180000,0x0135679261f86d37ff4eecfb84c07e5c60f6c093498afd6bf5556e4f338ce093,,0xbb48553d0c9470eb429ba35acd350c4c242ee902,0xe7cd86e13ac4309349f30b3435a9d337750fc82d,1000000,,396535809206910976
morph,deposit,26639072,1789165342000,0xf6b7051c2a4718f881ab7d7938bbf2ab26faae122a3cf02e088e7c996e5f0bd5,0xbb48553d0c9470eb429ba35acd350c4c242ee902,0xbb48553d0c9470eb429ba35acd350c4c242ee902,0xe7cd86e13ac4309349f30b3435a9d337750fc82d,2000000,2184,
morph,withdraw_final,26639109,1789165716000,0x4c0694bab92253b8189fd53c9429ca5a254e99ca958e6b44be1fcc879c4d39cb,,,,,,397822581408792576
morph,withdraw_submit,26639310,1789165779000,0x71d92c8ab02f937eaee61a3a01c36b009fb8f9f4aefa6bd6b04f8cd6acf79d64,,0xbb48553d0c9470eb429ba35acd350c4c242ee902,0xe7cd86e13ac4309349f30b3435a9d337750fc82d,1000000,,397822581408792576
morph,deposit,26650968,1789186943000,0x9182826feb622dc8fe2f33161202fe5924f03d59c835c45139f95717b8ac77c8,0xbb48553d0c9470eb429ba35acd350c4c242ee902,0xbb48553d0c9470eb429ba35acd350c4c242ee902,0xe7cd86e13ac4309349f30b3435a9d337750fc82d,2000000,2184,
morph,withdraw_final,26651004,1789187312000,0xec90f4c0c9944fc765cd4b190522c227640e34e5ac3c86c861c4c9e7f8bd5a23,,,,,,399078309587058689
morph,withdraw_submit,26651196,1789187379000,0xc2da6bbc6bc0b7116c85a7b46add9d21b7b015d6507621834cd0f3f86a0825de,,0xbb48553d0c9470eb429ba35acd350c4c242ee902,0xe7cd86e13ac4309349f30b3435a9d337750fc82d,1000000,,399078309587058689
morph,deposit,26663294,1789208544000,0x0e143b0134b0fa7d60417d2a799407e1fdb9600c349ea54bffb3b5bfc43b89cf,0xbb48553d0c9470eb429ba35acd350c4c242ee902,0xbb48553d0c9470eb429ba35acd350c4c242ee902,0xe7cd86e13ac4309349f30b3435a9d337750fc82d,2000000,2184,
morph,withdraw_final,26663331,1789208914000,0x8aead9757886b518fe95c49dd12023b3b2ae8bc515ef50d370e2e148296f1b7c,,,,,,400332379907948544
morph,withdraw_submit,26663536,1789208979000,0x47dc2d26a56302961de075f3c9904dfca538f04b1974d04055fbb1251f932608,,0xbb48553d0c9470eb429ba35acd350c4c242ee902,0xe7cd86e13ac4309349f30b3435a9d337750fc82d,1000000,,400332379907948544
morph,deposit,26675450,1789230142000,0x95db36a27f776ad830f7fba62f42ffae7e111a0e880bff0e1a485127bf98397a,0xbb48553d0c9470eb429ba35acd350c4c242ee902,0xbb48553d0c9470eb429ba35acd350c4c242ee902,0xe7cd86e13ac4309349f30b3435a9d337750fc82d,2000000,2184,
morph,withdraw_final,26675488,1789230514000,0x52c81c99b23899b4f53be4f2abd9c70fde68175334f26ccde9dbfec5472a328a,,,,,,401603990875275264
morph,withdraw_submit,26675683,1789230579000,0x08eb3c83439d3fd0313875c3db96d3e2627953a6b640317709422ccd7f61ce6d,,0xbb48553d0c9470eb429ba35acd350c4c242ee902,0xe7cd86e13ac4309349f30b3435a9d337750fc82d,1000000,,401603990875275264
morph,deposit,26686994,1789251743000,0xc05c91ef83a6534616e4dff4a6d0688fed9538cc85ddfe2d2ebd22dbb21c644d,0xbb48553d0c9470eb429ba35acd350c4c242ee902,0xbb48553d0c9470eb429ba35acd350c4c242ee902,0xe7cd86e13ac4309349f30b3435a9d337750fc82d,2000000,2184,
morph,withdraw_final,26687032,1789252110000,0x01394319fdd4f73bde58a95bd8abcf90cabdb4dcaa39310c58d14edec15fd000,,,,,,402856867195256832
morph,withdraw_submit,26687224,1789252180000,0x92d6fd40cadd79c821a2fb097e2337be32b7ddf7b90e5b0bb4505e94c5fe8b6e,,0xbb48553d0c9470eb429ba35acd350c4c242ee902,0xe7cd86e13ac4309349f30b3435a9d337750fc82d,1000000,,402856867195256832
morph,deposit,26698412,1789273344000,0x869e2084cff5319b03406319ecad411a47aa3f41e35f666762f2da961370a524,0xbb48553d0c9470eb429ba35acd350c4c242ee902,0xbb48553d0c9470eb429ba35acd350c4c242ee902,0xe7cd86e13ac4309349f30b3435a9d337750fc82d,2000000,2184,
morph,withdraw_final,26698451,1789273716000,0x3bfa104aabbc43142d51c71a7b3771c4ad8a225dc60d1577bcdfa9f420c14d6a,,,,,,404103421323378688
morph,withdraw_submit,26698640,1789273780000,0xfe00afa3f7ae952f1ed5f6f83d54fabb0a659accc2a6f3c09904c515237ab30b,,0xbb48553d0c9470eb429ba35acd350c4c242ee902,0xe7cd86e13ac4309349f30b3435a9d337750fc82d,1000000,,404103421323378688
morph,deposit,26711135,1789294943000,0x4f7b88448b6176a64c5d9d6a14975d40eaca3e4706b69415a46fad496b86e9cf,0xbb48553d0c9470eb429ba35acd350c4c242ee902,0xbb48553d0c9470eb429ba35acd350c4c242ee902,0xe7cd86e13ac4309349f30b3435a9d337750fc82d,2000000,2184,
morph,withdraw_final,26711175,1789295316000,0x0918b20ad435d3ec44cad58120848dfbd2c5a858fb5e8ffc6dab856e4e893c67,,,,,,405392194980020224
morph,withdraw_submit,26711375,1789295380000,0x8101fae974b4663dabd9e717f39a024d2add12994f429154b2cf2330735782b9,,0xbb48553d0c9470eb429ba35acd350c4c242ee902,0xe7cd86e13ac4309349f30b3435a9d337750fc82d,1000000,,405392194980020224
morph,deposit,26723698,1789316544000,0xc95b9f55ec9743af125ad4dda5a168efc571d1968a93747c6196210aa02ca4a6,0xbb48553d0c9470eb429ba35acd350c4c242ee902,0xbb48553d0c9470eb429ba35acd350c4c242ee902,0xe7cd86e13ac4309349f30b3435a9d337750fc82d,2000000,2184,
morph,withdraw_final,26723735,1789316914000,0x1737fb4b45fb75ff15e78db89f24a47adde1e8efb226017e50638f6ac7fe0bea,,,,,,406708465017290752
morph,withdraw_submit,26723976,1789316980000,0xb92b641a985e43cedc3bbca1438fdff871fb7e0ba7da62c62e815a89e7491214,,0xbb48553d0c9470eb429ba35acd350c4c242ee902,0xe7cd86e13ac4309349f30b3435a9d337750fc82d,1000000,,406708465017290752
morph,deposit,26736605,1789338142000,0xd871a2d2c57f5cd6a3a6cc6888b491c24293bc10cf39b13d808a1def4f1093ee,0xbb48553d0c9470eb429ba35acd350c4c242ee902,0xbb48553d0c9470eb429ba35acd350c4c242ee902,0xe7cd86e13ac4309349f30b3435a9d337750fc82d,2000000,2184,
morph,withdraw_final,26736644,1789338516000,0x7eadf40475cc2d6b8b1b4c6fb0338b515a32b6920d936bf60894ef8cf0a6cf3f,,,,,,407993244354347008
morph,withdraw_submit,26736854,1789338580000,0x42a9977c8629394df89cc5f840c49c04e184087ab29d17bed9e83c045ddc6c5a,,0xbb48553d0c9470eb429ba35acd350c4c242ee902,0xe7cd86e13ac4309349f30b3435a9d337750fc82d,1000000,,407993244354347008
morph,deposit,26748783,1789359743000,0x3abfa4c76e87e51c5f0b76cbd86d2867ff8d9b34d5be28f63c3eab7e9ed113c7,0xbb48553d0c9470eb429ba35acd350c4c242ee902,0xbb48553d0c9470eb429ba35acd350c4c242ee902,0xe7cd86e13ac4309349f30b3435a9d337750fc82d,2000000,2184,
morph,withdraw_final,26748824,1789360115000,0x2e275ffacf08b8d0b863130e4cb524160927ba8e77e2d8e84cfe342321bf742a,,,,,,409358184961015808
morph,withdraw_submit,26749023,1789360179000,0xe9d126c9354923887e6addbdf5fa9de04fe39cc75a0c2b9967ee452e1b40ed05,,0xbb48553d0c9470eb429ba35acd350c4c242ee902,0xe7cd86e13ac4309349f30b3435a9d337750fc82d,1000000,,409358184961015808
morph,withdraw_final,26752193,1789366284000,0x0b22a0ca9cc99fb004ba87559434d7754ed295eaea3e615ab09d77b713cf3a8b,,,,,,409737748417609728
morph,withdraw_submit,26752478,1789366360000,0xc1b684fa1f7940a73fcd2692ce2c9fb547e5ae2960f8a08e44981a8cf939b86e,,0x0ce0e320aab55f95cdf4c1b1e90702f7cfb5d866,0xe7cd86e13ac4309349f30b3435a9d337750fc82d,796440000,,409737748417609728
morph,deposit,26755596,1789371850000,0xdcaa5f5f8e5a15895dc99f4270b0a860758cc863aed3aab5b7188c3253ae98b8,0xce4aedf66bbb7ee7be574461204640798ba0278e,0xce4aedf66bbb7ee7be574461204640798ba0278e,0xe7cd86e13ac4309349f30b3435a9d337750fc82d,100000000,2184,
morph,deposit,26755870,1789372346000,0x3f598953ff53737126398ae7673864a8ccb698f25e53a9166adf37dd8b6a7005,0xce4aedf66bbb7ee7be574461204640798ba0278e,0xce4aedf66bbb7ee7be574461204640798ba0278e,0xe7cd86e13ac4309349f30b3435a9d337750fc82d,100000000,2184,
morph,deposit,26755918,1789372435000,0xc26c1a24e0c40c5f73ba0ebbbb3f18c5733b28c414376c74067068af3cc87dbd,0xce4aedf66bbb7ee7be574461204640798ba0278e,0xce4aedf66bbb7ee7be574461204640798ba0278e,0xe7cd86e13ac4309349f30b3435a9d337750fc82d,100000000,2184,
morph,deposit,26755963,1789372520000,0x727a71de40c629e7ab8afbe6a35b8b8c31bf3d690196a08ee80741907516f785,0xce4aedf66bbb7ee7be574461204640798ba0278e,0xce4aedf66bbb7ee7be574461204640798ba0278e,0xe7cd86e13ac4309349f30b3435a9d337750fc82d,97000000,2184,
morph,deposit,26761196,1789381343000,0x2124e8909b0aea71c7b8e59e2e9d1473c60ae722519900b39d72dfb9a5edfbf0,0xbb48553d0c9470eb429ba35acd350c4c242ee902,0xbb48553d0c9470eb429ba35acd350c4c242ee902,0xe7cd86e13ac4309349f30b3435a9d337750fc82d,2000000,2184,
morph,withdraw_final,26761239,1789381712000,0x0a9d61807e3e11c52d8b97a9194449949b6ab78de5be7b3ee87402d954b879d3,,,,,,410707285728296960
morph,withdraw_submit,26761453,1789381780000,0xc2a6c586cb68a3126541f07af21246d9570c9b73d40fad4290f23ab88f7f7a15,,0xbb48553d0c9470eb429ba35acd350c4c242ee902,0xe7cd86e13ac4309349f30b3435a9d337750fc82d,1000000,,410707285728296960
morph,deposit,26774367,1789402943000,0xd02c465ef3c3bb66d6a7c2aec0fd065546484927d1f1bf68d528ce8008252101,0xbb48553d0c9470eb429ba35acd350c4c242ee902,0xbb48553d0c9470eb429ba35acd350c4c242ee902,0xe7cd86e13ac4309349f30b3435a9d337750fc82d,2000000,2184,
morph,withdraw_final,26774406,1789403304000,0x98483c70863f1da880ffe198e31a3420fc2eef3aa4b2acc3034384532303c8aa,,,,,,412106440044445697
morph,withdraw_submit,26774638,1789403380000,0x0c50048bd20eafd3ee7d8143152a3e517af75afc8e22a9d239b895a38286efc2,,0xbb48553d0c9470eb429ba35acd350c4c242ee902,0xe7cd86e13ac4309349f30b3435a9d337750fc82d,1000000,,412106440044445697
morph,deposit,26787759,1789424542000,0x85c21c8df97aeb4fb3ba4574ba29d33cc3b8057f0b69aa8e57979a77233301ac,0xbb48553d0c9470eb429ba35acd350c4c242ee902,0xbb48553d0c9470eb429ba35acd350c4c242ee902,0xe7cd86e13ac4309349f30b3435a9d337750fc82d,2000000,2184,
morph,withdraw_final,26787797,1789424909000,0x0ab1a553e7e0eb9355e34df295b8391b1dc5f87f56327a9a09210f14efad0a64,,,,,,413459732699807745
morph,withdraw_submit,26788001,1789424981000,0xf61f6329145a2b77a8992949e76d20973f7c9a70b672dc59b8e59ad72f65bcd9,,0xbb48553d0c9470eb429ba35acd350c4c242ee902,0xe7cd86e13ac4309349f30b3435a9d337750fc82d,1000000,,413459732699807745
morph,deposit,26797841,1789442909000,0x446f1bbf34b960d79069bbe5ad2ce4758b41c567aa71a718a8d85d55f4f1ccf8,0xf36e4157ee21218ebb3eefe4d5aa46226875029f,0xf36e4157ee21218ebb3eefe4d5aa46226875029f,0xe7cd86e13ac4309349f30b3435a9d337750fc82d,5000000,2184,
morph,withdraw_final,26797957,1789443423000,0xe37bc1ba8adda05811c5ee5f93d8e4c8b76b047f822f3f64eacc0fe187ad8bf2,,,,,,414592959841828864
morph,withdraw_submit,26798197,1789443520000,0xcec3e5ec3a75d26ffc121cdf62a9d439ef5bddf8c3a5c43a011fff71de69eca8,,0xf36e4157ee21218ebb3eefe4d5aa46226875029f,0xe7cd86e13ac4309349f30b3435a9d337750fc82d,1000000,,414592959841828864
morph,deposit,26799154,1789445274000,0x1f0840fa6762e545693fc17fa9a2535fd436336663e7cf5be01c0c8ea5bae015,0x7678218265dd1fb237c4dffe06760ea1c5d01705,0x3032c9a6de0c87aec1a272911ba1f5897609882b,0xe7cd86e13ac4309349f30b3435a9d337750fc82d,12998388,2184,
morph,deposit,26799629,1789446143000,0x8e3ebc7ba4e3197434a7855b19efcbd5d49c57a4f9926e93f8b387c2c9fa4ab3,0xbb48553d0c9470eb429ba35acd350c4c242ee902,0xbb48553d0c9470eb429ba35acd350c4c242ee902,0xe7cd86e13ac4309349f30b3435a9d337750fc82d,2000000,2184,
morph,withdraw_final,26799668,1789446513000,0x819a5a5f16564280084c64c2e5c52004887473bb5d48627f8b6b7acb4ae03345,,,,,,414778751516147712
morph,withdraw_submit,26799868,1789446580000,0x45ecba6c438c36c6c5b33a5b7b095a8c090dcaf0949b5d155e0486ac3e7c8702,,0xbb48553d0c9470eb429ba35acd350c4c242ee902,0xe7cd86e13ac4309349f30b3435a9d337750fc82d,1000000,,414778751516147712
morph,deposit,26801501,1789449465000,0x87c0c4fa98f23c2b9937aa4f483933565998a0199bd31f5d507d33647d675786,0x9330b671bd337945210555f2fb3301d343d87911,0xa90717d1e1c9f010688839da132950b18a7f535d,0xe7cd86e13ac4309349f30b3435a9d337750fc82d,1000043833,2184,
morph,deposit,26803529,1789452976000,0x4c15a92e7784e7eccf139cc2ad0f932f0f4ba2aa615689c066fff20944a1c3c2,0xf36e4157ee21218ebb3eefe4d5aa46226875029f,0xf36e4157ee21218ebb3eefe4d5aa46226875029f,0xe7cd86e13ac4309349f30b3435a9d337750fc82d,9892556,2184,
morph,deposit,26806019,1789457248000,0xbaa888e030b9630d7cd08762bd176bfa4def28957ed2bb94a9dfd45ff6c232eb,0x5a9669e4e050548a9e83ba38c4470f991c2d1ac0,0x5a9669e4e050548a9e83ba38c4470f991c2d1ac0,0xe7cd86e13ac4309349f30b3435a9d337750fc82d,1064010,2184,
morph,deposit,26809269,1789462903000,0x1d17500e476a52ba9d37ac725e2f001ff1c6ec33d595a89c1cc90dd9fade6564,0xce4aedf66bbb7ee7be574461204640798ba0278e,0xce4aedf66bbb7ee7be574461204640798ba0278e,0xe7cd86e13ac4309349f30b3435a9d337750fc82d,50000000,2184,
morph,deposit,26809335,1789463022000,0xb749ff18b6e170b2af4046fc7b3577c3fc11801606458091b8116c8398d4ed9e,0xce4aedf66bbb7ee7be574461204640798ba0278e,0xce4aedf66bbb7ee7be574461204640798ba0278e,0xe7cd86e13ac4309349f30b3435a9d337750fc82d,30000000,2184,
morph,deposit,26810824,1789465595000,0x9915fe4b45da19e685fcd69a76f60f55474a9833557b6ef90c6da1d0e9d1c021,0x73917bbe4abc452c57d95e143c0f4cd0edceb06c,0x73917bbe4abc452c57d95e143c0f4cd0edceb06c,0xe7cd86e13ac4309349f30b3435a9d337750fc82d,5000000,2184,
morph,deposit,26812120,1789467743000,0x5261dd740fb947cef4d70503aeee47b744a31977c65f16418096a111bff90293,0xbb48553d0c9470eb429ba35acd350c4c242ee902,0xbb48553d0c9470eb429ba35acd350c4c242ee902,0xe7cd86e13ac4309349f30b3435a9d337750fc82d,2000000,2184,
morph,withdraw_final,26812160,1789468116000,0x248c81e017849b40f85708fc0e87f1ae6dd0e6e429db54c86b23ac507d275982,,,,,,416112210012536832
morph,withdraw_submit,26812387,1789468180000,0x7ebcd0ad5a8f6f112e667040936d40b22ab1ab1f7f30bec9ffddc3eea150f7b9,,0xbb48553d0c9470eb429ba35acd350c4c242ee902,0xe7cd86e13ac4309349f30b3435a9d337750fc82d,1000000,,416112210012536832
morph,deposit,26826007,1789489343000,0x714744b1627a43cbbc009fa904e422bbde96f4a314b9d52ede90bc4b3e02dfb7,0xbb48553d0c9470eb429ba35acd350c4c242ee902,0xbb48553d0c9470eb429ba35acd350c4c242ee902,0xe7cd86e13ac4309349f30b3435a9d337750fc82d,2000000,2184,
morph,withdraw_final,26826048,1789489708000,0x382009a5961b76ef32cd17725b6a16f3bd3861b06bb2668dcdec3081f0b67025,,,,,,417491212342132736
morph,withdraw_submit,26826256,1789489780000,0x38494e1043d99d966e0d9c2b20d28fa25e23f4d4fe8ccf8685630f2d9d98eeab,,0xbb48553d0c9470eb429ba35acd350c4c242ee902,0xe7cd86e13ac4309349f30b3435a9d337750fc82d,1000000,,417491212342132736
morph,deposit,26839543,1789510943000,0x7453ec9c68f8e2af0571dc0dc96e147ee67501a26c754b3376a88dec62e26968,0xbb48553d0c9470eb429ba35acd350c4c242ee902,0xbb48553d0c9470eb429ba35acd350c4c242ee902,0xe7cd86e13ac4309349f30b3435a9d337750fc82d,2000000,2184,
morph,withdraw_final,26839581,1789511314000,0x03f92f38292bdf7a509c84dda83967f9babdbf97dca23975fd82493640672ac6,,,,,,418883211242766336
morph,withdraw_submit,26839801,1789511380000,0x7b65d624b4b2d5728d798b8d67095bb10e4e625a2b8843e9ada11e00277c8ec1,,0xbb48553d0c9470eb429ba35acd350c4c242ee902,0xe7cd86e13ac4309349f30b3435a9d337750fc82d,1000000,,418883211242766336
morph,deposit,26851138,1789531390000,0x6ec88304309dcd285065e51ef99357c82bf1a41321a490747f5910911af3cb04,0xf36e4157ee21218ebb3eefe4d5aa46226875029f,0xf36e4157ee21218ebb3eefe4d5aa46226875029f,0xe7cd86e13ac4309349f30b3435a9d337750fc82d,2000000,2184,
morph,deposit,26851785,1789532543000,0xa8162667edb8d23676eb928ac45913b9e91a4533319557e76012ec69acf3c79c,0xbb48553d0c9470eb429ba35acd350c4c242ee902,0xbb48553d0c9470eb429ba35acd350c4c242ee902,0xe7cd86e13ac4309349f30b3435a9d337750fc82d,2000000,2184,
morph,withdraw_final,26851822,1789532911000,0xb91295c2e62999c6851f1eac1e13a566f038f13eec0672e9b00773106513e738,,,,,,420207066192281600
morph,withdraw_submit,26852019,1789532980000,0xd9b312265a40e72c8003649b116f06b0f065cfd700ca7d31357f6879f62f25b8,,0xbb48553d0c9470eb429ba35acd350c4c242ee902,0xe7cd86e13ac4309349f30b3435a9d337750fc82d,1000000,,420207066192281600
morph,deposit,26856384,1789540916000,0xff687cb4d9578177e8855bf5bfe3b155184084eade16cc9bdc547fc6283f47bf,0xbce1239f3bfb2b9735ee55d63167a8c6a50a6161,0xbce1239f3bfb2b9735ee55d63167a8c6a50a6161,0xe7cd86e13ac4309349f30b3435a9d337750fc82d,5000000,2184,
morph,deposit,26856471,1789541064000,0x97c3768dcd87bde0f18e206e348d67b0804fef98ed839112e38b43586b344749,0xf36e4157ee21218ebb3eefe4d5aa46226875029f,0xf36e4157ee21218ebb3eefe4d5aa46226875029f,0xe7cd86e13ac4309349f30b3435a9d337750fc82d,2000000,2184,
morph,deposit,26860028,1789547034000,0x4993212dbd8e8fa9ef8dfd6c3d4d5c98890713b0fb21c314c59ab982dce8bde4,0xb63192b8ba7db94b22a2f7aa273e210770c253ae,0xb63192b8ba7db94b22a2f7aa273e210770c253ae,0xe7cd86e13ac4309349f30b3435a9d337750fc82d,4790000,2184,
morph,deposit,26861448,1789549321000,0x1d489c422acccd45278ed4cdbf66093987d25cee9e928c905bec476625c923e2,0x4a42805676fc23a352aa6f5dcce342503407d96c,0x4a42805676fc23a352aa6f5dcce342503407d96c,0xe7cd86e13ac4309349f30b3435a9d337750fc82d,2200000,2184,
morph,deposit,26861744,1789549772000,0xb185bceb4a61f3c5389c9f57956564a4f0f46cc70ee36c13196da2ea7e7ae9fb,0xf36e4157ee21218ebb3eefe4d5aa46226875029f,0xf36e4157ee21218ebb3eefe4d5aa46226875029f,0xe7cd86e13ac4309349f30b3435a9d337750fc82d,2000000,2184,
morph,withdraw_final,26861784,1789550143000,0x3be62da55d95f459563d56b6a87c8591f780871b401b73e579a3b38a65c85d5d,,,,,,421253320246558720
morph,deposit,26861857,1789549966000,0x83f7f28923014264141d616ec5bb89badfeba8c90015f88b2c7e4d3353646dda,0xf36e4157ee21218ebb3eefe4d5aa46226875029f,0xf36e4157ee21218ebb3eefe4d5aa46226875029f,0xe7cd86e13ac4309349f30b3435a9d337750fc82d,9893345,2184,
morph,deposit,26861911,1789550055000,0xdf69999eeb3ed88d66130b8887ade11edc1b150638c4197fc74ce683944ab9fc,0xbce1239f3bfb2b9735ee55d63167a8c6a50a6161,0xbce1239f3bfb2b9735ee55d63167a8c6a50a6161,0xe7cd86e13ac4309349f30b3435a9d337750fc82d,2000000,2184,
morph,withdraw_final,26861929,1789550383000,0x1dc9c52adb2d6b238bdb397bf9715bf88920319a21be23e95fa9f7727e1a7686,,,,,,421267734131638272
morph,withdraw_submit,26862035,1789550259000,0x8a83f7748a87179d59f6a5206e4c0de60f67c9e0438c6c42d5858273a554e49f,,0xf36e4157ee21218ebb3eefe4d5aa46226875029f,0xe7cd86e13ac4309349f30b3435a9d337750fc82d,1000000,,421253320246558720
morph,withdraw_submit,26862150,1789550440000,0xc9f77287a1f5700bfff85ae04c91373778da95d81b245930883edab57a8a48cc,,0xbce1239f3bfb2b9735ee55d63167a8c6a50a6161,0xe7cd86e13ac4309349f30b3435a9d337750fc82d,2000000,,421267734131638272
morph,deposit,26862840,1789551533000,0x53d5065a6894a8ff09ce12f1fc6164685823403aa2a5a0c8c5b867d74729f5d6,0xf14c54a4586f862f62b884e4ef5aa4d5b36d6a81,0xf14c54a4586f862f62b884e4ef5aa4d5b36d6a81,0xe7cd86e13ac4309349f30b3435a9d337750fc82d,4230000,2184,
morph,deposit,26863192,1789552123000,0x953166e8fcc5feda01b6182ab4ba75631e9eaefe261b424d19e9ab28e117b779,0xab13a8e1b546d2233f1d25ee806d96c34f210f81,0xab13a8e1b546d2233f1d25ee806d96c34f210f81,0xe7cd86e13ac4309349f30b3435a9d337750fc82d,15900000,2184,
morph,deposit,26864109,1789553580000,0x7abb2636cbca6c2af8f2439e7bf5b9a701c6eaab32058d55c3a8d7e2306757f2,0x2948d1da02a99394f61029bc5d5f0243dd920328,0x2948d1da02a99394f61029bc5d5f0243dd920328,0xe7cd86e13ac4309349f30b3435a9d337750fc82d,5050000,2184,
morph,deposit,26864455,1789554143000,0xe0d94cc3a9db0889a556163bceb879179a326f827967687c3e7c0af431df65e2,0xbb48553d0c9470eb429ba35acd350c4c242ee902,0xbb48553d0c9470eb429ba35acd350c4c242ee902,0xe7cd86e13ac4309349f30b3435a9d337750fc82d,2000000,2184,
morph,withdraw_final,26864495,1789554505000,0xf3048163f0de66e11b43ae66e49a071b8a7ef495dbd9621939ba10d44ebfbb2b,,,,,,421513011128172544
morph,deposit,26864546,1789554294000,0x0e1da3092de3399a6e27e96bcfafc3172ea238962efea01c2cc6604ca752351f,0xcefb06f84bfff6121f046f634c171d5c65a93843,0xcefb06f84bfff6121f046f634c171d5c65a93843,0xe7cd86e13ac4309349f30b3435a9d337750fc82d,3730000,2184,
morph,withdraw_submit,26864715,1789554580000,0x80484574ddd6296c251206adc9f0b1d7d7914358bdd12d23cd49721b660a9e4e,,0xbb48553d0c9470eb429ba35acd350c4c242ee902,0xe7cd86e13ac4309349f30b3435a9d337750fc82d,1000000,,421513011128172544
morph,deposit,26865104,1789555222000,0x83845a204c4362b26eaff323f573d0f172dbb91d234b979ae76637a611209844,0x2948d1da02a99394f61029bc5d5f0243dd920328,0x2948d1da02a99394f61029bc5d5f0243dd920328,0xe7cd86e13ac4309349f30b3435a9d337750fc82d,1100000,2184,
morph,deposit,26866878,1789558000000,0xeeb5ce1589d98764282c564886c5a4f78f6c5b372f055b0d662885072b191b6f,0x5f014a2ed48f1523559065ea0c9d5b80f147734e,0x5f014a2ed48f1523559065ea0c9d5b80f147734e,0xe7cd86e13ac4309349f30b3435a9d337750fc82d,99000000,2184,
morph,deposit,26869553,1789561966000,0xd5c5a43b5eca0102f5f31ab3f0742f736f177b09c16598f72ca0ae2455a024d8,0xc22b0799821d8841efa9789546f87392e8120988,0xc22b0799821d8841efa9789546f87392e8120988,0xe7cd86e13ac4309349f30b3435a9d337750fc82d,24262540,2184,
morph,deposit,26870319,1789563218000,0x1f00ae969ee98822e846f6d7c4e2edbf8b7ff09bdc538a2edf1f38b3493c965d,0xbc5a454f78d934addbad9abd9448fba91a717357,0xbc5a454f78d934addbad9abd9448fba91a717357,0xe7cd86e13ac4309349f30b3435a9d337750fc82d,500040000,2184,
morph,deposit,26871164,1789564594000,0xa5222b5232c78ce423c6aa0e2acace7350ef9b60934471503c8703e7cb108693,0xe37e26c2c8c30ca50abe620fd0b09e271de1a796,0xe37e26c2c8c30ca50abe620fd0b09e271de1a796,0xe7cd86e13ac4309349f30b3435a9d337750fc82d,325850000,2184,
morph,withdraw_final,26871720,1789565816000,0xbc0380656af259ae7c86504c473b6d614b7df97b288532084fec00d7f5124883,,,,,,422239874205089792
morph,withdraw_submit,26871991,1789565920000,0xdaa6a0d701165424c76c9e1879c3ac060bbfae03ead584fce98ec7210313eac6,,0x2948d1da02a99394f61029bc5d5f0243dd920328,0xe7cd86e13ac4309349f30b3435a9d337750fc82d,10870000,,422239874205089792
morph,deposit,26872300,1789566358000,0x40ab8d7ef6d3e017d4baeb19f2c777c48f7de74d66fbf4a38abb5d2cd72fb734,0xa1735d26b17dc5c57ec35cfb0a372d2fd1f922a2,0xa1735d26b17dc5c57ec35cfb0a372d2fd1f922a2,0xe7cd86e13ac4309349f30b3435a9d337750fc82d,5000000,2184,
morph,deposit,26872436,1789566548000,0x4efab49158edf664ccd9af5346d8afd5f3cecead4bee2f19bfc3b7974d3a60be,0x85acb9ceb2a5cef830cb359c6873a1c8573fd106,0x85acb9ceb2a5cef830cb359c6873a1c8573fd106,0xe7cd86e13ac4309349f30b3435a9d337750fc82d,3520000,2184,
morph,deposit,26872817,1789567172000,0xfaf70661e07b2950d6bf652b8b154a3b75d7f95b5a37bfafcf94dc7e6fb7777d,0x50fac7ad855fdef33fce5c77a0a460f31fd686e5,0x50fac7ad855fdef33fce5c77a0a460f31fd686e5,0xe7cd86e13ac4309349f30b3435a9d337750fc82d,4810000,2184,
morph,deposit,26875090,1789570206000,0xa13cbe04648db2370cf3fd0f3c88ade7636a0efa72ab360e004f3001a675e36f,0x234404a1f7b006ad349b40cc387359005ec5df13,0x234404a1f7b006ad349b40cc387359005ec5df13,0xe7cd86e13ac4309349f30b3435a9d337750fc82d,2500000,2184,
morph,withdraw_final,26876291,1789572429000,0x2e48f3acd46011bf395d17cf59fea138568b05b0484f72550e295d089143503c,,,,,,422748475654930432
morph,withdraw_submit,26876531,1789572520000,0x6b120964618d4104f52f4a3af1d60b8b5a17ac99dd7b8d0ed6e4c0f1f334b424,,0xb64167027272308a919f64150063d8e38ee13df3,0xe7cd86e13ac4309349f30b3435a9d337750fc82d,29960000,,422748475654930432
morph,deposit,26876823,1789573004000,0x119b6a8588bc976ece971aa302dc50e4d1b0e07838a5aa987b207b7a7f40ec96,0x8881ee469c8115a5c9114caf76e68c83432a0899,0x8881ee469c8115a5c9114caf76e68c83432a0899,0xe7cd86e13ac4309349f30b3435a9d337750fc82d,1000000,2184,
morph,deposit,26878478,1789575743000,0x8c9199bc9ab0cf95fa90d2ad516676a1e6dff62c0f07780c72ae411a9e41f2c9,0xbb48553d0c9470eb429ba35acd350c4c242ee902,0xbb48553d0c9470eb429ba35acd350c4c242ee902,0xe7cd86e13ac4309349f30b3435a9d337750fc82d,2000000,2184,
morph,withdraw_final,26878520,1789576110000,0xb5eb41f22b6d1cc2c954c93f5ccd6f9b37b6176569966d8924f9e9b0cc55fa0a,,,,,,423032244139982848
morph,withdraw_submit,26878731,1789576180000,0xc1a58232d268cfd764095ba02d22dc56303ce4d2697251eb755fdfb2af789761,,0xbb48553d0c9470eb429ba35acd350c4c242ee902,0xe7cd86e13ac4309349f30b3435a9d337750fc82d,1000000,,423032244139982848
morph,deposit,26879672,1789577853000,0x8cd5ef698ddfb2d08a0443ad8833c9ef1b3249f77d890092bb521555a6cf2b6b,0x69ae9e21c720f84f9c4f9a8887d16367156ac870,0x69ae9e21c720f84f9c4f9a8887d16367156ac870,0xe7cd86e13ac4309349f30b3435a9d337750fc82d,30750000,2184,
morph,deposit,26879759,1789578008000,0x306e6dd4cd4a0e177675c1621078e00f8a757eb6db908ed8c22416c347fb6645,0x548e82bd247973e2005efc2b179f592bbb0db61a,0x548e82bd247973e2005efc2b179f592bbb0db61a,0xe7cd86e13ac4309349f30b3435a9d337750fc82d,1035000000,2184,
morph,deposit,26880555,1789579436000,0xa80e430822840af4acd4292526d9fffb2dfdcb6fa51a31ebdec71540a27b51bd,0x739aa43aece3339b1df469183322f3414b4080e6,0x739aa43aece3339b1df469183322f3414b4080e6,0xe7cd86e13ac4309349f30b3435a9d337750fc82d,200000000,2184,
morph,deposit,26881232,1789580592000,0xa03627b880846eeb657ad5cefcc2cba6fbbfd7789d784cfa9c98cc327eb46516,0xcd9d88a3cc90df875c784af751c7fb044c9cb226,0xcd9d88a3cc90df875c784af751c7fb044c9cb226,0xe7cd86e13ac4309349f30b3435a9d337750fc82d,2760000,2184,
morph,deposit,26881335,1789580768000,0x48e0f715866a87b0c74baab9675670982b11cb9abc6669a0f92fe71ed298d00a,0xb59d9ca8cd8e7d847af7a5c8dff8aea9dd31e1b6,0xb59d9ca8cd8e7d847af7a5c8dff8aea9dd31e1b6,0xe7cd86e13ac4309349f30b3435a9d337750fc82d,10000000,2184,
morph,deposit,26881407,1789580896000,0xb94ce639d72888b3af4fcddf7eb994c18f0a4b69f0003ecc3afb9d6330632804,0xb59d9ca8cd8e7d847af7a5c8dff8aea9dd31e1b6,0xb59d9ca8cd8e7d847af7a5c8dff8aea9dd31e1b6,0xe7cd86e13ac4309349f30b3435a9d337750fc82d,5000000,2184,
morph,deposit,26882269,1789581888000,0x18469ead18760338c7fbd3cc86ec4c4b9d244bf1ffab50f891dfa7816b67d1b8,0x648e504f142cd4427135abd12270064227b0b240,0x648e504f142cd4427135abd12270064227b0b240,0xe7cd86e13ac4309349f30b3435a9d337750fc82d,2000000,2184,
morph,deposit,26882781,1789582366000,0x0f89fa027eee1ec1a84c4434305b4699390d13cfa218cff29118e1659e08b091,0x2df06dc146fd9d128839e409b841c95bc5d5a4da,0x2df06dc146fd9d128839e409b841c95bc5d5a4da,0xe7cd86e13ac4309349f30b3435a9d337750fc82d,247030000,2184,
morph,deposit,26883124,1789582804000,0x5d839f5c952f33ef8ab688a4e53fad8e241243f34ba61630633f867db6a53d08,0x2df06dc146fd9d128839e409b841c95bc5d5a4da,0x2df06dc146fd9d128839e409b841c95bc5d5a4da,0xe7cd86e13ac4309349f30b3435a9d337750fc82d,245430000,2184,
morph,deposit,26883647,1789583574000,0x723eb12a9c95698342acaafa2e6d69c0bb1683edd4b80b7b8554dae4fb953a5c,0x4578c0bf8bfc752c8644b52679d749d8a572e01d,0x4578c0bf8bfc752c8644b52679d749d8a572e01d,0xe7cd86e13ac4309349f30b3435a9d337750fc82d,50000000,2184,
morph,deposit,26884359,1789584334000,0x5a1fa10f5c95a6480c3301873f4b28595eb731eeaea1dc4ed50d1fa84ac1f724,0xc34c94ffd1559d8472bfe6ee082973fc4ca3dba1,0xc34c94ffd1559d8472bfe6ee082973fc4ca3dba1,0xe7cd86e13ac4309349f30b3435a9d337750fc82d,100000000,2184,
morph,deposit,26884836,1789585001000,0xec22faf4f94ad680c75aec29f7f9b4a792debdb68f67102d1702ebb2e27be4f8,0x7907e69d00482e220393c29f37dde24840cdfdf3,0x7907e69d00482e220393c29f37dde24840cdfdf3,0xe7cd86e13ac4309349f30b3435a9d337750fc82d,5850000,2184,
morph,deposit,26885096,1789585322000,0xb2479c8774bbae60c4b24ce316807b3a3be63720ebc1047fc9bd1aa5574cc742,0xc72841f628e4e77971b3aef49bd7dde72583dfad,0xc72841f628e4e77971b3aef49bd7dde72583dfad,0xe7cd86e13ac4309349f30b3435a9d337750fc82d,10000000,2184,
morph,deposit,26888841,1789591310000,0x31aff28735c69fcd14386ef8832e28fbe3e1108dd53193ede7814d87b2034283,0xfe991a527b4a3ed7d6d7c9f9934e9abe3aaed1f9,0xfe991a527b4a3ed7d6d7c9f9934e9abe3aaed1f9,0xe7cd86e13ac4309349f30b3435a9d337750fc82d,1030000,2184,
morph,withdraw_final,26888924,1789591755000,0x22c271243d550e3a41728750789c31343e85f049bbd3ddc157621d6d9bb3d4b3,,,,,,424230308104110080
morph,withdraw_submit,26889129,1789591840000,0xe75db9158dd55151ae372c558aeffb9843c8453fe936828520fd440d1432c03e,,0xcd9d88a3cc90df875c784af751c7fb044c9cb226,0xe7cd86e13ac4309349f30b3435a9d337750fc82d,1760000,,424230308104110080
morph,deposit,26889512,1789592546000,0x8484427af026449ea962114c5d76a91d458a0705b7fa94055e1360220bf9cd5c,0xa07037950d4599e084da745463d3b4955848676a,0xa07037950d4599e084da745463d3b4955848676a,0xe7cd86e13ac4309349f30b3435a9d337750fc82d,15000000,2184,
morph,deposit,26890432,1789594264000,0xd65ab3e7e934b6e878f0a300629a7cbb540d5bd04aa34a2f3fb65aa57cd92264,0x62eab90d58b2d2a8b4492f2a409c812446820517,0x62eab90d58b2d2a8b4492f2a409c812446820517,0xe7cd86e13ac4309349f30b3435a9d337750fc82d,200000000,2184,
morph,deposit,26892144,1789597343000,0x02160168bcf4e893b5cdb50d2d94629ab7f8f3f6f7ee6a958dae07bc8fe9873e,0xbb48553d0c9470eb429ba35acd350c4c242ee902,0xbb48553d0c9470eb429ba35acd350c4c242ee902,0xe7cd86e13ac4309349f30b3435a9d337750fc82d,2000000,2184,
morph,withdraw_final,26892181,1789597711000,0x05ddd32d736d9092c3452d644035c69f6716b0f1644f035969827f4ec0347751,,,,,,424691269747343360
morph,withdraw_submit,26892376,1789597780000,0x899824fb08cbba2c768f140e34c6d41b8d41d2edf4caa74acd4a040bd173c747,,0xbb48553d0c9470eb429ba35acd350c4c242ee902,0xe7cd86e13ac4309349f30b3435a9d337750fc82d,1000000,,424691269747343360
morph,deposit,26894710,1789602028000,0x9387fee13bad5aa09152df6e9037e2093ee00b0846a0b71b82a3fa70f769c792,0x0b6e7e2f32480522d35a5580485e6fc66e6a4133,0x0b6e7e2f32480522d35a5580485e6fc66e6a4133,0xe7cd86e13ac4309349f30b3435a9d337750fc82d,110210000,2184,
morph,withdraw_final,26895945,1789604562000,0x7870f66555d0d0bfced38381e4bbfe9265b8bc88e751ee32c240619ac4bd7626,,,,,,425220882168807424
morph,withdraw_submit,26896172,1789604680000,0x838c3daf1dbc1af8e9ce475428440bc8fbacae8e63c83448f77ad0d164490cf6,,0x0b6e7e2f32480522d35a5580485e6fc66e6a4133,0xe7cd86e13ac4309349f30b3435a9d337750fc82d,109210000,,425220882168807424
morph,deposit,26896627,1789605508000,0x5814481e1fa62e67ce6f3f6adbf66ea5fe9f326e949c232ea9bf1b17825e6a86,0xc5b2483b6dbc8ea3250d3d4f5cee4dd0293de1a0,0xc5b2483b6dbc8ea3250d3d4f5cee4dd0293de1a0,0xe7cd86e13ac4309349f30b3435a9d337750fc82d,10980000,2184,
morph,deposit,26897149,1789606480000,0x05ace5d32113d318886ae26f0203d6823b540cd71208c7ad7f1a7b670a8c6f0d,0x0cd8255ac318b44f7f5e795cd8ba6acf25ba74d4,0x0cd8255ac318b44f7f5e795cd8ba6acf25ba74d4,0xe7cd86e13ac4309349f30b3435a9d337750fc82d,60710000,2184,
morph,deposit,26898688,1789609112000,0xd99e70694973ddc6d8266da2c30753f99926a1d0619a91fa7b6265d26c01a9ba,0xd449a7676df845687e341d5386e9e35f3322ecb2,0xd449a7676df845687e341d5386e9e35f3322ecb2,0xe7cd86e13ac4309349f30b3435a9d337750fc82d,4910000,2184,
morph,deposit,26898964,1789609592000,0x0f5b29baf676bcfe7f7799030740e653884e9a0256283c6f75176e8e971621e0,0x7481e623da7fa4a71f40dedd1d7a1a7656042069,0x7481e623da7fa4a71f40dedd1d7a1a7656042069,0xe7cd86e13ac4309349f30b3435a9d337750fc82d,100000000,2184,
morph,deposit,26899220,1789610056000,0x7c84f56b82ab5a94a93a757d4e1ceaad4a78db946f650de415a2e8439d1e66a9,0x3cda0ce4c19466eaf3e48f69985eafeb9e5a5641,0x3cda0ce4c19466eaf3e48f69985eafeb9e5a5641,0xe7cd86e13ac4309349f30b3435a9d337750fc82d,126310000,2184,
morph,deposit,26899228,1789610070000,0xceba302baa17ae49f0ddf3293c99b1436a40b90908604aa2689609d745d118dd,0xa430f1111f57c624f58c71e15dc6c7d2867de87a,0xa430f1111f57c624f58c71e15dc6c7d2867de87a,0xe7cd86e13ac4309349f30b3435a9d337750fc82d,22120000,2184,
morph,deposit,26899678,1789610884000,0x35bec406a7f588fbda6b6b54e1696fed122005a4cc690ebd5922f85db5bcb177,0x139578ae27c6cbbba5a488fad09a385fa0e17c96,0x139578ae27c6cbbba5a488fad09a385fa0e17c96,0xe7cd86e13ac4309349f30b3435a9d337750fc82d,22310000,2184,
morph,deposit,26900630,1789612586000,0xc44cfc7129575d20c84f2fa32fe8029d44f7a4942ba5741abdb65207f3856065,0x12f587462d24a69cbe705bae7fb2dac84b3985d1,0x12f587462d24a69cbe705bae7fb2dac84b3985d1,0xe7cd86e13ac4309349f30b3435a9d337750fc82d,100000000,2184,
morph,deposit,26901625,1789614316000,0x2b0fd6ff76db50f2308e1dfbcfe1de293486a258b7ed82ada3d4c81bf01d7e99,0x648e504f142cd4427135abd12270064227b0b240,0x648e504f142cd4427135abd12270064227b0b240,0xe7cd86e13ac4309349f30b3435a9d337750fc82d,6000000,2184,
morph,deposit,26901756,1789614532000,0x2c7f7d7f9759e8d0b9a8ca2a83babc9c75ba46907fdb2d96f03e77b900144dc9,0xe09818bfa2838b07a6e58140a30f6be34bdce9d8,0xe09818bfa2838b07a6e58140a30f6be34bdce9d8,0xe7cd86e13ac4309349f30b3435a9d337750fc82d,2041000000,2184,
morph,deposit,26901776,1789614564000,0xc492ed7e99fafb22abe2928172efd6f4753e7acd244289bf824408df93e2c7fc,0x68258cad4d699b3b44637aec3189da5b97fdda3b,0x68258cad4d699b3b44637aec3189da5b97fdda3b,0xe7cd86e13ac4309349f30b3435a9d337750fc82d,3820000,2184,
morph,deposit,26903101,1789616932000,0x2e086f876bc9398c9699d44063ca0b2f17749757cc874f3a3c128bcca9c301e8,0xd06d178ce0177b223d1614a3ea2f17acffc5f3d1,0xd06d178ce0177b223d1614a3ea2f17acffc5f3d1,0xe7cd86e13ac4309349f30b3435a9d337750fc82d,10830000,2184,
morph,deposit,26903628,1789617918000,0x84ae52cc86c2d989a6554f9653ba6215d8031f7a90a0ccb0c765aaf95ac97f80,0xe04994887c0860663a10bd62dbcf858c5fef986b,0xe04994887c0860663a10bd62dbcf858c5fef986b,0xe7cd86e13ac4309349f30b3435a9d337750fc82d,3580000,2184,
morph,deposit,26903966,1789618556000,0x6a34770ba3af45e6804d241b9fb0f256a2d008d970d206907719066a6e489aa7,0x2844c464dedb2b7a1f15b6048db09b3b7440d520,0x2844c464dedb2b7a1f15b6048db09b3b7440d520,0xe7cd86e13ac4309349f30b3435a9d337750fc82d,6120000,2184,
morph,deposit,26904176,1789618944000,0x776af092e68cc1f287f4106d717d92dc52d1c3f440ab5ab751b9e2eb805fe57e,0xbb48553d0c9470eb429ba35acd350c4c242ee902,0xbb48553d0c9470eb429ba35acd350c4c242ee902,0xe7cd86e13ac4309349f30b3435a9d337750fc82d,2000000,2184,
morph,withdraw_final,26904214,1789619311000,0x33326ea0599375f277601c1cddcd65484effdec8ffa9b2287cd265a460e39bdf,,,,,,426362046385225728
morph,withdraw_submit,26904420,1789619380000,0x5215a5abc6287debbd261f0c0f33acac4fb2ac50b99ae7fbf7e473a4ba7dc3a4,,0xbb48553d0c9470eb429ba35acd350c4c242ee902,0xe7cd86e13ac4309349f30b3435a9d337750fc82d,1000000,,426362046385225728
morph,deposit,26904959,1789620318000,0x5f441041e6eed81bad1f08024794d9f23dbb340a2c0f1d42a68819d4da52692e,0x2fe5351af4562457228ee0a1520a1b76f11abeda,0x2fe5351af4562457228ee0a1520a1b76f11abeda,0xe7cd86e13ac4309349f30b3435a9d337750fc82d,385310000,2184,
morph,deposit,26905433,1789621086000,0x42a63f8bb295fe99aac2e73b6eeb7df763c7952788aac432ee44e149c3330451,0x1f94872a2b314881b9437818352f08c556454c45,0x1f94872a2b314881b9437818352f08c556454c45,0xe7cd86e13ac4309349f30b3435a9d337750fc82d,3450000,2184,
morph,withdraw_final,26906855,1789623936000,0x39f2c3a2ae23b78fe61a174fc7c952d00042acd8241dba17b6e948b8cc888386,,,,,,426720384096665600
morph,withdraw_submit,26907054,1789624000000,0x984382721f2e3046425e2160d953ccb2adac2a6e4b7dc10635812cffd70282a8,,0xa07037950d4599e084da745463d3b4955848676a,0xe7cd86e13ac4309349f30b3435a9d337750fc82d,12520000,,426720384096665600
morph,deposit,26907509,1789624804000,0x9aca9c4b29c55ba214255c8a987512b14b2c5f2bd17eb07027c46492b9406bdc,0x98a72557428fe58bf04e323969178af4374886fe,0x98a72557428fe58bf04e323969178af4374886fe,0xe7cd86e13ac4309349f30b3435a9d337750fc82d,1650000,2184,
morph,deposit,26907555,1789624876000,0x9569c4552dd9f3053af6b2534cee8f8ead6269ea0a3d4e5e9787c6a9365d4606,0x98a72557428fe58bf04e323969178af4374886fe,0x98a72557428fe58bf04e323969178af4374886fe,0xe7cd86e13ac4309349f30b3435a9d337750fc82d,1360000,2184,
morph,deposit,26907860,1789625432000,0x9e34b5711790b4dbfa03a39914df798b7d2a9f62b81b37a2ed0a58ea9504402c,0x562945fbaba8d76c20c874c8c7aab023836d8625,0x562945fbaba8d76c20c874c8c7aab023836d8625,0xe7cd86e13ac4309349f30b3435a9d337750fc82d,149350000,2184,
morph,deposit,26908445,1789626512000,0x375c33f86162df4d720ddb3201e79212179b555b1462016a846d280ce98c9f0d,0xa78e17a14a68170efeaf12af16e601b0e562cf1b,0xa78e17a14a68170efeaf12af16e601b0e562cf1b,0xe7cd86e13ac4309349f30b3435a9d337750fc82d,24850000,2184,
morph,deposit,26908969,1789627377000,0xb6f8dda49776a37d1286eaef1ba002b7c235fc22a1e8d532ac159cdd608b7e57,0xe5ce2165668592268e00dcebc6abf7e181d80346,0xe5ce2165668592268e00dcebc6abf7e181d80346,0xe7cd86e13ac4309349f30b3435a9d337750fc82d,23350000,2184,
morph,deposit,26909398,1789627876000,0x453aa3474db9807e16835f3d88647c1514db0e3edc90a4b6e95c2b95967105b4,0xe1645e7af01ed42b7ffde511291c84d31c96db82,0xe1645e7af01ed42b7ffde511291c84d31c96db82,0xe7cd86e13ac4309349f30b3435a9d337750fc82d,4120000,2184,
morph,deposit,26909591,1789628224000,0xbae5589158c633d5cf3a272d9852b707c659d645dae85add89913f061755c421,0xb0ea4803b156f9b6c094db5cc277f618579192db,0xb0ea4803b156f9b6c094db5cc277f618579192db,0xe7cd86e13ac4309349f30b3435a9d337750fc82d,52000000,2184,
morph,deposit,26909628,1789628286000,0x4dd942d0ff98d570f36c653e9d3730a57f57f055e16094c03ac9bec3250df315,0x7462dcd26fe64fc101d387635605f7aa40ad121a,0x7462dcd26fe64fc101d387635605f7aa40ad121a,0xe7cd86e13ac4309349f30b3435a9d337750fc82d,11610000,2184,
morph,deposit,26909892,1789628732000,0xfe2273cc11a6e77103ff98b5c94b8758de5001a9aaccc1400184b696d551a731,0x196763374186a9380c9d4772414eb4c4fc06c440,0x196763374186a9380c9d4772414eb4c4fc06c440,0xe7cd86e13ac4309349f30b3435a9d337750fc82d,10830000,2184,
morph,withdraw_final,26910783,1789630549000,0x4f7e89bdc00388254a2807a269d98e53b717c61168b7012e34715f165cb962ab,,,,,,427232318428545024
morph,deposit,26910923,1789630504000,0x093e9331ef9d8cb9857cf4895e02789cdddf1993082db69d1b99da79500ed3b2,0x196763374186a9380c9d4772414eb4c4fc06c440,0x196763374186a9380c9d4772414eb4c4fc06c440,0xe7cd86e13ac4309349f30b3435a9d337750fc82d,838850000,2184,
morph,withdraw_submit,26911015,1789630660000,0x31618047db578c3f92c012284bae88b58b032b28268a5791c8838322c6ef59d2,,0xd449a7676df845687e341d5386e9e35f3322ecb2,0xe7cd86e13ac4309349f30b3435a9d337750fc82d,3850000,,427232318428545024
morph,deposit,26912955,1789634038000,0xe12dd0908cb467b0ec82ebb37f8f59d12ced98804b0a3e207da7710c25c1ef03,0x4a42805676fc23a352aa6f5dcce342503407d96c,0x4a42805676fc23a352aa6f5dcce342503407d96c,0xe7cd86e13ac4309349f30b3435a9d337750fc82d,1700000,2184,
morph,deposit,26913033,1789634176000,0x4efaab5a6dc967d904cb85ec098292830eb45a377eaa498318f7802175030f59,0x68258cad4d699b3b44637aec3189da5b97fdda3b,0x68258cad4d699b3b44637aec3189da5b97fdda3b,0xe7cd86e13ac4309349f30b3435a9d337750fc82d,1360000,2184,
morph,deposit,26914090,1789635974000,0xc86c5822eb8926215644418c2c6e33765110d8ee0d77ff1813e0c27db2452f71,0xe60e013bafe647420afc66d31c19a142182a3d73,0xe60e013bafe647420afc66d31c19a142182a3d73,0xe7cd86e13ac4309349f30b3435a9d337750fc82d,100000000,2184,
morph,deposit,26915776,1789638928000,0xcf8b8b2598e8c932f4045b988512c69f78208f24e559d4cca022697c7a4ef607,0xdf7ef97c6f99b739909ea500db7260efba75d2a4,0xdf7ef97c6f99b739909ea500db7260efba75d2a4,0xe7cd86e13ac4309349f30b3435a9d337750fc82d,22780000,2184,
morph,deposit,26916280,1789639802000,0xf35dbac902152a9ac6fb644e876bee21786c4ff01f21184505eb617792286570,0x1db45b7b856e490e8d5da3ab6278996f2a81b53f,0x1db45b7b856e490e8d5da3ab6278996f2a81b53f,0xe7cd86e13ac4309349f30b3435a9d337750fc82d,26010000,2184,
morph,deposit,26916702,1789640541000,0x7267b3a1e43e9ac31c1726acb6306b6bff0e6bfb209b4e88ac9709a068e4609a,0xbb48553d0c9470eb429ba35acd350c4c242ee902,0xbb48553d0c9470eb429ba35acd350c4c242ee902,0xe7cd86e13ac4309349f30b3435a9d337750fc82d,2000000,2184,
morph,withdraw_final,26916741,1789640910000,0x3588cf316d9186572ba6f1181ab684ec971bd98ceab6cf86b2357f736fc462bd,,,,,,428034558189895680
morph,deposit,26916767,1789640656000,0xa1e99cf0354b2f32c9fbec5ee58bfdea3141c52998a5a04f4eff7a5f6cf91c3b,0x83f289e8028dede7abd500e3c44a3347e01b38d0,0x83f289e8028dede7abd500e3c44a3347e01b38d0,0xe7cd86e13ac4309349f30b3435a9d337750fc82d,1030000,2184,
morph,withdraw_submit,26916940,1789640980000,0xd98c857c9588369788e9e5b1371e0d93ecc65f53a6a7f17717ae03494a60a7e2,,0xbb48553d0c9470eb429ba35acd350c4c242ee902,0xe7cd86e13ac4309349f30b3435a9d337750fc82d,1000000,,428034558189895680
morph,withdraw_final,26917357,1789642004000,0xd8f132f43a3f7a839bcee63203093ab03010baa5d3ae239418a7160749e18b6b,,,,,,428118980088037399
morph,deposit,26917541,1789642016000,0x14cf2a9e634ac30a46945d81a749aa2a2cd22975bc55ae59150a8fc9bbf88921,0xa3463d999992ba9dd1dd98e756f272c5b5bcb825,0xa3463d999992ba9dd1dd98e756f272c5b5bcb825,0xe7cd86e13ac4309349f30b3435a9d337750fc82d,39000000,2184,
morph,withdraw_submit,26917572,1789642060000,0xa1ab1218056e250fb060d9cdfff1050f15dbe089575f3c022b9bcb0e903d5b4a,,0x1db45b7b856e490e8d5da3ab6278996f2a81b53f,0xe7cd86e13ac4309349f30b3435a9d337750fc82d,23200000,,428118980088037399
morph,deposit,26917619,1789642130000,0x3c60e66c67fbeb41ddc430e1381d614e7f9185dab604570652da989b7bcf18f7,0xd633eeea1e3f5cf5aa3bacda29cc85b515c0beac,0xd633eeea1e3f5cf5aa3bacda29cc85b515c0beac,0xe7cd86e13ac4309349f30b3435a9d337750fc82d,1000000,2184,
morph,deposit,26918035,1789642840000,0xb18fc55a7c2eaa53eb1675f27ad06b1fd06f0aa37d50b4c8c07feb9c116dc582,0x11f460b0d75477cc5e2b302dae1c186f48e2b603,0x11f460b0d75477cc5e2b302dae1c186f48e2b603,0xe7cd86e13ac4309349f30b3435a9d337750fc82d,10000000,2184,
morph,deposit,26918654,1789643848000,0x7373d0255c06d326c8b6a0f885872f061fd5ec26214625eeb79a1c1a412f4e07,0x804cbf93f52405d27298ab9c1a965e7680f3df06,0x804cbf93f52405d27298ab9c1a965e7680f3df06,0xe7cd86e13ac4309349f30b3435a9d337750fc82d,95230000,2184,
morph,withdraw_final,26918744,1789644288000,0x4b37eac79179989478b0fb5d2d58af472a31103265f994fb83a6d1c028205243,,,,,,428296190409310208
morph,deposit,26918907,1789644266000,0xc5f153c4abdec5b69e00778438199faed8f57ddb22c73bbaf402ea62d7f4ddc2,0xf36e4157ee21218ebb3eefe4d5aa46226875029f,0xf36e4157ee21218ebb3eefe4d5aa46226875029f,0xe7cd86e13ac4309349f30b3435a9d337750fc82d,2000000,2184,
morph,withdraw_submit,26918986,1789644400000,0x15ef18427c85cd06e1ae4165d6078464da9b75ffb079ab5552ce69418870eba0,,0x69ae9e21c720f84f9c4f9a8887d16367156ac870,0xe7cd86e13ac4309349f30b3435a9d337750fc82d,18860000,,428296190409310208
morph,withdraw_final,26919255,1789645160000,0x5aedf86e8026a160c7702de3e87a68929c7c2d460da1bd60680f44b155f48770,,,,,,428363818989518848
morph,withdraw_submit,26919473,1789645240000,0x6e9f2de6112a6c6d100926e7d9f3440e140647aacfe255aa138b07a34131369a,,0xb63192b8ba7db94b22a2f7aa273e210770c253ae,0xe7cd86e13ac4309349f30b3435a9d337750fc82d,3710000,,428363818989518848
morph,deposit,26919652,1789645538000,0xf239c57fe176b966f77fbd4a6c90aa76617219baa99079f38bb4abb8fbb7c38f,0xcfa19d8b0fbf3ffe2a848f9576845bba6a275839,0xcfa19d8b0fbf3ffe2a848f9576845bba6a275839,0xe7cd86e13ac4309349f30b3435a9d337750fc82d,45700000,2184,
morph,deposit,26919769,1789645744000,0x7993f5ea49c8ba22425505300a48464cb7898b1aa26e1156cf2ee3f937c82b4a,0xc1a44fcb4a55494a1a57a49298621bce2aa03dc2,0xc1a44fcb4a55494a1a57a49298621bce2aa03dc2,0xe7cd86e13ac4309349f30b3435a9d337750fc82d,1030000,2184,
morph,deposit,26920726,1789647224000,0x2fbca4b21e95e3b5b3a157caab1ce45728b5d70044bf0f0925a500420fc85822,0xa5396e7e68a02f5bc5419ededb3bf7355b1352a3,0xa5396e7e68a02f5bc5419ededb3bf7355b1352a3,0xe7cd86e13ac4309349f30b3435a9d337750fc82d,2510000,2184,
morph,deposit,26921726,1789648656000,0x33356915fc418e227734d54259a4a40659f898377e9af43a874c556ce19af1a7,0x6ce33193dee9c5979ede0c24f77e8afcec9bd6ea,0x6ce33193dee9c5979ede0c24f77e8afcec9bd6ea,0xe7cd86e13ac4309349f30b3435a9d337750fc82d,250000000,2184,
morph,deposit,26921749,1789648690000,0x537d4c676bab8f5f53b37f2d21d9ebed945bd512fcc972ee9b588f231b73286e,0xad209cc4391daf1ffc97f44e10ad5a223346a1d5,0xad209cc4391daf1ffc97f44e10ad5a223346a1d5,0xe7cd86e13ac4309349f30b3435a9d337750fc82d,80000000,2184,
morph,withdraw_final,26921900,1789649240000,0x942b7c81667fe3e61622794947a86ddca6852c5760f3a1c909e6afefe96b347a,,,,,,428678992279633920
morph,deposit,26922020,1789649134000,0xa0358f46db30ed56039c6d85a5841ccf926f14f90d7c8af987567cee06b2d366,0x501742697aaf73b247cf4b3816f10647fd18dbf5,0x501742697aaf73b247cf4b3816f10647fd18dbf5,0xe7cd86e13ac4309349f30b3435a9d337750fc82d,55040000,2184,
morph,withdraw_submit,26922130,1789649320000,0xb36e406822399b557a7bfea9317f8d9adfeed203234f80d3682d89b53614df60,,0x739aa43aece3339b1df469183322f3414b4080e6,0xe7cd86e13ac4309349f30b3435a9d337750fc82d,200000000,,428678992279633920
morph,deposit,26923010,1789650770000,0x0dbb08e16c7ea9d8bf6016f9fb814ad2e0fd07250c2cd5ac900784e0edf8b943,0x20bd456f3a63df96bc90e56aa9983f5be300f755,0x20bd456f3a63df96bc90e56aa9983f5be300f755,0xe7cd86e13ac4309349f30b3435a9d337750fc82d,97400000,2184,
morph,withdraw_final,26923218,1789651427000,0xc6adc4182f30562bba265f098b60487d7570bd654e2fee20109d4435dfec88b8,,,,,,428847234738552832
morph,withdraw_submit,26923476,1789651540000,0xcdd99f2e970652fabe45e3da131add468e0c36d9e155960262dcef5654b2e706,,0x739aa43aece3339b1df469183322f3414b4080e6,0xe7cd86e13ac4309349f30b3435a9d337750fc82d,33910000,,428847234738552832
morph,deposit,26923977,1789652292000,0xb49de9d810da929e20de71f53670dbe4e50865358fa310771f216edd9cbddc47,0x4f30853a0be81cda2106935b349f6c9868878659,0x4f30853a0be81cda2106935b349f6c9868878659,0xe7cd86e13ac4309349f30b3435a9d337750fc82d,10070000,2184,
morph,deposit,26924522,1789653122000,0x80a29c7aea97df440e5bbbbfc54ae5bcffb0d77694236aba5d8472c2fe60393a,0x4157bc6474a89d499d52f94d0fa63fb47aa1bf1e,0x4157bc6474a89d499d52f94d0fa63fb47aa1bf1e,0xe7cd86e13ac4309349f30b3435a9d337750fc82d,49260000,2184,
morph,deposit,26925789,1789655008000,0x2369d0a89bfd1b8adff6eca32660f8dbe585ea8e066b88f18344ad2bd330b9eb,0xdf55a367ed45bf0518e7450be1994b7483614ed6,0xdf55a367ed45bf0518e7450be1994b7483614ed6,0xe7cd86e13ac4309349f30b3435a9d337750fc82d,100600000,2184,
morph,deposit,26925909,1789655192000,0x3e4fe4041bda9c0ef2e95f9b16358f1501400058472cdaee321e93d87c19ebbe,0x3cda0ce4c19466eaf3e48f69985eafeb9e5a5641,0x3cda0ce4c19466eaf3e48f69985eafeb9e5a5641,0xe7cd86e13ac4309349f30b3435a9d337750fc82d,54510000,2184,
morph,deposit,26926933,1789656780000,0x5c374f0fed6aa5bb9e8e07ac4722a8c5d125de2bf779f96a05c9620b73297358,0x1a2a87761de8a39a915dad71070ba0af4499d9f8,0x1a2a87761de8a39a915dad71070ba0af4499d9f8,0xe7cd86e13ac4309349f30b3435a9d337750fc82d,31450000,2184,
morph,deposit,26927193,1789657236000,0xf92a2ca2273d4b1f4ef7afec0ee505722c4c5f606a23864e68e916253f739c6a,0xe244f0459661911b1c00288cfe7048c0fd241952,0xe244f0459661911b1c00288cfe7048c0fd241952,0xe7cd86e13ac4309349f30b3435a9d337750fc82d,4980570000,2184,
morph,deposit,26927542,1789657768000,0x661a86a6a1e85b50ea9838fd13836dc6c05a507dea81126b61551979372d9fdc,0xd4c342042d076e3496df12a658cb47681629b827,0xd4c342042d076e3496df12a658cb47681629b827,0xe7cd86e13ac4309349f30b3435a9d337750fc82d,92600000,2184,
morph,withdraw_final,26927846,1789658562000,0x25bd5d6db8e79df1cc9a6dab9df99ff4fa8eee095bab0020473d502d8c4d48c1,,,,,,429393082132201472
morph,deposit,26928037,1789658580000,0x71a923fea90642d81d4a99b58f56b389c877064f71ecaaf9f3d371c44842a429,0x6c6aae1380ef5021b9ac9464ba902b06058ba78e,0x6c6aae1380ef5021b9ac9464ba902b06058ba78e,0xe7cd86e13ac4309349f30b3435a9d337750fc82d,51000000,2184,
morph,withdraw_submit,26928059,1789658620000,0xaba85ef16b806afe9b51a8c937791a6b7ae4e4b21070dc25d5b16c303f122062,,0x139578ae27c6cbbba5a488fad09a385fa0e17c96,0xe7cd86e13ac4309349f30b3435a9d337750fc82d,22160000,,429393082132201472
morph,withdraw_final,26929705,1789661663000,0x743ec3e23a6b46ed547d7b4fbf3f522cdf16b599bce68cc59a96b7129f32410c,,,,,,429633016160059392
morph,withdraw_submit,26929925,1789661740000,0x1d34e04d26d5d29ecff4215e05d65e61e25a626936a4bd067aba8396c395d163,,0x1a2a87761de8a39a915dad71070ba0af4499d9f8,0xe7cd86e13ac4309349f30b3435a9d337750fc82d,35590000,,429633016160059392
morph,deposit,26929949,1789661780000,0x5a47237c2dab4209e53954f2cbb65af39050638ba953af38c80c21884f01bb77,0x08cd5b6aea08bbfddbfb525f46fffa5d7877fa6e,0x08cd5b6aea08bbfddbfb525f46fffa5d7877fa6e,0xe7cd86e13ac4309349f30b3435a9d337750fc82d,49450000,2184,
morph,deposit,26930015,1789661886000,0xef51e68b68b9f1ca78086cf7c9298fddc030c61633aeced561eaf223e4c4b43d,0x08cd5b6aea08bbfddbfb525f46fffa5d7877fa6e,0x08cd5b6aea08bbfddbfb525f46fffa5d7877fa6e,0xe7cd86e13ac4309349f30b3435a9d337750fc82d,47260000,2184,
morph,deposit,26930111,1789662049000,0x5d72864e5c582a639308525b2e83e141410f9f692592d38f6be0e7c70547473f,0xde8b7ea5d9f6e55860b9111d537a8fcff8bc7eb6,0xde8b7ea5d9f6e55860b9111d537a8fcff8bc7eb6,0xe7cd86e13ac4309349f30b3435a9d337750fc82d,119890000,2184,
morph,deposit,26930167,1789662142000,0xb5a83205c0da7cee904a63585ca8e6d7bae841934a6f8b7f3ba0f181fd7a15b6,0xbb48553d0c9470eb429ba35acd350c4c242ee902,0xbb48553d0c9470eb429ba35acd350c4c242ee902,0xe7cd86e13ac4309349f30b3435a9d337750fc82d,2000000,2184,
morph,withdraw_final,26930208,1789662512000,0x44844ae37dada5bb5df20124fa7eccedcc208c3260fbd9b5da888ddc835c17e6,,,,,,429698720578142208
morph,withdraw_final,26930233,1789662554000,0x0000a728bf3e2f7f8c2be3a8df48f7faafdbb789d5a7960fba38547b42775ad9,,,,,,429702199501651968
morph,withdraw_submit,26930422,1789662581000,0x3cacff0c78c311a0fafaa3f6c85b7f4623cfc0094a94eb7fcc815963676c051f,,0xbb48553d0c9470eb429ba35acd350c4c242ee902,0xe7cd86e13ac4309349f30b3435a9d337750fc82d,1000000,,429698720578142208
morph,withdraw_submit,26930453,1789662640000,0x3a7e6da4821d4c06c0cddf10c05ec5428bc214fd512bcce77c966acd4a01b240,,0x7462dcd26fe64fc101d387635605f7aa40ad121a,0xe7cd86e13ac4309349f30b3435a9d337750fc82d,10610000,,429702199501651968
morph,withdraw_final,26930858,1789663585000,0x3d7f75c488d3e003c52d9d8b92793a236c2183b03995e0dfb87d89523e57c5be,,,,,,429782042952073216
morph,withdraw_submit,26931079,1789663660000,0x7e93513c386747773571d8826119513cea6fa626c2e8bec0cab21d2cf9298194,,0xdf7ef97c6f99b739909ea500db7260efba75d2a4,0xe7cd86e13ac4309349f30b3435a9d337750fc82d,44540000,,429782042952073216
morph,deposit,26931407,1789664232000,0x6f9ec0d80ef26b46a7eca5f24a1fccae42f20a6e16979a2af9340a0720d444b7,0x648e504f142cd4427135abd12270064227b0b240,0x648e504f142cd4427135abd12270064227b0b240,0xe7cd86e13ac4309349f30b3435a9d337750fc82d,12000000,2184,
morph,deposit,26931669,1789664674000,0xfc49b8b3bfc3e70939d744ca24ad00bc08b5155994a70126254b8c8fab23810c,0xf7e6188416bf6de46b10c54caf5e5af60f21e8e1,0xf7e6188416bf6de46b10c54caf5e5af60f21e8e1,0xe7cd86e13ac4309349f30b3435a9d337750fc82d,200000000,2184,
morph,deposit,26933532,1789667950000,0x1b1c8437ca22cf2421ca31b59d776f1b519240d4866337bd8547d1ff02ace7af,0x3a60f3c9f87dee2b38bf57189ec19ba72729a3c1,0x3a60f3c9f87dee2b38bf57189ec19ba72729a3c1,0xe7cd86e13ac4309349f30b3435a9d337750fc82d,25000000,2184,
morph,withdraw_final,26934191,1789669464000,0xfa71bb446ec509096a154af1d179e746714ad1ac83ae8618d76edc282b443f6a,,,,,,430236837022269440
morph,deposit,26934360,1789669471000,0x51644084fa920e0b1a00814eef360964157fc3f410d8aedd01f609e489b82726,0xdf7ef97c6f99b739909ea500db7260efba75d2a4,0xdf7ef97c6f99b739909ea500db7260efba75d2a4,0xe7cd86e13ac4309349f30b3435a9d337750fc82d,41710000,2184,
morph,withdraw_submit,26934400,1789669540000,0x8e5e2bbf1e4ac6509933b3f44cddc2560768bce118396289a4473565e10bfa1c,,0xc5b2483b6dbc8ea3250d3d4f5cee4dd0293de1a0,0xe7cd86e13ac4309349f30b3435a9d337750fc82d,10200000,,430236837022269440
morph,deposit,26934638,1789669944000,0xcd4f9aa47f6695547f252336e504e323a52d56c65ad5e74c9b96b026f50e2caa,0x7907e69d00482e220393c29f37dde24840cdfdf3,0x7907e69d00482e220393c29f37dde24840cdfdf3,0xe7cd86e13ac4309349f30b3435a9d337750fc82d,3840000,2184,
morph,deposit,26935073,1789670713000,0xf30f07ed12da0a73ec56af4348cc8057862705e603f67d11ba70bb939e854ef1,0x61cbce33b0fe342db3249990fc73f99066672b10,0x61cbce33b0fe342db3249990fc73f99066672b10,0xe7cd86e13ac4309349f30b3435a9d337750fc82d,28290000,2184,
morph,deposit,26935309,1789671124000,0xb55a4eac6986c157bb852bc8bca6ba82b69296f8a051f62a74845f29e9d5cd95,0x0cb93102d4ee5797f022502720c0449918ba692e,0x0cb93102d4ee5797f022502720c0449918ba692e,0xe7cd86e13ac4309349f30b3435a9d337750fc82d,5450000,2184,
morph,deposit,26935310,1789671126000,0x7754d52f2ca5c05e76a2dada72e11bd06ac279a85bf39a7e97ba7d642514908a,0x861b9a6d60a7ccac4df97a931c0ade777d18d89f,0x861b9a6d60a7ccac4df97a931c0ade777d18d89f,0xe7cd86e13ac4309349f30b3435a9d337750fc82d,100000000,2184,
morph,withdraw_final,26936913,1789674359000,0x9d0c731fc50ee07d3210305ad4ddad1a25db1f4ae5dabde7d8e7a42cb4af7a24,,,,,,430615713271513088
morph,withdraw_submit,26937140,1789674460000,0x0a55081206b59925f1914df0ce29d79245ef491b32f5ae7fdf0806e38f8ac479,,0xc34c94ffd1559d8472bfe6ee082973fc4ca3dba1,0xe7cd86e13ac4309349f30b3435a9d337750fc82d,184490000,,430615713271513088
morph,deposit,26938149,1789676242000,0xd154e57c4689d1efba202a596691009ebadf6bd5d6f71b231ee23c943d48bfc0,0xb9ef9648b0e7aca6a2db716994209aa6f6f30e19,0xb9ef9648b0e7aca6a2db716994209aa6f6f30e19,0xe7cd86e13ac4309349f30b3435a9d337750fc82d,59820000,2184,
morph,deposit,26938988,1789677772000,0x58f2ba8866930a7caffdf2600c188a8c73ee9323ca76b2d63b3ae20c8d0a6cbe,0xfb95bcc4b51d4340f318c3b2977c35a40ff5f385,0xfb95bcc4b51d4340f318c3b2977c35a40ff5f385,0xe7cd86e13ac4309349f30b3435a9d337750fc82d,897290000,2184,
morph,withdraw_final,26939047,1789678187000,0x63de488f4117ab6fbbb32713d0529753c983391db1e8a1a2c7d5be0f561b5ee7,,,,,,430912074613260288
morph,withdraw_submit,26939264,1789678300000,0x24fae1be47f34aa4a82cdce1ca7a98ded035943360e130eb95c8ff7640f6fa5a,,0xa5396e7e68a02f5bc5419ededb3bf7355b1352a3,0xe7cd86e13ac4309349f30b3435a9d337750fc82d,1580000,,430912074613260288
morph,deposit,26939654,1789679026000,0x17a7efda808c11215239a418e03eaccdeba813a36758daecd6a8bac0f71be37b,0x324534554b267f7cf1b63535a59398759596b847,0x324534554b267f7cf1b63535a59398759596b847,0xe7cd86e13ac4309349f30b3435a9d337750fc82d,10006997,2184,
morph,deposit,26939744,1789679188000,0x37d3426617476abf34741d7c8a8a09293800f877a8d48dc4f01392a6c2c63baf,0xba47fbe8267f4c35824503c21dc6fca8fa0378bc,0xba47fbe8267f4c35824503c21dc6fca8fa0378bc,0xe7cd86e13ac4309349f30b3435a9d337750fc82d,54640000,2184,
morph,deposit,26941178,1789681896000,0xa1c7b78292d2d25c34d01e2571773298eb3b124db52ce968685a1473d6626948,0x77079a3642e9d81c0257d02bac1f8e56e153657f,0x77079a3642e9d81c0257d02bac1f8e56e153657f,0xe7cd86e13ac4309349f30b3435a9d337750fc82d,1200000,2184,
morph,deposit,26941579,1789682600000,0xd4ce8256ed0ae073526a0e4d1a1314d733a5b9e37d8d99b03994ab94743ceeea,0x77079a3642e9d81c0257d02bac1f8e56e153657f,0x77079a3642e9d81c0257d02bac1f8e56e153657f,0xe7cd86e13ac4309349f30b3435a9d337750fc82d,5550000,2184,
morph,deposit,26941794,1789682990000,0x25492f119c06f34e38c676c021494f8fa69cfe7223f3c97f78247b312459fd5d,0x1c06bfa880a217def9c1eab729cf559ede3a8d61,0x1c06bfa880a217def9c1eab729cf559ede3a8d61,0xe7cd86e13ac4309349f30b3435a9d337750fc82d,100000000,2184,
morph,deposit,26941899,1789683170000,0x4eac3d4b757d17603d8d2a807433f5dbe36672075a4e8f12a9d6af7b336061b7,0xedc932012faa597393df99b7300fcc176da9c85a,0xedc932012faa597393df99b7300fcc176da9c85a,0xe7cd86e13ac4309349f30b3435a9d337750fc82d,11020000,2184,
morph,deposit,26942216,1789683743000,0x915cd6545d969249ef7658faf0e05f3ed0d95d573f197832796c30c0fa37dd10,0xbb48553d0c9470eb429ba35acd350c4c242ee902,0xbb48553d0c9470eb429ba35acd350c4c242ee902,0xe7cd86e13ac4309349f30b3435a9d337750fc82d,2000000,2184,
morph,withdraw_final,26942254,1789684111000,0x00503f573395ac08011c91bfe404b33149a1236f55ac88e4a37390e9e650ae5e,,,,,,431369849403342848
morph,withdraw_submit,26942455,1789684180000,0x73e37ccabbfb62e98a42fe4f610958563aaaced47d22e8ea5491aa6cfa729ea0,,0xbb48553d0c9470eb429ba35acd350c4c242ee902,0xe7cd86e13ac4309349f30b3435a9d337750fc82d,1000000,,431369849403342848
morph,deposit,26943147,1789685442000,0xb76a09bd8b5ec71ded555433da66b55d7f27ffb0f1da920a51233dc068377d3d,0x1c06bfa880a217def9c1eab729cf559ede3a8d61,0x1c06bfa880a217def9c1eab729cf559ede3a8d61,0xe7cd86e13ac4309349f30b3435a9d337750fc82d,1000000,2184,
morph,deposit,26943152,1789685446000,0xb3aa3e1b7db940e59a21924056a291d618f1427d0d48236edccabe90629619d5,0x3cda0ce4c19466eaf3e48f69985eafeb9e5a5641,0x3cda0ce4c19466eaf3e48f69985eafeb9e5a5641,0xe7cd86e13ac4309349f30b3435a9d337750fc82d,346250000,2184,
morph,deposit,26944053,1789687134000,0x22c0e5b7535a644c200f93fe51a307b9c75cbb45e3a67e331f3f77f2390fae91,0xc34c94ffd1559d8472bfe6ee082973fc4ca3dba1,0xc34c94ffd1559d8472bfe6ee082973fc4ca3dba1,0xe7cd86e13ac4309349f30b3435a9d337750fc82d,184480000,2184,
morph,deposit,26944681,1789688316000,0x6e3167c05c153a5fb0688ea4bff7a1ed5e3c0847d62a95e8d51df21b5d8daaec,0x698cb4635daeaa35cc051442fcd2ffb0ae422067,0x698cb4635daeaa35cc051442fcd2ffb0ae422067,0xe7cd86e13ac4309349f30b3435a9d337750fc82d,25000000,2184,
morph,withdraw_final,26945767,1789690635000,0xd1810ab69a119458502d1c3d63ffe4b248d1273bef0e238041e952fb225a2f5c,,,,,,431874868842070016
morph,deposit,26945936,1789690642000,0x59784d46a83edff6d0dff4b2629ce3c70f1b48603eb8dafc84f0263e6b89d55f,0xc9b01775176fa410c8a3d0c9e3ccc6cbbc6fb5df,0xc9b01775176fa410c8a3d0c9e3ccc6cbbc6fb5df,0xe7cd86e13ac4309349f30b3435a9d337750fc82d,2420000,2184,
morph,withdraw_submit,26945978,1789690720000,0xe5e0820e01dd187d8a1f2a3ab8864b4dfba8405171425b617fe98a2be1eaaf93,,0xe04994887c0860663a10bd62dbcf858c5fef986b,0xe7cd86e13ac4309349f30b3435a9d337750fc82d,6740000,,431874868842070016
morph,withdraw_final,26946056,1789691154000,0x939031ee7b8388b9fcba77c943da89a7ed5a03f0fa439dde008acbde791ddf8b,,,,,,431915043982934058
morph,withdraw_submit,26946276,1789691260000,0xef1b776fe682c5fd49495076593d7b219522a7ac20a475c4eb7d14d1bbaf081d,,0x861b9a6d60a7ccac4df97a931c0ade777d18d89f,0xe7cd86e13ac4309349f30b3435a9d337750fc82d,65540000,,431915043982934058
morph,withdraw_final,26948861,1789696300000,0xdf70afd8ee071f846381b4ab6499714a01451f8b819b51fa3923e4d57fb68b82,,,,,,432313376404668416
morph,withdraw_submit,26949053,1789696360000,0x71ad370d8fa5d19426790b55731c729473df693174eff95b288cf8ba4579b84d,,0xf7e6188416bf6de46b10c54caf5e5af60f21e8e1,0xe7cd86e13ac4309349f30b3435a9d337750fc82d,199600000,,432313376404668416
morph,deposit,26949060,1789696372000,0xff9066c975fce578b2be6adfeb5dd6b0102121cd2ef88d709a30fd92832cbf38,0x98a72557428fe58bf04e323969178af4374886fe,0x98a72557428fe58bf04e323969178af4374886fe,0xe7cd86e13ac4309349f30b3435a9d337750fc82d,14690000,2184,
morph,deposit,26949232,1789696696000,0xf60bcc20c90f381750e4f85ec031de4cacee17d40ddc6f6441b052dc36df2ad1,0x1b6ed7109d45d855b78405afcfdae21ed4e0c8c0,0x1b6ed7109d45d855b78405afcfdae21ed4e0c8c0,0xe7cd86e13ac4309349f30b3435a9d337750fc82d,13150000,2184,
morph,deposit,26950782,1789699306000,0x0bbea0a6ed6eb6149417827a3a4fdbf1d4fe6fdc85a342f17516f20187c93e98,0x4bafd36e5ceab56c2acc28851e13cf46816003f2,0x4bafd36e5ceab56c2acc28851e13cf46816003f2,0xe7cd86e13ac4309349f30b3435a9d337750fc82d,90982808,2184,
morph,deposit,26952514,1789702290000,0x6dc6834b56bc0c492a2d7f9423a5f0342432e7d258a6570651272cb9301fa4d8,0xd4d6ababb2f473c1f84bf429b5352aaf484d3e65,0xd4d6ababb2f473c1f84bf429b5352aaf484d3e65,0xe7cd86e13ac4309349f30b3435a9d337750fc82d,25150000,2184,
morph,deposit,26952689,1789702611000,0xd4c7855ff7064455762742f61bcef80eab9f309409b08eb66771abe82269e2ca,0x06a9bae48afcf30d3f4bb78d0ed36e5aa9c25540,0x06a9bae48afcf30d3f4bb78d0ed36e5aa9c25540,0xe7cd86e13ac4309349f30b3435a9d337750fc82d,11000000000,2184,
morph,deposit,26953498,1789704042000,0x009130163b8e96f9a80904adc6d0e343182a18cc48e136d33109ed6aaa7ee603,0x3cda0ce4c19466eaf3e48f69985eafeb9e5a5641,0x3cda0ce4c19466eaf3e48f69985eafeb9e5a5641,0xe7cd86e13ac4309349f30b3435a9d337750fc82d,224810000,2184,
morph,deposit,26954249,1789705343000,0x45f77b417f5462549274625e5a6a7e22e2c5a0437285d63446889e618e364dc5,0xbb48553d0c9470eb429ba35acd350c4c242ee902,0xbb48553d0c9470eb429ba35acd350c4c242ee902,0xe7cd86e13ac4309349f30b3435a9d337750fc82d,2000000,2184,
morph,withdraw_final,26954286,1789705710000,0x53568a33031065a965145f0ae8e353ba51d2ce2f9a180cb6f5bd4affba7f0517,,,,,,433041012588281856
morph,withdraw_submit,26954491,1789705781000,0x6548e423fcae4dd2eb05f2747b4b58a3e0706ac1e84d2340f36f07f324f7d66f,,0xbb48553d0c9470eb429ba35acd350c4c242ee902,0xe7cd86e13ac4309349f30b3435a9d337750fc82d,1000000,,433041012588281856
morph,deposit,26954634,1789706026000,0x4bbf8df1336318c142ca431df4a9f773076ae004d4ceff74c58a7f7a11e82081,0x63d4d127e0b844f5edaf5c75d38743601f3a397d,0x63d4d127e0b844f5edaf5c75d38743601f3a397d,0xe7cd86e13ac4309349f30b3435a9d337750fc82d,199892514,2184,
morph,withdraw_final,26954817,1789706656000,0xc69736ded062d8821d3aaaced511abe18ff3ef05b41c3c03f7d0e2a53ccd6e53,,,,,,433114336261570560
morph,withdraw_submit,26955040,1789706740000,0x6c68bf9ee6df609cc4d6e33cffac5b133808bfbce3d93738e5298dd89a4325ab,,0x1b6ed7109d45d855b78405afcfdae21ed4e0c8c0,0xe7cd86e13ac4309349f30b3435a9d337750fc82d,22930000,,433114336261570560
morph,withdraw_final,26956640,1789709772000,0x53df034ed069497574dd56dc9212b71050c4bf98800babc4e066919c78746d68,,,,,,433355318295003136
morph,withdraw_submit,26956859,1789709860000,0x40b1469f832ff8db9e71ed8aa8bdca23c9d6b98bcd2da3c81364a2ebc8fd0590,,0x4bafd36e5ceab56c2acc28851e13cf46816003f2,0xe7cd86e13ac4309349f30b3435a9d337750fc82d,90750000,,433355318295003136
morph,deposit,26956961,1789710042000,0x87dcf70b3ec30202820547b6a3a9765176c8f99eef31ab03c6de19b4daaadba6,0x0c0ef611f343759ca00b9c499b8d319ac19f0ad0,0x0c0ef611f343759ca00b9c499b8d319ac19f0ad0,0xe7cd86e13ac4309349f30b3435a9d337750fc82d,54358420000,2184,
morph,deposit,26957820,1789711484000,0xf021c142d4aa59cb50d8afe3f9f0c5692e03edae34d1a866c823a824dc190c44,0xb99bd1c333098eb7b0ee359dd5bc31b0d9d677c8,0xb99bd1c333098eb7b0ee359dd5bc31b0d9d677c8,0xe7cd86e13ac4309349f30b3435a9d337750fc82d,5000000,2184,
morph,deposit,26958728,1789713076000,0x42e1e633938d4954cd64956af82d0b908a5f97e969c0f1ddcb916046e0d0b2b3,0x9b9d9501dff93e93a3573f647b2f8c267c66270e,0x9b9d9501dff93e93a3573f647b2f8c267c66270e,0xe7cd86e13ac4309349f30b3435a9d337750fc82d,13310000,2184,
morph,withdraw_final,26958999,1789713837000,0x1e348994cf28235cf74367566fd1dacfcb7542faafc0dbc497ed78abe59e9f5e,,,,,,433669692725395456
morph,deposit,26959174,1789713852000,0xea77520029f500ba3d638032794f9963ffae152bd8c64229a42bebd57e2a9240,0x3fae259999014317bdce52161c18fa9ffadf43ad,0x3fae259999014317bdce52161c18fa9ffadf43ad,0xe7cd86e13ac4309349f30b3435a9d337750fc82d,14170000,2184,
morph,withdraw_submit,26959222,1789713939000,0xb1d420b5c540c0a9bda6a3faf882e44e123198fb2519a33e636069661484a33c,,0xe60e013bafe647420afc66d31c19a142182a3d73,0xe7cd86e13ac4309349f30b3435a9d337750fc82d,26240000,,433669692725395456
morph,deposit,26959501,1789714436000,0x5c6b3c67db0825e7e00672ef3d2e38756d63a4bc6de28466fdb3e66c6d7b57a7,0x25f2c0972b44edf1300c40961194d6e1f236648b,0x25f2c0972b44edf1300c40961194d6e1f236648b,0xe7cd86e13ac4309349f30b3435a9d337750fc82d,12890000,2184,
morph,deposit,26960306,1789715710000,0x22e13be1b2ad37b187e9ec446fa45523c3abe4cd75b3b01fa6c1ababf7fc312a,0xf36e4157ee21218ebb3eefe4d5aa46226875029f,0xf36e4157ee21218ebb3eefe4d5aa46226875029f,0xe7cd86e13ac4309349f30b3435a9d337750fc82d,5000000,2184,
morph,deposit,26960747,1789716376000,0xc629ba8cabcb8db282c9485a53acdd571115c04234edf9da33db9d75f538555b,0xf4e3ab867005a4e1bd95718b633fa15088a5e474,0xf4e3ab867005a4e1bd95718b633fa15088a5e474,0xe7cd86e13ac4309349f30b3435a9d337750fc82d,87263637,2184,
morph,deposit,26960763,1789716404000,0x43dd335517551ef84f8a5ba1d6776ea5317ed4c454f086111fc3f85654807c11,0x2473f449ea4ca1090f5930000003aef29412a958,0x2473f449ea4ca1090f5930000003aef29412a958,0xe7cd86e13ac4309349f30b3435a9d337750fc82d,1930000,2184,
morph,deposit,26960901,1789716632000,0xd48825e0fdb23dc5a523cc2ac6fede6e7932bcf5356a24b744aa4a5301458f30,0x45275eea074ea544d6ebc6f4df9ae53dffe08709,0x45275eea074ea544d6ebc6f4df9ae53dffe08709,0xe7cd86e13ac4309349f30b3435a9d337750fc82d,30000000,2184,
morph,deposit,26961094,1789716932000,0x72ae71c6fb439ce5e725088acc8b4d0635daad33acf9056ddef7c85d186390c7,0x017e6b6dc90119619804357b7debfe46c572861b,0x017e6b6dc90119619804357b7debfe46c572861b,0xe7cd86e13ac4309349f30b3435a9d337750fc82d,669720000,2184,
morph,withdraw_final,26961186,1789717357000,0x90365a46746083a39a165ff80a8b5e0cb58e31be2e4d02278ad5600872efed6c,,,,,,433942414546173952
morph,withdraw_submit,26961435,1789717420000,0x76a5f229c41350abd63b1c90e9a5163e3dd463a17c148e5106a6b9b1dfd92571,,0x06a9bae48afcf30d3f4bb78d0ed36e5aa9c25540,0xe7cd86e13ac4309349f30b3435a9d337750fc82d,8841970000,,433942414546173952
morph,deposit,26961557,1789717618000,0x26700446878356c3f076fe211fa1e915f1412ae30a63cbacf8c7197a6b1d7003,0xd8880abda9c0f25d8c161ee2c6a8b2806a0205c4,0xd8880abda9c0f25d8c161ee2c6a8b2806a0205c4,0xe7cd86e13ac4309349f30b3435a9d337750fc82d,194910000,2184,
morph,withdraw_final,26961769,1789718239000,0x8747c546fe9bc156a324701674661709f3253fa34d1ad07cc56022b9481df02b,,,,,,434010884919001088
morph,deposit,26961802,1789717988000,0x301d28498c69a0da1822160b22d746added51f5834515afcaf7b8cf25dd26c43,0x648e504f142cd4427135abd12270064227b0b240,0x648e504f142cd4427135abd12270064227b0b240,0xe7cd86e13ac4309349f30b3435a9d337750fc82d,10350000,2184,
morph,withdraw_submit,26962037,1789718320000,0xca8d3b6dce0f92ee34d3c53abcf454c3e875bfed8a8d162f816873844ad7398a,,0x45275eea074ea544d6ebc6f4df9ae53dffe08709,0xe7cd86e13ac4309349f30b3435a9d337750fc82d,27550000,,434010884919001088
morph,deposit,26962192,1789718558000,0x7d9c8ef2702b4132429ce0eaa5e305466960001d95ff8a293110d618c6d580ab,0x9b9d9501dff93e93a3573f647b2f8c267c66270e,0x9b9d9501dff93e93a3573f647b2f8c267c66270e,0xe7cd86e13ac4309349f30b3435a9d337750fc82d,12830000,2184,
morph,deposit,26962584,1789719176000,0x7acc8d5aa6967abd0539ad2bad18d76db35ecbc2df5484495012bbb907617b5b,0x8082e7aee991ad67ac8e3ca31f3aadf17a7bb34b,0x8082e7aee991ad67ac8e3ca31f3aadf17a7bb34b,0xe7cd86e13ac4309349f30b3435a9d337750fc82d,1610000,2184,
morph,deposit,26962868,1789719616000,0xc3a8bdec256c224ea9d703ddecd11708bcdf86506973745f012b51610c7ee4e8,0xe4fdd67a834347919dc5e5f37154dbacc9cb5279,0xe4fdd67a834347919dc5e5f37154dbacc9cb5279,0xe7cd86e13ac4309349f30b3435a9d337750fc82d,50090000,2184,
morph,deposit,26962944,1789719691000,0x1738c9e0153d784ee3c879ac9a2a2de484250fcbae89798a0c9228ac872d203f,0x698cb4635daeaa35cc051442fcd2ffb0ae422067,0x698cb4635daeaa35cc051442fcd2ffb0ae422067,0xe7cd86e13ac4309349f30b3435a9d337750fc82d,20000000,2184,
morph,deposit,26963051,1789719838000,0xf1d5f0d0d6e4caef587dc8e0d901638972d0d01690d7291c0d94c7e9298c74be,0xf86011c94017d2ab066b24a07f2ab58329fb8a6d,0xf86011c94017d2ab066b24a07f2ab58329fb8a6d,0xe7cd86e13ac4309349f30b3435a9d337750fc82d,698330000,2184,
morph,deposit,26963392,1789720372000,0x2ab42a25d5bc625227c426000628bbf22dbcf63dbf092cb1d268789c5c81fcdf,0x9b9d9501dff93e93a3573f647b2f8c267c66270e,0x9b9d9501dff93e93a3573f647b2f8c267c66270e,0xe7cd86e13ac4309349f30b3435a9d337750fc82d,31290000,2184,
morph,deposit,26963425,1789720422000,0xa27d183e932c3319ab1eb75b91aa36df934a038b6c7dc939bf4c5e957f149fef,0xd39d06297cc582361720290676094d29d6b19dad,0xd39d06297cc582361720290676094d29d6b19dad,0xe7cd86e13ac4309349f30b3435a9d337750fc82d,5000000,2184,
morph,withdraw_final,26963428,1789720728000,0x3aa39fa6cfea72afeefb5fafa9321b07193944b6d6f809fb808a0b7ac7b574db,,,,,,434203582934286336
morph,deposit,26963459,1789720474000,0x33b7c740923693f395bc8db40cb9c371ba36af9d9a4880eaeeb9f66c5e4766e6,0x00a3c439f9777b217e263a08a6ebdc709b82d05d,0x00a3c439f9777b217e263a08a6ebdc709b82d05d,0xe7cd86e13ac4309349f30b3435a9d337750fc82d,100000000,2184,
morph,withdraw_submit,26963707,1789720840000,0x3195604b4eeb684a83d5f8ebdf99dbd072ae4fde1017ea0fef62f97817c70b3b,,0xba47fbe8267f4c35824503c21dc6fca8fa0378bc,0xe7cd86e13ac4309349f30b3435a9d337750fc82d,37540000,,434203582934286336
morph,deposit,26965455,1789723358000,0x6d08c942073b5e317b31a586b3b80ff82f126dd5a79462e0495fa69d56279330,0xf36e4157ee21218ebb3eefe4d5aa46226875029f,0xf36e4157ee21218ebb3eefe4d5aa46226875029f,0xe7cd86e13ac4309349f30b3435a9d337750fc82d,2000000,2184,
morph,deposit,26965904,1789724048000,0x42d8a21c17490421d8838bf3a3042443f71a016cf8d2de9933f0a978afb6692a,0x2473f449ea4ca1090f5930000003aef29412a958,0x2473f449ea4ca1090f5930000003aef29412a958,0xe7cd86e13ac4309349f30b3435a9d337750fc82d,5650000,2184,
morph,deposit,26966582,1789725074000,0xf9aceb0e53d4264803d6a240baba06c53d3a535d496ab10812a21e8d0ebd7aa1,0x63d4d127e0b844f5edaf5c75d38743601f3a397d,0x63d4d127e0b844f5edaf5c75d38743601f3a397d,0xe7cd86e13ac4309349f30b3435a9d337750fc82d,611530000,2184,
morph,deposit,26966819,1789725454000,0xeca820f5b8cb26bb513345e5804c0c7fa26c2a51dbed464d0a00beda581de8ca,0xc8fe49ba8ea0a5ef3955c0ea08c6a8b9aaf6f459,0xc8fe49ba8ea0a5ef3955c0ea08c6a8b9aaf6f459,0xe7cd86e13ac4309349f30b3435a9d337750fc82d,263000000,2184,
morph,withdraw_final,26967449,1789726738000,0xb820004cb3d4ebe009c1ff0f20bee2e49f8fe1c6f96dec055c4f7638f19b67e6,,,,,,434667551063015424
morph,withdraw_submit,26967701,1789726840000,0x59e8fb5c366118fbebdc36b833914d12d064fd1439eed0b821f334c0c210cc8f,,0xe244f0459661911b1c00288cfe7048c0fd241952,0xe7cd86e13ac4309349f30b3435a9d337750fc82d,4426390000,,434667551063015424
morph,withdraw_final,26967762,1789727233000,0xa9b238c035ac8b9441cc2dcd79a9d43ec6aa0e2deeb600a4cad4dda4902710c8,,,,,,434706085505400832
morph,deposit,26967768,1789726943000,0x2c6092a3a42d644c1ad402b4d1af6cf8e549ffed1d767ab5f56eaefc3082e7e2,0xbb48553d0c9470eb429ba35acd350c4c242ee902,0xbb48553d0c9470eb429ba35acd350c4c242ee902,0xe7cd86e13ac4309349f30b3435a9d337750fc82d,2000000,2184,
morph,withdraw_final,26967810,1789727311000,0x65cdc9633af2855337dcba1211882347cd434f3838caefaf85804d02ffad041c,,,,,,434711986794659840
morph,deposit,26967858,1789727085000,0x620a3134a90657daf9e19810f1d0c5802045018352d2ac1919614f8a282d444b,0xb0f72b07dba4befc9423bee451980bfe125d2395,0xb0f72b07dba4befc9423bee451980bfe125d2395,0xe7cd86e13ac4309349f30b3435a9d337750fc82d,49892812,2184,
morph,deposit,26967863,1789727092000,0x2047ced8ef79ef63a78a365c2df9659f32135d415011bbff70ddef4591649dc5,0x97b273c50655c5c6aec93b65423746900e4b5b49,0x97b273c50655c5c6aec93b65423746900e4b5b49,0xe7cd86e13ac4309349f30b3435a9d337750fc82d,4770000,2184,
morph,withdraw_submit,26968010,1789727320000,0xcd46d9701294e0d1894fbe54f9602de19cdd5ecefb497d249a838cf16250002f,,0xc8fe49ba8ea0a5ef3955c0ea08c6a8b9aaf6f459,0xe7cd86e13ac4309349f30b3435a9d337750fc82d,262000000,,434706085505400832
morph,withdraw_submit,26968044,1789727379000,0xf293307842c9c79757854d6c46d1ab447c10abea02635ef231e1ec7fc219cffe,,0xbb48553d0c9470eb429ba35acd350c4c242ee902,0xe7cd86e13ac4309349f30b3435a9d337750fc82d,1000000,,434711986794659840
morph,withdraw_final,26968461,1789728346000,0x8fab9adbbc6a270b545c9245974c36f2462e3d2149923749fc0214c15a2aec21,,,,,,434792414343856128
morph,withdraw_submit,26968740,1789728460000,0x04b6ef278f33b8dd214e387be0dfb3400d421a8c17c2fb504a50061ae007a94e,,0x61cbce33b0fe342db3249990fc73f99066672b10,0xe7cd86e13ac4309349f30b3435a9d337750fc82d,41050000,,434792414343856128
morph,deposit,26969622,1789729734000,0x66dd964b8c765d2f9de1241356c03280b528f86dc3de533941053d94276644cb,0x34abbfafd968f7da1025c51bc3a930d92e859a99,0x34abbfafd968f7da1025c51bc3a930d92e859a99,0xe7cd86e13ac4309349f30b3435a9d337750fc82d,1020000,2184,
morph,deposit,26969929,1789730176000,0x7f9e6a4580c34ca7c8dca278636c28a0dd67d77a575605c02c85f7648ff2254c,0xc7354b3c322ad5e5e9606df9740c9b78f80f1636,0xc7354b3c322ad5e5e9606df9740c9b78f80f1636,0xe7cd86e13ac4309349f30b3435a9d337750fc82d,95190000,2184,
morph,withdraw_final,26970132,1789730780000,0xe6d96782fe49c87ee79ed6deabf1e791e5a1496159c1fb67151b7956356deb14,,,,,,434980499572654081
morph,withdraw_submit,26970376,1789730860000,0xe13d327a460b510434baa2c43c8160e023639a991f9584e528b375b43e321775,,0xd39d06297cc582361720290676094d29d6b19dad,0xe7cd86e13ac4309349f30b3435a9d337750fc82d,3840000,,434980499572654081
morph,deposit,26970540,1789731114000,0x1b6af2b7fa0b8c6df5ed8692c7abaff101a263310c6e98dc45a438c093b58ab0,0xdbeba977dc95302affd00eb1c1d3fc3a33bc0085,0xdbeba977dc95302affd00eb1c1d3fc3a33bc0085,0xe7cd86e13ac4309349f30b3435a9d337750fc82d,59120000,2184,
morph,deposit,26970913,1789731678000,0x0ec32ae7283258c680716765f06b45731a9769ddd30c7591cf7fdb2fada0da9b,0x8bda0551db8709e69c44a5356c58fe3586baf727,0x8bda0551db8709e69c44a5356c58fe3586baf727,0xe7cd86e13ac4309349f30b3435a9d337750fc82d,10950000,2184,
morph,withdraw_final,26970987,1789732091000,0xc22453dfe585307c0bdfaf0155f94fc44c281eac718642ddd04c27bbd3038b67,,,,,,435082049779400704
morph,withdraw_submit,26971223,1789732180000,0x6bc59dcd1ea6c0638bbfedc2de475b0fdd8e83b0043ed16c20438fea7ce83dc9,,0x501742697aaf73b247cf4b3816f10647fd18dbf5,0xe7cd86e13ac4309349f30b3435a9d337750fc82d,113810000,,435082049779400704
morph,deposit,26971436,1789732512000,0xbd4e4040a0e9ab42d071556277af44dd03624dde4ecd97ee5076edba866c590a,0x7bdb096457029b5ae8f620c1f8c1b8fc36902441,0x7bdb096457029b5ae8f620c1f8c1b8fc36902441,0xe7cd86e13ac4309349f30b3435a9d337750fc82d,10000000,2184,
morph,withdraw_final,26971984,1789733693000,0x4b3c7b16d079742f2c8093273bb073294cf91cbeee2658d2d3748562b891057d,,,,,,435205882280673280
morph,deposit,26972246,1789733780000,0x661b3fac7c79e7af2a2167bafe3dae58ea60c068274d1e2add7565c329150a8a,0xcdcc968fc6f976461c16b7a4592eca103b57a820,0xcdcc968fc6f976461c16b7a4592eca103b57a820,0xe7cd86e13ac4309349f30b3435a9d337750fc82d,2620000,2184,
morph,withdraw_submit,26972258,1789733799000,0xc8385df49a4abbac4953c16b8688e7b665442966706583c41113c0b61a482606,,0x0cb93102d4ee5797f022502720c0449918ba692e,0xe7cd86e13ac4309349f30b3435a9d337750fc82d,2700000,,435205882280673280
morph,deposit,26973899,1789736420000,0xedca4957a03352a3836a2b111232288c18618fa6981072dded3be145a6f96444,0x4bf733b0b3dcc56e3747132317d3c32726275612,0x4bf733b0b3dcc56e3747132317d3c32726275612,0xe7cd86e13ac4309349f30b3435a9d337750fc82d,3750000,2184,
morph,deposit,26973977,1789736540000,0x63df9c83fe2d0a137ab0636cf00d4adf0d7ca8f5b66416f37ae1e4eef5aa3bc4,0xedec3d91b4016500f6dd3d8910695e6a20e744fb,0xedec3d91b4016500f6dd3d8910695e6a20e744fb,0xe7cd86e13ac4309349f30b3435a9d337750fc82d,7000000,2184,
morph,withdraw_final,26974198,1789737158000,0xf76ee2b7fa2325ccba971ae18295235f2e630ed3c70b28b9d9d7dad6caf91257,,,,,,435473432948244480
morph,withdraw_final,26974230,1789737210000,0xc5cda4ed105cb129f3d8443367aa6f0dd393ce4513d78dfc78b08cd776d0b311,,,,,,435477556125237248
morph,withdraw_submit,26974411,1789737220000,0x141068f16bd760331d09624ea43bda04f09e198179f2ea2b7b75c036e4f14283,,0xb99bd1c333098eb7b0ee359dd5bc31b0d9d677c8,0xe7cd86e13ac4309349f30b3435a9d337750fc82d,1010000,,435473432948244480
morph,withdraw_submit,26974444,1789737280000,0x9418aa9c51e6a68a11e66ae8255bb58e654f16de0c711bed06aabbae09f8ffc1,,0xc1a44fcb4a55494a1a57a49298621bce2aa03dc2,0xe7cd86e13ac4309349f30b3435a9d337750fc82d,3750000,,435477556125237248
morph,deposit,26975153,1789738448000,0x8f075e2d02adfdcc20bbb690e5d74ac7cc3101be40a116cfea86e9c47fdea32e,0x0e5b8556424d0751e3804f24b30af6129b75c5f7,0x0e5b8556424d0751e3804f24b30af6129b75c5f7,0xe7cd86e13ac4309349f30b3435a9d337750fc82d,12690000,2184,
morph,deposit,26975527,1789738930000,0xed453f1b6a32f2e6413f6c83a3a2c1f6063cb2c956f28c40c25be8dd88186a6d,0xcbd9270d41cd245b44ed070505bd86e8942af6d7,0xcbd9270d41cd245b44ed070505bd86e8942af6d7,0xe7cd86e13ac4309349f30b3435a9d337750fc82d,61090000,2184,
morph,deposit,26976082,1789739596000,0xa2b276904535f3e6a0e63fa4796fe327669eb36c098305383e2b8385eba3761e,0x590d647f6097a89e7626bc0e51a5a5b07a7b6fa5,0x590d647f6097a89e7626bc0e51a5a5b07a7b6fa5,0xe7cd86e13ac4309349f30b3435a9d337750fc82d,938120000,2184,
morph,withdraw_final,26976429,1789740301000,0x01a00fd4569172497407059128b9b4f8542d2e3c37030f1eb39f5488923c105e,,,,,,435714724236099584
morph,deposit,26976562,1789740174000,0x928e624d16712cf151c188908ff8115d2808fccd8faae6e014be071dab13e338,0x072eb5120c07681d919a5f973f95bd708272c472,0x072eb5120c07681d919a5f973f95bd708272c472,0xe7cd86e13ac4309349f30b3435a9d337750fc82d,1200000000,2184,
morph,withdraw_submit,26976710,1789740400000,0xda639d60d55512d694e08476bb9bbe45ee28b86d184de0547687abfd2b3a353d,,0xb59d9ca8cd8e7d847af7a5c8dff8aea9dd31e1b6,0xe7cd86e13ac4309349f30b3435a9d337750fc82d,13580000,,435714724236099584
morph,deposit,26977428,1789741396000,0x2a949f6e5b1401769defadaffc9b59eb3e7f6fa1ec87a7232940144e3d65af24,0x49d02615f42240e0bde62ebc2f3f1cb32050910a,0x49d02615f42240e0bde62ebc2f3f1cb32050910a,0xe7cd86e13ac4309349f30b3435a9d337750fc82d,373380000,2184,
morph,withdraw_final,26977454,1789741729000,0xa1b8a1b33881834e08b986f8a888d669bb8b7180a3d0e1e75a178e04c2a05b47,,,,,,435823945258631251
morph,withdraw_submit,26977808,1789741841000,0xa581802998813d9c58753ad955a108648a2f2781dd701e12b7300cb8676d0d23,,0xcbd9270d41cd245b44ed070505bd86e8942af6d7,0xe7cd86e13ac4309349f30b3435a9d337750fc82d,63190000,,435823945258631251
morph,withdraw_final,26978822,1789743361000,0x53aeaca7f03fee86deccac16d86816f36ee31fb9f7c757ffa4b5ed2ab22ada26,,,,,,435949624583258112
morph,withdraw_final,26978842,1789743393000,0x2cdc559d63ef637b36771e6a041f2abfa7d89896ad03a84f8f8dd8abc9e5491a,,,,,,435952158613962753
morph,withdraw_submit,26979074,1789743460000,0x875fe133d1a75e8d8cd66e3fefcef4c82ac2e8259f365592d2718f8b7bf8ce4f,,0xf86011c94017d2ab066b24a07f2ab58329fb8a6d,0xe7cd86e13ac4309349f30b3435a9d337750fc82d,34310000,,435949624583258112
morph,withdraw_submit,26979074,1789743460000,0x875fe133d1a75e8d8cd66e3fefcef4c82ac2e8259f365592d2718f8b7bf8ce4f,,0xf86011c94017d2ab066b24a07f2ab58329fb8a6d,0xe7cd86e13ac4309349f30b3435a9d337750fc82d,658290000,,435952158613962753
morph,withdraw_final,26979379,1789744225000,0xf8c9bc604e4429ac6f667969477d956b03a96eece15f87a7480dbb8bc1c981e1,,,,,,436016170814931009
morph,withdraw_submit,26979652,1789744300000,0x991ce1696d611c2347f30c4f2241f11d0a4b04d678cdfe50a597bd8c01ec36a2,,0x698cb4635daeaa35cc051442fcd2ffb0ae422067,0xe7cd86e13ac4309349f30b3435a9d337750fc82d,34000000,,436016170814931009
morph,deposit,26979981,1789744778000,0x0c2355cfe0ffcbc702ca55bb762ae2ab9ffb2ec01a7afd044c705a88f45248ec,0xf568dc8dc4130244cb59ea2d7b4d07f657b53c97,0xf568dc8dc4130244cb59ea2d7b4d07f657b53c97,0xe7cd86e13ac4309349f30b3435a9d337750fc82d,613030000,2184,
morph,deposit,26980342,1789745340000,0x42f1b3e79107e6b82aba2624e1dd2edf62ca04d05f7c8cb0ee31286ac12b11d1,0x7a7feec640a1df390dba59f0cd212116d9ef1ce2,0x7a7feec640a1df390dba59f0cd212116d9ef1ce2,0xe7cd86e13ac4309349f30b3435a9d337750fc82d,20750000,2184,
morph,deposit,26980610,1789745752000,0xd51d39ca0fc3e77a2c1c6e62dab8cb3dd8f10253ddc86faef2d6e9b04b406311,0xea0ddb5a039f8f6bded8c1115d4d6c3ee27b441f,0xea0ddb5a039f8f6bded8c1115d4d6c3ee27b441f,0xe7cd86e13ac4309349f30b3435a9d337750fc82d,62970000,2184,
morph,deposit,26981316,1789746832000,0xcf17579f68b6edb15ffc58479fb0f845aaab91d121ff9d81d094b324dd362b66,0x450ad32fc962af4617a4efb0bf26fcf642e05d7a,0x450ad32fc962af4617a4efb0bf26fcf642e05d7a,0xe7cd86e13ac4309349f30b3435a9d337750fc82d,4000000,2184,
morph,deposit,26981664,1789747402000,0x142d0b3b9a20352bec9ff6a89a910066fe0dc8b08282267ca8bb7fa207cb9911,0xa8036220b24072d25b09fe85fbfe8a4dafde364b,0xa8036220b24072d25b09fe85fbfe8a4dafde364b,0xe7cd86e13ac4309349f30b3435a9d337750fc82d,49880000,2184,
morph,deposit,26982086,1789748071000,0xf6a93d4a41fdbf2dc0eb191e5d0e8bf8c9820f999629a98ebdecbdf56223879a,0x67c5541e984ebeddd326572898a06a3e8c12d6ed,0x67c5541e984ebeddd326572898a06a3e8c12d6ed,0xe7cd86e13ac4309349f30b3435a9d337750fc82d,495000000,2184,
morph,deposit,26982157,1789748180000,0x97d51bada907faaee2471017e98e1e263717c9ef0ecd3dfd6f9cc8fb55cfb4da,0xbdec41d4c1ec6b21ba78ed6640039a802917c086,0xbdec41d4c1ec6b21ba78ed6640039a802917c086,0xe7cd86e13ac4309349f30b3435a9d337750fc82d,39280000,2184,
morph,deposit,26982482,1789748542000,0x63ea0f99baf1c55ca163ef60d9ea5673cfc3f3cb1fe68a00b1f1333612f9ad79,0xbb48553d0c9470eb429ba35acd350c4c242ee902,0xbb48553d0c9470eb429ba35acd350c4c242ee902,0xe7cd86e13ac4309349f30b3435a9d337750fc82d,2000000,2184,
morph,withdraw_final,26982535,1789748892000,0x0a94a27b90703e37b55235c7cdf3d5a85ff218dfd43a95f764449353bfcdc61c,,,,,,436376664578981888
morph,withdraw_submit,26982925,1789748980000,0x5195c745670ccfc1330dcd707f9325dd6715d1d2ee0766e8ab5c0daa5ccedc12,,0xbb48553d0c9470eb429ba35acd350c4c242ee902,0xe7cd86e13ac4309349f30b3435a9d337750fc82d,1000000,,436376664578981888
morph,deposit,26983173,1789749246000,0xaacc6783a1377acf1b1422eaac2ca0da4a1a149fcdd97165506778b2d81e9598,0xad160005e1f8485f0c537c5a4bcf783f69a8e584,0xad160005e1f8485f0c537c5a4bcf783f69a8e584,0xe7cd86e13ac4309349f30b3435a9d337750fc82d,10500000,2184,
morph,withdraw_final,26983275,1789749722000,0x8fb378968c294b9e83a8248bd1c4976b0c687f025d4179f355e6caac725e870b,,,,,,436440857151799296
morph,withdraw_final,26983342,1789749829000,0x29f4805ffe89f8e4c475356893612d0129b5df54c203f4395cdd5e8942e62795,,,,,,436449051957788672
morph,deposit,26983454,1789749722000,0x139c3cabf3a351ea4aae45130f5d9c8bbff814d662f16bd1a565e822d5c7f425,0x6ea4ff010aee6cb71a3dd2660cd05c8424ae887e,0x6ea4ff010aee6cb71a3dd2660cd05c8424ae887e,0xe7cd86e13ac4309349f30b3435a9d337750fc82d,1987510000,2184,
morph,withdraw_submit,26983509,1789749820000,0xf27ff5e05ac0d788726a435d744e717ccdb9accd9bc16b3300f3d99394f60349,,0xe09818bfa2838b07a6e58140a30f6be34bdce9d8,0xe7cd86e13ac4309349f30b3435a9d337750fc82d,105430000,,436440857151799296
morph,deposit,26983552,1789749892000,0x60d9435b600181fc1ae8d44eceb04e6966ba84df2775da0daf73b9ffd78027bd,0x6ea4ff010aee6cb71a3dd2660cd05c8424ae887e,0x6ea4ff010aee6cb71a3dd2660cd05c8424ae887e,0xe7cd86e13ac4309349f30b3435a9d337750fc82d,3710000,2184,
morph,withdraw_submit,26983577,1789749940000,0xb88a5b2e4f1ff1dd444ecb8008c354bc1ba802f225aaa935c998c2a01e746a6e,,0x49d02615f42240e0bde62ebc2f3f1cb32050910a,0xe7cd86e13ac4309349f30b3435a9d337750fc82d,331170000,,436449051957788672
morph,withdraw_final,26983757,1789750510000,0xed700686ae95384a4ab29e86739f357df5613651fbfb2232244d3e9495aef602,,,,,,436501965954875392
morph,withdraw_final,26983984,1789750894000,0xd5eef886db90da2d87f52c09cacc794760c1f40a235a80c687d4f2f36d400a47,,,,,,436531661375537152
morph,withdraw_submit,26983989,1789750600000,0x4182e10bf9fe43d42f1ae371c3f47da2c7353895871277d465539820dbb97138,,0x7a7feec640a1df390dba59f0cd212116d9ef1ce2,0xe7cd86e13ac4309349f30b3435a9d337750fc82d,19520000,,436501965954875392
morph,deposit,26984206,1789750935000,0x07ad12d85c07ef34f0c32cbbfb1f7ca61b24514e71e70fbd3d73f581d435c2b4,0xc5ba512c0ea42d65a615dbe75a51e0c37cbfeb8f,0xc5ba512c0ea42d65a615dbe75a51e0c37cbfeb8f,0xe7cd86e13ac4309349f30b3435a9d337750fc82d,9690000,2184,
morph,withdraw_submit,26984228,1789750960000,0x6426045787146f1c0cb72656245b733ba1469e9c6dc03047fa48491b21bfc142,,0xbdec41d4c1ec6b21ba78ed6640039a802917c086,0xe7cd86e13ac4309349f30b3435a9d337750fc82d,38233257,,436531661375537152
morph,withdraw_final,26984355,1789751476000,0x86207dfd0a6d1881177b2946cdba674d2330a9f9952bf23e8772118a35feedcf,,,,,,436576389156569088
morph,withdraw_submit,26984577,1789751561000,0x816d098c13c345432554f09adebab1e5f4c50a63ba9ab56423bb85f780822aca,,0xf4e3ab867005a4e1bd95718b633fa15088a5e474,0xe7cd86e13ac4309349f30b3435a9d337750fc82d,88540000,,436576389156569088
morph,deposit,26985369,1789752952000,0xb02e583e0a1da341322d6a1202ff177ab8a05112fc78b1bceb74ad597378e18f,0x718188c71e53ae57d9ab26696cd954be225a8291,0x718188c71e53ae57d9ab26696cd954be225a8291,0xe7cd86e13ac4309349f30b3435a9d337750fc82d,4000000,2184,
morph,deposit,26985507,1789753184000,0x77f2cb583d94132c6e67da06f9b06b14731e340b5ff6fb3a73682f87bb09c39c,0xf1ac433d1da79e64fac44cea32d06adb92545101,0xf1ac433d1da79e64fac44cea32d06adb92545101,0xe7cd86e13ac4309349f30b3435a9d337750fc82d,18000000,2184,
morph,withdraw_final,26986080,1789754487000,0xf243f929f112e0a8da5cbb356bd39d3b2be5e4123a2e6b9af5e15629f8f0ee0f,,,,,,436809434077855744
morph,withdraw_submit,26986290,1789754560000,0x0a2b34919fd569b2202509c33b3e37227b18db26c8ad363debb8c3e92d076176,,0x7907e69d00482e220393c29f37dde24840cdfdf3,0xe7cd86e13ac4309349f30b3435a9d337750fc82d,22200000,,436809434077855744
morph,deposit,26986768,1789755414000,0x4debd14663b83b6b4dc35302ea27865524376cd1fc3fad2e3a8d22a4b905e552,0x85e1438da565a5ca00e7152d164b2e1a96224b1e,0x85e1438da565a5ca00e7152d164b2e1a96224b1e,0xe7cd86e13ac4309349f30b3435a9d337750fc82d,999210000,2184,
morph,deposit,26986967,1789755768000,0x986659bbeaf5d46975236b83539158acc6b29fd88ec23c6111a8bd04d14aeb77,0x104385b467ecb8395fb0c2fd2d651b9dd25d8f00,0x104385b467ecb8395fb0c2fd2d651b9dd25d8f00,0xe7cd86e13ac4309349f30b3435a9d337750fc82d,1770000,2184,
morph,deposit,26986980,1789755790000,0x8a113c078fd1ac6fbbadffc967ba08230957486988c312ea1b61992b962bc7bc,0x104385b467ecb8395fb0c2fd2d651b9dd25d8f00,0x104385b467ecb8395fb0c2fd2d651b9dd25d8f00,0xe7cd86e13ac4309349f30b3435a9d337750fc82d,1610000,2184,
morph,deposit,26987217,1789756172000,0xa38884f4d1cbe56877ec449577eaa288f85cbf11961cb8cf321e69f328a7958c,0x104385b467ecb8395fb0c2fd2d651b9dd25d8f00,0x104385b467ecb8395fb0c2fd2d651b9dd25d8f00,0xe7cd86e13ac4309349f30b3435a9d337750fc82d,1750000,2184,
morph,deposit,26987327,1789756360000,0xe04fb6c4d608d4aa185c24562504391396be13793d964c636865b31ec26475c7,0x9eb09265dc08dfededbea6709748236b8cb84da8,0x9eb09265dc08dfededbea6709748236b8cb84da8,0xe7cd86e13ac4309349f30b3435a9d337750fc82d,27000000,2184,
morph,deposit,26987812,1789757066000,0x32b7c1111d27210540a6e4b87e358444c80542f3a97df69e1e6c188acd9e370d,0x746971acf6e8ea4afab53ee5f1fa7e9f5445e4fb,0x746971acf6e8ea4afab53ee5f1fa7e9f5445e4fb,0xe7cd86e13ac4309349f30b3435a9d337750fc82d,8000000,2184,
morph,deposit,26987848,1789757118000,0x1ebca28b5e3ac022111c82316c622628977ecff8436574f999c8357932aa4e72,0x746971acf6e8ea4afab53ee5f1fa7e9f5445e4fb,0x746971acf6e8ea4afab53ee5f1fa7e9f5445e4fb,0xe7cd86e13ac4309349f30b3435a9d337750fc82d,1000000,2184,
morph,deposit,26987901,1789757202000,0x713ee30bfa91b61de67e5dfe49f3087c2302b097ef7620116030062173ceb249,0x9fea714330a1dd8370563cf4a8f7d6b6adb2b355,0x9fea714330a1dd8370563cf4a8f7d6b6adb2b355,0xe7cd86e13ac4309349f30b3435a9d337750fc82d,5000000,2184,
morph,withdraw_final,26988225,1789758036000,0x720d2e923f7c21b58a8d2b81d2080a79df9a7c2f81b46baafcbe04ef4e45c359,,,,,,437083452978757632
morph,deposit,26988240,1789757754000,0xdf4008fa88fc5b4bdf7c94bc31387c97cccd3a41e0f8543eb93308c0b8d76c4e,0x7398d3068577bb1151b9ce9c1b1d21c738ea38bb,0x7398d3068577bb1151b9ce9c1b1d21c738ea38bb,0xe7cd86e13ac4309349f30b3435a9d337750fc82d,92340000,2184,
morph,withdraw_submit,26988439,1789758100000,0x93ee1f9f46a944345b3c8f76cf2ae53be94a4d2456d7652b5ee5aeb4cde8f359,,0x9eb09265dc08dfededbea6709748236b8cb84da8,0xe7cd86e13ac4309349f30b3435a9d337750fc82d,25890000,,437083452978757632
morph,withdraw_final,26988455,1789758428000,0xfa602f6bc99025fdda78b1d3b7d562e3061b01c2c276ff810b7fb2e567c60251,,,,,,437113775452061696
morph,deposit,26988482,1789758174000,0x7d8ce70b84dc701497304cd364125d43bbec04de6e4a487d44da6e8d4c5ac36f,0x104385b467ecb8395fb0c2fd2d651b9dd25d8f00,0x104385b467ecb8395fb0c2fd2d651b9dd25d8f00,0xe7cd86e13ac4309349f30b3435a9d337750fc82d,1950000,2184,
morph,withdraw_submit,26988682,1789758520000,0x23aef6707b9a57d71537813fd9af0851313d9421bb01b1da134b868d106c955b,,0x3a60f3c9f87dee2b38bf57189ec19ba72729a3c1,0xe7cd86e13ac4309349f30b3435a9d337750fc82d,19190000,,437113775452061696
morph,deposit,26988810,1789758736000,0x262833380c7fe4e0b75fa069b1188e1567e8f1ffc10fc3a7c8359aa0954c2cbd,0x316bdd1eed2b5fe1540f977ba508e75565342d31,0x316bdd1eed2b5fe1540f977ba508e75565342d31,0xe7cd86e13ac4309349f30b3435a9d337750fc82d,100000000,2184,
morph,withdraw_final,26988839,1789759087000,0xc34a9383868856cfe9a8439e29790e707341e041b39ab247816ee1a2cdfe1528,,,,,,437164670827102208
morph,withdraw_submit,26989133,1789759179000,0x0d89154d217885fd56bcb7865cd4ad7cae56da29cd9a13d789359e56c4f7ba7d,,0xad160005e1f8485f0c537c5a4bcf783f69a8e584,0xe7cd86e13ac4309349f30b3435a9d337750fc82d,8000000,,437164670827102208
morph,deposit,26989136,1789759184000,0xfafa518e3cf2c7c6794c4c0f47626381c2d28696f2ba51527fd8dc50c9c22636,0x9fea714330a1dd8370563cf4a8f7d6b6adb2b355,0x9fea714330a1dd8370563cf4a8f7d6b6adb2b355,0xe7cd86e13ac4309349f30b3435a9d337750fc82d,5000000,2184,
morph,deposit,26989336,1789759514000,0x0ea75804fd1b534a45c837dadb10cb50f0b4f19dc562f6fd3753abc5dc2ab03b,0xf9e8f31af25cae501924001943dc0e72a400e97b,0xf9e8f31af25cae501924001943dc0e72a400e97b,0xe7cd86e13ac4309349f30b3435a9d337750fc82d,20020000,2184,
morph,withdraw_final,26989710,1789760447000,0xb76198e4a4d437c549f2b4cc79455975740705722631b2c81cee13ecbfd344e0,,,,,,437269837400506368
morph,withdraw_submit,26989959,1789760560000,0x1792c69d206bcf0b6b49a5d401045c757e75588d8d9446736e8911df0bf21cf5,,0x00a3c439f9777b217e263a08a6ebdc709b82d05d,0xe7cd86e13ac4309349f30b3435a9d337750fc82d,4000000,,437269837400506368
morph,withdraw_final,26990540,1789761565000,0x874d827f044e2712983e158279a4d24d7ccad0a4bb50508ec5e3030d244166de,,,,,,437356380999909437
morph,withdraw_final,26990652,1789761664000,0x149bea4ce5a1fa8ef1d77dac628ba67bc66db85094cc139b75728eeb6914e41e,,,,,,437363914355769344
morph,withdraw_submit,26990953,1789761640000,0xefc824eace24fa8fb7b537d44c46da027efb10a352b3605d979d4a4be1f13660,,0xea0ddb5a039f8f6bded8c1115d4d6c3ee27b441f,0xe7cd86e13ac4309349f30b3435a9d337750fc82d,61970000,,437356380999909437
morph,withdraw_submit,26991084,1789761759000,0xc9042cb21becde40dca82fa832201c3876f27e60d495e55ba6f86c7ef472a5fc,,0xf9e8f31af25cae501924001943dc0e72a400e97b,0xe7cd86e13ac4309349f30b3435a9d337750fc82d,18200000,,437363914355769344
morph,deposit,26991114,1789761784000,0xa907f7a28adc3ad8519cbeee78fbb31924df20ef7aeae321b2e7fb3762a0b797,0xeb5392028b1c7857f8c710a6112468b4563255d7,0xeb5392028b1c7857f8c710a6112468b4563255d7,0xe7cd86e13ac4309349f30b3435a9d337750fc82d,50000000,2184,
morph,withdraw_final,26991484,1789762433000,0x7638233c485637b02d293efe05c2eff5fc2ff96cd4d2854c15216ade8eaae7f5,,,,,,437423416824299520
morph,withdraw_submit,26991931,1789762540000,0x2b9ab1f619e6970265994a664eea904194628b3d566f7602efbe449870eb9497,,0x316bdd1eed2b5fe1540f977ba508e75565342d31,0xe7cd86e13ac4309349f30b3435a9d337750fc82d,114820000,,437423416824299520
morph,deposit,26992288,1789762872000,0x34f555070d6c35f17553bb05e8b1d077c28178b117f5920c7ec6ac8f8ed77037,0x8080fb336a664153d814af9d389a35934e87466d,0x8080fb336a664153d814af9d389a35934e87466d,0xe7cd86e13ac4309349f30b3435a9d337750fc82d,27670000,2184,
morph,deposit,26994362,1789764896000,0x27e477a6c0b6f424f3776ba2c3dd2168b2cd91bf88ed682a77addcc3373e0c2f,0x104385b467ecb8395fb0c2fd2d651b9dd25d8f00,0x104385b467ecb8395fb0c2fd2d651b9dd25d8f00,0xe7cd86e13ac4309349f30b3435a9d337750fc82d,22410000,2184,
morph,withdraw_final,26994477,1789765303000,0xe29946c499be239944dd62eb65ec0edb5464a15ff44e1375f1cd8e8f61f78310,,,,,,437645466633502720
morph,deposit,26994488,1789765015000,0x26fcfcfc7afbf27c0ca3dcbdfe0cca4ffe1ed287751c84dff072b7a430324013,0xedec3d91b4016500f6dd3d8910695e6a20e744fb,0xedec3d91b4016500f6dd3d8910695e6a20e744fb,0xe7cd86e13ac4309349f30b3435a9d337750fc82d,9990000,2184,
morph,withdraw_submit,26994910,1789765420000,0x31836ddaafe81945c326903a4279a3894762827fbfbee34bfc9ba7805f394f5c,,0x12f587462d24a69cbe705bae7fb2dac84b3985d1,0xe7cd86e13ac4309349f30b3435a9d337750fc82d,98000000,,437645466633502720
morph,deposit,26995060,1789765566000,0xb9126dbb572b28cde3b0ae09fe462dac63570417ed0ed17b648ebe8f8f650eca,0x8bdc344003547c53785375ed4b5534e9c4af5cec,0x8bdc344003547c53785375ed4b5534e9c4af5cec,0xe7cd86e13ac4309349f30b3435a9d337750fc82d,101000000,2184,
morph,deposit,26995116,1789765620000,0x2a6a5f30e1fa90b7e9f79fd2f88986ee3538a24ecd660385c3f34b56102c82f7,0x53d4af2b5ea62284a00edba122228131ac124910,0x53d4af2b5ea62284a00edba122228131ac124910,0xe7cd86e13ac4309349f30b3435a9d337750fc82d,180000000,2184,
morph,deposit,26995414,1789765912000,0x8dc8f6a4df988415bafd3190af51ab8fd7118e554d694729095d362830bab9e0,0x0b055067118d2e1e3a74b941af322221161e95b3,0x0b055067118d2e1e3a74b941af322221161e95b3,0xe7cd86e13ac4309349f30b3435a9d337750fc82d,100000000,2184,
morph,deposit,26995772,1789766272000,0x7d5bc25b71702786556a55eea28c20374b7ac39e19f1a965f458ce83c245fd77,0x0b055067118d2e1e3a74b941af322221161e95b3,0x0b055067118d2e1e3a74b941af322221161e95b3,0xe7cd86e13ac4309349f30b3435a9d337750fc82d,200000000,2184,
morph,withdraw_final,26996065,1789766864000,0x5a12c095bab6c523b6ef528043971e2837f7904f118297531ed80cf42bc9ff95,,,,,,437766387151142912
morph,withdraw_submit,26996485,1789766980000,0xa2d9ee43e33f1c45a3eed7124619a1039778e4c4a82a598623e7a0e38ff34f80,,0xedec3d91b4016500f6dd3d8910695e6a20e744fb,0xe7cd86e13ac4309349f30b3435a9d337750fc82d,11350000,,437766387151142912
morph,deposit,26997081,1789767760000,0x9bbe25131f99ba4ca4a3c3fa1ae76664308bb77f661462be7ea43139c33af975,0xa49048bc8977752038f0343c1efd4803fba56366,0xa49048bc8977752038f0343c1efd4803fba56366,0xe7cd86e13ac4309349f30b3435a9d337750fc82d,90030000,2184,
morph,deposit,26997979,1789768640000,0x3424a61922457c7c7f213422acadf9155a9d059a8124b01dce72ca2700f0ed03,0x0b055067118d2e1e3a74b941af322221161e95b3,0x0b055067118d2e1e3a74b941af322221161e95b3,0xe7cd86e13ac4309349f30b3435a9d337750fc82d,200000000,2184,
morph,withdraw_final,26999356,1789770258000,0x28bfe65c6b608c50eafe93f79d7153323cdce142bee3971ba2363e9b5d92ca52,,,,,,438029179007533056
morph,deposit,26999419,1789770016000,0x2ec92dea10b382ed86083e06319bd2e25982eb55da8e53cd2dbc047ef44d19ef,0xac34c3ef168c820b17ce6240a7f2f49cf96d2c8a,0xac34c3ef168c820b17ce6240a7f2f49cf96d2c8a,0xe7cd86e13ac4309349f30b3435a9d337750fc82d,3000000,2184,
morph,deposit,26999492,1789770086000,0x2e795e2d90c5601530e6edd97560136b65aa19abfacbc444adafca4737e19191,0x018dc6259d3368f9e6b94d3747c1303b0da2956a,0x018dc6259d3368f9e6b94d3747c1303b0da2956a,0xe7cd86e13ac4309349f30b3435a9d337750fc82d,1970000,2184,
morph,deposit,26999552,1789770143000,0x0f4cdccbcec164f61402b3480dfd66257650d9d7096a9b4efa9ef68678316f3e,0xbb48553d0c9470eb429ba35acd350c4c242ee902,0xbb48553d0c9470eb429ba35acd350c4c242ee902,0xe7cd86e13ac4309349f30b3435a9d337750fc82d,2000000,2184,
morph,withdraw_final,26999598,1789770488000,0xa89c9d8f08802452fca8acfd0454ec790db009dadca10724fec0b8c7b1742825,,,,,,438047131979218944
morph,withdraw_submit,26999750,1789770340000,0x71764645f0ba6176aada153b9bb8d42bd3d883fa7fbfd575f18e8edbd7f77175,,0x53d4af2b5ea62284a00edba122228131ac124910,0xe7cd86e13ac4309349f30b3435a9d337750fc82d,178500000,,438029179007533056
morph,withdraw_submit,26999995,1789770580000,0x3591a58b9a0c1ca03e9b09324c2d5f88682d8ecbf748ab453097cc24c840eae4,,0xbb48553d0c9470eb429ba35acd350c4c242ee902,0xe7cd86e13ac4309349f30b3435a9d337750fc82d,1000000,,438047131979218944
morph,withdraw_final,27002387,1789774911000,0x11d1574eb28002b57fff3677f8f08331d3c0fe32417443dac96b90fe7430a310,,,,,,438389586897403904
morph,withdraw_submit,27002608,1789775020000,0x7d66909dd5692c16ed5cc914659dc93933d503d003112376b2a8bbc0159a8324,,0x4f30853a0be81cda2106935b349f6c9868878659,0xe7cd86e13ac4309349f30b3435a9d337750fc82d,11240000,,438389586897403904
morph,deposit,27003805,1789777138000,0x1fb920620d0ca07df5c814e63dc9591703b584c709827856602863eae5a55201,0x7a7feec640a1df390dba59f0cd212116d9ef1ce2,0x7a7feec640a1df390dba59f0cd212116d9ef1ce2,0xe7cd86e13ac4309349f30b3435a9d337750fc82d,19670000,2184,
morph,deposit,27004293,1789778052000,0xc9ebf982b058bd140b0e11a47f3400284eefd492631ad0272a3377f4e96c89b5,0x07d337455f4f523dfebe089e6e2e56781fd770d4,0x07d337455f4f523dfebe089e6e2e56781fd770d4,0xe7cd86e13ac4309349f30b3435a9d337750fc82d,5410000,2184,
morph,withdraw_final,27004517,1789778775000,0x7f5702dfc150633295da38b41224de34e7ae3bb8aaf61263afaad4fb443bedcf,,,,,,438688576750747648
morph,withdraw_submit,27004723,1789778860000,0x9148228b58f574b7f1528e9c078d5832a20b8891457b3a682e3e3048fb17d1f3,,0x7bdb096457029b5ae8f620c1f8c1b8fc36902441,0xe7cd86e13ac4309349f30b3435a9d337750fc82d,5940000,,438688576750747648
morph,deposit,27005594,1789780410000,0x40a118d85e77122a668d8f6a30b6b9d5c73d01357516a2cb5912674cb203f66b,0x4f4c9970a550a236d4f6cfcd627c9ba372c86313,0x4f4c9970a550a236d4f6cfcd627c9ba372c86313,0xe7cd86e13ac4309349f30b3435a9d337750fc82d,9940000,2184,
morph,withdraw_final,27006024,1789781455000,0x36644bb2a3532f7d3050d1f907cb5f469edfa7e09f73a636fe364ef24404ce3d,,,,,,438895920608706561
morph,withdraw_submit,27006246,1789781559000,0x0cbf70e5e70457ca3a7c9138c8a520d5323cecbcb48ab946e9feb69b3540dde8,,0x3fae259999014317bdce52161c18fa9ffadf43ad,0xe7cd86e13ac4309349f30b3435a9d337750fc82d,12560000,,438895920608706561
morph,deposit,27007210,1789783280000,0x5d9fdc8ddb4196dc02b36ed16ca9138ddb5c1d5ad81c67625c43cd0aa1ba42bf,0xdbeba977dc95302affd00eb1c1d3fc3a33bc0085,0xdbeba977dc95302affd00eb1c1d3fc3a33bc0085,0xe7cd86e13ac4309349f30b3435a9d337750fc82d,10850000,2184,
morph,deposit,27008152,1789785015000,0x194da18878fdece84dc453a9a8f52bfeb0a460b913eaa241882ff0943bb10ab3,0xd8797af56fa59b15245fb0807bfcb25a9b952889,0xd8797af56fa59b15245fb0807bfcb25a9b952889,0xe7cd86e13ac4309349f30b3435a9d337750fc82d,9889743,2184,
morph,withdraw_final,27008872,1789786677000,0xd88dee3484089ff8272136e438915c29eacb760d5839dbea9203c52579853c97,,,,,,439300669719969792
morph,withdraw_submit,27009089,1789786781000,0x75f933e13cd3ef02c080df8f10540527431bfdce1d942fea6488529cf6d37e57,,0xd8797af56fa59b15245fb0807bfcb25a9b952889,0xe7cd86e13ac4309349f30b3435a9d337750fc82d,8860000,,439300669719969792
morph,deposit,27009808,1789788078000,0x708ed5536c9907d64d3df716662eeacbde1e2482dbb4fb80950fd10490a8b529,0x104385b467ecb8395fb0c2fd2d651b9dd25d8f00,0x104385b467ecb8395fb0c2fd2d651b9dd25d8f00,0xe7cd86e13ac4309349f30b3435a9d337750fc82d,31230000,2184,
morph,deposit,27010929,1789790150000,0xf5891a1a89edb060a440415f26efb10302a41d08c7c1e863ba7325215f79e5d9,0x2ab13f675b380a5846eb13e18b5e78c9bf373d03,0x2ab13f675b380a5846eb13e18b5e78c9bf373d03,0xe7cd86e13ac4309349f30b3435a9d337750fc82d,798000000,2184,
morph,deposit,27010944,1789790178000,0xbee83ec4522ccd3f6535e2a965a90ca22f54037dba68225e7fc8b76bdf40aa43,0x63b8ce95fd1231dedda70531288e67fa634cb038,0x63b8ce95fd1231dedda70531288e67fa634cb038,0xe7cd86e13ac4309349f30b3435a9d337750fc82d,490000000,2184,
morph,deposit,27011441,1789791078000,0xf08a2be39cf6f1a36fcacdeb64f44fbc56495a50b6b1d373a49d540cd4c7a1a5,0x63b8ce95fd1231dedda70531288e67fa634cb038,0x63b8ce95fd1231dedda70531288e67fa634cb038,0xe7cd86e13ac4309349f30b3435a9d337750fc82d,1594500000,2184,
morph,deposit,27011800,1789791744000,0x27664f8bac0beb46fd921e4a348910d1c03a08de7b63dcb953cc06c722050077,0xbb48553d0c9470eb429ba35acd350c4c242ee902,0xbb48553d0c9470eb429ba35acd350c4c242ee902,0xe7cd86e13ac4309349f30b3435a9d337750fc82d,2000000,2184,
morph,withdraw_final,27011835,1789792111000,0x8da45f2026be655290aaa4485c956ebc994812ef0b64307c588f7c8d6fc9f98e,,,,,,439721284461395968
morph,withdraw_submit,27012035,1789792180000,0xf7989febe8b2e6d1ea63bd805930bd0ac7a0d7f56b207a2c32e5c09fd2a271f1,,0xbb48553d0c9470eb429ba35acd350c4c242ee902,0xe7cd86e13ac4309349f30b3435a9d337750fc82d,1000000,,439721284461395968
morph,deposit,27012114,1789792314000,0xc8f50c6391574a91aa94cb75507e6e0bd4b38c2cb778ee73f3d9f0863cec8c20,0xab6f7517bd02eec279aa765e12bcc9cde72312af,0xab6f7517bd02eec279aa765e12bcc9cde72312af,0xe7cd86e13ac4309349f30b3435a9d337750fc82d,12290000,2184,
morph,withdraw_final,27012775,1789793778000,0x9eb1bb9884dbee846afe23788d787c35cc540064cbf2a36479f8c683e5b291a2,,,,,,439850133480275968
morph,withdraw_final,27012841,1789793905000,0x3a61afbe032552d11db97ae42b4a40a15e7438de031c4fe9a6b21789eb150df2,,,,,,439859960365449216
morph,withdraw_submit,27012978,1789793860000,0x672043a95b02456c087d1bd7d0f26b15087cc0a8bfecadbceaf22e63860aadf2,,0x7a7feec640a1df390dba59f0cd212116d9ef1ce2,0xe7cd86e13ac4309349f30b3435a9d337750fc82d,11720000,,439850133480275968
morph,withdraw_submit,27013041,1789793981000,0x0711b143174921d6036b93ec1b7ee832b2d8eb568614e9466f145414e8530fea,,0x6ce33193dee9c5979ede0c24f77e8afcec9bd6ea,0xe7cd86e13ac4309349f30b3435a9d337750fc82d,69000000,,439859960365449216
morph,deposit,27013254,1789794354000,0x63f28758f52d7b8bb122ff99b875ae1dc9ca265ee6af3fe02aeac9b64a4b8789,0xb8850d21a3b62fd410dac6feb471146cbfce3c23,0xb8850d21a3b62fd410dac6feb471146cbfce3c23,0xe7cd86e13ac4309349f30b3435a9d337750fc82d,5110000,2184,
morph,withdraw_final,27013689,1789795428000,0xae3e1f9dd8a8c04e9e0d174ed3ff8954465f262f2282718b1cb7980d7e7d8e2a,,,,,,439978200827691008
morph,withdraw_submit,27013908,1789795540000,0xe0506fd1ad50a31560d20e328baf994663515b25702fded0cfd0c7883a11ae3b,,0xad209cc4391daf1ffc97f44e10ad5a223346a1d5,0xe7cd86e13ac4309349f30b3435a9d337750fc82d,65960000,,439978200827691008
morph,deposit,27014078,1789795718000,0x242ff7a93fffd8662d9887a764e018b9d31ae04200a7c96ac542c6c9a1df0124,0x098001f952112432e60315bd8b9af6fdc5aab810,0x098001f952112432e60315bd8b9af6fdc5aab810,0xe7cd86e13ac4309349f30b3435a9d337750fc82d,10000000,2184,
morph,deposit,27014444,1789796078000,0x276443102d3bba637a4de4aee3e39e61f59d6a01b6c993f29b283ee7a03d5436,0x098001f952112432e60315bd8b9af6fdc5aab810,0x098001f952112432e60315bd8b9af6fdc5aab810,0xe7cd86e13ac4309349f30b3435a9d337750fc82d,6200000,2184,
morph,deposit,27015373,1789796960000,0x648e1c769b391c18ac50d9599a9ae2af20266bfd7fe2d535c10bed44c9630d58,0x8e4fccc5b0d64c2b596320613dcb218366d2c0de,0x8e4fccc5b0d64c2b596320613dcb218366d2c0de,0xe7cd86e13ac4309349f30b3435a9d337750fc82d,83400000,2184,
morph,withdraw_final,27015992,1789797854000,0x6b3892fe49b275f4290c4752e61197821abf1ec79bfa8de8fa22e9cff6f0e44d,,,,,,440166105638502402
morph,withdraw_submit,27016210,1789797940000,0xa97ef9e3b5fdf886bb107e1a8d7df5442aabd95dd9e3c28fc5f60e397dd46d8d,,0x7398d3068577bb1151b9ce9c1b1d21c738ea38bb,0xe7cd86e13ac4309349f30b3435a9d337750fc82d,87390000,,440166105638502402
morph,deposit,27017917,1789800004000,0x1030a5f93d896dd5287e52d92cb7513b99b80382bf40597191eafdda32b50ab2,0x63b8ce95fd1231dedda70531288e67fa634cb038,0x63b8ce95fd1231dedda70531288e67fa634cb038,0xe7cd86e13ac4309349f30b3435a9d337750fc82d,1989920000,2184,
morph,deposit,27019022,1789801086000,0x497240567347810fe112ff495564da18e558af0444513578724ebfa0624379ef,0x015cb05b4accdb373a091441ed060abfc310504b,0x015cb05b4accdb373a091441ed060abfc310504b,0xe7cd86e13ac4309349f30b3435a9d337750fc82d,4110000,2184,
morph,deposit,27020827,1789802839000,0xc0da7bc0af9cd78206aef7cbffdfd3925a8b4b6c97c2aa42c3687e4e75c7d094,0xb3f349557b2553072d5ea1deed49b55b22303b77,0xb3f349557b2553072d5ea1deed49b55b22303b77,0xe7cd86e13ac4309349f30b3435a9d337750fc82d,2790000,2184,
morph,deposit,27021391,1789803380000,0xb2549c2535619a135cf573d39c7ba80af19d04036735ef6195eec2479795fd2b,0x7fa59b8d5448905ce352a82d8ccd49d06eeded32,0x7fa59b8d5448905ce352a82d8ccd49d06eeded32,0xe7cd86e13ac4309349f30b3435a9d337750fc82d,1000000,2184,
morph,deposit,27021960,1789804042000,0xc1dc077249103b5a37dd065ad99271bf7c0b06a5d964d1e27472a3539b3678e5,0x4bed4d8cc6f37f89f6f80ab6f9b15180af163fb0,0x4bed4d8cc6f37f89f6f80ab6f9b15180af163fb0,0xe7cd86e13ac4309349f30b3435a9d337750fc82d,73252500000,2184,
morph,deposit,27023133,1789805358000,0x7216aa8fac25b43eca9bec15004f5bc598ebf69d4f13bc632a4673ca9e8598bd,0x8f872be7435c2ec79f09d32314446411e991ffec,0x8f872be7435c2ec79f09d32314446411e991ffec,0xe7cd86e13ac4309349f30b3435a9d337750fc82d,187890000,2184,
morph,deposit,27023220,1789805442000,0x4d991b4975998786f4d1e1baa2f8591e7564c53c3abddf73235965c8ebed5500,0x8d733d12cde939ead03cc0ff0beb9fbda05291c1,0x8d733d12cde939ead03cc0ff0beb9fbda05291c1,0xe7cd86e13ac4309349f30b3435a9d337750fc82d,12956610000,2184,
morph,withdraw_final,27025263,1789808772000,0x804000643cda27fdc2bca316dc84c74f74d7a321375bb17be46cf9767bde731a,,,,,,441010814049058816
morph,withdraw_submit,27025485,1789808860000,0xa5c3e3005267a65607489f1edda151dff47558b397e5e7923c2af8ece6d08f99,,0x8e4fccc5b0d64c2b596320613dcb218366d2c0de,0xe7cd86e13ac4309349f30b3435a9d337750fc82d,60820000,,441010814049058816
morph,deposit,27026123,1789809958000,0xc432fccd78f6590360c745b751d430993327212fa95768597ef6e9ff878b0d37,0xaef02e99112be13c8f635e89451c7f35dc5fedd1,0xaef02e99112be13c8f635e89451c7f35dc5fedd1,0xe7cd86e13ac4309349f30b3435a9d337750fc82d,29820000,2184,
morph,deposit,27026202,1789810100000,0x202f0b3b86336dbbddb61630f7f1131033be4c8c868222666f2c046c60772bb3,0x9722361102ed88dc5fc7d99cf68f7598f5fdfb4b,0x9722361102ed88dc5fc7d99cf68f7598f5fdfb4b,0xe7cd86e13ac4309349f30b3435a9d337750fc82d,3230000,2184,
morph,deposit,27026964,1789811378000,0xed6a085a3e7defeacb38efb37ac30193cf38039ee32fe2356d51c2e71fde278f,0x316bdd1eed2b5fe1540f977ba508e75565342d31,0x316bdd1eed2b5fe1540f977ba508e75565342d31,0xe7cd86e13ac4309349f30b3435a9d337750fc82d,2000000000,2184,
morph,deposit,27027057,1789811546000,0x46984e31819aab4a38960033e49835200a36a1a31e3eb7c64c2205dc78a30b36,0x4c085f93e60b25d3d1c1c8c4f3e4f8918e7d0a9d,0x4c085f93e60b25d3d1c1c8c4f3e4f8918e7d0a9d,0xe7cd86e13ac4309349f30b3435a9d337750fc82d,30080000,2184,
morph,withdraw_final,27027287,1789812272000,0x0e48468494b15adea3790b7994188ee1cb7266c010ccc1755e58ab26058df401,,,,,,441281800698855424
morph,withdraw_submit,27027496,1789812340000,0x2491687ab0c000be7d749b96f4fbae9f1499bce3dc7745b60a605951ec122faf,,0x548e82bd247973e2005efc2b179f592bbb0db61a,0xe7cd86e13ac4309349f30b3435a9d337750fc82d,126000000,,441281800698855424
morph,deposit,27027820,1789812920000,0x700d6db8325ce052e6a06403e96e2025fa303ec3faac102ba67344e10d9e997c,0x9139c68f41386bbd27304f66587229633fcc7863,0x9139c68f41386bbd27304f66587229633fcc7863,0xe7cd86e13ac4309349f30b3435a9d337750fc82d,207620000,2184,
morph,deposit,27028056,1789813344000,0xbfb90541b4c4d612d3b70ec72ca5507c15c2c76f39e2d7b574025ab8b2b95778,0xbb48553d0c9470eb429ba35acd350c4c242ee902,0xbb48553d0c9470eb429ba35acd350c4c242ee902,0xe7cd86e13ac4309349f30b3435a9d337750fc82d,2000000,2184,
morph,withdraw_final,27028098,1789813713000,0x1b7126ee76f3f4156129351060f2bc25524a7b7dc3755b0eb8e4fa15c26cbd58,,,,,,441392670984634368
morph,deposit,27028254,1789813702000,0xa86d1922a8cb1be07ac7dc56802e51a7e4046f8727216bcb9185a7db74f2cc64,0x0ca0e6ca28d09aedbf0a3a4ca1e3bc9d9e6b4c27,0x0ca0e6ca28d09aedbf0a3a4ca1e3bc9d9e6b4c27,0xe7cd86e13ac4309349f30b3435a9d337750fc82d,8450000,2184,
morph,withdraw_submit,27028298,1789813780000,0xab795468bcee38456a2b9129c2d1475f2ee0b5474e665f4528480ea8fd2e413b,,0xbb48553d0c9470eb429ba35acd350c4c242ee902,0xe7cd86e13ac4309349f30b3435a9d337750fc82d,1000000,,441392670984634368
morph,deposit,27028372,1789813908000,0xc69a7e93bc8ed321ff99385ebe1eb4537a58138ee73a6cece4806e6fb22d4e56,0x00a3c439f9777b217e263a08a6ebdc709b82d05d,0x00a3c439f9777b217e263a08a6ebdc709b82d05d,0xe7cd86e13ac4309349f30b3435a9d337750fc82d,135000000,2184,
morph,deposit,27029251,1789815478000,0xcc9e76ae853e317fe585d7f432eee98a4e2792a3fc17edb83a8dd0511ee78329,0x9491c553ec0d619b62e7619967f21266d7c98071,0x9491c553ec0d619b62e7619967f21266d7c98071,0xe7cd86e13ac4309349f30b3435a9d337750fc82d,1690000,2184,
morph,deposit,27029811,1789816486000,0x2a5cc1d221886cb81b0d7626995bf8fecd7fe4a1400dabe93c05bf57595bf56d,0xaf7b8ce2dbb841a69299d3a9cf4ca8c677c59b85,0xaf7b8ce2dbb841a69299d3a9cf4ca8c677c59b85,0xe7cd86e13ac4309349f30b3435a9d337750fc82d,12160000,2184,
morph,deposit,27029888,1789816616000,0x60fa831028cc7d77a6f6a3823564d572311e92f1b946845a63aed9463d933ef2,0x61b5102b0c1e9590742400d29776e1044889a046,0x61b5102b0c1e9590742400d29776e1044889a046,0xe7cd86e13ac4309349f30b3435a9d337750fc82d,4490000,2184,
morph,deposit,27030043,1789816892000,0xe07c7ac88b72da4ea5dd9d5d89cce51ad51afa0710001bdea29fb06b649a0397,0xdbeba977dc95302affd00eb1c1d3fc3a33bc0085,0xdbeba977dc95302affd00eb1c1d3fc3a33bc0085,0xe7cd86e13ac4309349f30b3435a9d337750fc82d,66690000,2184,
morph,deposit,27030088,1789816976000,0x9a6ca5e176c7328562955ffc60aefb331766ff1d442018628dc723acf821f07c,0x9139c68f41386bbd27304f66587229633fcc7863,0x9139c68f41386bbd27304f66587229633fcc7863,0xe7cd86e13ac4309349f30b3435a9d337750fc82d,494000000,2184,
morph,deposit,27031096,1789818730000,0xf67d3321d05911e26adb0e90ade72a4f5218bbd3963ab293ec16050e1be66f71,0x9139c68f41386bbd27304f66587229633fcc7863,0x9139c68f41386bbd27304f66587229633fcc7863,0xe7cd86e13ac4309349f30b3435a9d337750fc82d,168760000,2184,
morph,withdraw_final,27032142,1789820899000,0x99dc85175a33b2590416570903c2c34d13f491aed73ac24c479532fb25aa5a09,,,,,,441948594367365120
morph,withdraw_submit,27032353,1789820979000,0x666d9a6cff5f1ef0d881f3ba1f0d994b10d0668c087a63eeae1a101e29b47774,,0xaef02e99112be13c8f635e89451c7f35dc5fedd1,0xe7cd86e13ac4309349f30b3435a9d337750fc82d,31700000,,441948594367365120
morph,deposit,27033325,1789822734000,0xddb723d9c6a566e0e7ab3e3e31c0a71116aed3c41ba1252c0cfba502d1f60f10,0xd2663448db0f250c0da28f0620fe20633d84f9b3,0xd2663448db0f250c0da28f0620fe20633d84f9b3,0xe7cd86e13ac4309349f30b3435a9d337750fc82d,1200000,2184,
morph,withdraw_final,27033518,1789823364000,0xdbe70b690e65d05ffcca2bba813af70de7525be4a0b2bf8256ddb76aa5a155a8,,,,,,442139488479608832
morph,withdraw_submit,27033735,1789823440000,0x3ccb0a8a21e1984884223772699dc86b65a0b645e627969b3e68f0598e917f0e,,0x63b8ce95fd1231dedda70531288e67fa634cb038,0xe7cd86e13ac4309349f30b3435a9d337750fc82d,2219600000,,442139488479608832
morph,deposit,27034263,1789824298000,0xde27639979be8e1b824112197c322004a4e8cf978b56e75513982f4dbcbc7dd7,0x9139c68f41386bbd27304f66587229633fcc7863,0x9139c68f41386bbd27304f66587229633fcc7863,0xe7cd86e13ac4309349f30b3435a9d337750fc82d,159700000,2184,
morph,deposit,27035056,1789825606000,0x2b9a225c8a4fc2dc6cdd43896f4862ee69e924bb42cb79b19149828fdcb1f5ca,0x015cb05b4accdb373a091441ed060abfc310504b,0x015cb05b4accdb373a091441ed060abfc310504b,0xe7cd86e13ac4309349f30b3435a9d337750fc82d,2920000,2184,
morph,withdraw_final,27035484,1789826643000,0x35269bb6782126374b463a3a44f4d5afc37c4b2c397ca290573dadba9f4584ab,,,,,,442393372611575808
morph,withdraw_submit,27035723,1789826740000,0xee8e4f7f29b718ff69f48e8bea7f65f5394be589033cca4e390bc0c24ae68fd0,,0x6ea4ff010aee6cb71a3dd2660cd05c8424ae887e,0xe7cd86e13ac4309349f30b3435a9d337750fc82d,550000000,,442393372611575808
morph,deposit,27036031,1789827258000,0xe5d52f33bd78cdb8839ed4928820749f44107bc86d78b600838175b4273cde58,0xade73a9335a3b70c5c878e99c8fe5dea4bff2aa2,0xade73a9335a3b70c5c878e99c8fe5dea4bff2aa2,0xe7cd86e13ac4309349f30b3435a9d337750fc82d,10000000,2184,
morph,deposit,27036418,1789827922000,0xfb87fa08cb0f632115710f94980f83e3660cec2f7201a59eba396a81199d3a37,0x911ae7ebc3f399917972792d44dc4d82f7d8fe9f,0x911ae7ebc3f399917972792d44dc4d82f7d8fe9f,0xe7cd86e13ac4309349f30b3435a9d337750fc82d,437000000,2184,
morph,deposit,27036505,1789828063000,0xae01b28741c3f213d4d3210b08e3275290f52a1a6f6220991c99928be107349d,0x6ea4ff010aee6cb71a3dd2660cd05c8424ae887e,0x6ea4ff010aee6cb71a3dd2660cd05c8424ae887e,0xe7cd86e13ac4309349f30b3435a9d337750fc82d,539990000,2184,
morph,deposit,27036969,1789828802000,0x5f36d53c9c3005b75c433c7f190e021177f96c95bd133868a5a2f307d658f3a7,0x92f6c0b66de61b0b91ffd70770ca6f11780ad046,0x92f6c0b66de61b0b91ffd70770ca6f11780ad046,0xe7cd86e13ac4309349f30b3435a9d337750fc82d,8020000,2184,
morph,deposit,27038729,1789831738000,0xf81e214bbfea189ed969869dea6ee33e109f67c73de1e40e972dea3d67c5cdd7,0x1fe97daea9b3f817c82a08f321e81cbba2075d73,0x1fe97daea9b3f817c82a08f321e81cbba2075d73,0xe7cd86e13ac4309349f30b3435a9d337750fc82d,24600000,2184,
morph,deposit,27038792,1789831850000,0x35e9055aaebcebdd32cf0efb58b8ce802212ed0e22ac9d45a02105c8cfcfd2c5,0x7fa59b8d5448905ce352a82d8ccd49d06eeded32,0x7fa59b8d5448905ce352a82d8ccd49d06eeded32,0xe7cd86e13ac4309349f30b3435a9d337750fc82d,3070000,2184,
morph,deposit,27039028,1789832266000,0x5e6a99834e2f72090beb71b20dc535ec4880d4059c1894b8bfe5eb1312a66f5f,0xc1a44fcb4a55494a1a57a49298621bce2aa03dc2,0xc1a44fcb4a55494a1a57a49298621bce2aa03dc2,0xe7cd86e13ac4309349f30b3435a9d337750fc82d,1010000,2184,
morph,deposit,27039435,1789832940000,0x6da50b78d059c1e39f94952c3b8e276dde11ae6c9dd8fc1ed687edfe01d87cd6,0x898411fad943ea1feddfdbc92783022d5c7c7688,0x898411fad943ea1feddfdbc92783022d5c7c7688,0xe7cd86e13ac4309349f30b3435a9d337750fc82d,60570000,2184,
morph,withdraw_final,27039528,1789833405000,0xb3b1d5b430b4ddbd667cb27e19015e360dc0212ce3df3e4dd0ca88d59deb83f6,,,,,,442917547583471616
morph,deposit,27039615,1789833262000,0x76e9b5e06c971ac913798730e896dc7c06bc96d12acd1667ed0d69f945574dea,0x70b93948f0e57263e834bde222ce65c9e8ca6c92,0x70b93948f0e57263e834bde222ce65c9e8ca6c92,0xe7cd86e13ac4309349f30b3435a9d337750fc82d,7810000,2184,
morph,withdraw_submit,27039762,1789833520000,0xba1eb942cd84563a714bb2f7f5cb6c4a1948653f1cbbe90a8a24acbfb32571f9,,0x7fa59b8d5448905ce352a82d8ccd49d06eeded32,0xe7cd86e13ac4309349f30b3435a9d337750fc82d,2160000,,442917547583471616
morph,deposit,27040025,1789833936000,0x6c6fdfacf033ce1005830debb1f87ef176da13c8480daab45a983c187cb32892,0x8b3215ea76c2237453a218a080851e649657fad4,0x8b3215ea76c2237453a218a080851e649657fad4,0xe7cd86e13ac4309349f30b3435a9d337750fc82d,3540000,2184,
morph,deposit,27040609,1789834944000,0x1b8fdfd5ccf55e2141ef29f09d21f770960d915c7eae166ff4ab33292d7cace0,0xbb48553d0c9470eb429ba35acd350c4c242ee902,0xbb48553d0c9470eb429ba35acd350c4c242ee902,0xe7cd86e13ac4309349f30b3435a9d337750fc82d,2000000,2184,
morph,withdraw_final,27040648,1789835311000,0x41bb9b4177e7f6567c52e03f8399a9617e91f2edb16ac6b5579ddf2bb9dd1bf4,,,,,,443065019580547072
morph,withdraw_submit,27040862,1789835380000,0xe229e703d2d37d4cc935cfcb96cd59573380be4b64afdc11a0540710d1718e11,,0xbb48553d0c9470eb429ba35acd350c4c242ee902,0xe7cd86e13ac4309349f30b3435a9d337750fc82d,1000000,,443065019580547072
morph,deposit,27041642,1789836784000,0xf8dbb9281a39b7d36cd1d47c18047b528db0d420dc79b59bec76153b956372a9,0x27d9d0778902d65ca1ebec0eb05858580c897e4f,0x27d9d0778902d65ca1ebec0eb05858580c897e4f,0xe7cd86e13ac4309349f30b3435a9d337750fc82d,12280000,2184,
morph,deposit,27042741,1789838674000,0x01d2bf4de8320ff11e518994826fe00545e3dc2f897b8725d081430096cb56e0,0x85a0f5ef210c66956ba9cafbbbd123c8db02cb5c,0x85a0f5ef210c66956ba9cafbbbd123c8db02cb5c,0xe7cd86e13ac4309349f30b3435a9d337750fc82d,500000000,2184,
morph,deposit,27043968,1789840840000,0xa1d0692f6317d34b4132278753f1b87af3101867d0b1c36f4677c4e130647222,0x9fea714330a1dd8370563cf4a8f7d6b6adb2b355,0x9fea714330a1dd8370563cf4a8f7d6b6adb2b355,0xe7cd86e13ac4309349f30b3435a9d337750fc82d,5000000,2184,
morph,deposit,27044227,1789841330000,0xc7b1c97b4cf33fc1cf3dff7471a46edb1937d0bd3c2a48766c861c5d2b468938,0xd1b60c701d028340ea9880aacc20ed5729b86dda,0xd1b60c701d028340ea9880aacc20ed5729b86dda,0xe7cd86e13ac4309349f30b3435a9d337750fc82d,1000000,2184,
morph,deposit,27044274,1789841414000,0xb6978d2b8fc4e9b2a855e393defecfbf39b39d79316b5af46a283ad2482e9781,0x927204bb87166104b2901c1a3b5efd0f39c5ff80,0x927204bb87166104b2901c1a3b5efd0f39c5ff80,0xe7cd86e13ac4309349f30b3435a9d337750fc82d,25590000,2184,
morph,deposit,27044406,1789841638000,0xe35f68a72931b5a22c7d9a3ef335e4e3dcebc5c387a824b41da52d5d3dc5bc52,0xd1b60c701d028340ea9880aacc20ed5729b86dda,0xd1b60c701d028340ea9880aacc20ed5729b86dda,0xe7cd86e13ac4309349f30b3435a9d337750fc82d,4730000,2184,
morph,withdraw_final,27045216,1789843418000,0x378b4119dd43094441b0cfe308b2d32e2e72da1b3ffea3cd5233d3c73f0f976f,,,,,,443693012522893312
morph,withdraw_final,27045233,1789843448000,0xd3b3c94318bb0592e7c31ff70c51042471b97baa801d6324a27914c054ad0341,,,,,,443695056927326208
morph,withdraw_submit,27045411,1789843480000,0xe85eddd1f30e7f1afa12267a7b8039665ff121eca3a63ca231f5c3e2850b2c76,,0x9139c68f41386bbd27304f66587229633fcc7863,0xe7cd86e13ac4309349f30b3435a9d337750fc82d,1699000000,,443693012522893312
morph,withdraw_submit,27045443,1789843540000,0xa492a684de7f6c6161193ad3b93da788caedd9a84261e6ad8d0409e6bbcd2382,,0x9139c68f41386bbd27304f66587229633fcc7863,0xe7cd86e13ac4309349f30b3435a9d337750fc82d,3000000,,443695056927326208
morph,withdraw_final,27045559,1789844047000,0x59af9b14b03474467400578c10ba7c929ea586f81a8009d020d6da68642a9940,,,,,,443741184876085248
morph,withdraw_submit,27045772,1789844140000,0x9d51276331164473a040e89c55571d427054f0206411d3f0751e3f16c9e6451d,,0x9139c68f41386bbd27304f66587229633fcc7863,0xe7cd86e13ac4309349f30b3435a9d337750fc82d,122310000,,443741184876085248
morph,withdraw_final,27045859,1789844610000,0x3d815ce6a99c1a172d98e8283b01deae6c0920e36de6c608035b64af6b835995,,,,,,443784658530861056
morph,deposit,27046032,1789844618000,0xaa115aa73a97a5700cf21d84c1c5a5eaad2bf6cfd4bac6799a56d2752b1cd863,0x0bed89709b689d64b3b691841d556956163f440c,0x0bed89709b689d64b3b691841d556956163f440c,0xe7cd86e13ac4309349f30b3435a9d337750fc82d,25830000,2184,
morph,withdraw_submit,27046064,1789844679000,0x5deeba0554e1cdde7dcf0da2bb33dc29cb0648491ee72618baacc402e80b7f1a,,0xd1b60c701d028340ea9880aacc20ed5729b86dda,0xe7cd86e13ac4309349f30b3435a9d337750fc82d,3000000,,443784658530861056
morph,deposit,27046156,1789844847000,0xebcd598f8dc25fa5912b96a3b0277080b5345e70e93ac4a8bfe9ecd7905d4eed,0x569990c96068599a36f16569304d4253008079d2,0x569990c96068599a36f16569304d4253008079d2,0xe7cd86e13ac4309349f30b3435a9d337750fc82d,3370000,2184,
morph,deposit,27047522,1789847323000,0xfc673ae900a4b94c3db83d036d894521cdc6ee22e6b7074827f1571bef22edcf,0xd1b60c701d028340ea9880aacc20ed5729b86dda,0xd1b60c701d028340ea9880aacc20ed5729b86dda,0xe7cd86e13ac4309349f30b3435a9d337750fc82d,2000000,2184,
morph,deposit,27048155,1789848462000,0xaab898df3e845a6026fb0a22357301a509278be9e4a9d2ad96666dc6d64dcc9f,0x6dea25a8edb26e800dd8ede34b22a025f9709396,0x6dea25a8edb26e800dd8ede34b22a025f9709396,0xe7cd86e13ac4309349f30b3435a9d337750fc82d,64620000,2184,
morph,deposit,27048231,1789848600000,0x875bb9866c1947b1718d068100a366f6ea211435bfa4c49c5a7707a80a72fbb3,0x77f7822d8dca53e0b7cf78a9291b270e3dab9820,0x77f7822d8dca53e0b7cf78a9291b270e3dab9820,0xe7cd86e13ac4309349f30b3435a9d337750fc82d,1570000,2184,
morph,deposit,27048877,1789849788000,0x0cff470baeecedd938db3888e0e841abaa0035f41253c69dbb3ae53444740cb5,0x77f7822d8dca53e0b7cf78a9291b270e3dab9820,0x77f7822d8dca53e0b7cf78a9291b270e3dab9820,0xe7cd86e13ac4309349f30b3435a9d337750fc82d,1030000,2184,
morph,deposit,27049372,1789850738000,0x22544f5b618295c34d83da5a0827187fcc96b9a36a15de89af198de2926a5a8c,0xaef7938ea2ca03b0904128aca0dc6428ce27f3ab,0xaef7938ea2ca03b0904128aca0dc6428ce27f3ab,0xe7cd86e13ac4309349f30b3435a9d337750fc82d,1580000,2184,
morph,withdraw_final,27049660,1789851576000,0x09b2bd34bbc38499668c5053618fb9fcb362bd8fa7c0568b898edc1cf1070058,,,,,,444323573843099648
morph,withdraw_submit,27049852,1789851639000,0x2a1116980edbd17a0f7e18dc3a7c044de2ac7ac5e2cacfeabdd50aab5df4f820,,0x316bdd1eed2b5fe1540f977ba508e75565342d31,0xe7cd86e13ac4309349f30b3435a9d337750fc82d,1574650000,,444323573843099648
morph,deposit,27050316,1789852400000,0x5d1d6a8f46cb4dc0550cd255435e73a193c4fc42494991e54f20983500397f75,0x052c913170a74014313223c977adf5a4410a44a2,0x052c913170a74014313223c977adf5a4410a44a2,0xe7cd86e13ac4309349f30b3435a9d337750fc82d,11140000,2184,
morph,deposit,27050732,1789853136000,0xb36c56c307b11920223323b0145dc0f41fc5db19c7f5291021b39f286ca245fb,0xdbeba977dc95302affd00eb1c1d3fc3a33bc0085,0xdbeba977dc95302affd00eb1c1d3fc3a33bc0085,0xe7cd86e13ac4309349f30b3435a9d337750fc82d,98720000,2184,
morph,deposit,27052178,1789855770000,0x7a06a3b8e736fe4eccef8101d06859fc86f17948d41bc29d37a9be3261fd6ad0,0xdbeba977dc95302affd00eb1c1d3fc3a33bc0085,0xdbeba977dc95302affd00eb1c1d3fc3a33bc0085,0xe7cd86e13ac4309349f30b3435a9d337750fc82d,114350000,2184,
morph,deposit,27052590,1789856544000,0x7b8be31c8ee2746522ea12f6a21356f223834fa870b91dbe5dac53439ef9dca1,0xbb48553d0c9470eb429ba35acd350c4c242ee902,0xbb48553d0c9470eb429ba35acd350c4c242ee902,0xe7cd86e13ac4309349f30b3435a9d337750fc82d,2000000,2184,
morph,withdraw_final,27052631,1789856905000,0xf40df10c65df3a28ebccdbe5365b809744ae6f43e3a74301172c51614deb6539,,,,,,444735693139214336
morph,withdraw_submit,27052836,1789856981000,0x9e4d2c2b30d8e9742976189594f54cee71d01bf15ab3931df74cd0c625debb95,,0xbb48553d0c9470eb429ba35acd350c4c242ee902,0xe7cd86e13ac4309349f30b3435a9d337750fc82d,1000000,,444735693139214336
morph,deposit,27053108,1789857486000,0x70dfb4c79f7f35d433cd3ac86d2156915aefdf8451fcc2b69ca7ffa636c6afab,0xa3906d27f581594ed859dd8cdcb7565a84274f9f,0xa3906d27f581594ed859dd8cdcb7565a84274f9f,0xe7cd86e13ac4309349f30b3435a9d337750fc82d,80000000,2184,
morph,withdraw_final,27053478,1789858489000,0xdad44793321d34cc4d7c0756e55c65a3bfaedd16502c45635e72920d9be38639,,,,,,444857781875376128
morph,deposit,27053500,1789858230000,0x6ac2b588c6c31f327589229bf997b7cd1d38fbc0a6d36bd48d1027a1e78636fe,0xa0650eb5cac74b797bc060c89667bc160621de96,0xa0650eb5cac74b797bc060c89667bc160621de96,0xe7cd86e13ac4309349f30b3435a9d337750fc82d,657390000,2184,
morph,withdraw_submit,27053695,1789858600000,0xad2cb309945e6709ed212c3226235649cfc78278d93fa1e322e7f13d77172f9f,,0x8881ee469c8115a5c9114caf76e68c83432a0899,0xe7cd86e13ac4309349f30b3435a9d337750fc82d,6530000,,444857781875376128
morph,deposit,27054035,1789859240000,0xa82476ada67628363e32b4576273a10f5e5c50014bb7fd125541ec9043614b35,0xdac8a776f49e56bef529ed01683b5ff992866c9f,0xdac8a776f49e56bef529ed01683b5ff992866c9f,0xe7cd86e13ac4309349f30b3435a9d337750fc82d,95000000,2184,
morph,deposit,27054625,1789860208000,0xc2f7042fd5396b45f5b742817c0455a10975f307fd9f15f45a86be099d423fa8,0x6ce8328ee27ea5c5a4d13abf3df3b4af7a383d40,0x6ce8328ee27ea5c5a4d13abf3df3b4af7a383d40,0xe7cd86e13ac4309349f30b3435a9d337750fc82d,1890000,2184,
morph,withdraw_final,27054914,1789861059000,0x78967315879f215173a239b441bc7ac8eb60138b32d16fb8a12b3690fbc59b56,,,,,,445056355414310912
morph,withdraw_submit,27055141,1789861120000,0xa08b550efe4e1713397ef9c86092bc3d1192d71165b8d2dd321870299f71f899,,0xa0650eb5cac74b797bc060c89667bc160621de96,0xe7cd86e13ac4309349f30b3435a9d337750fc82d,393470000,,445056355414310912
morph,deposit,27055783,1789862338000,0xb7ad93244002bfb4576a0dee92a80e62d6ba310e3fcb06a4d4d08459620f723a,0x4c085f93e60b25d3d1c1c8c4f3e4f8918e7d0a9d,0x4c085f93e60b25d3d1c1c8c4f3e4f8918e7d0a9d,0xe7cd86e13ac4309349f30b3435a9d337750fc82d,20000000,2184,
morph,deposit,27056036,1789862800000,0xe19fa74b926fef7a2f1e80eb5cb8a5e4558921862ae89d4afd58c27fa1ace737,0xd6ff4ff3e8c5dfadac260875144989a7020232c9,0xd6ff4ff3e8c5dfadac260875144989a7020232c9,0xe7cd86e13ac4309349f30b3435a9d337750fc82d,4180000,2184,
morph,withdraw_final,27056949,1789864823000,0x66440d9394f61599a78b22902fceccb41187f83a05455f48efbdc1296c305f98,,,,,,445347605736587264
morph,withdraw_submit,27057158,1789864900000,0xe7aff3250f8f3776163d92ec7eba04d41108cdb6a17cccf842202d486fc89042,,0xa0650eb5cac74b797bc060c89667bc160621de96,0xe7cd86e13ac4309349f30b3435a9d337750fc82d,97250000,,445347605736587264
morph,deposit,27059434,1789869052000,0x2a0fddf39a3031b880335412818184d5d6890b161725bd0fa1e5d258ae5fcace,0xdbeba977dc95302affd00eb1c1d3fc3a33bc0085,0xdbeba977dc95302affd00eb1c1d3fc3a33bc0085,0xe7cd86e13ac4309349f30b3435a9d337750fc82d,98520000,2184,
morph,withdraw_final,27062163,1789873910000,0x28eb2d607216150572b855f22177c74f35f85dbc5242840d09a39e070c28c500,,,,,,446050425594970112
morph,withdraw_final,27062297,1789874152000,0xf13d4e03c3429927f9f9ae04632a913f1ed235e7767dd56168ee12c0419258b3,,,,,,446069117288448000
morph,withdraw_submit,27062389,1789874020000,0x4b3c76d588d24ee8882ef3577fc9c1e3a59008fb1b08cfb9e1cbaf1227074793,,0x98a72557428fe58bf04e323969178af4374886fe,0xe7cd86e13ac4309349f30b3435a9d337750fc82d,12000000,,446050425594970112
morph,withdraw_submit,27062547,1789874260000,0xc2e4f82b963716e342b0801c4a86cea8cc86bd2d72c46a39cbc1e9b1ba37181e,,0x9fea714330a1dd8370563cf4a8f7d6b6adb2b355,0xe7cd86e13ac4309349f30b3435a9d337750fc82d,17590000,,446069117288448000
morph,withdraw_final,27062839,1789874959000,0x8e47d818169e21cd4b22efdca9eecaed0c94cea8c073a84e1c79dec3a955420b,,,,,,446131815225229312
morph,deposit,27062965,1789874886000,0x383cbce18f0e2bf65ad9f1e5ef0a8ccaa3cf59433cf0265b5ecc140034432564,0x590d647f6097a89e7626bc0e51a5a5b07a7b6fa5,0x590d647f6097a89e7626bc0e51a5a5b07a7b6fa5,0xe7cd86e13ac4309349f30b3435a9d337750fc82d,3000000000,2184,
morph,withdraw_submit,27063049,1789875040000,0x802591648fa5f8bd9b4561c8b061b3b491e89f2da2b265f63a42bb25de65e153,,0x98a72557428fe58bf04e323969178af4374886fe,0xe7cd86e13ac4309349f30b3435a9d337750fc82d,6130000,,446131815225229312
morph,deposit,27063440,1789875720000,0x688c6fb4582b19b78d6fa37081ccc492582b6bda33e64785b9400ccdd89d45ee,0xdbeba977dc95302affd00eb1c1d3fc3a33bc0085,0xdbeba977dc95302affd00eb1c1d3fc3a33bc0085,0xe7cd86e13ac4309349f30b3435a9d337750fc82d,138260000,2184,
morph,deposit,27064776,1789878143000,0xf72b0a3c22dcea60e419f374937203c2e36f93ce642d5b8eb31ded1f451758a3,0xbb48553d0c9470eb429ba35acd350c4c242ee902,0xbb48553d0c9470eb429ba35acd350c4c242ee902,0xe7cd86e13ac4309349f30b3435a9d337750fc82d,2000000,2184,
morph,withdraw_final,27064814,1789878508000,0x7ef50697f88c82ca3f6123940610b8764452e37693d13b4a1f51adba4fdcdca3,,,,,,446406847734218752
morph,deposit,27064877,1789878322000,0xd085d52434fd93443f4068b3226408dd97aeeddbe6bf0fe2813fb25e416c9422,0xdbeba977dc95302affd00eb1c1d3fc3a33bc0085,0xdbeba977dc95302affd00eb1c1d3fc3a33bc0085,0xe7cd86e13ac4309349f30b3435a9d337750fc82d,205570000,2184,
morph,withdraw_submit,27065018,1789878580000,0x23a7dfec400ef81eac4a0d6eb838f5dad0c3ec42ce4b852e328f61e91839aace,,0xbb48553d0c9470eb429ba35acd350c4c242ee902,0xe7cd86e13ac4309349f30b3435a9d337750fc82d,1000000,,446406847734218752
morph,deposit,27065413,1789879317000,0xf7ed09708a5a675b1db3b4bb336c8cd301634ee0b78283e2ffed0e5ea78b3b1b,0x8d733d12cde939ead03cc0ff0beb9fbda05291c1,0x8d733d12cde939ead03cc0ff0beb9fbda05291c1,0xe7cd86e13ac4309349f30b3435a9d337750fc82d,11958870000,2184,
morph,withdraw_final,27065489,1789879755000,0xbf5a50b15c2d70ff6d0616b8a7c0d62051c004105f5c1706105c76697aaa61e7,,,,,,446503329871167488
morph,withdraw_submit,27065709,1789879840000,0x9a4de32032cfea26d7e37a49b27584b3c89770597d963e68b98cf2c129587971,,0x63b8ce95fd1231dedda70531288e67fa634cb038,0xe7cd86e13ac4309349f30b3435a9d337750fc82d,2080510000,,446503329871167488
morph,deposit,27066294,1789880912000,0x880e1592ac6fa0fb5ae9f8628e3bbf792f98eeceecd4d38b0ff043b222810157,0x067ef3b68ed60f46031ddfcd75698b885ba7e395,0x067ef3b68ed60f46031ddfcd75698b885ba7e395,0xe7cd86e13ac4309349f30b3435a9d337750fc82d,3000000,2184,
morph,withdraw_final,27066537,1789881656000,0x97630b90c2de4c209e288853e158510b6474f52e38eb416ca176ee0c42125b8f,,,,,,446650655851937792
morph,withdraw_submit,27066760,1789881760000,0x5334de8c5d8dece138a26dccfd0f532f7c2ee203aecbe40c0e11f5c817d28cc7,,0x9722361102ed88dc5fc7d99cf68f7598f5fdfb4b,0xe7cd86e13ac4309349f30b3435a9d337750fc82d,2740000,,446650655851937792
morph,withdraw_final,27066853,1789882222000,0xb523e869f1d3d9398522f84df0f48e3251a8b3efa0ff8b1a3969120244426824,,,,,,446694473095708672
morph,deposit,27067034,1789882266000,0xe162b07a02bc6d1636622a34f7c12bc945332930bba3d1ea4a99c100ba3e6462,0xc7541fdff2658421839869bff7ecfafced99827b,0xc7541fdff2658421839869bff7ecfafced99827b,0xe7cd86e13ac4309349f30b3435a9d337750fc82d,434610000,2184,
morph,withdraw_submit,27067052,1789882299000,0x297addb00175f1ce41a1dd4e1322601d9207e5ac2a4fed6b1f32324d66a7e88a,,0x77f7822d8dca53e0b7cf78a9291b270e3dab9820,0xe7cd86e13ac4309349f30b3435a9d337750fc82d,1590000,,446694473095708672
morph,deposit,27067125,1789882414000,0x3baf951ee0266d360449acbdd903e501f81e9568836cb04803d3274d57b4537f,0x77f7822d8dca53e0b7cf78a9291b270e3dab9820,0x77f7822d8dca53e0b7cf78a9291b270e3dab9820,0xe7cd86e13ac4309349f30b3435a9d337750fc82d,1580000,2184,
morph,deposit,27067433,1789882976000,0x1bf14cf67a6468a6cc3060b1f2f5a3c44fac4f149cb9b292be4821f608dc8f13,0xcd411f83b993a0cf1558b16dbe7c4be7a047f144,0xcd411f83b993a0cf1558b16dbe7c4be7a047f144,0xe7cd86e13ac4309349f30b3435a9d337750fc82d,199000000,2184,
morph,deposit,27068213,1789884410000,0x19f631fa4b72884ff5fcd501e92d29468951321f766868b846815cd80017c3d6,0xf36e4157ee21218ebb3eefe4d5aa46226875029f,0xf36e4157ee21218ebb3eefe4d5aa46226875029f,0xe7cd86e13ac4309349f30b3435a9d337750fc82d,5000000,2184,
morph,withdraw_final,27068308,1789884888000,0x7a8f96f41a1e7ea75c39834541ecfc0eeabb9977527ea806bb2bd2baa587242a,,,,,,446901146951352331
morph,deposit,27068386,1789884738000,0x4d6dc8edfdb29288df67d5371c35d823de1c4b2076e48d394db492f2075c736a,0xcd411f83b993a0cf1558b16dbe7c4be7a047f144,0xcd411f83b993a0cf1558b16dbe7c4be7a047f144,0xe7cd86e13ac4309349f30b3435a9d337750fc82d,5100000,2184,
morph,withdraw_submit,27068560,1789885000000,0xd0d1b6e39c16df5ac4503f8072d86678fb7b55e98ffbff5f5a6227b02fdb734f,,0xf36e4157ee21218ebb3eefe4d5aa46226875029f,0xe7cd86e13ac4309349f30b3435a9d337750fc82d,11710000,,446901146951352331
morph,deposit,27069251,1789886236000,0x569f14a031d0ceb926ddfa9be4bb9cdf02157b5333adb7fadec755c375126931,0x3f767ef7a90096c0aacc803d0014d5ca171faa1a,0x3f767ef7a90096c0aacc803d0014d5ca171faa1a,0xe7cd86e13ac4309349f30b3435a9d337750fc82d,50000000,2184,
morph,deposit,27070442,1789888330000,0xfc98cd50f29de0eac3855b564a5de5f5054b76411d22324c173903ac2b1f7a22,0x729f94ae94b73a9f0ca4f568409c09a1384a5ac9,0x729f94ae94b73a9f0ca4f568409c09a1384a5ac9,0xe7cd86e13ac4309349f30b3435a9d337750fc82d,22470000,2184,
morph,withdraw_final,27071614,1789890559000,0x1f35e4426fb729fd192479645fe407f74ff62b77112c532ce1de1b58c22f87d4,,,,,,447339680271171584
morph,withdraw_submit,27071841,1789890640000,0xb41cea76ecfba19ab20d1323900ed311d343ea2e19adf9ed24f5abb39331b090,,0x3f767ef7a90096c0aacc803d0014d5ca171faa1a,0xe7cd86e13ac4309349f30b3435a9d337750fc82d,16840000,,447339680271171584
morph,deposit,27072809,1789892248000,0x13349b27c1fd96bf0da45742841669e8749977759779b12b5f81895f6dde4a72,0x460af4f0766d12522328d153742840be3a2fb767,0x460af4f0766d12522328d153742840be3a2fb767,0xe7cd86e13ac4309349f30b3435a9d337750fc82d,69000000,2184,
morph,deposit,27073197,1789892941000,0xd376471f60d478d17231e45a0cb58fdfb0acf11722bd3e095ead760680e7092b,0x2afc2d8cbaaaf4a949d21c44317e6a0bc746bbe3,0x2afc2d8cbaaaf4a949d21c44317e6a0bc746bbe3,0xe7cd86e13ac4309349f30b3435a9d337750fc82d,10000000,2184,
morph,deposit,27073657,1789893740000,0xaab5def7a85dabb272c64b3b3b63a7f616967bca12de7d06f08cf70f0a33cbad,0xf32dd754e8ad52e4341038f54ce5fd452ac8e08d,0xf32dd754e8ad52e4341038f54ce5fd452ac8e08d,0xe7cd86e13ac4309349f30b3435a9d337750fc82d,290940000,2184,
morph,deposit,27073708,1789893814000,0x2e16f17e1737d383688eb3bc852f65984e86c1d8f704ee652d5093d76b53b8a7,0x3361ab5cc65f2d8b5cd0bebdb4636d1660d9e8f3,0x3361ab5cc65f2d8b5cd0bebdb4636d1660d9e8f3,0xe7cd86e13ac4309349f30b3435a9d337750fc82d,4520000,2184,
morph,deposit,27074019,1789894328000,0x473f0ac3737ac3214e3b86e37204331b514012094cbdd81f2a04bbbabe3c1b63,0x8881ee469c8115a5c9114caf76e68c83432a0899,0x8881ee469c8115a5c9114caf76e68c83432a0899,0xe7cd86e13ac4309349f30b3435a9d337750fc82d,100000000,2184,
morph,deposit,27075715,1789897125000,0x77e5ebeb4b7336f24d60a6075261c9c5e3d204400db1c72a4f1697b665cc8eea,0xac34c3ef168c820b17ce6240a7f2f49cf96d2c8a,0xac34c3ef168c820b17ce6240a7f2f49cf96d2c8a,0xe7cd86e13ac4309349f30b3435a9d337750fc82d,10433635,2184,
morph,deposit,27075870,1789897350000,0x888b3f7104acca3f64c0844fbfa106292218ab37010a677d8a1c3b09308cdd85,0xdbeba977dc95302affd00eb1c1d3fc3a33bc0085,0xdbeba977dc95302affd00eb1c1d3fc3a33bc0085,0xe7cd86e13ac4309349f30b3435a9d337750fc82d,402140000,2184,
morph,withdraw_final,27075997,1789897857000,0xce6fe8c0de2d525940d649d8a4688e60997ca34506f925331699c99b8568074e,,,,,,447903918718976000
morph,deposit,27076039,1789897624000,0x19751286376aa77b5a1c54c09ca410b6072d9af9ae4b39f953c08fceb68da7ec,0xf5317191f7815e7f0f1a0fc4ed5b2c9c13ab82b2,0xf5317191f7815e7f0f1a0fc4ed5b2c9c13ab82b2,0xe7cd86e13ac4309349f30b3435a9d337750fc82d,26010000,2184,
morph,withdraw_final,27076042,1789897930000,0x521bf7f12e32f3a0fa1de856fc1b0ffcfd5fe4fff4588bbac6a488aabbd97a95,,,,,,447909656807866368
morph,withdraw_submit,27076355,1789897960000,0x8b31e554cf18a12404e4dc13ce31a50ba8b0fc1262938ef2bc4f7e93b6889ee3,,0x746971acf6e8ea4afab53ee5f1fa7e9f5445e4fb,0xe7cd86e13ac4309349f30b3435a9d337750fc82d,18770000,,447903918718976000
morph,deposit,27076366,1789897966000,0xcdfdbb16f00cb20b9f22b4ae4808f40624b7ac7405d859c5ccb10d1b8c12ca6a,0xdbeba977dc95302affd00eb1c1d3fc3a33bc0085,0xdbeba977dc95302affd00eb1c1d3fc3a33bc0085,0xe7cd86e13ac4309349f30b3435a9d337750fc82d,70540000,2184,
morph,withdraw_final,27076426,1789898316000,0xc1e1535dbc7cba805ba4b2fe850b90d1965879a69e1d22a0fee4e35b629c5250,,,,,,447939395140452352
morph,withdraw_submit,27076429,1789898020000,0x433c8b47d836a6bec4c95ebcdc94cb73451e558ad2854a7a0d0ac9f3eaa37913,,0xde8b7ea5d9f6e55860b9111d537a8fcff8bc7eb6,0xe7cd86e13ac4309349f30b3435a9d337750fc82d,31900000,,447909656807866368
morph,deposit,27076622,1789898330000,0xc3fe0e4d76978915c881c0a0d2471564a65f84207eca4b05bb0c2da60d124fa5,0xac34c3ef168c820b17ce6240a7f2f49cf96d2c8a,0xac34c3ef168c820b17ce6240a7f2f49cf96d2c8a,0xe7cd86e13ac4309349f30b3435a9d337750fc82d,2160000,2184,
morph,withdraw_submit,27076654,1789898380000,0x3ffd5fb74d1790f6358e837a7c286e04fa0c2a35f774c3fd3018464cf37f6f7b,,0x8881ee469c8115a5c9114caf76e68c83432a0899,0xe7cd86e13ac4309349f30b3435a9d337750fc82d,86280000,,447939395140452352
morph,deposit,27076708,1789898440000,0xdec3917ce990d342c040276347b4b37fb8423c62afe951df8d436b1fe52ff23d,0x6ada1744c8871bdfde92391cd9416afd592a2b00,0x6ada1744c8871bdfde92391cd9416afd592a2b00,0xe7cd86e13ac4309349f30b3435a9d337750fc82d,1000000,2184,
morph,deposit,27077697,1789899743000,0xa37a0f5e1a6e43fe03f00eab4dd669871959fb0e6da49b524b41497dfa3ac3cb,0xbb48553d0c9470eb429ba35acd350c4c242ee902,0xbb48553d0c9470eb429ba35acd350c4c242ee902,0xe7cd86e13ac4309349f30b3435a9d337750fc82d,2000000,2184,
morph,deposit,27077709,1789899760000,0x44b7687471ab226077105af30c29febe3a805e13ff4bce7f8da81bcd8bf4d143,0x62eab90d58b2d2a8b4492f2a409c812446820517,0x62eab90d58b2d2a8b4492f2a409c812446820517,0xe7cd86e13ac4309349f30b3435a9d337750fc82d,510410000,2184,
morph,withdraw_final,27077734,1789900096000,0x174ef5d55a97bae549c056217d75ed5f2b75b37e32509d89284593bc09210b6e,,,,,,448077547062689792
morph,withdraw_submit,27077966,1789900180000,0xe2747d662dd32ba5c1d509c8e62ad40ff1a558025c0bfe71985ccfeae1019039,,0xbb48553d0c9470eb429ba35acd350c4c242ee902,0xe7cd86e13ac4309349f30b3435a9d337750fc82d,1000000,,448077547062689792
morph,deposit,27078248,1789900648000,0x529511fe96e4f4a755adacf87b8460c9db74347d1bf6b03cec3d74a58a5082ec,0xdbeba977dc95302affd00eb1c1d3fc3a33bc0085,0xdbeba977dc95302affd00eb1c1d3fc3a33bc0085,0xe7cd86e13ac4309349f30b3435a9d337750fc82d,23510000,2184,
morph,withdraw_final,27078355,1789901124000,0x6a5c2a82ecd8888d800743678c1049cd6a7b33dccf9660ce114d83c447c5d9ce,,,,,,448157132810878976
morph,withdraw_submit,27078572,1789901200000,0x7ec465cb11ca5db9f8a795af2c464dc9fdaff5f989edf130ffbb348a4db17b8d,,0x0b055067118d2e1e3a74b941af322221161e95b3,0xe7cd86e13ac4309349f30b3435a9d337750fc82d,539750000,,448157132810878976
morph,deposit,27079488,1789902766000,0xe1f04319386700193bc3c04ecb5bc01dd9fd5507a6cce6058632f551cd41d797,0x59d7ff2c0e82320ef951cc2880a0189b9c1991e4,0x59d7ff2c0e82320ef951cc2880a0189b9c1991e4,0xe7cd86e13ac4309349f30b3435a9d337750fc82d,5000000,2184,
morph,deposit,27080103,1789903794000,0x85633a1c0a329ee1f0981ea94cb30f2c6d04f8961b9a2f2f9ed5777d1ed7ae8a,0xdf3a2dd5441dd2825c90937bf75462666726b3dc,0xdf3a2dd5441dd2825c90937bf75462666726b3dc,0xe7cd86e13ac4309349f30b3435a9d337750fc82d,25000000,2184,
morph,deposit,27080355,1789904190000,0xfcacdd345b47c5a04745b82cfc97a5d8a737ad6946e0a4d2c3510f0df7e675fd,0x0b1f343ad084a27fdd60340cad5a65f93cf57647,0x0b1f343ad084a27fdd60340cad5a65f93cf57647,0xe7cd86e13ac4309349f30b3435a9d337750fc82d,6760000,2184,
morph,withdraw_final,27080541,1789904803000,0xe181a8e93b2283b924e153ab0a3d2a0e760621621cf58d08443d7567b0d8130e,,,,,,448441768900296712
morph,withdraw_final,27080642,1789904985000,0x57ddad6855623111a452cd1fe8be7511760f9ae3cfc2bf089eff5e0e34f70da7,,,,,,448455864982962211
morph,withdraw_submit,27080778,1789904920000,0xc289b00ac605450b29f49d20205dae35bc805990f92e254501565dea405cef0e,,0x8bda0551db8709e69c44a5356c58fe3586baf727,0xe7cd86e13ac4309349f30b3435a9d337750fc82d,9710000,,448441768900296712
morph,withdraw_submit,27080876,1789905100000,0xcac7b3685639b9905b63eeedba89436c2fe303a097ff080e362c9194f89f5b2e,,0x460af4f0766d12522328d153742840be3a2fb767,0xe7cd86e13ac4309349f30b3435a9d337750fc82d,68460000,,448455864982962211
morph,deposit,27081217,1789905674000,0x21832150e45776c114a4c79c7ad3cbbce09ceb1641d7d6cf68fafdc74a4efb5d,0xa8e9ff6002947fd5d963d553d628f1f18936c014,0xa8e9ff6002947fd5d963d553d628f1f18936c014,0xe7cd86e13ac4309349f30b3435a9d337750fc82d,42960000,2184,
morph,withdraw_final,27081344,1789906178000,0x37d830671c756870779501b916ea2fe31e11759bca72aa5ad48a91553e9d6cb7,,,,,,448547871768182784
morph,withdraw_submit,27081568,1789906240000,0xaf669908ed2f91b589c7ed8bc2941f3dcd95702ed55bb7417d7dd6e4f2b71153,,0xde8b7ea5d9f6e55860b9111d537a8fcff8bc7eb6,0xe7cd86e13ac4309349f30b3435a9d337750fc82d,61000000,,448547871768182784
morph,deposit,27082979,1789908624000,0x57b68fe2dfe9fcdfb5412c13a123e5ab3db1effb89143bdfde7e554a69663ee4,0x42dab93a4bb5e18ebe324affdc5e76f1046710bf,0x42dab93a4bb5e18ebe324affdc5e76f1046710bf,0xe7cd86e13ac4309349f30b3435a9d337750fc82d,111630000,2184,
morph,deposit,27083010,1789908676000,0xa46f920ee169fc9ec9dfda378ef414ca4e1fe6f04aedced719e7134642ced288,0xc904d46f5ac81bc44a0f9893c413960226e616cf,0xc904d46f5ac81bc44a0f9893c413960226e616cf,0xe7cd86e13ac4309349f30b3435a9d337750fc82d,7440000,2184,
morph,deposit,27083350,1789909276000,0x80cf9a698e26f8926f586eddd1d1b7ac27bea94ac8731bd0822a8f67c6f0bfe4,0x58d95d2db36f0102699a6ce85d8a37f0ebae5e70,0x58d95d2db36f0102699a6ce85d8a37f0ebae5e70,0xe7cd86e13ac4309349f30b3435a9d337750fc82d,10810000,2184,
morph,deposit,27083365,1789909304000,0x90a1582989f3a97c4c969a1660361702138d65ad164bd4fbada1137be83ea82d,0x58d95d2db36f0102699a6ce85d8a37f0ebae5e70,0x58d95d2db36f0102699a6ce85d8a37f0ebae5e70,0xe7cd86e13ac4309349f30b3435a9d337750fc82d,3420000,2184,
morph,deposit,27084291,1789910985000,0x84dc2b30f0a78343d0be9aa33b601bd22b3dc8bcb4a6c194a27946ce7fefa12c,0x58d95d2db36f0102699a6ce85d8a37f0ebae5e70,0x58d95d2db36f0102699a6ce85d8a37f0ebae5e70,0xe7cd86e13ac4309349f30b3435a9d337750fc82d,15996143,2184,
morph,withdraw_final,27084312,1789911322000,0x6c8eec10fdbaf2a25f52ab17bf2c9f9b84e43a9236d9bd6178eca60aa709c6b7,,,,,,448945096096743424
morph,deposit,27084477,1789911316000,0xe8e1b0ab65c64af0df14064a37e1cd10bd5f715de84ad733cd275efd2da40af5,0x626f7fad8033fd5e02b379a7129ad8d92ac90a79,0x626f7fad8033fd5e02b379a7129ad8d92ac90a79,0xe7cd86e13ac4309349f30b3435a9d337750fc82d,15280000,2184,
morph,withdraw_submit,27084522,1789911400000,0x322c8307d4563a8eca2a96973027f17e65e8fedc7847c028b0bd79765bfd54eb,,0x2fe5351af4562457228ee0a1520a1b76f11abeda,0xe7cd86e13ac4309349f30b3435a9d337750fc82d,1057290000,,448945096096743424
morph,deposit,27085389,1789912896000,0x904fe0e18593a87a3be0babf7159b4473a6ef4bd42f03be162205622e7907221,0xa23812f0de0c6a2dbfe1b7d28da47e35790e9d96,0xa23812f0de0c6a2dbfe1b7d28da47e35790e9d96,0xe7cd86e13ac4309349f30b3435a9d337750fc82d,3430000,2184,
morph,deposit,27085488,1789913048000,0xe874ed987448707fb2f39d23b1d439c028c959083b1e410357c614a79e8db8b5,0x413bdf1f1321302a29e1829316d54340dac1ae2f,0x413bdf1f1321302a29e1829316d54340dac1ae2f,0xe7cd86e13ac4309349f30b3435a9d337750fc82d,13910000,2184,
morph,deposit,27085786,1789913550000,0xf75b13c5f5aff1e7fc020ce9cc02bc15fa35c7027abec8ffb34a41e1d0518044,0x4c085f93e60b25d3d1c1c8c4f3e4f8918e7d0a9d,0x4c085f93e60b25d3d1c1c8c4f3e4f8918e7d0a9d,0xe7cd86e13ac4309349f30b3435a9d337750fc82d,50000000,2184,
morph,deposit,27085906,1789913751000,0xe28c9693bc6acda218160f18008c760db4f4d826e4e908e9486f0520a57818a0,0x460af4f0766d12522328d153742840be3a2fb767,0x460af4f0766d12522328d153742840be3a2fb767,0xe7cd86e13ac4309349f30b3435a9d337750fc82d,68450000,2184,
morph,deposit,27085973,1789913862000,0x752d3c34581702580a4dc21eefd3f903bb0d3f6f66175a34ac5c6f9509311bac,0xd1145ab28097c11928db7159bfd10301eea06f80,0xd1145ab28097c11928db7159bfd10301eea06f80,0xe7cd86e13ac4309349f30b3435a9d337750fc82d,1860000,2184,
morph,withdraw_final,27086011,1789914222000,0xcffac0dc655244679bf44b9d44f489252b316749e306b20fb80a12c74ef4394f,,,,,,449169559685955584
morph,deposit,27086050,1789913992000,0xa4b804e29db1aaa2df5209782d40c2354d596ac5e48f5e5e62abfbbb222f3371,0xd1145ab28097c11928db7159bfd10301eea06f80,0xd1145ab28097c11928db7159bfd10301eea06f80,0xe7cd86e13ac4309349f30b3435a9d337750fc82d,4400000,2184,
morph,withdraw_submit,27086209,1789914281000,0x9ac80a952a670db7914ab9a6a683744923757de92bf8be28aa5b476217bbd913,,0xd8880abda9c0f25d8c161ee2c6a8b2806a0205c4,0xe7cd86e13ac4309349f30b3435a9d337750fc82d,19110000,,449169559685955584
morph,deposit,27086230,1789914318000,0x2c99d5729fbcdd8a0d9adca27919aff7dea9765027780b998e1d76146eeefd13,0xd1145ab28097c11928db7159bfd10301eea06f80,0xd1145ab28097c11928db7159bfd10301eea06f80,0xe7cd86e13ac4309349f30b3435a9d337750fc82d,1690000,2184,
morph,deposit,27086523,1789914833000,0x0b885a40585b20b1cc6d786c75b6f56cbb9e16b1463c576516000cb916405e0f,0xf6f662c6e3d19e74b287979ad507a21331fdaad6,0xf6f662c6e3d19e74b287979ad507a21331fdaad6,0xe7cd86e13ac4309349f30b3435a9d337750fc82d,2000000,2184,
morph,deposit,27086686,1789915120000,0xb3e2ff7f8acf63cf7d062915cbe69dd1d5f51508b1f15f72bc7fe11c75c4e8f9,0xb60abdd9ab0b334d49401b7c62ea86377956b18b,0xb60abdd9ab0b334d49401b7c62ea86377956b18b,0xe7cd86e13ac4309349f30b3435a9d337750fc82d,9000000,2184,
morph,deposit,27086858,1789915417000,0x661ec1ca40d0704a02a806a5127b5f0e96515855abb777c187647122da4e8dc8,0xf87e9d40fda53d85187a01dad4dc12459dcbbb25,0xf87e9d40fda53d85187a01dad4dc12459dcbbb25,0xe7cd86e13ac4309349f30b3435a9d337750fc82d,13690000,2184,
morph,withdraw_final,27087157,1789916247000,0xa4841965fc7c2edcfe7c8d4a5a9f9ce830de684b4a3b29a649d3cfc8ea0cd23e,,,,,,449326162791890944
morph,withdraw_submit,27087380,1789916320000,0xa16ca7b3cd1407a56d59d6ab9641ed7c9df27d9062434a8fe4551dfe750d6b52,,0xa23812f0de0c6a2dbfe1b7d28da47e35790e9d96,0xe7cd86e13ac4309349f30b3435a9d337750fc82d,2390000,,449326162791890944
morph,withdraw_final,27088351,1789917948000,0x64846cfec956e446699f8c8163f7aff87247ae4eda724e1f7c8835bbda76a299,,,,,,449457348264591360
morph,withdraw_submit,27088588,1789918060000,0xdd40130ef323c27689127c734f50b7464d30a3844eaac845d5697a93156d9b5e,,0xdf3a2dd5441dd2825c90937bf75462666726b3dc,0xe7cd86e13ac4309349f30b3435a9d337750fc82d,7640000,,449457348264591360
morph,deposit,27088949,1789918676000,0x623d56448453ce3aecb1bd9e581774de556231640cce1dbb31d3512517b26813,0x77f7822d8dca53e0b7cf78a9291b270e3dab9820,0x77f7822d8dca53e0b7cf78a9291b270e3dab9820,0xe7cd86e13ac4309349f30b3435a9d337750fc82d,1030000,2184,
morph,deposit,27089184,1789918970000,0x242aeb10cdd38b88e77d9caeb8b17453163833b6831968a62245afa7b0c0081e,0xf5893dde48be72b66d61a12b0f8aa75f77f34a38,0xf5893dde48be72b66d61a12b0f8aa75f77f34a38,0xe7cd86e13ac4309349f30b3435a9d337750fc82d,9940000,2184,
morph,deposit,27090048,1789920230000,0xf3d41e0f65da6c904e509abb1a4e6c927dff131e8fa8e3237a5d680f9e40bc1a,0x3aabcacd087f489fa89132af7e4067b39637d7b2,0x3aabcacd087f489fa89132af7e4067b39637d7b2,0xe7cd86e13ac4309349f30b3435a9d337750fc82d,9280000,2184,
morph,deposit,27090124,1789920362000,0xdcec4c3fccdf70dda461bf87f4f66d525185ca8da1eac306ab76c4451267dbe3,0x314f3d94b8b1d19fe4669f4d36a0758bffb06ca6,0x314f3d94b8b1d19fe4669f4d36a0758bffb06ca6,0xe7cd86e13ac4309349f30b3435a9d337750fc82d,5000000,2184,
morph,deposit,27090492,1789920918000,0x4122ec73cea816b770325c867ae7d6f296b088c5c151e8866ecd04f4cb582b83,0x4a253b0be97b378052012f1da89ab2cb3868942b,0x4a253b0be97b378052012f1da89ab2cb3868942b,0xe7cd86e13ac4309349f30b3435a9d337750fc82d,20000000,2184,
morph,deposit,27090741,1789921343000,0xb597c426d2bf3004534ba6e2b767fab914946120114d0b9d25ea1bc50eac9442,0xbb48553d0c9470eb429ba35acd350c4c242ee902,0xbb48553d0c9470eb429ba35acd350c4c242ee902,0xe7cd86e13ac4309349f30b3435a9d337750fc82d,2000000,2184,
morph,withdraw_final,27090780,1789921709000,0x53c41991dad46bba566817e0a43e8c67235150e221ef97ef8eb5f6483dd80015,,,,,,449748031642796033
morph,withdraw_submit,27090988,1789921780000,0xebaebeafd659e55ed49462d4ab3124a797fda006f55e9cd3123d2c27a7329586,,0xbb48553d0c9470eb429ba35acd350c4c242ee902,0xe7cd86e13ac4309349f30b3435a9d337750fc82d,1000000,,449748031642796033
morph,deposit,27091017,1789921833000,0xfb54fe2488ae095621a29225844caf6f6cc20b1a02bf1236ea100fffbc75be19,0x271f6c987b7321e5c6baec5f62fbd315978d6646,0x271f6c987b7321e5c6baec5f62fbd315978d6646,0xe7cd86e13ac4309349f30b3435a9d337750fc82d,10020000,2184,
morph,deposit,27091077,1789921930000,0xfd1fcc4694d56944f83512ebc8bd8556b22a3408a07c215b9ff574cbad02cf4b,0x79f59460b3a458f592f78b7a1a6579bc18ee5e0c,0x79f59460b3a458f592f78b7a1a6579bc18ee5e0c,0xe7cd86e13ac4309349f30b3435a9d337750fc82d,1000000,2184,
morph,withdraw_final,27091550,1789922874000,0x4586c471ea576cdc3ff7976531d5deca93b49ef10fad1d96b5a7b82da0799343,,,,,,449838148642406400
morph,withdraw_submit,27091817,1789922980000,0x8a7427b250e90b0240f3fffbebd8a79b2dc3ae2e03e3ba153fbf9036ddbed577,,0x729f94ae94b73a9f0ca4f568409c09a1384a5ac9,0xe7cd86e13ac4309349f30b3435a9d337750fc82d,42250000,,449838148642406400
morph,deposit,27092509,1789924062000,0xbb7b335502a26dc3c508ff83977236cf1ebe4ecea78475c440c310273fc31771,0x4ef1b8abd82368e0ebd74b71b75d2f85c10bf605,0x4ef1b8abd82368e0ebd74b71b75d2f85c10bf605,0xe7cd86e13ac4309349f30b3435a9d337750fc82d,5000000,2184,
morph,deposit,27094186,1789926892000,0x8adf0c6256ecfd96644e014a3d73b480ea9b7617c3b9a3ac1bd8ded4082f9565,0x715174fe5619d7768d34da7fef4dca178d136120,0x715174fe5619d7768d34da7fef4dca178d136120,0xe7cd86e13ac4309349f30b3435a9d337750fc82d,3000000,2184,
morph,withdraw_final,27095001,1789928659000,0x63aceace4d2a3203a1b6f509fcf8a21dea7a420258e7e00d3a8f61920546ffd5,,,,,,450285873213210624
morph,withdraw_submit,27095202,1789928740000,0x3c0422c78f73145dc2fdf49c8058d13ee915ee2571ae1f9e465a36a3c46796ff,,0xc34c94ffd1559d8472bfe6ee082973fc4ca3dba1,0xe7cd86e13ac4309349f30b3435a9d337750fc82d,99000000,,450285873213210624
morph,deposit,27096002,1789930212000,0xccc2e58c4e80ba22d0c1631869604074e724450d42609ce96944b40a57091408,0x43d9cd2aa5a217e082bda1244c38b16c4111ce4e,0x43d9cd2aa5a217e082bda1244c38b16c4111ce4e,0xe7cd86e13ac4309349f30b3435a9d337750fc82d,3000000,2184,
morph,deposit,27096313,1789930770000,0xef226bdf818c5e4f793fe5e26bcdb2b102277e7e3e5ea1e4abb9c53035585607,0x0e176ad130778c76fd49fc8a4a97fc69b20bd5ff,0x0e176ad130778c76fd49fc8a4a97fc69b20bd5ff,0xe7cd86e13ac4309349f30b3435a9d337750fc82d,2000000,2184,
morph,deposit,27096458,1789931034000,0x92e1c57ea6d98c46aead966900e0d3f13c48be96b43c30255c08ac2d75803947,0x0e176ad130778c76fd49fc8a4a97fc69b20bd5ff,0x0e176ad130778c76fd49fc8a4a97fc69b20bd5ff,0xe7cd86e13ac4309349f30b3435a9d337750fc82d,2000000,2184,
morph,deposit,27096587,1789931272000,0x6330eb2c1bd15d5d81fdd1b5578d6199b48d88fb547118e9e5293925aa1291bd,0xaef7938ea2ca03b0904128aca0dc6428ce27f3ab,0xaef7938ea2ca03b0904128aca0dc6428ce27f3ab,0xe7cd86e13ac4309349f30b3435a9d337750fc82d,18260000,2184,
morph,deposit,27097657,1789933230000,0x5e8bce8d3e41b5a597d99cacfb9c8e70c9b11dfd18183ce35114130196161459,0x4dfbedc1a1e2f952d34967024fcdd7f4974bb27e,0x4dfbedc1a1e2f952d34967024fcdd7f4974bb27e,0xe7cd86e13ac4309349f30b3435a9d337750fc82d,1020000,2184,
morph,deposit,27099381,1789936378000,0x849218afb4c9e14dc2a74b83c3294043659c575c637a746d6969f6d21dc7bdca,0x59d7ff2c0e82320ef951cc2880a0189b9c1991e4,0x59d7ff2c0e82320ef951cc2880a0189b9c1991e4,0xe7cd86e13ac4309349f30b3435a9d337750fc82d,8000000,2184,
morph,deposit,27100244,1789937920000,0x226486a7efbc6cfc0df5847864297c1d38e0953bb33d7a2f50ec4cc3f3a600c5,0x53fb5f2212437693d6957a603840d253162ca84f,0x53fb5f2212437693d6957a603840d253162ca84f,0xe7cd86e13ac4309349f30b3435a9d337750fc82d,254240000,2184,
morph,deposit,27100301,1789938028000,0x8faf3c45ff25798613d6a8633d13b08a891691299b667f8aaaa647bfe47fedfb,0xf5410804db92337b98e8e43f4893de0d60eff76c,0xf5410804db92337b98e8e43f4893de0d60eff76c,0xe7cd86e13ac4309349f30b3435a9d337750fc82d,10100000,2184,
morph,withdraw_final,27100524,1789938649000,0x340c5b4765f87596897f3c237f242aa83a9243d794fc5a0580c4af67dea5e667,,,,,,451058426177388545
morph,withdraw_submit,27100789,1789938760000,0x762a9baaca0e4c994b4c605985738c85a3b4dfec0e096486816cc0179cca16c7,,0xaf7b8ce2dbb841a69299d3a9cf4ca8c677c59b85,0xe7cd86e13ac4309349f30b3435a9d337750fc82d,3660000,,451058426177388545
morph,deposit,27100881,1789938928000,0xf1ac5c3a911355c08061115571c0db8115976ef52113469dca65d59bb9757681,0x698cb4635daeaa35cc051442fcd2ffb0ae422067,0x698cb4635daeaa35cc051442fcd2ffb0ae422067,0xe7cd86e13ac4309349f30b3435a9d337750fc82d,48950000,2184,
morph,deposit,27103147,1789942943000,0x91980254590d008cc47a21f591bbae731cd876cd38cd0fe264bb7c4d06b5b34b,0xbb48553d0c9470eb429ba35acd350c4c242ee902,0xbb48553d0c9470eb429ba35acd350c4c242ee902,0xe7cd86e13ac4309349f30b3435a9d337750fc82d,2000000,2184,
morph,withdraw_final,27103187,1789943309000,0x4e665439053800333f2c3b68d19d1aa09dd42c02eae7f62c913d00fdbc781ba9,,,,,,451419143288127488
morph,withdraw_submit,27103384,1789943380000,0x4b1d1a18a1952effc4b272f81676fa4d75b8d907baec56561d1156a372592b95,,0xbb48553d0c9470eb429ba35acd350c4c242ee902,0xe7cd86e13ac4309349f30b3435a9d337750fc82d,1000000,,451419143288127488
morph,deposit,27104989,1789946273000,0x12f841e1bd44c432cda021213dcf056fc44f92b43a927851a1f543cd75f454c5,0xdf3a2dd5441dd2825c90937bf75462666726b3dc,0xdf3a2dd5441dd2825c90937bf75462666726b3dc,0xe7cd86e13ac4309349f30b3435a9d337750fc82d,7630000,2184,
morph,deposit,27105003,1789946296000,0x48526fcc3321d24f930f56f53c59009cec0a1d9a7b3719c3dbe7e667d7f75d95,0xdf3a2dd5441dd2825c90937bf75462666726b3dc,0xdf3a2dd5441dd2825c90937bf75462666726b3dc,0xe7cd86e13ac4309349f30b3435a9d337750fc82d,24000000,2184,
morph,deposit,27105416,1789946927000,0x560c5d899e6eb2bf1d75a8cedd3f5b2fc6a5a6211d0153d46fab4bd443b5eff9,0xa0650eb5cac74b797bc060c89667bc160621de96,0xa0650eb5cac74b797bc060c89667bc160621de96,0xe7cd86e13ac4309349f30b3435a9d337750fc82d,565170000,2184,
morph,deposit,27106279,1789948422000,0x01e14bf444df795a50e1c1f49c8d67b38a35edb2369732270181461dcbf7c813,0xd8880abda9c0f25d8c161ee2c6a8b2806a0205c4,0xd8880abda9c0f25d8c161ee2c6a8b2806a0205c4,0xe7cd86e13ac4309349f30b3435a9d337750fc82d,17890000,2184,
morph,deposit,27108255,1789951528000,0x06c73797917bc327e7fe8fe33825949459c8d174b0853a4a7f3f5c57aca32b96,0x9fc429671479f9aceab559203919f15108e78bc5,0x9fc429671479f9aceab559203919f15108e78bc5,0xe7cd86e13ac4309349f30b3435a9d337750fc82d,6000000,2184,
morph,deposit,27108269,1789951552000,0xcf7bc6b31284d4aa43af918c115c896dacf34a712f5eba6dd8deb068f105811c,0x16d46efd9f18c52d5b706ab1c7f1ac4f99e613d4,0x16d46efd9f18c52d5b706ab1c7f1ac4f99e613d4,0xe7cd86e13ac4309349f30b3435a9d337750fc82d,270000000,2184,
morph,deposit,27109546,1789952768000,0xe3351d29f3a0e1f64f6ce5c39908908fd395af766e03fac45736e47ef6f0d84d,0xf2e87e8c72805fcdcfafef40d48acc470f4c2675,0xf2e87e8c72805fcdcfafef40d48acc470f4c2675,0xe7cd86e13ac4309349f30b3435a9d337750fc82d,700000000,2184,
morph,withdraw_final,27109618,1789953137000,0xeaabd85cb46616278286e96ec3f17b1fd849aa64a56175eb7bccfd0363c70091,,,,,,452178484924514304
morph,deposit,27109911,1789953114000,0xa32ffe199733971989888cb93c6699a4d69edec2682b29502e084d62cb3ca5f4,0xfe693d836082b786b27719d12d8d9901689556e3,0xfe693d836082b786b27719d12d8d9901689556e3,0xe7cd86e13ac4309349f30b3435a9d337750fc82d,2670000,2184,
morph,withdraw_submit,27110021,1789953220000,0x181d9d8cb7d8e54c71210e61c19dbc6f3ed9bdff5f68ec6db58c687f34ecc00d,,0x16d46efd9f18c52d5b706ab1c7f1ac4f99e613d4,0xe7cd86e13ac4309349f30b3435a9d337750fc82d,229340000,,452178484924514304
morph,deposit,27111451,1789955136000,0xd6adea788f1f1f1ae7d00373f7277e2781d2e9aa11daf167b14547a62b8002db,0x0f401973b9105a149607f0c23b4189a8f3da727b,0x0f401973b9105a149607f0c23b4189a8f3da727b,0xe7cd86e13ac4309349f30b3435a9d337750fc82d,2170000,2184,
morph,deposit,27111467,1789955160000,0x05cf4c78d4c76013dc165fbed03df7a3727a2ccac3f80985f263cb4244e795ec,0x90982e41fd283899e0ffd4725f654697f8e149c9,0x90982e41fd283899e0ffd4725f654697f8e149c9,0xe7cd86e13ac4309349f30b3435a9d337750fc82d,11000000,2184,
morph,deposit,27111758,1789955574000,0xd1a95fb667733e454cff297d5ae34b1868955c6f997113a80343c5c4074a6952,0x9f30e1c2d9972ae18bb944236a4569ff258c03b6,0x9f30e1c2d9972ae18bb944236a4569ff258c03b6,0xe7cd86e13ac4309349f30b3435a9d337750fc82d,12000000,2184,
morph,deposit,27111872,1789955762000,0x71462e52d63840a3a87f21e15485ae7294138f7f57cda97ce351228b83a3e7e8,0x0e5b8556424d0751e3804f24b30af6129b75c5f7,0x0e5b8556424d0751e3804f24b30af6129b75c5f7,0xe7cd86e13ac4309349f30b3435a9d337750fc82d,17140000,2184,
morph,deposit,27111881,1789955768000,0x2ed13df43a5a68d3dd4cf574481ed9252bf89e0120c663de041b4f4c4c304e18,0xfc2d159282033cc18cd0d555b71f461561dbd2c6,0xfc2d159282033cc18cd0d555b71f461561dbd2c6,0xe7cd86e13ac4309349f30b3435a9d337750fc82d,294900000,2184,
morph,deposit,27112517,1789956742000,0xef73e974205af43a49b572724b1cf72211247db1ff1512aa1d48781c8aa7980d,0x4c085f93e60b25d3d1c1c8c4f3e4f8918e7d0a9d,0x4c085f93e60b25d3d1c1c8c4f3e4f8918e7d0a9d,0xe7cd86e13ac4309349f30b3435a9d337750fc82d,17210000,2184,
morph,deposit,27112635,1789956954000,0xd5cc18ac9113089903afcef60e134853e96d1d73bca57fab0eea4fdefa81d333,0x7020080968ad6eb6517027ccd042c01dc9cd9477,0x7020080968ad6eb6517027ccd042c01dc9cd9477,0xe7cd86e13ac4309349f30b3435a9d337750fc82d,885690000,2184,
morph,withdraw_final,27112748,1789957437000,0xea14887c0d3363a83521ac92971f62a4386f4fe697b4cf04936a36601e606e13,,,,,,452510400009732153
morph,withdraw_submit,27113060,1789957540000,0x99862aa2b70de08b9f570a39c4ab0e2bafdb337bcd3623b15f8061310b2e35e0,,0x0b1f343ad084a27fdd60340cad5a65f93cf57647,0xe7cd86e13ac4309349f30b3435a9d337750fc82d,6030000,,452510400009732153
morph,deposit,27113757,1789958773000,0x98fb7d9bc4b0edc33ba8481ef3637696d302696caf4d14d4c9b640b2781e3502,0xf36e4157ee21218ebb3eefe4d5aa46226875029f,0xf36e4157ee21218ebb3eefe4d5aa46226875029f,0xe7cd86e13ac4309349f30b3435a9d337750fc82d,4400000,2184,
morph,deposit,27114139,1789959444000,0x546c5b76b31d746dac6548ed2979998e592ec7bbd5297eaa0bd7a74b4f12ff13,0x9801336be557cf2bb23ec94c0482f83c12cb7a50,0x9801336be557cf2bb23ec94c0482f83c12cb7a50,0xe7cd86e13ac4309349f30b3435a9d337750fc82d,27210000,2184,
morph,deposit,27114343,1789959788000,0x989435799728c814db8ca841d24e7eaf2bc959b6b579f856b18d081751c669eb,0xab3d8425a7a0450be5b29049553fd29f2afaa120,0xab3d8425a7a0450be5b29049553fd29f2afaa120,0xe7cd86e13ac4309349f30b3435a9d337750fc82d,50000000,2184,
morph,deposit,27114913,1789960802000,0xe2c948ce9f677bdf28f7408cbcec76227fbd1e0cdcb6a27fc8d3a0b9a37fe1e6,0xaf7b8ce2dbb841a69299d3a9cf4ca8c677c59b85,0xaf7b8ce2dbb841a69299d3a9cf4ca8c677c59b85,0xe7cd86e13ac4309349f30b3435a9d337750fc82d,3650000,2184,
morph,deposit,27115235,1789961354000,0x42d4f5a3098da687ce73245ab4e0ca8702ce1704de101d1b9a1748ae05c47a7d,0x42a76b7a5f70d4e875c406c3cb3a893c55f2f6ed,0x42a76b7a5f70d4e875c406c3cb3a893c55f2f6ed,0xe7cd86e13ac4309349f30b3435a9d337750fc82d,21950000,2184,
morph,deposit,27115380,1789961618000,0x92ecaa354e85172c417780db3e472a30409e071954d5e086e965e1a1c527846a,0xbc925462448fc42f7b66c9fefa00064802b6e23a,0xbc925462448fc42f7b66c9fefa00064802b6e23a,0xe7cd86e13ac4309349f30b3435a9d337750fc82d,492960000,2184,
morph,deposit,27115718,1789962226000,0x2f8d9e048a99b0882ce0792d25615f9bc3b00ca21c5012836e0821ba5c877b47,0x16e7f24a1d652da31d7096877576baf2f71c5c9b,0x16e7f24a1d652da31d7096877576baf2f71c5c9b,0xe7cd86e13ac4309349f30b3435a9d337750fc82d,99170000,2184,
morph,withdraw_final,27116165,1789963334000,0xc7140c8b81b208a69a4887a7bfa907b981fef9b2431902588fc973314a8dfab5,,,,,,452966285010010112
morph,withdraw_submit,27116388,1789963420000,0xc85473de152e9abc2309fb665a2a9cff02271816a26e0e491d1c4dcd4e6b826b,,0x8080fb336a664153d814af9d389a35934e87466d,0xe7cd86e13ac4309349f30b3435a9d337750fc82d,19160000,,452966285010010112
morph,deposit,27117015,1789964543000,0x327cd769c08b110ff1db3f92e24f08441c37e1c532ae36134313c3265a2c44a9,0xbb48553d0c9470eb429ba35acd350c4c242ee902,0xbb48553d0c9470eb429ba35acd350c4c242ee902,0xe7cd86e13ac4309349f30b3435a9d337750fc82d,2000000,2184,
morph,withdraw_final,27117053,1789964915000,0xb1bea680ac081a2c5d809b58c3095a292f224056676519c06a138e5057784563,,,,,,453088493996867584
morph,withdraw_submit,27117257,1789964980000,0xab6c202fdd32e0fe5cf9eabedc34a72873f315ca297bb69980b1612613fe2793,,0xbb48553d0c9470eb429ba35acd350c4c242ee902,0xe7cd86e13ac4309349f30b3435a9d337750fc82d,1000000,,453088493996867584
morph,deposit,27117803,1789965916000,0x6985ce90dc5cd425b2982a4c79fec9bd4172dbc65a7be0956f3836553d8ddbf3,0xb3f349557b2553072d5ea1deed49b55b22303b77,0xb3f349557b2553072d5ea1deed49b55b22303b77,0xe7cd86e13ac4309349f30b3435a9d337750fc82d,5000000,2184,
morph,deposit,27117829,1789965962000,0xfffd91055f4dc8d174988ed56e655ed348e17e7b0a4ea7a7da0c68efb5aff9bd,0xb3f349557b2553072d5ea1deed49b55b22303b77,0xb3f349557b2553072d5ea1deed49b55b22303b77,0xe7cd86e13ac4309349f30b3435a9d337750fc82d,1050000,2184,
morph,withdraw_final,27118181,1789966855000,0xd43e93c0c891ca6a4c2d8981ff180d58e5af9d0b5434e6d746ec418e2ffc89c2,,,,,,453238053369020455
morph,withdraw_submit,27118409,1789966959000,0x0e9ac327107973f0fd765c15b3d5c2888adfb414b2032888968f1ab1c280d313,,0x42dab93a4bb5e18ebe324affdc5e76f1046710bf,0xe7cd86e13ac4309349f30b3435a9d337750fc82d,144070000,,453238053369020455
morph,deposit,27119790,1789969196000,0x25cc1fa51e3cbd74440f0e0c6ba9f0fa31d55472d4cc8a3b503471e50ccc3b53,0x53fb5f2212437693d6957a603840d253162ca84f,0x53fb5f2212437693d6957a603840d253162ca84f,0xe7cd86e13ac4309349f30b3435a9d337750fc82d,1051380000,2184,
morph,deposit,27120037,1789969626000,0x9899c59ec03952087c24e7483c812d1765d7d069c40a23ec5fcec327eedf1e6c,0xe34f3d157315a7f413fd92ec03cdfcc7717c1758,0xe34f3d157315a7f413fd92ec03cdfcc7717c1758,0xe7cd86e13ac4309349f30b3435a9d337750fc82d,389260000,2184,
morph,deposit,27120465,1789970312000,0x1feda6d6c70b8c8c13ca28b495a5bd390eb9b420b8e039a16e8dea5f5030a1ca,0x0e176ad130778c76fd49fc8a4a97fc69b20bd5ff,0x0e176ad130778c76fd49fc8a4a97fc69b20bd5ff,0xe7cd86e13ac4309349f30b3435a9d337750fc82d,2000000,2184,
morph,deposit,27120631,1789970604000,0x07b6f8f4d5a5d801aac5d85e9ffa19a27fa9224f32d18016285e0f5f013525cb,0xbd56196efc74a221692a14a73c870a9380b13679,0xbd56196efc74a221692a14a73c870a9380b13679,0xe7cd86e13ac4309349f30b3435a9d337750fc82d,14690000,2184,
morph,deposit,27122603,1789973960000,0xd8d57b1ddee4fe7b3e6b6875a5bdad7f13841c936839d373554c123077889405,0x0bed89709b689d64b3b691841d556956163f440c,0x0bed89709b689d64b3b691841d556956163f440c,0xe7cd86e13ac4309349f30b3435a9d337750fc82d,69390000,2184,
morph,deposit,27122878,1789974460000,0x66c50c645392727858f99be5c6a063f104970f67c41fdd8c2ea897196713fa3a,0xf8a069274dd9b1963c6585f4b031d7f036cd0667,0xf8a069274dd9b1963c6585f4b031d7f036cd0667,0xe7cd86e13ac4309349f30b3435a9d337750fc82d,2490000,2184,
morph,deposit,27123614,1789975746000,0x2f24b6f8b1f8d9e41440dff2f1ea7ef402d5fd549e018725c6136b66c3ac0ec9,0x02390402811231a9a23f3593b5e48d3c53bb9f67,0x02390402811231a9a23f3593b5e48d3c53bb9f67,0xe7cd86e13ac4309349f30b3435a9d337750fc82d,16970000,2184,
morph,deposit,27123672,1789975844000,0x8af90f2194d23841f69a33afdffe5bdf496907b5e241b528ec18a7556f6c6b78,0x1099711d6f0c21217fe92021089e31f9c8479018,0x1099711d6f0c21217fe92021089e31f9c8479018,0xe7cd86e13ac4309349f30b3435a9d337750fc82d,1440000,2184,
morph,deposit,27123804,1789976044000,0x98087a563c167fa798558b9add4d9247b1491788bd5c416e7bf1ff66430f24cd,0x9dd8a0c61a7169be1114c996368fae559ab2175d,0x9dd8a0c61a7169be1114c996368fae559ab2175d,0xe7cd86e13ac4309349f30b3435a9d337750fc82d,1000000,2184,
morph,deposit,27124217,1789976714000,0x4d3e6b6274512ee39693a8b22c230920e8e7ff0ff329cfa4015a184e887334e8,0xc5adeeef8fb99869610eb3cd1a04724654933f02,0xc5adeeef8fb99869610eb3cd1a04724654933f02,0xe7cd86e13ac4309349f30b3435a9d337750fc82d,1180000,2184,
morph,deposit,27125365,1789978260000,0x3a2bf24c2f8b41ffdc82a7fe09bb3b30b3d40323b79c8ffde904b8649e7c6a24,0x449bdf033b0ef08ff0975472112088e504a3f873,0x16346f2b2449cb66e64a07e1db932824b8017f52,0xe7cd86e13ac4309349f30b3435a9d337750fc82d,1500000,2184,
morph,deposit,27125460,1789978341000,0xbee74dae40cce1e2813c027e84ad453e4d7da3df282f7eac499193ab88040e9f,0x449bdf033b0ef08ff0975472112088e504a3f873,0x16346f2b2449cb66e64a07e1db932824b8017f52,0xe7cd86e13ac4309349f30b3435a9d337750fc82d,3800000,2184,
morph,withdraw_final,27126538,1789979921000,0x8595b8ca9ab8c301b921f48ab080cc154690de2e8ec68b1826f1eaf1744cf3c8,,,,,,454245824470188032
morph,deposit,27126670,1789979824000,0x92cdfb8b32496d79bf2c1783a71d2a5ae59ae9e042e8e10dca6f92a8b3844017,0x095794f6f666c4e5b460370ca88c1b8a7bc8f1be,0x095794f6f666c4e5b460370ca88c1b8a7bc8f1be,0xe7cd86e13ac4309349f30b3435a9d337750fc82d,39120000,2184,
morph,withdraw_submit,27126821,1789979980000,0x42957a60208de1cb3768d7e038bdcc1de51ea02f40c87ab861532b5d9f494513,,0xbd56196efc74a221692a14a73c870a9380b13679,0xe7cd86e13ac4309349f30b3435a9d337750fc82d,11850000,,454245824470188032
morph,deposit,27126864,1789980041000,0xc125a228840d9379f789ad564d67d6f7d66ea5df6f9a3d2f2a47877fbd28b60d,0x63b8ce95fd1231dedda70531288e67fa634cb038,0x63b8ce95fd1231dedda70531288e67fa634cb038,0xe7cd86e13ac4309349f30b3435a9d337750fc82d,2000000000,2184,
morph,withdraw_final,27127023,1789980588000,0xd4888f3c1f141172a23aefbc8c505ee8369da61302f3004d880c66a94dd2a16a,,,,,,454296668309815296
morph,deposit,27127131,1789980410000,0x338e9d5bd1de7529d87fe9bf3511d00bd6d90867f76bba7325b4e55eaaf90a3f,0xfd322211780f7840f0a825ed0ade66a8211fbbbf,0xfd322211780f7840f0a825ed0ade66a8211fbbbf,0xe7cd86e13ac4309349f30b3435a9d337750fc82d,2950000,2184,
morph,withdraw_submit,27127313,1789980701000,0x78a2b7d4f87c82c9539c5dd02aed3873c46303eb9c02b4d2a3d5a7a992d1fb5e,,0x20bd456f3a63df96bc90e56aa9983f5be300f755,0xe7cd86e13ac4309349f30b3435a9d337750fc82d,63420000,,454296668309815296
morph,deposit,27127692,1789981298000,0x91d5e0b460c11373c66ecb98c7a4f48397580939ef830e9f062b0cdb7d93033d,0xd1508e3bc9ee2710105c55e4bf63be1cd8432790,0xd1508e3bc9ee2710105c55e4bf63be1cd8432790,0xe7cd86e13ac4309349f30b3435a9d337750fc82d,33944990000,2184,
morph,deposit,27128021,1789981772000,0xf1b01cbb5878f0b3dcad59c409ce72734aaee3e7cfa23ad4b0be7a03db3aa57e,0x7a7feec640a1df390dba59f0cd212116d9ef1ce2,0x7a7feec640a1df390dba59f0cd212116d9ef1ce2,0xe7cd86e13ac4309349f30b3435a9d337750fc82d,6870000,2184,
morph,deposit,27128322,1789982254000,0x7bd03b1895ac05a8cbb6e8fa8a26c7bdbb954f8d0768251b851c8f0de537f3b3,0x07a0ae970d430c1274c4041f109cb3f4c3fb56d0,0x07a0ae970d430c1274c4041f109cb3f4c3fb56d0,0xe7cd86e13ac4309349f30b3435a9d337750fc82d,863830000,2184,
morph,deposit,27128331,1789982264000,0x87e40dd9ff39b1f1c768bff372c6b237fc2d5c0b306946e859556d6ee5b3387e,0x73de9a9a9b36265a16006db2949fd7c6dc90b4df,0x73de9a9a9b36265a16006db2949fd7c6dc90b4df,0xe7cd86e13ac4309349f30b3435a9d337750fc82d,54700000,2184,
morph,deposit,27128358,1789982312000,0xa7fc2f9531ca719aca39d80a38c85d3eab26a7491a5b88ade16046d1bcad3523,0x927204bb87166104b2901c1a3b5efd0f39c5ff80,0x927204bb87166104b2901c1a3b5efd0f39c5ff80,0xe7cd86e13ac4309349f30b3435a9d337750fc82d,10800000,2184,
morph,deposit,27128390,1789982366000,0xc1aa239de61228b7cbce0e040c7f86532a1d691e4ec67c766a1b7b644fc8658e,0xb36a41d513734a9258c876d7e20cfb7529562f42,0xb36a41d513734a9258c876d7e20cfb7529562f42,0xe7cd86e13ac4309349f30b3435a9d337750fc82d,10000000,2184,
morph,deposit,27128413,1789982401000,0x3af9c5d9f1b2ea45853e9fc7f4358a91b8bb350b6f9405e2145f8df0395a8c33,0x1df769a8868f4beb60ae8380d6b55a3ba37f47a1,0x1df769a8868f4beb60ae8380d6b55a3ba37f47a1,0xe7cd86e13ac4309349f30b3435a9d337750fc82d,9880000,2184,
morph,deposit,27128718,1789982878000,0xd6283bae07f9da0df894ffa71297ed4fa9234236a75928a16a4d4b72d562f2ce,0x63b8ce95fd1231dedda70531288e67fa634cb038,0x63b8ce95fd1231dedda70531288e67fa634cb038,0xe7cd86e13ac4309349f30b3435a9d337750fc82d,2300000000,2184,
morph,deposit,27128863,1789983024000,0xb9b93333f989361adc73548b4bd3b5ef874fe5325f6c8adfbc6e2b3bf396822f,0x3200bdf099d0a27a99138ef7cf20afce3f970377,0x3200bdf099d0a27a99138ef7cf20afce3f970377,0xe7cd86e13ac4309349f30b3435a9d337750fc82d,2388730000,2184,
morph,withdraw_final,27128902,1789983349000,0xee2520835960b914b97c9733f8f9184b901fd8ade4b7db3c587ff94cdd48555a,,,,,,454509045835890695
morph,deposit,27128978,1789983154000,0x8d53f72737fe1c5481f4c92f11a9e2ac63776ad54ea9306b70538147cfdcc63b,0x5675eec1d6fa59de32e678c3e30643cefa9ba004,0x5675eec1d6fa59de32e678c3e30643cefa9ba004,0xe7cd86e13ac4309349f30b3435a9d337750fc82d,19000000,2184,
morph,deposit,27129220,1789983358000,0x6bd087131d2d09a8d847348aeb08944cbeb1fbaa16acee69ced1f4abb83684e6,0x9801336be557cf2bb23ec94c0482f83c12cb7a50,0x9801336be557cf2bb23ec94c0482f83c12cb7a50,0xe7cd86e13ac4309349f30b3435a9d337750fc82d,4000000,2184,
morph,deposit,27129245,1789983380000,0x6dacd2ff702f84a61565b5c12d1aff83df17ab573b6983f5da34b47e24fccf99,0xe605a3ac941141cb82b66311ac9629a548c2e122,0xe605a3ac941141cb82b66311ac9629a548c2e122,0xe7cd86e13ac4309349f30b3435a9d337750fc82d,1000000,2184,
morph,withdraw_submit,27129340,1789983460000,0x4f5b093fceebc1d9f57da305c675f30da0484c3d0f411b562d03af71c99199f9,,0x8d733d12cde939ead03cc0ff0beb9fbda05291c1,0xe7cd86e13ac4309349f30b3435a9d337750fc82d,5703140000,,454509045835890695
morph,deposit,27129445,1789983576000,0x096688d7681bd45f448fb7924a1b24dd9733dbff473de65a1cc57e29acf026d0,0xeadd4de155670edc7079bd49a9a71ee478ad4402,0xeadd4de155670edc7079bd49a9a71ee478ad4402,0xe7cd86e13ac4309349f30b3435a9d337750fc82d,1160000,2184,
morph,deposit,27129454,1789983588000,0xd41be1a54f27dce693415f370bc74e25ab004290586d24169861845761d28853,0xad640205ce143127610257d70f24bdf82c05827b,0xad640205ce143127610257d70f24bdf82c05827b,0xe7cd86e13ac4309349f30b3435a9d337750fc82d,1009620000,2184,
morph,deposit,27129472,1789983616000,0x9098b9e84bb090a085acc1c3341447192fff0e978798f31c278e2a818fc79ded,0xe605a3ac941141cb82b66311ac9629a548c2e122,0xe605a3ac941141cb82b66311ac9629a548c2e122,0xe7cd86e13ac4309349f30b3435a9d337750fc82d,2000000,2184,
morph,deposit,27129559,1789983738000,0x352a66380d40d477a644d46f5d683eef5ce7d6ca9b6c1661a36833b5b4165e84,0xa541e8fe9b11880de12dde24f4a11a2e9ccc06af,0xa541e8fe9b11880de12dde24f4a11a2e9ccc06af,0xe7cd86e13ac4309349f30b3435a9d337750fc82d,500000000,2184,
morph,withdraw_final,27129599,1789984106000,0xa0c51428450510bfe260d709b373c3c453b9da2a08f5a5c2ac5cfc12fad896f4,,,,,,454566899062145024
morph,deposit,27129755,1789984032000,0x1714eb6f7e5c9c8a309739bc129ed174e3680009fa51216701ac48b96a6f7ffd,0xe34f3d157315a7f413fd92ec03cdfcc7717c1758,0xe34f3d157315a7f413fd92ec03cdfcc7717c1758,0xe7cd86e13ac4309349f30b3435a9d337750fc82d,193710000,2184,
morph,deposit,27129799,1789984104000,0xf44a8c77057c5eab1e8643ac7429354ecb10d941a546756fc0e323a84f70e6ba,0x08916c58c0795560b9587a690a5da2a0f40c5bbe,0x08916c58c0795560b9587a690a5da2a0f40c5bbe,0xe7cd86e13ac4309349f30b3435a9d337750fc82d,200000000,2184,
morph,withdraw_submit,27129847,1789984180000,0x604ff160c8d7f25ddefecbd14db23c33a269362931a9b22e424ba367d6348abd,,0x4578c0bf8bfc752c8644b52679d749d8a572e01d,0xe7cd86e13ac4309349f30b3435a9d337750fc82d,129980000,,454566899062145024
morph,deposit,27129861,1789984198000,0x6480c7f82a24a60f1ad1feadc47a3c83f263da96b935765a5d62e46e60e7aac6,0xcf0c67fd19a087d66324ad8853524b7859c073a6,0xcf0c67fd19a087d66324ad8853524b7859c073a6,0xe7cd86e13ac4309349f30b3435a9d337750fc82d,10000000,2184,
morph,deposit,27129873,1789984214000,0x883e95baf11f0cc704fb1bafdd02e2c0dac73a0ef9aafaf2d9d8eacdc7776f17,0x40b0900fa13c156a92f240796527021711623291,0x40b0900fa13c156a92f240796527021711623291,0xe7cd86e13ac4309349f30b3435a9d337750fc82d,95000000,2184,
morph,deposit,27130157,1789984644000,0x8a5f29828eb9e9e00435ed68c1f5c8a64e516a0fc2f458af995728de76dfb1a8,0x095794f6f666c4e5b460370ca88c1b8a7bc8f1be,0x095794f6f666c4e5b460370ca88c1b8a7bc8f1be,0xe7cd86e13ac4309349f30b3435a9d337750fc82d,58590000,2184,
morph,deposit,27130376,1789984988000,0xe6f9c4fc516b476b254b8aa99392c5f8d844c3d491edb2878caa0748cd02104a,0x6c437a1e5477369e6ac51af7a8670f9c2f02d529,0x6c437a1e5477369e6ac51af7a8670f9c2f02d529,0xe7cd86e13ac4309349f30b3435a9d337750fc82d,1030000,2184,
morph,deposit,27130421,1789985050000,0xb59eeb433441e24c847cdd1d491bb128a71b7e3799def378eb84cce46cef1900,0x3d8853c949eb93a516457f5152595e998c38a570,0x3d8853c949eb93a516457f5152595e998c38a570,0xe7cd86e13ac4309349f30b3435a9d337750fc82d,6820000,2184,
morph,withdraw_final,27130534,1789985530000,0xec3ee37f5e3820da64429b68689d03800a1325f13a00a727a568479b977f0f86,,,,,,454676927517556736
morph,deposit,27130636,1789985380000,0x867b140e52d2bbdd09f0251cdbb3a013e12b06c2def7c2a10e84fc520e8222db,0xe52cd8caef7b03c503f0083a4e1a6c466b99de81,0xe52cd8caef7b03c503f0083a4e1a6c466b99de81,0xe7cd86e13ac4309349f30b3435a9d337750fc82d,10730000,2184,
morph,deposit,27130672,1789985436000,0x4b587c66e5bf54806dd009344595d604a7a48dadd7168f4992e6657847880d40,0x927204bb87166104b2901c1a3b5efd0f39c5ff80,0x927204bb87166104b2901c1a3b5efd0f39c5ff80,0xe7cd86e13ac4309349f30b3435a9d337750fc82d,10790000,2184,
morph,withdraw_submit,27130784,1789985620000,0x1b1fdaa2a9fb11d5699604b324da2b77f7252e095724e384ce0b639294dffb09,,0x40b0900fa13c156a92f240796527021711623291,0xe7cd86e13ac4309349f30b3435a9d337750fc82d,93550000,,454676927517556736
morph,deposit,27131101,1789986144000,0xbc6179488624322a657ff167db7ef550529affb892026a585fe04c5d7eeaa0b7,0xbb48553d0c9470eb429ba35acd350c4c242ee902,0xbb48553d0c9470eb429ba35acd350c4c242ee902,0xe7cd86e13ac4309349f30b3435a9d337750fc82d,2000000,2184,
morph,withdraw_final,27131139,1789986511000,0xe34e2c3022fe3a703237e486771b43d0b9c3a89d732f84583b704876932460be,,,,,,454752596255571968
morph,withdraw_submit,27131366,1789986580000,0x77cee70a3a0abf48e43ba59de9900cab9f6b13322c3a7af4a3d1c4262bc67230,,0xbb48553d0c9470eb429ba35acd350c4c242ee902,0xe7cd86e13ac4309349f30b3435a9d337750fc82d,1000000,,454752596255571968
morph,deposit,27131549,1789986876000,0xea8308d4007f6bce1c1aa69af41c0e88ad555b9d5b346612d1ad924c0e440e0f,0xd1508e3bc9ee2710105c55e4bf63be1cd8432790,0xd1508e3bc9ee2710105c55e4bf63be1cd8432790,0xe7cd86e13ac4309349f30b3435a9d337750fc82d,33738860000,2184,
morph,deposit,27132109,1789987786000,0xef0f55c53ae2274934256cd52747a9134fc88d97956da3d98bc0ab05e2ef3371,0xf222198ad7951e564074adaa1f881cb592430ee5,0xf222198ad7951e564074adaa1f881cb592430ee5,0xe7cd86e13ac4309349f30b3435a9d337750fc82d,27300000,2184,
morph,deposit,27132549,1789988514000,0x109a0c74248dd9b3fb179bb9c39c0294661f7fbcc4d84c991fb8edffbf341080,0x148f130b2bba14c06ce0658a875084449b9276d1,0x148f130b2bba14c06ce0658a875084449b9276d1,0xe7cd86e13ac4309349f30b3435a9d337750fc82d,2630000,2184,
morph,deposit,27133578,1789990214000,0x07b78d50683f662320a14428d0748091e4ede2a687dca4286f6e1105221b8664,0x5117bd448eee22a531c7095617530a795432ecec,0x5117bd448eee22a531c7095617530a795432ecec,0xe7cd86e13ac4309349f30b3435a9d337750fc82d,213470000,2184,
morph,deposit,27134523,1789991715000,0x8ceffad492710f0816f061d228fc95c3cc6ba62cc45e7617fc1cae7bb43deb6b,0x16e994a5bc57dfb69b9918f0d79720b51a60ca89,0x16e994a5bc57dfb69b9918f0d79720b51a60ca89,0xe7cd86e13ac4309349f30b3435a9d337750fc82d,13983952,2184,
morph,deposit,27135050,1789992550000,0xff4d2f5f03f6f35b73080a9c6afff0ef31269a64116ff4d38ad8b40441ff8007,0xf5317191f7815e7f0f1a0fc4ed5b2c9c13ab82b2,0xf5317191f7815e7f0f1a0fc4ed5b2c9c13ab82b2,0xe7cd86e13ac4309349f30b3435a9d337750fc82d,12610000,2184,
morph,withdraw_final,27135069,1789992879000,0xc63e6905c490c6c8197b13fcf8a07dbba97376070a2f9981236daa2f55d5c7ea,,,,,,455242626254241792
morph,withdraw_submit,27135300,1789992941000,0xef85ceeb8d2acdbbd329b8c245362c3863a6226f0dd4bfbf798fc38dcfee1cd3,,0x569990c96068599a36f16569304d4253008079d2,0xe7cd86e13ac4309349f30b3435a9d337750fc82d,4730000,,455242626254241792
morph,withdraw_final,27135429,1789993448000,0xe39cd833a458d3c115db84c2d6b8cf07077daed7e8c014c0191d768e03af60c3,,,,,,455286512246849536
morph,withdraw_final,27135596,1789993689000,0x31a434ec7de39de2d9ee37baf32ff4acad0ad05758bd75647dcd7d26b162b27f,,,,,,455304834568945664
morph,deposit,27135603,1789993400000,0x6997901e469796742427feed1404f8433f7f469eb1c843d25d4215760da91c33,0x45e62d994102b7c3724a58e79d2a53b4617cb007,0x45e62d994102b7c3724a58e79d2a53b4617cb007,0xe7cd86e13ac4309349f30b3435a9d337750fc82d,41240000,2184,
morph,withdraw_submit,27135686,1789993540000,0xe199d3b5108f92b044a5d265299071350bd2af819980b0824e47da66b1a5b5c7,,0x095794f6f666c4e5b460370ca88c1b8a7bc8f1be,0xe7cd86e13ac4309349f30b3435a9d337750fc82d,29980000,,455286512246849536
morph,withdraw_final,27135785,1789994011000,0x463c46f16c4839047b68f67bfd2c7d87420cef1a73ed24668109f00d42b38979,,,,,,455329899998085121
morph,deposit,27135822,1789993776000,0x083070c1999983b41d19450f70830c4f591f1565b0b2aad74f3cc9767d1e4f2c,0x761c3cd8ab204b580a33c5dd435b0649abc13e54,0x761c3cd8ab204b580a33c5dd435b0649abc13e54,0xe7cd86e13ac4309349f30b3435a9d337750fc82d,172860000,2184,
morph,withdraw_submit,27135825,1789993780000,0x14be22b45a3d63d2421871750e9d93d7c7331c0dfe325fc1401b113ea427a4fc,,0x0bed89709b689d64b3b691841d556956163f440c,0xe7cd86e13ac4309349f30b3435a9d337750fc82d,12050000,,455304834568945664
morph,withdraw_submit,27135999,1789994079000,0x5f06568945f05f95033c9b841a97f930701d7829922c91eeda7fae5f4011fd30,,0xcd411f83b993a0cf1558b16dbe7c4be7a047f144,0xe7cd86e13ac4309349f30b3435a9d337750fc82d,65720000,,455329899998085121
morph,deposit,27136240,1789994458000,0x483dc7a60384939b337861271e0b9e9e03d6ef36fd96ddabfcf01bae69005d29,0x6f8728b619347f3d5d10a5c4a22f4c8d2a61a5bc,0x6f8728b619347f3d5d10a5c4a22f4c8d2a61a5bc,0xe7cd86e13ac4309349f30b3435a9d337750fc82d,13580000,2184,
morph,deposit,27136245,1789994464000,0x912d621c3aa6edc301ae182be1ed70c39c06746cfeeb6807ea0292744761b896,0x5fdaff323a84a9bcc094b5152818c26c910739d7,0x5fdaff323a84a9bcc094b5152818c26c910739d7,0xe7cd86e13ac4309349f30b3435a9d337750fc82d,5000000,2184,
morph,deposit,27136459,1789994798000,0x81b084c437da7d54491684fd598f3c6016fae3b0b3db3498994cfe2d5fb82c30,0x9801336be557cf2bb23ec94c0482f83c12cb7a50,0x9801336be557cf2bb23ec94c0482f83c12cb7a50,0xe7cd86e13ac4309349f30b3435a9d337750fc82d,1290000,2184,
morph,deposit,27137147,1789995928000,0x4abc423f2365cedcb06b939756b86542cb21b732bd77ad7aab47891f75c209fe,0x28ad3ee6dc00566232c6c0eec4c8bb1112cee5c1,0x28ad3ee6dc00566232c6c0eec4c8bb1112cee5c1,0xe7cd86e13ac4309349f30b3435a9d337750fc82d,2840000,2184,
morph,deposit,27137684,1789996794000,0x35fdce1a9fd30f8410673c358b009a3e573cf4bbce1b2bf4ba56cb6f9ea0c524,0x02390402811231a9a23f3593b5e48d3c53bb9f67,0x02390402811231a9a23f3593b5e48d3c53bb9f67,0xe7cd86e13ac4309349f30b3435a9d337750fc82d,61650000,2184,
morph,deposit,27137778,1789996940000,0xe8d283d5d52261f1be51d68f2dcc97d45ab7f05802c3f339c5f4d459385c418a,0x28ad3ee6dc00566232c6c0eec4c8bb1112cee5c1,0x28ad3ee6dc00566232c6c0eec4c8bb1112cee5c1,0xe7cd86e13ac4309349f30b3435a9d337750fc82d,327000000,2184,
morph,withdraw_final,27137939,1789997472000,0x1d4332787c71cddfdcd08afce33b0fa6a987c3022f697d5c4e21771ea2b2badc,,,,,,455597115666595840
morph,deposit,27138088,1789997420000,0x56f3093a8e7edc540584ed2729accdb82753d7dfe6cf8286155ed9c81654ffbc,0xa0eb059193291d444719e19fdaad2d2c2e8989b6,0xa0eb059193291d444719e19fdaad2d2c2e8989b6,0xe7cd86e13ac4309349f30b3435a9d337750fc82d,5590000,2184,
morph,withdraw_submit,27138192,1789997561000,0xd5ca0f9211c0668a9566130a539e589ec93d3059e3dbc58b27195115c5d96a8d,,0xf5893dde48be72b66d61a12b0f8aa75f77f34a38,0xe7cd86e13ac4309349f30b3435a9d337750fc82d,17950000,,455597115666595840
morph,deposit,27138553,1789998056000,0x74a4c56d17ce93ac03507d39512e4de86c31a7cdad5cabfc66bd840d59f8cf29,0x6f8728b619347f3d5d10a5c4a22f4c8d2a61a5bc,0x6f8728b619347f3d5d10a5c4a22f4c8d2a61a5bc,0xe7cd86e13ac4309349f30b3435a9d337750fc82d,10850000,2184,
morph,deposit,27138763,1789998374000,0x90f030b82688adfa6210fbb53e569db7921ab276098e2e702dafd79ecf3fddf4,0xb70cd06349a7d1e8dbcc1ba93a7c7e1d90265e6a,0xb70cd06349a7d1e8dbcc1ba93a7c7e1d90265e6a,0xe7cd86e13ac4309349f30b3435a9d337750fc82d,149670000,2184,
morph,deposit,27139180,1789998972000,0xbe50b79635bf93a1b0a8447a16ca237728be89119460c0dedee8b4b8675cf4d9,0xcd411f83b993a0cf1558b16dbe7c4be7a047f144,0xcd411f83b993a0cf1558b16dbe7c4be7a047f144,0xe7cd86e13ac4309349f30b3435a9d337750fc82d,289000000,2184,
morph,deposit,27139434,1789999393000,0x7d1a1e7d341971715795a91d1aabfc368bbef14d6b69cde2adf94a046eeae570,0x62eab90d58b2d2a8b4492f2a409c812446820517,0x62eab90d58b2d2a8b4492f2a409c812446820517,0xe7cd86e13ac4309349f30b3435a9d337750fc82d,399020000,2184,
morph,deposit,27139659,1789999690000,0x9db05c478f903ad41c64cc7931abe383c39ed31f062719f5542d2de96fae629c,0x853025fc1693dfa00293b7fd28548cb4985eaccf,0x853025fc1693dfa00293b7fd28548cb4985eaccf,0xe7cd86e13ac4309349f30b3435a9d337750fc82d,25840000,2184,
morph,deposit,27139918,1790000060000,0x02f75d96a2e6ec646675cd7ef7dcca0a3bd66f310787a66558c7b2ce7fef2b67,0xa1a0d1e558963523830680f0d0ac9ecf85dd8e65,0xa1a0d1e558963523830680f0d0ac9ecf85dd8e65,0xe7cd86e13ac4309349f30b3435a9d337750fc82d,156490000,2184,
morph,deposit,27139932,1790000082000,0x6691b738478d51c284d00be1b0c5487c9bae1ae429622f46251020f3a60d8867,0x04ae1b97393e03464b4782f5b8e4adfe158bbb9d,0x04ae1b97393e03464b4782f5b8e4adfe158bbb9d,0xe7cd86e13ac4309349f30b3435a9d337750fc82d,172500000,2184,
morph,deposit,27140320,1790000686000,0x815d83883ecdacb4420c304649b1aaa71c64b4ac78ad262b11f5ec3deda53029,0x0d3b8e1a6f79f65a2c325ce0192e4b9cc2c91d5b,0x0d3b8e1a6f79f65a2c325ce0192e4b9cc2c91d5b,0xe7cd86e13ac4309349f30b3435a9d337750fc82d,999982468,2184,
morph,deposit,27140467,1790000902000,0xe13a191490d2076cf2506389082a06af8bbddd4da55858488c79f21cfe99a78c,0x80f080af5b329808aa1da9dcd5025a55d486a1d7,0x80f080af5b329808aa1da9dcd5025a55d486a1d7,0xe7cd86e13ac4309349f30b3435a9d337750fc82d,100000000,2184,
morph,deposit,27140851,1790001490000,0x1688eb3852dced830a7d27e25ff42b02e86517df29ca8defe45dc98fa11320e7,0x178c9720f5ddd05e91e853c83008d9e090d23278,0x178c9720f5ddd05e91e853c83008d9e090d23278,0xe7cd86e13ac4309349f30b3435a9d337750fc82d,89460000,2184,
morph,deposit,27140992,1790001686000,0xc0f96286c12fec58a0f4e4ec80c2fd90c5bc1911b1d460ad5eaadfe6475cc8dd,0xfd322211780f7840f0a825ed0ade66a8211fbbbf,0xfd322211780f7840f0a825ed0ade66a8211fbbbf,0xe7cd86e13ac4309349f30b3435a9d337750fc82d,19800000,2184,
morph,deposit,27141146,1790001944000,0x866ad55f70cc2b7844025b43325ff9bad6237bc9f4626eb36ef1ae2ad77ccc53,0x8080fb336a664153d814af9d389a35934e87466d,0x8080fb336a664153d814af9d389a35934e87466d,0xe7cd86e13ac4309349f30b3435a9d337750fc82d,98920000,2184,
morph,deposit,27141313,1790002206000,0xe77b393397d0061c45ebe2c320f42f446576b2ee85600e3f22efe0a2754c48ab,0xdea6203564c629cb2b71325b2bd236b263772274,0xdea6203564c629cb2b71325b2bd236b263772274,0xe7cd86e13ac4309349f30b3435a9d337750fc82d,17270000,2184,
morph,withdraw_final,27141620,1790002946000,0xc2b3d7b361874ae7f85bcae969bcee14aee2b488c9a841e213b51cb8eb5642e0,,,,,,456017103367962679
morph,deposit,27141731,1790002816000,0xb5139774ec1c688adf95e12d956da02eef95068f0e0f247663aa262dc066429d,0xf72ae7e05491e4ad94d5bbd275e3705cf1507f59,0xf72ae7e05491e4ad94d5bbd275e3705cf1507f59,0xe7cd86e13ac4309349f30b3435a9d337750fc82d,126510000,2184,
morph,withdraw_submit,27141881,1790003020000,0xed511908600aaa20c5220e2b9ffe79d0be5ea856d728fff47e533cdaf1ca9988,,0x3200bdf099d0a27a99138ef7cf20afce3f970377,0xe7cd86e13ac4309349f30b3435a9d337750fc82d,2090980000,,456017103367962679
morph,deposit,27142126,1790003350000,0xa28680cd272a74ace3b8d9df7cb4b8fbe3e372acecc9aad79cbf99d386fda0d7,0x81cef7286ef791e945af4a017dc68c2e584ab810,0x81cef7286ef791e945af4a017dc68c2e584ab810,0xe7cd86e13ac4309349f30b3435a9d337750fc82d,20000000,2184,
morph,withdraw_final,27142809,1790004744000,0x96658f09605d18877fa63cd071b91de1d52c17bc8632c5ca7ef2b5a1f3451dc7,,,,,,456154602434199553
morph,withdraw_submit,27143041,1790004820000,0x71efd791c1c50477945e8d5f02595f2d8f9f9fd82855e65829afaaf365c6c645,,0x16e7f24a1d652da31d7096877576baf2f71c5c9b,0xe7cd86e13ac4309349f30b3435a9d337750fc82d,98170000,,456154602434199553
morph,withdraw_final,27143096,1790005213000,0x60adcc930ca1855cba593cb689e83e107830c81b916d620c6c0dda90e7c6770f,,,,,,456190645787164672
morph,withdraw_submit,27143330,1790005300000,0x051d867da0163d15ff462411cc70dc4506c8826f38f282b05b91ea4806b31b93,,0x9801336be557cf2bb23ec94c0482f83c12cb7a50,0xe7cd86e13ac4309349f30b3435a9d337750fc82d,30000000,,456190645787164672
morph,deposit,27143345,1790005326000,0x32953e811bcfcb23eb15dc93b5524285cfd48a6884058c9b56c43735103874a8,0x9801336be557cf2bb23ec94c0482f83c12cb7a50,0x9801336be557cf2bb23ec94c0482f83c12cb7a50,0xe7cd86e13ac4309349f30b3435a9d337750fc82d,2000000,2184,
morph,deposit,27143608,1790005746000,0x1b3d4fc766fb7b4018f1e87c5ffb9cf4dac199eab966cd1873aa32e6d52d69c6,0x43c640b8756941773e5c07579bfcaf065ed303c3,0x43c640b8756941773e5c07579bfcaf065ed303c3,0xe7cd86e13ac4309349f30b3435a9d337750fc82d,55610000,2184,
morph,deposit,27144054,1790006498000,0x63459679afdb801d3315b1f18fa19ef76d17cab143a8782fa757997d39f75366,0xc4620625d5840baef989cf8e7b6a1c25a8c4f547,0xc4620625d5840baef989cf8e7b6a1c25a8c4f547,0xe7cd86e13ac4309349f30b3435a9d337750fc82d,5050000,2184,
morph,deposit,27144396,1790007024000,0xab7d7be8485f64305b6f6af0ef644d7d5a9ca1baa15c068bc8f36443847af21e,0x927204bb87166104b2901c1a3b5efd0f39c5ff80,0x927204bb87166104b2901c1a3b5efd0f39c5ff80,0xe7cd86e13ac4309349f30b3435a9d337750fc82d,10740000,2184,
morph,withdraw_final,27144444,1790007398000,0xd63c6efc22d2dfb96d9a8b120728187a3736ee780cb92278d6900aa48738a48f,,,,,,456359231847661568
morph,withdraw_submit,27144674,1790007460000,0x3f861a89e86cac61334f2868fe5e1e8a68c2e76a3e3c6793756f246b07df7fed,,0x16e994a5bc57dfb69b9918f0d79720b51a60ca89,0xe7cd86e13ac4309349f30b3435a9d337750fc82d,11000000,,456359231847661568
morph,withdraw_final,27144774,1790007931000,0x993131d6865a72e4a340ddfe6d15212c43463550b67e223cf38875359cb8a7f4,,,,,,456400265981984768
morph,deposit,27144840,1790007744000,0xbcbbca2a365a8154f32871684e9e28752bb33880573ba5bab92c8e54d64e7e8a,0xbb48553d0c9470eb429ba35acd350c4c242ee902,0xbb48553d0c9470eb429ba35acd350c4c242ee902,0xe7cd86e13ac4309349f30b3435a9d337750fc82d,2000000,2184,
morph,withdraw_final,27144882,1790008113000,0x2ba531d201db51785372eda93caff8678f86cd3602204f582ae5b63b2fca9053,,,,,,456414130123833344
morph,withdraw_submit,27144985,1790008000000,0xc2362230f9c12390d6796563defdffd848d6d258e3b411e629d063961f1f6279,,0xf222198ad7951e564074adaa1f881cb592430ee5,0xe7cd86e13ac4309349f30b3435a9d337750fc82d,26560000,,456400265981984768
morph,withdraw_submit,27145093,1790008180000,0xb5209b3301ab8246abaf244a224da426929c27b7332819d939f3c5a672749ca1,,0xbb48553d0c9470eb429ba35acd350c4c242ee902,0xe7cd86e13ac4309349f30b3435a9d337750fc82d,1000000,,456414130123833344
morph,deposit,27145294,1790008504000,0x522f0adc95edcf2ad329560477d860fefb641335ea31c2cf1754356cddfe48b6,0xfc3618d2582eaa765da3a897bed524015679dff8,0xfc3618d2582eaa765da3a897bed524015679dff8,0xe7cd86e13ac4309349f30b3435a9d337750fc82d,1050000,2184,
morph,withdraw_final,27145423,1790009021000,0x4906103be9fd62d7757a81e4149ce78686c8d162b1e774fec506f96c96547bee,,,,,,456483648485457934
morph,deposit,27145468,1790008792000,0x7a75cd4f1baca45d6e223404b5881aaffcedf3a34a8f46710cdbfd234ee4c605,0x0e176ad130778c76fd49fc8a4a97fc69b20bd5ff,0x0e176ad130778c76fd49fc8a4a97fc69b20bd5ff,0xe7cd86e13ac4309349f30b3435a9d337750fc82d,2000000,2184,
morph,withdraw_submit,27145633,1790009080000,0x8850adb15f27d87ae1dfca3e65e58dc69fc4bf789b83afe3d8c4460e43e75443,,0x698cb4635daeaa35cc051442fcd2ffb0ae422067,0xe7cd86e13ac4309349f30b3435a9d337750fc82d,46000000,,456483648485457934
morph,deposit,27147598,1790012506000,0x18c4a8775cc20d4c07d5102dd9a07900b9ce8e86aa28b53897d26454f4aebbbb,0x114d73554caba4be06ee726c4b04d99992cc6370,0x114d73554caba4be06ee726c4b04d99992cc6370,0xe7cd86e13ac4309349f30b3435a9d337750fc82d,10000000,2184,
morph,deposit,27147630,1790012562000,0x466345113abf42d1b7fd28b02af1665cf2464c65c1e3822adf38a82055704cbe,0x114d73554caba4be06ee726c4b04d99992cc6370,0x114d73554caba4be06ee726c4b04d99992cc6370,0xe7cd86e13ac4309349f30b3435a9d337750fc82d,5000000,2184,
morph,deposit,27149118,1790015148000,0xf24510049e7471bc4e25aefe9190e5384fad81c3dfb6c948cdad8e9132dbc404,0x02390402811231a9a23f3593b5e48d3c53bb9f67,0x02390402811231a9a23f3593b5e48d3c53bb9f67,0xe7cd86e13ac4309349f30b3435a9d337750fc82d,78180000,2184,
morph,withdraw_final,27149257,1790015707000,0x51919e72f75270f0f771654f0a38fd91c89de084bac6932c596bb8a9fdc6b7b1,,,,,,457000290080522240
morph,deposit,27149389,1790015632000,0x7cfb7aaf25fa492765b72354e9cc31e9abea2b36f7e0c318112cda1253e79ee0,0xb70cd06349a7d1e8dbcc1ba93a7c7e1d90265e6a,0xb70cd06349a7d1e8dbcc1ba93a7c7e1d90265e6a,0xe7cd86e13ac4309349f30b3435a9d337750fc82d,99310000,2184,
morph,withdraw_submit,27149479,1790015800000,0xab07d2958cb8e18036af54b402bec6c5f061e8bb7aa86bd0b487992787194a05,,0xac34c3ef168c820b17ce6240a7f2f49cf96d2c8a,0xe7cd86e13ac4309349f30b3435a9d337750fc82d,10000000,,457000290080522240
morph,deposit,27149570,1790015954000,0x6c05c13a553d10250b01230812a4f05dd2d32d0cfdde9ff0f8cbf48b56162e06,0x32ae519410ddbf5185ec1790a92a971cb35cc399,0x32ae519410ddbf5185ec1790a92a971cb35cc399,0xe7cd86e13ac4309349f30b3435a9d337750fc82d,9800000,2184,
morph,deposit,27150349,1790017396000,0x9c44fdb8307a8eabbbc17b7989ca9cea4365c4310dda0d28aa733406ff3b6d59,0x974f79ba02d1588f6423ff123a9861ef6fcca319,0x974f79ba02d1588f6423ff123a9861ef6fcca319,0xe7cd86e13ac4309349f30b3435a9d337750fc82d,2100000,2184,
morph,withdraw_final,27150376,1790017747000,0x0a67c95ce92cabeacef1eab1730a13c0f399a40ee5eafa0b61e2e50384125ac9,,,,,,457157872447389696
morph,withdraw_submit,27150585,1790017839000,0xe90198a812d7d2d93dd75b0c7ea5da8a000f3fe2501ea79acd1f6168c744182e,,0xcf0c67fd19a087d66324ad8853524b7859c073a6,0xe7cd86e13ac4309349f30b3435a9d337750fc82d,9000000,,457157872447389696
morph,withdraw_final,27151075,1790018840000,0x703e2402210df627e365d1368cc705be4c192a9de681e1870fad4af775df3409,,,,,,457242268542173185
morph,withdraw_submit,27151290,1790018920000,0x9500e7119ea985025ccc8c71fc28dc0d82e9fef7cd3b0cb7954395aab491deb7,,0x43c640b8756941773e5c07579bfcaf065ed303c3,0xe7cd86e13ac4309349f30b3435a9d337750fc82d,30230000,,457242268542173185
morph,deposit,27151832,1790019578000,0x89269cacb5b07b28cee9e95a1c180c202a54ff3ef95e49f4b02be60d000e134f,0xa4f5bcf319edaebf605c849db48b20e2b8cb6e2d,0xa4f5bcf319edaebf605c849db48b20e2b8cb6e2d,0xe7cd86e13ac4309349f30b3435a9d337750fc82d,1000000000,2184,
morph,withdraw_final,27152240,1790020279000,0x9800feafc5a3e0ab0c405a45092dfe83ea1a3db032a9541dafb3b8f287562a8a,,,,,,457352958447714304
morph,withdraw_submit,27152642,1790020360000,0x7bbe0ecc1bd3c2ac254682b285916f264bcf3a5e7057789bfec7b9d2b7cfd43f,,0xf32dd754e8ad52e4341038f54ce5fd452ac8e08d,0xe7cd86e13ac4309349f30b3435a9d337750fc82d,99000000,,457352958447714304
morph,deposit,27152822,1790020524000,0x1021883ed1c239aa77fb924025f7d0e36908383593b393a7c09c0255c9d3cf7c,0xd557e1d3f8b0395d4d5443e5ebc561d7e39136ce,0xd557e1d3f8b0395d4d5443e5ebc561d7e39136ce,0xe7cd86e13ac4309349f30b3435a9d337750fc82d,230000000,2184,
morph,deposit,27153275,1790020948000,0x11a0cbfec6abfb2bed64ae28bd40ab6da2e0eedd399731ee8d0c593804197ef0,0xb62a033150c075270a69644301bbcf4c74afdce3,0xb62a033150c075270a69644301bbcf4c74afdce3,0xe7cd86e13ac4309349f30b3435a9d337750fc82d,10000000,2184,
morph,deposit,27153632,1790021564000,0x61d34eba903971dc9e160097e0c2df573d59c33dd6ff4e785d333ab4baed6473,0x14857096cba4c3512150bf87543c70fa75c3155e,0x14857096cba4c3512150bf87543c70fa75c3155e,0xe7cd86e13ac4309349f30b3435a9d337750fc82d,1000000,2184,
morph,deposit,27153769,1790021788000,0xef18137c7b555959d649a9c9440a10ec1492e2cbb74c215fcc2336369805bd08,0x14857096cba4c3512150bf87543c70fa75c3155e,0x14857096cba4c3512150bf87543c70fa75c3155e,0xe7cd86e13ac4309349f30b3435a9d337750fc82d,3000000,2184,
morph,deposit,27154269,1790022476000,0xa7a420bf27dea296d978f570776ec75bbf21ce8d1479b5d863cf95eabc96565a,0x988d94cbf5399c321e023ec770b616b3083a4d93,0x988d94cbf5399c321e023ec770b616b3083a4d93,0xe7cd86e13ac4309349f30b3435a9d337750fc82d,12960000,2184,
morph,deposit,27154726,1790022954000,0x80b2d4aac72d119d3d83913fd84aa8309b715b793b79e2f4ba235be37340566c,0xd2a095ce98e025a87d6aeae35da1c2b9f8a91f62,0xd2a095ce98e025a87d6aeae35da1c2b9f8a91f62,0xe7cd86e13ac4309349f30b3435a9d337750fc82d,75000000,2184,
morph,deposit,27154839,1790023052000,0x6e663143df9bda736ad18dc08ffb2dafd84b79c53635a2004213b26cc08b238d,0xd557e1d3f8b0395d4d5443e5ebc561d7e39136ce,0xd557e1d3f8b0395d4d5443e5ebc561d7e39136ce,0xe7cd86e13ac4309349f30b3435a9d337750fc82d,118000000,2184,
morph,deposit,27155861,1790024532000,0xe548764fbae925a9449c1affdfa09c06ff216d96641e18c93348cc4f51ad8f64,0x616ae4c59b3cef6ba55494d33c230b8465e7ea39,0x616ae4c59b3cef6ba55494d33c230b8465e7ea39,0xe7cd86e13ac4309349f30b3435a9d337750fc82d,249210000,2184,
morph,deposit,27156519,1790025657000,0x373ff37ce182c72158d11407393294608823a25cba200ab5d1e5f44f4c427c54,0x7bba5c881d62c578bf81147aeee6f19282730861,0x7bba5c881d62c578bf81147aeee6f19282730861,0xe7cd86e13ac4309349f30b3435a9d337750fc82d,121000000,2184,
morph,deposit,27156647,1790025874000,0xe4b1c57e95812abd7a71e90b1553e4fe9edaafdc8b997d93d31abeb50ff4531a,0x7c63b8bf26f68ac54b18fd59b4d20fad1704c8de,0x7c63b8bf26f68ac54b18fd59b4d20fad1704c8de,0xe7cd86e13ac4309349f30b3435a9d337750fc82d,20000000,2184,
morph,deposit,27157589,1790027548000,0x68e92f5be15ce8c14a0740938bae5b15fcc515513ab4da06a62c98fdbf12b224,0xf32dd754e8ad52e4341038f54ce5fd452ac8e08d,0xf32dd754e8ad52e4341038f54ce5fd452ac8e08d,0xe7cd86e13ac4309349f30b3435a9d337750fc82d,126170000,2184,
morph,deposit,27157726,1790027801000,0x597f82ab7f312ae7488ee2f87cef646f066c8ea831e374c01b5c7b3f1203e349,0xff02bdab2813425ad43b4f6f2507f65d293cfce2,0xff02bdab2813425ad43b4f6f2507f65d293cfce2,0xe7cd86e13ac4309349f30b3435a9d337750fc82d,6230000,2184,
morph,deposit,27157780,1790027906000,0xf55f67aed397be9073eadc26b77cf78dc823d1a3ead7e6bfca255ef0560b2864,0x7f183f68f42b06d135511dc9d1d6faac2a31b3eb,0x7f183f68f42b06d135511dc9d1d6faac2a31b3eb,0xe7cd86e13ac4309349f30b3435a9d337750fc82d,4620000,2184,
morph,withdraw_final,27158121,1790028798000,0x405a027afa147f875d7f1604dd419480a1dff519c71af8fd7626629be2d0ed68,,,,,,458011497180692480
morph,withdraw_submit,27158337,1790028879000,0x666ce63e48113e6ab9656169601352e33e999583d1085a9cc67313cf3c0f767f,,0xb70cd06349a7d1e8dbcc1ba93a7c7e1d90265e6a,0xe7cd86e13ac4309349f30b3435a9d337750fc82d,254020000,,458011497180692480
morph,deposit,27158603,1790029343000,0xac9449f01c12807362ee96cbe787b2f9243eb2a16a48733f2ea5903d2d50e6b9,0xbb48553d0c9470eb429ba35acd350c4c242ee902,0xbb48553d0c9470eb429ba35acd350c4c242ee902,0xe7cd86e13ac4309349f30b3435a9d337750fc82d,2000000,2184,
morph,withdraw_final,27158641,1790029709000,0x5319665600e1d481238cfee322862e6e2270d72198a82657329f0714714f2b37,,,,,,458082080673234944
morph,withdraw_submit,27158853,1790029779000,0xab4dc7bf22273063fc7814e81b7723248874b961571e097be7038486412dc53f,,0xbb48553d0c9470eb429ba35acd350c4c242ee902,0xe7cd86e13ac4309349f30b3435a9d337750fc82d,1000000,,458082080673234944
morph,withdraw_final,27160506,1790032997000,0xc3f61ce837de3cf8e7f82933ad6b659188ddf24a61e9a092e1ac62c7164df952,,,,,,458336462996242432
morph,deposit,27160650,1790032876000,0x14d2717a6182c2599e27ced7d7ca491fa4b135caefb38c60ff36f02ad9df7dec,0xdc8d0408134e196784be39cad47673950f841af8,0xdc8d0408134e196784be39cad47673950f841af8,0xe7cd86e13ac4309349f30b3435a9d337750fc82d,5910000,2184,
morph,withdraw_submit,27160794,1790033080000,0x5183eb80e5ba8cc0ecc1ebff823d55086c6950be42c536324130a29db7f5d780,,0xac34c3ef168c820b17ce6240a7f2f49cf96d2c8a,0xe7cd86e13ac4309349f30b3435a9d337750fc82d,10950000,,458336462996242432
morph,deposit,27161371,1790034091000,0xb1f14b2c973b1f93b252ce4ac2a9a45fe2082f1db92f800e52e1efe6e45e097f,0x54d0a066eb9c33bc7bf66d1242a6df5bdf9052d9,0x54d0a066eb9c33bc7bf66d1242a6df5bdf9052d9,0xe7cd86e13ac4309349f30b3435a9d337750fc82d,4920000,2184,
morph,deposit,27161689,1790034661000,0x238f9e82395903fcfd8b2a257d68aa32c2f98afb28a1b5f827604a518047c4b4,0x5827239bc095c99d95dfa56494bebae6af2e2682,0x5827239bc095c99d95dfa56494bebae6af2e2682,0xe7cd86e13ac4309349f30b3435a9d337750fc82d,2000000,2184,
morph,withdraw_final,27162346,1790036075000,0x333bb6f320cab9fe0fc515c93fc914f43049bdd312f0f0db85bfdae0ef7c257f,,,,,,458574429950050304
morph,withdraw_submit,27162548,1790036141000,0xdd38c7d573e49a628ac092c38a6f868f4ed45214232ddf8a169b269ccd3ac64c,,0x54d0a066eb9c33bc7bf66d1242a6df5bdf9052d9,0xe7cd86e13ac4309349f30b3435a9d337750fc82d,3000000,,458574429950050304
morph,withdraw_final,27162550,1790036444000,0xa7bbd876246eaa0d55a78246532c45ffa2e706b501ccb752aba5d443b7c5a955,,,,,,458602776755175424
morph,withdraw_final,27162660,1790036639000,0x737e4633a7f3982d0c6d49c0a0935879555a1691ab8d420025dfa6aa175ed787,,,,,,458617860684513329
morph,withdraw_submit,27162786,1790036560000,0xdd4e5018afa2d796aa7458186b9a20cce1f1a88ad7bcccd8439611351f2a5e97,,0x7c63b8bf26f68ac54b18fd59b4d20fad1704c8de,0xe7cd86e13ac4309349f30b3435a9d337750fc82d,11030000,,458602776755175424
morph,withdraw_submit,27162889,1790036740000,0x9de402e542016cc153502c16d890c469c2b711ec74de01023863dc621a4d938a,,0xc904d46f5ac81bc44a0f9893c413960226e616cf,0xe7cd86e13ac4309349f30b3435a9d337750fc82d,11860000,,458617860684513329
morph,withdraw_final,27163683,1790038388000,0x01bfa86b7ae8ce4781fc307a4456f1b197059a7a7973d4baac0b0a31448d8756,,,,,,458752619578392639
morph,deposit,27163703,1790038126000,0x505bcbacfad2efff03f0569a9b754bbdd546fca09142225d0d1812dd96fb9812,0xec1f8de05dd21b043e919adff37d70bf9a1aedb5,0xec1f8de05dd21b043e919adff37d70bf9a1aedb5,0xe7cd86e13ac4309349f30b3435a9d337750fc82d,5900000,2184,
morph,withdraw_submit,27163918,1790038480000,0xc8cae197da835165aa300033832bce04145ddd51b19b503561b86a07578fb27b,,0x5fdaff323a84a9bcc094b5152818c26c910739d7,0xe7cd86e13ac4309349f30b3435a9d337750fc82d,3440000,,458752619578392639
morph,deposit,27164293,1790039040000,0x656def644dc3007ba61aa29e4d8a03aea75246dae614b3a5dddff5d6860ddcb4,0x81d6aa84bf3814426f659a4fd549b40a39c0535f,0x81d6aa84bf3814426f659a4fd549b40a39c0535f,0xe7cd86e13ac4309349f30b3435a9d337750fc82d,2250000,2184,
morph,deposit,27164472,1790039332000,0x363aadba26da207ef7cd9a0dc136d457987a1f05438663c727b54d5651bf6c69,0x16d46efd9f18c52d5b706ab1c7f1ac4f99e613d4,0x16d46efd9f18c52d5b706ab1c7f1ac4f99e613d4,0xe7cd86e13ac4309349f30b3435a9d337750fc82d,15000000,2184,
morph,deposit,27165144,1790040436000,0x961beb4c3600dc34b9bf675ea1a4f22df0e35bd7e298d0e1cfd96f151f542ba9,0xb0f72b07dba4befc9423bee451980bfe125d2395,0xb0f72b07dba4befc9423bee451980bfe125d2395,0xe7cd86e13ac4309349f30b3435a9d337750fc82d,29985902,2184,
morph,deposit,27166799,1790043350000,0x12b19ba4896d3796cfe9ab27e0359a10a19e54be8303436abf78e538fa346504,0xf568dc8dc4130244cb59ea2d7b4d07f657b53c97,0xf568dc8dc4130244cb59ea2d7b4d07f657b53c97,0xe7cd86e13ac4309349f30b3435a9d337750fc82d,916140000,2184,
morph,deposit,27166907,1790043522000,0x90f0b623ad00345d1da1f0859370c06e3b118431d4f002c4a22fb8a4cc9190db,0x3b4673471aad54ec2492bf898bc662a0de8baa9f,0x3b4673471aad54ec2492bf898bc662a0de8baa9f,0xe7cd86e13ac4309349f30b3435a9d337750fc82d,7840000,2184,
morph,withdraw_final,27167344,1790044614000,0x3d6bef6906dbba49b13f731116d4e12086b43a1d11ec9e5c67c60ee954710488,,,,,,459232874206330881
morph,withdraw_submit,27167581,1790044720000,0xfb5d3ad5676dde6233db27aa182eb9b2cbcdadfc89b4b1c9768ab366441f26a8,,0xbce1239f3bfb2b9735ee55d63167a8c6a50a6161,0xe7cd86e13ac4309349f30b3435a9d337750fc82d,9000000,,459232874206330881
morph,deposit,27167638,1790044822000,0x418d8b506ffd6a3e609b8e637530d8a59322a84c4579e094e5b4ae90785ba485,0x75026bd002dbf9ecd7c64684d381944a0eceb798,0x75026bd002dbf9ecd7c64684d381944a0eceb798,0xe7cd86e13ac4309349f30b3435a9d337750fc82d,499050000,2184,
morph,deposit,27167817,1790045152000,0x71995f02f7f260241f5200a657a07380d8c39a73641e30200b994d7c5fd1e8f5,0xebf1494b34f8f9c4a4cc40127b0dcfac88cc4d2d,0xebf1494b34f8f9c4a4cc40127b0dcfac88cc4d2d,0xe7cd86e13ac4309349f30b3435a9d337750fc82d,178370000,2184,
morph,deposit,27167875,1790045256000,0xacfd31a7ebb6160c42b4a1bc916545d3a7d8e33aefb06f6cfccd8d0355814587,0x9be38d07d4248a2a2788cb558f0f43dab2f807bb,0x9be38d07d4248a2a2788cb558f0f43dab2f807bb,0xe7cd86e13ac4309349f30b3435a9d337750fc82d,9990000,2184,
morph,withdraw_final,27168090,1790045932000,0x6f3950baec79f863499eccffde92dfb452b150712899290c990bd7a06e3d411f,,,,,,459334733650722816
morph,withdraw_submit,27168312,1790046040000,0x161f7d91972f75fba31546ef6233e5134afe6e41ad82dcbba9685b8b3fa945d5,,0xbce1239f3bfb2b9735ee55d63167a8c6a50a6161,0xe7cd86e13ac4309349f30b3435a9d337750fc82d,9000000,,459334733650722816
morph,withdraw_final,27168921,1790047376000,0xc20b880cb112684b0c67b46061ae38e7397e369fca7de2b828b75b57614a1489,,,,,,459446316913655808
morph,withdraw_submit,27169149,1790047480000,0xbb8cbbb938a3708cd7fb3e4854b9e72e9e7f2067f416b93a6d55656fda1999ef,,0x16d46efd9f18c52d5b706ab1c7f1ac4f99e613d4,0xe7cd86e13ac4309349f30b3435a9d337750fc82d,11940000,,459446316913655808
morph,deposit,27169497,1790048082000,0x99762139d9fc4d5ab4ab40bc06ce7df96678cd0ba998d82db82c18684053574c,0x780ccb9ddfffc7260cfb58c2012413e128699714,0x780ccb9ddfffc7260cfb58c2012413e128699714,0xe7cd86e13ac4309349f30b3435a9d337750fc82d,6720000,2184,
morph,withdraw_final,27169731,1790048804000,0x82172dffbbc142630066041d9b15f41b57af2e69f624346b2819c159334cbf71,,,,,,459556955279589376
morph,withdraw_final,27169795,1790048916000,0xed5d335446682d8f92b3061e61735abb8249397a83a7cfff76a9873295115abd,,,,,,459565631088361472
morph,withdraw_submit,27169965,1790048920000,0x2b395f1cfbbc62b59b5561a8c2a09a45435ef050642e191e9fdf7d676b884b1d,,0x14857096cba4c3512150bf87543c70fa75c3155e,0xe7cd86e13ac4309349f30b3435a9d337750fc82d,3000000,,459556955279589376
morph,withdraw_submit,27169998,1790048980000,0xd49fe73a0c6d983bea483e9674455e1020ba88651fc5e6de499dbdfc3fa380c1,,0x75026bd002dbf9ecd7c64684d381944a0eceb798,0xe7cd86e13ac4309349f30b3435a9d337750fc82d,496280000,,459565631088361472
morph,deposit,27170033,1790049044000,0x28cfe5eff64760274097e4c50e3c5a8819dded5da59ea83f5cf77417c4350b6a,0x73cb6a97b391bf43883da79fe5fd5829e06af2dd,0x73cb6a97b391bf43883da79fe5fd5829e06af2dd,0xe7cd86e13ac4309349f30b3435a9d337750fc82d,4310000,2184,
morph,deposit,27170425,1790049744000,0xeacb9109915f48587cda3b4f468c3e556c51521cb0d7be06a9eca4804e5822c1,0x5411840b266f78a8f51f1e3a03cfa149098d3557,0x5411840b266f78a8f51f1e3a03cfa149098d3557,0xe7cd86e13ac4309349f30b3435a9d337750fc82d,3333000000,2184,
morph,deposit,27170923,1790050626000,0xbd9e8bb8fcc48619ce86bbd7c4600a5dd0137c827cfc0bc73cb54862c8338833,0xd9ad3216ac22f0a17de11112d9d47f993810042c,0xd9ad3216ac22f0a17de11112d9d47f993810042c,0xe7cd86e13ac4309349f30b3435a9d337750fc82d,10000000,2184,
morph,withdraw_final,27171021,1790051104000,0x4332229d66e05d88dc0099eb0830e5d1ba296a00b7f5a7b1cf49f8dcd07ae0ce,,,,,,459734741151645696
morph,deposit,27171099,1790050942000,0xbb0861e6a9d468adcf694d40fec3f23d1057100f9aeb69886f5481dff77a38ad,0xbb48553d0c9470eb429ba35acd350c4c242ee902,0xbb48553d0c9470eb429ba35acd350c4c242ee902,0xe7cd86e13ac4309349f30b3435a9d337750fc82d,2000000,2184,
morph,withdraw_final,27171134,1790051309000,0x8852b16546a978cad82d1cd901f8693f96560c53db93296e3cd039de9d055c45,,,,,,459750941755703296
morph,withdraw_submit,27171238,1790051200000,0x54a363f20907fced54c6199fc30a3d73d8dba3d4b155ec2b75bdaf6a3ca6c25d,,0x4c085f93e60b25d3d1c1c8c4f3e4f8918e7d0a9d,0xe7cd86e13ac4309349f30b3435a9d337750fc82d,128900000,,459734741151645696
morph,deposit,27171254,1790051230000,0xac89d550669a01b0a0d7cba64e9a51b05354947bda4d33200702bbf4fd60fb4f,0x19ca59a9f6a0aebb8c4c7a3ae8de13aec3de9e9d,0x19ca59a9f6a0aebb8c4c7a3ae8de13aec3de9e9d,0xe7cd86e13ac4309349f30b3435a9d337750fc82d,7410000,2184,
morph,withdraw_final,27171299,1790051609000,0xc847d8a05652d74bdf9eae3c5e2b54724315cd3723dc8cda24a00c173ac41db4,,,,,,459773868312100929
morph,withdraw_submit,27171339,1790051380000,0x44c3025c1ef25742413d5bda01339a3f3b94037fce68e00e778dfa0cfc7e9938,,0xbb48553d0c9470eb429ba35acd350c4c242ee902,0xe7cd86e13ac4309349f30b3435a9d337750fc82d,1000000,,459750941755703296
morph,withdraw_submit,27171517,1790051680000,0x50c6ad4b2ba042b1960077fb919f4f701db51104044e0a6aac369e0217c13494,,0x5411840b266f78a8f51f1e3a03cfa149098d3557,0xe7cd86e13ac4309349f30b3435a9d337750fc82d,3413660000,,459773868312100929
morph,deposit,27171866,1790052322000,0xe8123f558f17376b5654dd6aba29470a1d6f5a8e91806e7f56c295fe29ae6036,0xf36e4157ee21218ebb3eefe4d5aa46226875029f,0xf36e4157ee21218ebb3eefe4d5aa46226875029f,0xe7cd86e13ac4309349f30b3435a9d337750fc82d,2000000,2184,
morph,withdraw_final,27171907,1790052696000,0x97bda909193475032ef7fd4941d02f10a4a27fc4dc6efb5c3be28e9ba5cef608,,,,,,459857714663653454
morph,withdraw_submit,27172129,1790052759000,0xf791fb7b19869360e3e70d9edc3eca3fdfdcbf1e0481172b4cef1510f011f98c,,0xf36e4157ee21218ebb3eefe4d5aa46226875029f,0xe7cd86e13ac4309349f30b3435a9d337750fc82d,11660000,,459857714663653454
morph,withdraw_final,27173316,1790054896000,0x040605c0c9b10e6f0c616bb757d30abaa6fa2e0fd5ed492072e8acc5044ad81b,,,,,,460027185483218954
morph,deposit,27173334,1790054628000,0x44debab63c9eae2893d44a6870317af9ca80d934356e8fb2da675791d60ab211,0x42dab93a4bb5e18ebe324affdc5e76f1046710bf,0x42dab93a4bb5e18ebe324affdc5e76f1046710bf,0xe7cd86e13ac4309349f30b3435a9d337750fc82d,60490000,2184,
morph,deposit,27173364,1790054652000,0x90ca28b40c5a2932f21604a3152c50d83dbf943794a57fc7493944a9f9e2ad61,0x85d55a481a18d3a334912363497eb022b332822c,0x85d55a481a18d3a334912363497eb022b332822c,0xe7cd86e13ac4309349f30b3435a9d337750fc82d,693780000,2184,
morph,withdraw_submit,27173605,1790054980000,0x5bb15fc95ce20d5985cb78472be42e2dea9ad42fd047aadd0a23fc727150883f,,0x53fb5f2212437693d6957a603840d253162ca84f,0xe7cd86e13ac4309349f30b3435a9d337750fc82d,1131620000,,460027185483218954
morph,deposit,27174827,1790056517000,0xcba2b59b8d2951104284caff127efdb18b17fcdbf1a8f02c458cc5df026683fb,0x53fb5f2212437693d6957a603840d253162ca84f,0x53fb5f2212437693d6957a603840d253162ca84f,0xe7cd86e13ac4309349f30b3435a9d337750fc82d,1131610000,2184,
morph,deposit,27175389,1790057340000,0xa8e741492df7fb726cbf9fa50f063516a6e48b74fe43a61cbe5f3ad271ec6531,0xbce1239f3bfb2b9735ee55d63167a8c6a50a6161,0xbce1239f3bfb2b9735ee55d63167a8c6a50a6161,0xe7cd86e13ac4309349f30b3435a9d337750fc82d,5000000,2184,
morph,withdraw_final,27175568,1790057958000,0x2260e17c08a908f24bcccc2ce778487025848f3ee1ac828d0f26a92bef873442,,,,,,460263683562405962
morph,deposit,27175747,1790057990000,0xb5d6fb68abe2fbfd088d247531b64a69213162a2f1852d1ce2e1bcf65f9a0b81,0xa55828e78cdc2c576a39acc17398e03bd5addf07,0xa55828e78cdc2c576a39acc17398e03bd5addf07,0xe7cd86e13ac4309349f30b3435a9d337750fc82d,1030000,2184,
morph,withdraw_submit,27175774,1790058040000,0x212a6be17c035f96f7fd4ae82cda5fe4c58731d1467977acbc852b1934bad1a9,,0x42dab93a4bb5e18ebe324affdc5e76f1046710bf,0xe7cd86e13ac4309349f30b3435a9d337750fc82d,59490000,,460263683562405962
morph,deposit,27176906,1790059965000,0x3f761e73c3ec40ae90c361d26ddd2622d40fd326e07811c62e7fcbf174f50d57,0x08be3cba82580aa42918e2b77c57a1f0375d43a3,0x08be3cba82580aa42918e2b77c57a1f0375d43a3,0xe7cd86e13ac4309349f30b3435a9d337750fc82d,10839641,2184,
morph,deposit,27176914,1790059978000,0xec6714cd73a3fd5b24ddb4e5c37d2842e31c8c89a88b9de5b064ae376a19bc99,0x28ad3ee6dc00566232c6c0eec4c8bb1112cee5c1,0x28ad3ee6dc00566232c6c0eec4c8bb1112cee5c1,0xe7cd86e13ac4309349f30b3435a9d337750fc82d,600000000,2184,
morph,deposit,27176933,1790060010000,0x89e31079cc43319932c8ea1582f02c0276993c2c18c5ecee80800f435fd2cfc9,0x929ff9b291ea441a4b070b2e0b94145800f2e0b0,0x929ff9b291ea441a4b070b2e0b94145800f2e0b0,0xe7cd86e13ac4309349f30b3435a9d337750fc82d,50000000,2184,
morph,deposit,27176996,1790060115000,0xc7daff78efbd8a8c1328de8910ac5b1e72a626336064b37e2f5ed522846fa724,0xbce1239f3bfb2b9735ee55d63167a8c6a50a6161,0xbce1239f3bfb2b9735ee55d63167a8c6a50a6161,0xe7cd86e13ac4309349f30b3435a9d337750fc82d,9987177,2184,
morph,deposit,27177085,1790060264000,0xbd264626d73a35004d9250ce0134754cd93e5b2714a32a4c22717cfa3a5b4747,0xe6a256b32a88d48f3ae74c647202c1a679ccee63,0xe6a256b32a88d48f3ae74c647202c1a679ccee63,0xe7cd86e13ac4309349f30b3435a9d337750fc82d,14110000,2184,
morph,deposit,27179261,1790063959000,0xc5d59e6fe16f81fe3e677789f1fa233dddb1038c5131c899d65ac05c15438b4c,0x9801336be557cf2bb23ec94c0482f83c12cb7a50,0x9801336be557cf2bb23ec94c0482f83c12cb7a50,0xe7cd86e13ac4309349f30b3435a9d337750fc82d,6990000,2184,
morph,deposit,27179598,1790064506000,0x5e55905842aa621e620d5754df35507513707fc5fb8942ac1604716f399e3bcc,0xc9b01775176fa410c8a3d0c9e3ccc6cbbc6fb5df,0xc9b01775176fa410c8a3d0c9e3ccc6cbbc6fb5df,0xe7cd86e13ac4309349f30b3435a9d337750fc82d,3170000,2184,
morph,deposit,27179804,1790064866000,0xe4f8355920c0691ce8c8e269dea05ca3cbd8d0a2ae494483371ca84ff12cf401,0xbce1239f3bfb2b9735ee55d63167a8c6a50a6161,0xbce1239f3bfb2b9735ee55d63167a8c6a50a6161,0xe7cd86e13ac4309349f30b3435a9d337750fc82d,1100000,2184,
morph,deposit,27180153,1790065504000,0x2d121d743b01ff6d5e4e73f65d6e1475af385dd723821e8e0eb7748ba0c0cf7b,0x7bf4d27e9bf1b9670e0bdacf8f5726389c8bad0c,0x7bf4d27e9bf1b9670e0bdacf8f5726389c8bad0c,0xe7cd86e13ac4309349f30b3435a9d337750fc82d,1010000,2184,
morph,deposit,27180199,1790065580000,0x7b627e4f81fdb8105a6b5823b09bc9f101e6f14539f1ca826718e9fd8c093b34,0x5374dd36167f71421cdba20009054a496647be14,0x5374dd36167f71421cdba20009054a496647be14,0xe7cd86e13ac4309349f30b3435a9d337750fc82d,1570000,2184,
morph,deposit,27181059,1790066742000,0x5a12e1c5c4d12eb6fba589841b7f9a6d09246868ecbd5967d81b96460d7002b4,0x24b520dd4432ed10ef2da190d512cf2d1c99cb2f,0x24b520dd4432ed10ef2da190d512cf2d1c99cb2f,0xe7cd86e13ac4309349f30b3435a9d337750fc82d,11720000,2184,
morph,withdraw_final,27181316,1790067398000,0x226cc5a60b2bd1a44311c8b2e115c3fc7a24e91c54f3cc57ef13e3e8713fea26,,,,,,460992496554475521
morph,deposit,27181431,1790067288000,0x82093c1a332fd19904b7fdf950268e59a400222e6bad32535f9ffa5868ca50fe,0xb37057bb91930edfb2af81c04a2d77207dcad154,0xb37057bb91930edfb2af81c04a2d77207dcad154,0xe7cd86e13ac4309349f30b3435a9d337750fc82d,24740000,2184,
morph,deposit,27181487,1790067384000,0x639e2dbd178df51ec2e7c92e58d7cbf536a28bd898874ea91b7ac2c856923175,0xd1b60c701d028340ea9880aacc20ed5729b86dda,0xd1b60c701d028340ea9880aacc20ed5729b86dda,0xe7cd86e13ac4309349f30b3435a9d337750fc82d,1000000,2184,
morph,withdraw_submit,27181533,1790067460000,0xd29016fde80390a558b32845e44efd8ea83509aaae6c21df9d3df6bf3ba0c1dd,,0xb0f72b07dba4befc9423bee451980bfe125d2395,0xe7cd86e13ac4309349f30b3435a9d337750fc82d,88560000,,460992496554475521
morph,deposit,27181692,1790067706000,0xe72630741dc82b5edd469b2087e877f69f4213588de96e616b7e3fbe6d0d8eed,0x9be38d07d4248a2a2788cb558f0f43dab2f807bb,0x9be38d07d4248a2a2788cb558f0f43dab2f807bb,0xe7cd86e13ac4309349f30b3435a9d337750fc82d,13987357,2184,
morph,deposit,27182823,1790069488000,0x1ddde1ce888d9732e368c9a8dffdc5c9b32e5d46901e2534884cd430db762997,0xdf3a2dd5441dd2825c90937bf75462666726b3dc,0xdf3a2dd5441dd2825c90937bf75462666726b3dc,0xe7cd86e13ac4309349f30b3435a9d337750fc82d,4880000,2184,
morph,deposit,27182840,1790069512000,0x49ce664cfdd76dae8683d6f202649d56a4e7e31762b34a06fb9a3e93c77767ad,0x95ca79acdd8a46efdf4663ca19d58516c816d531,0x95ca79acdd8a46efdf4663ca19d58516c816d531,0xe7cd86e13ac4309349f30b3435a9d337750fc82d,1660000,2184,
morph,deposit,27182996,1790069778000,0x827b4cb7bc7f042b9d95e4cceac797c1c14e36d0bbc5eafe38f0075183568174,0x06d44e76fafe5da972a98cbe1da7c1dd2ee20b54,0x06d44e76fafe5da972a98cbe1da7c1dd2ee20b54,0xe7cd86e13ac4309349f30b3435a9d337750fc82d,571700000,2184,
morph,deposit,27184183,1790071474000,0xf4c8680e3fbc30efbb104ca32ebc1b3466a015235e7e94ceec30461f14a01520,0x3fa8f1d5b45f0b26d18c1ebf319a303f9eed15df,0x3fa8f1d5b45f0b26d18c1ebf319a303f9eed15df,0xe7cd86e13ac4309349f30b3435a9d337750fc82d,26690000,2184,
morph,deposit,27184769,1790072448000,0x5addf4774825ad4372833ad597bbb2ee62a3094c1eea60c23696cd739cdc4436,0x05882215b284f4c5786fbdf2a04b3adef094f965,0x05882215b284f4c5786fbdf2a04b3adef094f965,0xe7cd86e13ac4309349f30b3435a9d337750fc82d,8110000,2184,
morph,deposit,27184827,1790072544000,0xbd11bf250d2b40e5615a757e06286ae9d1ead6c7e5efb841873d664eea8958c6,0xbb48553d0c9470eb429ba35acd350c4c242ee902,0xbb48553d0c9470eb429ba35acd350c4c242ee902,0xe7cd86e13ac4309349f30b3435a9d337750fc82d,2000000,2184,
morph,withdraw_final,27184870,1790072918000,0xd91a22a1e71e4c0ffb9b3fe866454ac384572de4a9fa6e9e95c0d0a9682d1f93,,,,,,461417835743150081
morph,deposit,27184903,1790072664000,0xe9a56caa61d77ca6e6cee521d027055a3c30b0f537339a5dbb602a0740f2f8c6,0x5ec9487f817a7e624245fd6749834c90a992bc24,0x5ec9487f817a7e624245fd6749834c90a992bc24,0xe7cd86e13ac4309349f30b3435a9d337750fc82d,9000000,2184,
morph,withdraw_submit,27185089,1790072980000,0x7adf110a15ab65ab098a25fdfd049963b94a644f5d9a84df62d2ca96c56cf91f,,0xbb48553d0c9470eb429ba35acd350c4c242ee902,0xe7cd86e13ac4309349f30b3435a9d337750fc82d,1000000,,461417835743150081
morph,withdraw_final,27185948,1790074740000,0x0aedd0bab4a2c30bce13a6cc83fa97d3d15930d23c0eb4a81988bda872dac761,,,,,,461558805163933696
morph,withdraw_submit,27186166,1790074840000,0x18f1f0a78b531deafa4eca286562248827844c59ec0a09cccafec197e26a626f,,0x9be38d07d4248a2a2788cb558f0f43dab2f807bb,0xe7cd86e13ac4309349f30b3435a9d337750fc82d,23140000,,461558805163933696
morph,deposit,27186774,1790075810000,0x1b68feba9d40f47cf7ca219a27120bbf2c8d190e11b09557720d5950fc3bb049,0x4de37c921c83f4a1c52695e10a93d08e70dcb44f,0x4de37c921c83f4a1c52695e10a93d08e70dcb44f,0xe7cd86e13ac4309349f30b3435a9d337750fc82d,41960000,2184,
morph,withdraw_final,27187036,1790076529000,0x6feb5b3b0eed1196a6ad7199e9bdd8ca1cf1cf55b84830f842775f10b9d502b9,,,,,,461697326457552897
morph,withdraw_submit,27187280,1790076641000,0x114f3f2812785fd2a3296ae589424d60313770bd185cc52711d69b2bee7a51ef,,0x05882215b284f4c5786fbdf2a04b3adef094f965,0xe7cd86e13ac4309349f30b3435a9d337750fc82d,7230000,,461697326457552897
morph,deposit,27187984,1790077930000,0x7ef9eaf3b7a26bc0d0a4eecff4954b54dcb588a4ea4403a207a8346f476c83a4,0x97ff9fb1a7b24021e8c70b5c1f50e6750dc6b625,0x97ff9fb1a7b24021e8c70b5c1f50e6750dc6b625,0xe7cd86e13ac4309349f30b3435a9d337750fc82d,4750000,2184,
morph,deposit,27188028,1790078006000,0x94b57ab5b503837c88a9088034122b3b6b8654be13e9eee17f80f9a55503e0a8,0x9801336be557cf2bb23ec94c0482f83c12cb7a50,0x9801336be557cf2bb23ec94c0482f83c12cb7a50,0xe7cd86e13ac4309349f30b3435a9d337750fc82d,8000000,2184,
morph,deposit,27188087,1790078106000,0x99fdbdde24df231b09d3e33a58e986002bb8422151ab8109462412974ace7d56,0x9801336be557cf2bb23ec94c0482f83c12cb7a50,0x9801336be557cf2bb23ec94c0482f83c12cb7a50,0xe7cd86e13ac4309349f30b3435a9d337750fc82d,3240000,2184,
morph,deposit,27188453,1790078716000,0x6a7bd15446f0f94a1cd20eaddeeafc8f919f26add95cabc4cb79ce4c2d4d917a,0x9801336be557cf2bb23ec94c0482f83c12cb7a50,0x9801336be557cf2bb23ec94c0482f83c12cb7a50,0xe7cd86e13ac4309349f30b3435a9d337750fc82d,9710000,2184,
morph,deposit,27188483,1790078768000,0x24ebcacb4521f4fe5852f59a68ab58e5682769e76869265b08b9420e2071366c,0x9801336be557cf2bb23ec94c0482f83c12cb7a50,0x9801336be557cf2bb23ec94c0482f83c12cb7a50,0xe7cd86e13ac4309349f30b3435a9d337750fc82d,10600000,2184,
morph,deposit,27189001,1790079624000,0xa962f574d9066d98b177d14010d0b6a908372d9f8dc1fe34c34a286cdc1c92b2,0x7cb7f62cfd93111f6ac32d7b7feac25e934d536a,0x7cb7f62cfd93111f6ac32d7b7feac25e934d536a,0xe7cd86e13ac4309349f30b3435a9d337750fc82d,120000000,2184,
morph,deposit,27189254,1790080041000,0xf9915d3d7a5f2285cbbb608227353427270532e899f342f3d0b72bc38d8b18d7,0xeb754e75ce5251f75c72e1bd289324c474aba27e,0xeb754e75ce5251f75c72e1bd289324c474aba27e,0xe7cd86e13ac4309349f30b3435a9d337750fc82d,5330000,2184,
morph,deposit,27190321,1790081264000,0xc32e5dfd6f4ecfdc8dd514fc650a90ec6a3a579d96a358c44e85c0be6984fc78,0x62eab90d58b2d2a8b4492f2a409c812446820517,0x62eab90d58b2d2a8b4492f2a409c812446820517,0xe7cd86e13ac4309349f30b3435a9d337750fc82d,186850000,2184,
morph,deposit,27190791,1790081680000,0x563c8c66d37cb55b5b19b6b2c5e7382ebd8490ee4fba198077362f01dd6bd1ad,0xe7f33d7fc656226f5f586fec3e97b4fb8fe03dde,0xe7f33d7fc656226f5f586fec3e97b4fb8fe03dde,0xe7cd86e13ac4309349f30b3435a9d337750fc82d,2730000,2184,
morph,deposit,27190900,1790081776000,0xc9d1f73558bf06441c9a164d62b5c172fd628f48333bd929b919a9e2de101610,0xe644ad1ef6c5d6fa322ffd82a9406e9305889f3e,0xe644ad1ef6c5d6fa322ffd82a9406e9305889f3e,0xe7cd86e13ac4309349f30b3435a9d337750fc82d,39750000,2184,
morph,deposit,27191091,1790082034000,0xb2777f927247dda75ee4870ff1d10ef7609a0a65c23921f872f0f27b3efc0a00,0xe7f33d7fc656226f5f586fec3e97b4fb8fe03dde,0xe7f33d7fc656226f5f586fec3e97b4fb8fe03dde,0xe7cd86e13ac4309349f30b3435a9d337750fc82d,4390000,2184,
morph,deposit,27191650,1790082790000,0x644f621400fd5c638e93f95208ffce1628f1ac37030f877cc2b01873d9d21471,0x09881f4e63fde249540deea282a9bcdc698a71fa,0x09881f4e63fde249540deea282a9bcdc698a71fa,0xe7cd86e13ac4309349f30b3435a9d337750fc82d,39820000,2184,
morph,deposit,27191799,1790083006000,0x0b2a442b5e88da14c5b9ccb8fc55191194f08cc440725c19856fb9a7f3b54246,0x590d647f6097a89e7626bc0e51a5a5b07a7b6fa5,0x590d647f6097a89e7626bc0e51a5a5b07a7b6fa5,0xe7cd86e13ac4309349f30b3435a9d337750fc82d,2110264753,2184,
morph,deposit,27192432,1790083798000,0xb7e59a825b5cb33fae1ac4147099e825f910035a2958c8bccc8e787566b152a7,0xc6e2b6c5638ea032216581cdfb09cb12e2c4f5c1,0xc6e2b6c5638ea032216581cdfb09cb12e2c4f5c1,0xe7cd86e13ac4309349f30b3435a9d337750fc82d,21000000,2184,
morph,deposit,27192959,1790084486000,0xb68098bbd62ab688f3153060e040e6fd05a46e37d6b67b0d36004cfb0ea67f3c,0xb2f8c0c7d9fdb412a8a157603d0cc6604d873de2,0xb2f8c0c7d9fdb412a8a157603d0cc6604d873de2,0xe7cd86e13ac4309349f30b3435a9d337750fc82d,4140000,2184,
morph,deposit,27193219,1790084906000,0x57d8526ae2af7ce4204547417cf09177000c4a4db4ddd831ce203b75d7e5016c,0x6410ea2a25b3f0ca948ff874a9b6389d85784329,0x6410ea2a25b3f0ca948ff874a9b6389d85784329,0xe7cd86e13ac4309349f30b3435a9d337750fc82d,82580000,2184,
morph,deposit,27193219,1790084906000,0x72a23faf8510d22af453e47ce205eee51e2311cd6d224937a3a24cd3e48ad0c9,0x2330a8bb1cc020a534d49dd281f831366a1e5cb9,0x2330a8bb1cc020a534d49dd281f831366a1e5cb9,0xe7cd86e13ac4309349f30b3435a9d337750fc82d,2000000,2184,
morph,deposit,27193575,1790085492000,0x063abdb0ccf05dc997034f10c11458188cd9d924f41a913925d6dce7bf732df4,0x2330a8bb1cc020a534d49dd281f831366a1e5cb9,0x2330a8bb1cc020a534d49dd281f831366a1e5cb9,0xe7cd86e13ac4309349f30b3435a9d337750fc82d,1000000,2184,
morph,deposit,27194748,1790087316000,0x9843cfafca9062953553c373127b3fa1f40b6e4e85f0eaba5ac26cec717ab7c1,0xa79a29dceaf93272296708bb6fc20752fc5b5659,0xa79a29dceaf93272296708bb6fc20752fc5b5659,0xe7cd86e13ac4309349f30b3435a9d337750fc82d,36370000,2184,
morph,deposit,27194922,1790087566000,0xea25af617d836ad91bbef654e6bce77441653c673ea8b04750367546be3ade37,0xf03aeee3a8daa22cc5d870c21e03b2bb3963491f,0xf03aeee3a8daa22cc5d870c21e03b2bb3963491f,0xe7cd86e13ac4309349f30b3435a9d337750fc82d,20860000,2184,
morph,withdraw_final,27195521,1790088656000,0x34f4dd5ceb02e2269a2ca5902b3eb3bf8cffd82e88bfdc92e460d5bfb20ed3a3,,,,,,462629935643623424
morph,withdraw_submit,27195773,1790088760000,0xb3ae13b8f7223feb7d9441d3f2794a09a4dc8cbc7149a01e90317e54e3a17417,,0x09881f4e63fde249540deea282a9bcdc698a71fa,0xe7cd86e13ac4309349f30b3435a9d337750fc82d,37750000,,462629935643623424
morph,deposit,27195850,1790088886000,0xe9ff3abac5c7be0ed6ef7bb60cbdb1594755743cc5f7681502c7c096ba281ba1,0xa4a756f31db6168f79620771d86bc920f5954833,0xa4a756f31db6168f79620771d86bc920f5954833,0xe7cd86e13ac4309349f30b3435a9d337750fc82d,13632384,2184,
morph,deposit,27196030,1790089099000,0xf274c5c615e002cf456d581e68aa35c851ee19c4b53ea4d9273895afbc120bb6,0x63dc3eba762ff4ba66d2f837d2ad6a81ac2d3243,0x63dc3eba762ff4ba66d2f837d2ad6a81ac2d3243,0xe7cd86e13ac4309349f30b3435a9d337750fc82d,4550000,2184,
morph,deposit,27196105,1790089164000,0x4e0cdea44ae3e33eb2e7d14b9ffd473c7d2a34ccb7ed5a0f9e30a4ea6205fdad,0xeb754e75ce5251f75c72e1bd289324c474aba27e,0xeb754e75ce5251f75c72e1bd289324c474aba27e,0xe7cd86e13ac4309349f30b3435a9d337750fc82d,3310000,2184,
morph,deposit,27196220,1790089336000,0xe58b80f2cfac8bed55894422808e05040ed55498ae93405e56e48cefc3dcac96,0x69374c15e185d49d3db846697c253d5d1f8bf5f8,0x69374c15e185d49d3db846697c253d5d1f8bf5f8,0xe7cd86e13ac4309349f30b3435a9d337750fc82d,310840000,2184,
morph,withdraw_final,27196392,1790089893000,0xf2291b5f58eadb2149a76b4b6121037ac81de8bdac2bb69bc7924d290f785599,,,,,,462725189424119808
morph,deposit,27196444,1790089678000,0x2f256324f63f0e395aba660f2c567ec67306c6e19c31795c68beba32f669b43a,0x9801336be557cf2bb23ec94c0482f83c12cb7a50,0x9801336be557cf2bb23ec94c0482f83c12cb7a50,0xe7cd86e13ac4309349f30b3435a9d337750fc82d,10930000,2184,
morph,withdraw_submit,27196605,1790089960000,0x2307f812b51871c82252550a1950dbfa02cf56ec60d393b628d834b194b9b936,,0xa79a29dceaf93272296708bb6fc20752fc5b5659,0xe7cd86e13ac4309349f30b3435a9d337750fc82d,34080000,,462725189424119808
morph,withdraw_final,27196663,1790090368000,0x54752bb479bdbef15a1a77f9d6c373673b3df24c52986043f13f6418912a2515,,,,,,462761816930386004
morph,withdraw_submit,27196890,1790090440000,0x284cb2c474e31798913aabfc4aa8fbbed6e059c07e8ef0fe12f1cb917f04e353,,0xf03aeee3a8daa22cc5d870c21e03b2bb3963491f,0xe7cd86e13ac4309349f30b3435a9d337750fc82d,13870000,,462761816930386004
morph,deposit,27197088,1790090766000,0x516a2636c2a5125c4285bb35dd9da80e16d4b9977adf7e2f88e558159e8b76d8,0x02390402811231a9a23f3593b5e48d3c53bb9f67,0x02390402811231a9a23f3593b5e48d3c53bb9f67,0xe7cd86e13ac4309349f30b3435a9d337750fc82d,56430000,2184,
morph,withdraw_final,27197312,1790091424000,0xbcd4a622b2a045f88a943b2758d1053421e893726ce90f8b8df3b1d4acf5ee99,,,,,,462843541551316993
morph,withdraw_final,27197341,1790091462000,0x0a4fa3e594ae99affe82ee8f66c17bfa356655c4311e9a4cebbc56853c7fec30,,,,,,462846496505593887
morph,withdraw_submit,27197581,1790091520000,0x827555e1e2926c91c41adbeee4cc9c9b10387e817a3f020d5fe504cba03c67e4,,0xa4a756f31db6168f79620771d86bc920f5954833,0xe7cd86e13ac4309349f30b3435a9d337750fc82d,12630000,,462843541551316993
morph,withdraw_submit,27197581,1790091520000,0x827555e1e2926c91c41adbeee4cc9c9b10387e817a3f020d5fe504cba03c67e4,,0x02390402811231a9a23f3593b5e48d3c53bb9f67,0xe7cd86e13ac4309349f30b3435a9d337750fc82d,1000000,,462846496505593887
morph,withdraw_final,27197856,1790092150000,0x2283c72e6980c60ecc87fe41050c0e56f0eba19cd45ab9303df2c214a4c7d385,,,,,,462899316013400097
morph,withdraw_submit,27198172,1790092240000,0x37df023a1922dee3a90902c32b821566baddc06ebdc5482ac7b12b296290fbb3,,0x02390402811231a9a23f3593b5e48d3c53bb9f67,0xe7cd86e13ac4309349f30b3435a9d337750fc82d,49000000,,462899316013400097
morph,deposit,27199332,1790094144000,0xc86c041923df0f40333c8701dddcdffd95ca1136e9fa77f4a8719f6777afd32c,0xbb48553d0c9470eb429ba35acd350c4c242ee902,0xbb48553d0c9470eb429ba35acd350c4c242ee902,0xe7cd86e13ac4309349f30b3435a9d337750fc82d,2000000,2184,
morph,withdraw_final,27199372,1790094506000,0xe2bc0a7e6d46a01ecb186c72fcd630ad22731da0242461ffea98f1f16b2f9def,,,,,,463080692461338624
morph,withdraw_submit,27199586,1790094580000,0x732552ac7501fa4ea0352bb2f7d394b5c34bd09452f2af25736b09f8039dbb7c,,0xbb48553d0c9470eb429ba35acd350c4c242ee902,0xe7cd86e13ac4309349f30b3435a9d337750fc82d,1000000,,463080692461338624
morph,deposit,27200454,1790096140000,0xa4a544739bf44efabfdaecfb50e93d1a5d6c99fdef47b06c1e16842613b487aa,0xc388ff24d5b0a8df21b302e9adc7e7321f8311e1,0xc388ff24d5b0a8df21b302e9adc7e7321f8311e1,0xe7cd86e13ac4309349f30b3435a9d337750fc82d,9830000,2184,
morph,withdraw_final,27200672,1790096836000,0xb372cc58785699e50e0591efad36e042ad4bc2de010be380415a2f91a8907236,,,,,,463260282223853568
morph,withdraw_submit,27200880,1790096920000,0xbe16105898488a30a823d4a1470d367589ff74ca8fc6b49701e6d33bf2a2f837,,0x6ce33193dee9c5979ede0c24f77e8afcec9bd6ea,0xe7cd86e13ac4309349f30b3435a9d337750fc82d,59000000,,463260282223853568
morph,deposit,27201525,1790098094000,0xf4109aa15bbe1cf95dd56da9f22c34959b906d6e30c3f3265e4e9f01a26b9eba,0xf50ae48d887f1737f0e352818338e29e64896032,0xf50ae48d887f1737f0e352818338e29e64896032,0xe7cd86e13ac4309349f30b3435a9d337750fc82d,6640000,2184,
morph,withdraw_final,27202365,1790099697000,0x67a70bc26680ea5823b33821e98eb8c3885679485086be55cb34ca56bea9d76b,,,,,,463480949057781760
morph,withdraw_submit,27202607,1790099800000,0x64c8058d45dcc69b7767e5ee7f15d0946c827b2471cd17e9f5401a0b420eac91,,0x1fe97daea9b3f817c82a08f321e81cbba2075d73,0xe7cd86e13ac4309349f30b3435a9d337750fc82d,26320000,,463480949057781760
morph,deposit,27202675,1790099922000,0x6e668e5209380c7012e7d4e83f7a1c93adc0f419c5045682574e602ab80ed56e,0x12e446fa3b092ecc16a7ca3df2712c4e74242218,0x12e446fa3b092ecc16a7ca3df2712c4e74242218,0xe7cd86e13ac4309349f30b3435a9d337750fc82d,32000000,2184,
morph,deposit,27202700,1790099964000,0xf8d361a38f090ad29a2940f08981568bc96b3bdeee45449d8da7cdabe24e3f6b,0x12e446fa3b092ecc16a7ca3df2712c4e74242218,0x12e446fa3b092ecc16a7ca3df2712c4e74242218,0xe7cd86e13ac4309349f30b3435a9d337750fc82d,18000000,2184,
morph,deposit,27202854,1790100236000,0xde395201b5b5dca326a2b5bb191249e00b9729c6ea701f3cb2a7c31d62e750bc,0x62eab90d58b2d2a8b4492f2a409c812446820517,0x62eab90d58b2d2a8b4492f2a409c812446820517,0xe7cd86e13ac4309349f30b3435a9d337750fc82d,302120000,2184,
morph,deposit,27203015,1790100530000,0x3a69033913329b14b8658963dd0416fc3756299aa5fcf88fd6aca7edfdc2dd6d,0x77f7822d8dca53e0b7cf78a9291b270e3dab9820,0x77f7822d8dca53e0b7cf78a9291b270e3dab9820,0xe7cd86e13ac4309349f30b3435a9d337750fc82d,1110000,2184,
morph,withdraw_final,27203386,1790101504000,0xe437e08ea308d4c6eae54718065278a304049afae9d670012c2203eb57561deb,,,,,,463620449587167232
morph,withdraw_submit,27203609,1790101600000,0x8f61fe905bd076977ad91830a84fc51d9bf9b6a17d751274d384ca31045902b4,,0xc6e2b6c5638ea032216581cdfb09cb12e2c4f5c1,0xe7cd86e13ac4309349f30b3435a9d337750fc82d,19340000,,463620449587167232
morph,deposit,27204447,1790103122000,0x528ab93379366a9cc60787f23f81476546bd326fa541870bf41a14d69ed4bde2,0x64cccad77bf430158d2ee19ed46fbe9a4169a45c,0x64cccad77bf430158d2ee19ed46fbe9a4169a45c,0xe7cd86e13ac4309349f30b3435a9d337750fc82d,1520000,2184,
morph,withdraw_final,27204487,1790103499000,0xfd2351ad42b687a62e89e9d37ea7961eb51fc0371b7c06b9c7993bd4adf4437a,,,,,,463774218023075840
morph,withdraw_submit,27204694,1790103580000,0x444d43529d048299a9d51624685d1902fd1d4f92d54353cff23ba32ec8959c02,,0xf2e87e8c72805fcdcfafef40d48acc470f4c2675,0xe7cd86e13ac4309349f30b3435a9d337750fc82d,464850000,,463774218023075840
morph,deposit,27205236,1790104574000,0xa71189e02939a6a230f1c5585dbc204ade8cc31f0706957c31d93df2a74db311,0xb9f40b16bd9dc306de0a746566a46f3a722804d3,0xb9f40b16bd9dc306de0a746566a46f3a722804d3,0xe7cd86e13ac4309349f30b3435a9d337750fc82d,208450000,2184,
morph,withdraw_final,27205996,1790106184000,0xe23bd709b0d1f26ef23385d9b1f577a4f2b800f8e4bd2a0b53abc1d7b20c8bd5,,,,,,463981965582794754
morph,withdraw_submit,27206238,1790106279000,0xeec2b200e370ea02994e9e4da2ceeda6379b81b58e9e811a6dd0de99d0346bdd,,0xb9f40b16bd9dc306de0a746566a46f3a722804d3,0xe7cd86e13ac4309349f30b3435a9d337750fc82d,206690000,,463981965582794754
morph,deposit,27206406,1790106586000,0xb43fe55f5e6bdba46bc881953b7948c7abc61d20b0a0a4036e84609cece03019,0xb2f8c0c7d9fdb412a8a157603d0cc6604d873de2,0xb2f8c0c7d9fdb412a8a157603d0cc6604d873de2,0xe7cd86e13ac4309349f30b3435a9d337750fc82d,30000000,2184,
morph,deposit,27207260,1790108028000,0x87634607fa9a65362fa4e5a2fad4bb68b7088ff0cf09b70ecda282991407c111,0xbc925462448fc42f7b66c9fefa00064802b6e23a,0xbc925462448fc42f7b66c9fefa00064802b6e23a,0xe7cd86e13ac4309349f30b3435a9d337750fc82d,494460000,2184,
morph,deposit,27207607,1790108646000,0xdcf020d95daff5837643ba808d8daa736a25e796c3d5b3f2cdd4df6fcb783bc0,0x76b13885484b77af206ed9a4242a6355f43a331d,0x76b13885484b77af206ed9a4242a6355f43a331d,0xe7cd86e13ac4309349f30b3435a9d337750fc82d,1060000,2184,
morph,deposit,27208151,1790109664000,0x740e6cf90d0d614f6c4eaffdbb2379b99c9d79d72836b015012c0b795f2871fb,0xd4d0bdd6dec7b3f322244e8849697ecaec15d3cf,0xd4d0bdd6dec7b3f322244e8849697ecaec15d3cf,0xe7cd86e13ac4309349f30b3435a9d337750fc82d,9970000,2184,
morph,withdraw_final,27208527,1790110674000,0xf0da12cebcd943f3658f5cd2dfba8e12575112a23d923106269c35c2572d1e96,,,,,,464329050471530496
morph,withdraw_submit,27208742,1790110780000,0x689031bb9ceadd6c122c6293cd0abf4f7483fd12582aa03f9d477a1cea868457,,0xc388ff24d5b0a8df21b302e9adc7e7321f8311e1,0xe7cd86e13ac4309349f30b3435a9d337750fc82d,3590000,,464329050471530496
morph,withdraw_final,27210982,1790115296000,0x05a14e4afe11167dbf7fa7ee7863479ab5d0f2a57c02cf0faeaba0dc4bc84ccc,,,,,,464686331641987072
morph,withdraw_submit,27211203,1790115400000,0x2fe01e3a4143ac24f5c6c1a7194fc42b7327e6796fd70c0da209b9a6a2f25d12,,0xa0650eb5cac74b797bc060c89667bc160621de96,0xe7cd86e13ac4309349f30b3435a9d337750fc82d,2736680000,,464686331641987072
morph,deposit,27211350,1790115676000,0xaa9562c197418f2ea35d93104fe60e0805514949e76fe734cfdd7c2a7d3bb353,0xccdef7cbbee8ac605372a1a7e6818b76813a9fd6,0xccdef7cbbee8ac605372a1a7e6818b76813a9fd6,0xe7cd86e13ac4309349f30b3435a9d337750fc82d,3000000,2184,
morph,deposit,27213935,1790120056000,0x7a14a6df9a83490074396925dbc444c75e38504e3f0e8688f3136ad9669f21bb,0xdc25f0288fce5753d8cec8648416c831104cf51a,0xdc25f0288fce5753d8cec8648416c831104cf51a,0xe7cd86e13ac4309349f30b3435a9d337750fc82d,116420000,2184,
morph,deposit,27215093,1790122224000,0x9529a761f6ac4a193e6b489de66cbd7ea1f5541ad2a504d7ca168c91bff64cc1,0x39cc88149d7fe37055f42b1238eb931e7180b266,0x39cc88149d7fe37055f42b1238eb931e7180b266,0xe7cd86e13ac4309349f30b3435a9d337750fc82d,66900000,2184,
morph,withdraw_final,27215094,1790122525000,0xa5b2c67ffa9300e92b97638c9ad50d604a2a70972ee85a8875d9d30332f1de29,,,,,,465244754678906880
morph,withdraw_submit,27215298,1790122599000,0xef502155c85ece86717b73b77974e998815ae552041ac514c7eca4c4ad7a69dd,,0x32ae519410ddbf5185ec1790a92a971cb35cc399,0xe7cd86e13ac4309349f30b3435a9d337750fc82d,1900000,,465244754678906880
morph,deposit,27215658,1790123242000,0xe726b0582abfec6bc23e5fc13ad22b101313476af51fe1006c00b038636ff00b,0x32ae519410ddbf5185ec1790a92a971cb35cc399,0x32ae519410ddbf5185ec1790a92a971cb35cc399,0xe7cd86e13ac4309349f30b3435a9d337750fc82d,2000000,2184,
morph,withdraw_final,27217995,1790127695000,0xae41165793eb6ece8c63587241a9c0570cf66f968e4bdecb5716e5ee0148d21d,,,,,,465644324072194048
morph,withdraw_submit,27218197,1790127760000,0x9cc697e4244953f2c56299a92b1ab2f9b62443633615f3a20064f43b32e23ffe,,0x63b8ce95fd1231dedda70531288e67fa634cb038,0xe7cd86e13ac4309349f30b3435a9d337750fc82d,360050000,,465644324072194048
morph,withdraw_final,27218425,1790128484000,0x50f77b90bc4d601b063abafbad6e4d9c2ca655cb22fb0ec1479b0cd0b65386d8,,,,,,465705286867353623
morph,withdraw_final,27218426,1790128486000,0x8421cc4b1c28b220371bdce72d1a379f0e423407e450a810cf6228d376d8ea96,,,,,,465705321197731840
morph,withdraw_final,27218446,1790128512000,0x5ae86a32f9f5ee89b6e86d130356c95ab4c22cc94a11cb46a20ac3de7b79ec4c,,,,,,465707271129661440
morph,withdraw_submit,27218652,1790128600000,0x33930d194df053c34ea15696a76fc71f28f4e55de35d0a10fae15d83a804917b,,0x3fa8f1d5b45f0b26d18c1ebf319a303f9eed15df,0xe7cd86e13ac4309349f30b3435a9d337750fc82d,19940000,,465705286867353623
morph,withdraw_submit,27218652,1790128600000,0x33930d194df053c34ea15696a76fc71f28f4e55de35d0a10fae15d83a804917b,,0x69374c15e185d49d3db846697c253d5d1f8bf5f8,0xe7cd86e13ac4309349f30b3435a9d337750fc82d,309840000,,465705321197731840
morph,withdraw_submit,27218652,1790128600000,0x33930d194df053c34ea15696a76fc71f28f4e55de35d0a10fae15d83a804917b,,0xdf3a2dd5441dd2825c90937bf75462666726b3dc,0xe7cd86e13ac4309349f30b3435a9d337750fc82d,46650000,,465707271129661440
morph,deposit,27219093,1790129404000,0xec907fbf0694a4e3192d8666da567cde0d4e1f257447d9c275bb52a0439a819a,0x7a95b8d70f6b9277635abeb6f2a68c9d5e4cdc4d,0x7a95b8d70f6b9277635abeb6f2a68c9d5e4cdc4d,0xe7cd86e13ac4309349f30b3435a9d337750fc82d,2110000,2184,
morph,withdraw_final,27219647,1790130727000,0xbe958132917987c57ca191ab6038958ad37c7c12afb17494eeda1bd98f795d9c,,,,,,465878898010226688
morph,deposit,27219853,1790130796000,0x01ce80b95337f161397cdb987d1904c9116838e86d50d734d0b85d32f2042f0f,0x64c2ae63407963f70c20e70bdba782c2bbf1ee6f,0x64c2ae63407963f70c20e70bdba782c2bbf1ee6f,0xe7cd86e13ac4309349f30b3435a9d337750fc82d,5000000000,2184,
morph,withdraw_submit,27219866,1790130820000,0x2184fd7960fba9ba0c593c3dd4bdbf3d0a68129605b66635ce0dd971ac1784f7,,0x28ad3ee6dc00566232c6c0eec4c8bb1112cee5c1,0xe7cd86e13ac4309349f30b3435a9d337750fc82d,1000000,,465878898010226688
morph,withdraw_final,27220226,1790131733000,0x642a33ee7226e27a8ee66ccab6c02e6a360b558f1b1a2ac3843e7cfb89734c4a,,,,,,465956602558545920
morph,withdraw_submit,27220470,1790131840000,0x0e72a4ffe3b75f0995d6988cbf21071957c5778d44decd076c0bf509f02126fc,,0x28ad3ee6dc00566232c6c0eec4c8bb1112cee5c1,0xe7cd86e13ac4309349f30b3435a9d337750fc82d,1000000,,465956602558545920
morph,deposit,27220579,1790132039000,0xbf4e674130d6a350f30668b4685488ddc753097e943156ca1e397391851733c4,0x63b8ce95fd1231dedda70531288e67fa634cb038,0x63b8ce95fd1231dedda70531288e67fa634cb038,0xe7cd86e13ac4309349f30b3435a9d337750fc82d,360140000,2184,
morph,deposit,27221223,1790133200000,0x10aca966ff50f24c8334748690e293005d0fc3f1513ae8c62e32a66953117d29,0xa55828e78cdc2c576a39acc17398e03bd5addf07,0xa55828e78cdc2c576a39acc17398e03bd5addf07,0xe7cd86e13ac4309349f30b3435a9d337750fc82d,1810000,2184,
morph,deposit,27221690,1790133848000,0x64cea25d75c25bb102475dfe1f74cc81703a2f22f329e6bdd42bbd4c3874ba2f,0xaa5530995b4a406d8a8b4497e6228af6d204baa1,0xaa5530995b4a406d8a8b4497e6228af6d204baa1,0xe7cd86e13ac4309349f30b3435a9d337750fc82d,16370000,2184,
morph,deposit,27221980,1790134342000,0xd50141980badf62ce3d0d885d80c5f65b060677daaa762864242ee81b3679a3a,0x64172608d5666f4762230258868013a12e1bfb9b,0x64172608d5666f4762230258868013a12e1bfb9b,0xe7cd86e13ac4309349f30b3435a9d337750fc82d,42740000,2184,
morph,deposit,27222255,1790134790000,0x689e97de7dd99c441ba00eb7e0da486133e6f7b8dde604b68f50f7ee2cc14453,0x3fa8f1d5b45f0b26d18c1ebf319a303f9eed15df,0x3fa8f1d5b45f0b26d18c1ebf319a303f9eed15df,0xe7cd86e13ac4309349f30b3435a9d337750fc82d,55600000,2184,
morph,withdraw_final,27223956,1790137533000,0x1d1da61e1e53e0b4faedc451201946eb269980a944d805b254a7a22be9e48699,,,,,,466404825366528000
morph,deposit,27224140,1790137501000,0x27dda263283b63ebd276b841d9f304ece2bddecb2f04a8fc9e77b4c2b4f709c2,0x2444b4ad5acd7e0578848403ef2a6a985498ecf0,0x2444b4ad5acd7e0578848403ef2a6a985498ecf0,0xe7cd86e13ac4309349f30b3435a9d337750fc82d,144970000,2184,
morph,withdraw_submit,27224249,1790137600000,0x4cfc8b4ab0a6ce783aa1501841299b53deb03cdcd81ff62b2da1999c51b163f1,,0xeb754e75ce5251f75c72e1bd289324c474aba27e,0xe7cd86e13ac4309349f30b3435a9d337750fc82d,6100000,,466404825366528000
morph,deposit,27224259,1790137608000,0x37a9d7472ce521a17d5cca076a4bd72450b90a0e8c04dcdd5cbc88a55da003c4,0x2ef492a9aba4f8fd3aa9424c9e7653574e09713a,0x2ef492a9aba4f8fd3aa9424c9e7653574e09713a,0xe7cd86e13ac4309349f30b3435a9d337750fc82d,17370000,2184,
morph,deposit,27224353,1790137688000,0x89b0b9445159cf3042a312d86d813e9b0a96e9858ee76e370fe08ae184b27fc4,0x4c81b3fb6d903fce7c73ed5ac70277a79b948743,0x4c81b3fb6d903fce7c73ed5ac70277a79b948743,0xe7cd86e13ac4309349f30b3435a9d337750fc82d,245610000,2184,
morph,withdraw_final,27225239,1790138753000,0xd20dce4153e505d2ed4c7a0e133702418a1d3185886fc5450432534fc9e360d4,,,,,,466499357579935744
morph,withdraw_submit,27225716,1790138859000,0x35111924a16ab03eef2da476a4f7f5a4e1695964b61cfc1825018a625b03de20,,0xf50ae48d887f1737f0e352818338e29e64896032,0xe7cd86e13ac4309349f30b3435a9d337750fc82d,1480000,,466499357579935744
morph,deposit,27226709,1790139738000,0x281c1db79039fcf4a5b2ec1f7f95306a1e873a3342e53e88693fccfcac844c86,0xce90307a545f8f799ef9d54d7883317429c4fd90,0xce90307a545f8f799ef9d54d7883317429c4fd90,0xe7cd86e13ac4309349f30b3435a9d337750fc82d,314800000,2184,
morph,withdraw_final,27226822,1790140186000,0x81e55f346e927775004d5b39c732ca9116b947ec3875eb1d794d10150a458168,,,,,,466610004519026688
morph,deposit,27226988,1790140150000,0x9b5f9880dd3936299dbbd92208a799c679ffaaf04202da45f2cfff65b72033d4,0x6410ea2a25b3f0ca948ff874a9b6389d85784329,0x6410ea2a25b3f0ca948ff874a9b6389d85784329,0xe7cd86e13ac4309349f30b3435a9d337750fc82d,54880000,2184,
morph,withdraw_submit,27227091,1790140300000,0x32fbe27c12443fd763e6470c3bef4b0b301686748f229e356b63c88e758eb828,,0x63b8ce95fd1231dedda70531288e67fa634cb038,0xe7cd86e13ac4309349f30b3435a9d337750fc82d,96560000,,466610004519026688
morph,withdraw_final,27227173,1790140733000,0xb6fa24cf0b6dcc6022723264f3e9a64ddb9ffc9b4525e418deb6ddc6bb216ba4,,,,,,466652387256303616
morph,withdraw_submit,27227418,1790140840000,0x9cbbfa01140d3e96fbb377f539c186af0bfca058866009475b0b0a418c3d9eb8,,0x898411fad943ea1feddfdbc92783022d5c7c7688,0xe7cd86e13ac4309349f30b3435a9d337750fc82d,33070000,,466652387256303616
morph,deposit,27227618,1790141076000,0xe92f4dc1d84edd65383f0ced7893b3ec62042dea784d4bbe59f75f04a9be75da,0x712e8a3bfd71caa609b5a2998be0ce7ec7c91c9b,0x712e8a3bfd71caa609b5a2998be0ce7ec7c91c9b,0xe7cd86e13ac4309349f30b3435a9d337750fc82d,50000000,2184,
morph,deposit,27228299,1790142228000,0x647faa8c0542e0baeac342560630f7062279a65a81531973298b2e293ab89a2e,0x457406e30cba7ff9a62bba4a8e71e830c774d628,0x457406e30cba7ff9a62bba4a8e71e830c774d628,0xe7cd86e13ac4309349f30b3435a9d337750fc82d,4870000,2184,
morph,deposit,27229224,1790143706000,0x6598efc17cb882600b541b84eb7a4f3458cbb3dd2c67c5c04da5a29c013eada0,0xf18f82429042d3a8f7edc7975cd62de5585a0d73,0xf18f82429042d3a8f7edc7975cd62de5585a0d73,0xe7cd86e13ac4309349f30b3435a9d337750fc82d,82220000,2184,
morph,withdraw_final,27229671,1790144752000,0xf42751d0f861c022d9df2880eadad70c6311a0e9023ed87f1f3afef153c334e6,,,,,,466963171089842176
morph,withdraw_submit,27229917,1790144860000,0x966129f9310f89cc1812129f9f87e494bf325a7eaad8742f44cac560d8c53bd2,,0x9801336be557cf2bb23ec94c0482f83c12cb7a50,0xe7cd86e13ac4309349f30b3435a9d337750fc82d,9000000,,466963171089842176
morph,deposit,27230217,1790145346000,0x02d07f5f42226a92fbd0b76ee9c952defa6bbbade16461a88efe7d146e75d3f5,0x9801336be557cf2bb23ec94c0482f83c12cb7a50,0x9801336be557cf2bb23ec94c0482f83c12cb7a50,0xe7cd86e13ac4309349f30b3435a9d337750fc82d,1990000,2184,
morph,deposit,27230411,1790145673000,0x7779736443e084f4f73d6eed508fac20e760ccb16c64d5ff90a6fe236772c96c,0xaa5530995b4a406d8a8b4497e6228af6d204baa1,0xaa5530995b4a406d8a8b4497e6228af6d204baa1,0xe7cd86e13ac4309349f30b3435a9d337750fc82d,6990000,2184,
morph,deposit,27230967,1790146591000,0xbdd0f3ce855cbaa35a66a0fe0f02722ab1bb61289a86064bc35358c5b801a92c,0x63b8ce95fd1231dedda70531288e67fa634cb038,0x63b8ce95fd1231dedda70531288e67fa634cb038,0xe7cd86e13ac4309349f30b3435a9d337750fc82d,96550000,2184,
morph,withdraw_final,27231183,1790147266000,0x4e911cb788a0619a9bd1d382267981e7e4c7fdd583b607dc28c48debeb20bb63,,,,,,467157595698757667
morph,withdraw_submit,27231436,1790147380000,0x89358c7aa3b1e9a9b04d7b326c69e406c9d4496bf58e7ea0ea340800d68c70c8,,0x3fa8f1d5b45f0b26d18c1ebf319a303f9eed15df,0xe7cd86e13ac4309349f30b3435a9d337750fc82d,28690000,,467157595698757667
morph,deposit,27232514,1790149204000,0x9c53fe981aa7a25b1585d6821372323190fe078393d7f58adec1d6ba2c8db55a,0x23ab62b5c757215363535db93137427270e3ff9a,0x23ab62b5c757215363535db93137427270e3ff9a,0xe7cd86e13ac4309349f30b3435a9d337750fc82d,14920000,2184,
morph,deposit,27232562,1790149286000,0xdbc9076ab8a0170aeb8ee0c5d90afdbd8d07e897ac798a96f5244223a0520679,0x6e2a4fb5ab0a9ca008636af129a4cd01147faebd,0x6e2a4fb5ab0a9ca008636af129a4cd01147faebd,0xe7cd86e13ac4309349f30b3435a9d337750fc82d,5310000,2184,
morph,withdraw_final,27233625,1790151356000,0xe3e35d5a1a68f78201fcc54bb0ac5a8882412bd79db550cb95b540f019180861,,,,,,467472579980951552
morph,withdraw_submit,27233868,1790151460000,0x58109d79f5528d3d0580081cef8f8431e4e00105796badde4a7fd31efdf648f9,,0xce90307a545f8f799ef9d54d7883317429c4fd90,0xe7cd86e13ac4309349f30b3435a9d337750fc82d,216290000,,467472579980951552
morph,deposit,27234345,1790152250000,0xe31b435f927e418190e5620c91f5c3457099146cd1e3bbf921ad4aa21c50a465,0xcf47a1c56c1fbc1b1c7108846a914a791b29dafb,0xcf47a1c56c1fbc1b1c7108846a914a791b29dafb,0xe7cd86e13ac4309349f30b3435a9d337750fc82d,40000000,2184,
morph,withdraw_final,27235315,1790154083000,0xbe54078d968c7714e287eaac72c165213c89515bb08c20b302c14112f912de62,,,,,,467683127897096257
morph,withdraw_submit,27235551,1790154160000,0x697df7d6cca551768c3dd7c2cb44e0a65fe41ccbec979b436db4027b2868b84f,,0x02390402811231a9a23f3593b5e48d3c53bb9f67,0xe7cd86e13ac4309349f30b3435a9d337750fc82d,292050000,,467683127897096257
morph,deposit,27236777,1790156304000,0x838e97f601909237860eabd05964bfbed23e3b272d5e306aff624e469ad6f0fe,0x973bdcc471c34cf408b15a7f3e67ba2324c63ea1,0x973bdcc471c34cf408b15a7f3e67ba2324c63ea1,0xe7cd86e13ac4309349f30b3435a9d337750fc82d,1260000,2184,
morph,deposit,27238313,1790158943000,0xe8acf33169cb325e0a4c828e4fc63b2a2e39fc423d2257ddd599f9af80ce6e56,0xbb48553d0c9470eb429ba35acd350c4c242ee902,0xbb48553d0c9470eb429ba35acd350c4c242ee902,0xe7cd86e13ac4309349f30b3435a9d337750fc82d,2000000,2184,
morph,withdraw_final,27238358,1790159311000,0x8dc71cdb1abed686121f761588aa2cbff80eadc829f77f6a3d0649be41a6d927,,,,,,468086777492537346
morph,withdraw_submit,27238585,1790159380000,0x7a51dbaa8248bd365f06da173f1fbdb25045a6d3e7ad02c13146c70cba5a9dc2,,0xbb48553d0c9470eb429ba35acd350c4c242ee902,0xe7cd86e13ac4309349f30b3435a9d337750fc82d,1000000,,468086777492537346
morph,deposit,27239992,1790161754000,0xa43c7f21736a3df2347a986b3c4e4d16518b1906fd4748987f6b8e19206e5997,0x39cc88149d7fe37055f42b1238eb931e7180b266,0x39cc88149d7fe37055f42b1238eb931e7180b266,0xe7cd86e13ac4309349f30b3435a9d337750fc82d,149500000,2184,
morph,deposit,27240297,1790162284000,0x51d9d2bec39847c15fe64009e17b3db044bb1b611d99950e48214263f8a6b579,0x77bea78a2f166f0eade9ca16859ff04ea4737a5b,0x77bea78a2f166f0eade9ca16859ff04ea4737a5b,0xe7cd86e13ac4309349f30b3435a9d337750fc82d,58650000,2184,
morph,deposit,27240633,1790162836000,0x00f8b9c5e67a51ff1f684dc5d324281e9f228c419315f5177eb14758310d581c,0x63b8ce95fd1231dedda70531288e67fa634cb038,0x63b8ce95fd1231dedda70531288e67fa634cb038,0xe7cd86e13ac4309349f30b3435a9d337750fc82d,1000000000,2184,
morph,deposit,27240824,1790163162000,0xed1c900bc7a501d4575cea4d55dbddc351a6876611ae1cd39b8d8d412a7a1fcb,0x77bea78a2f166f0eade9ca16859ff04ea4737a5b,0x77bea78a2f166f0eade9ca16859ff04ea4737a5b,0xe7cd86e13ac4309349f30b3435a9d337750fc82d,24770000,2184,
morph,deposit,27241171,1790163724000,0xf5f37601281256f351becc589fb8ed9298c6715199867d973224a1bfb526834e,0xe77a911c2c0206d6576737d2779f4d91f328d598,0xe77a911c2c0206d6576737d2779f4d91f328d598,0xe7cd86e13ac4309349f30b3435a9d337750fc82d,1510000,2184,
morph,deposit,27242061,1790165250000,0xe7709dc287462629622a92d9640634b6307d6c71fd8477bb3efe7ad057461c10,0x63b8ce95fd1231dedda70531288e67fa634cb038,0x63b8ce95fd1231dedda70531288e67fa634cb038,0xe7cd86e13ac4309349f30b3435a9d337750fc82d,184180000,2184,
morph,deposit,27242546,1790166070000,0x39902d2bf10cebfe2251f0855f42cf261644ffad458b08304db5f39162be05a2,0x9b7b141228f3ecb26716b0808c6338bf715bf0ba,0x9b7b141228f3ecb26716b0808c6338bf715bf0ba,0xe7cd86e13ac4309349f30b3435a9d337750fc82d,5890000,2184,
morph,deposit,27242966,1790166781000,0x2b8fb861e3092a3949b1a4d774d1ee7146c45918632b2e90d7b60cb5681b0557,0x867c3b1a7a5b9f95e1a369d67b2ef643c0019e8c,0x867c3b1a7a5b9f95e1a369d67b2ef643c0019e8c,0xe7cd86e13ac4309349f30b3435a9d337750fc82d,5990000,2184,
morph,withdraw_final,27243203,1790167495000,0x2637490e2fa3ca00cb410b0d65c66f0a998dbb6dfe8706d5e4b752fc92f7d909,,,,,,468718094739570694
morph,withdraw_submit,27243431,1790167600000,0x4c5c2af65495bb5ae575000bf4735b8c3e23ed7ecb8fc97f86cb182bb7733b39,,0x64172608d5666f4762230258868013a12e1bfb9b,0xe7cd86e13ac4309349f30b3435a9d337750fc82d,47300000,,468718094739570694
morph,deposit,27244180,1790168874000,0xac84669dc322a4d9df50e95cf561b19c9b7a2bc67b5f951f19a3ef147a146c39,0x0e10967a033f775a32cb974799b15d0bd06d7729,0x0e10967a033f775a32cb974799b15d0bd06d7729,0xe7cd86e13ac4309349f30b3435a9d337750fc82d,9400000,2184,
morph,deposit,27244259,1790168995000,0x816e576ef734c9b8457a28c9158157ecb873dcd1c38bd900d619c16d9bf1f96e,0x02390402811231a9a23f3593b5e48d3c53bb9f67,0x02390402811231a9a23f3593b5e48d3c53bb9f67,0xe7cd86e13ac4309349f30b3435a9d337750fc82d,428710000,2184,
morph,deposit,27244535,1790169464000,0x31ae4ceb59bf46b3a95c835ac738403931538da0a0cbc06a7011b620749d6f05,0x8df4da4295002441ff1339079b2cb240d5e1b987,0x8df4da4295002441ff1339079b2cb240d5e1b987,0xe7cd86e13ac4309349f30b3435a9d337750fc82d,498410000,2184,
morph,deposit,27244947,1790170201000,0xacc396ab3849197fed00fadf39be7e252c85a072d95b7b8697987dfe98008769,0xc8e2b539b1e0e61c2181949efeced8fbb336c1c1,0xc8e2b539b1e0e61c2181949efeced8fbb336c1c1,0xe7cd86e13ac4309349f30b3435a9d337750fc82d,10000000,2184,
morph,deposit,27245017,1790170318000,0xb032d3a150005b3cab9d8aaf7ed02191ecff201c77483836ffada755b70dcd15,0xdcd8195de4d3d96ccfdc6bffa237c9b3bdf603f4,0xdcd8195de4d3d96ccfdc6bffa237c9b3bdf603f4,0xe7cd86e13ac4309349f30b3435a9d337750fc82d,1210000,2184,
morph,withdraw_final,27245249,1790170971000,0x09ef3e1eedbe45aadd25aa8340e028175219a31e180e325d4454f344e03b011d,,,,,,468986495827443713
morph,withdraw_submit,27245478,1790171080000,0xcd02cc68c79db26fcc90be69610407531bda0277aa24e02412e9519c6fa11e36,,0x0e10967a033f775a32cb974799b15d0bd06d7729,0xe7cd86e13ac4309349f30b3435a9d337750fc82d,6960000,,468986495827443713
morph,deposit,27245671,1790171374000,0x429b2e8825644a0260bec98a31980aa317971d474a176e9bc78b63958f55cad6,0x4448b8475f432f96dd7807895ec76453d959c409,0x4448b8475f432f96dd7807895ec76453d959c409,0xe7cd86e13ac4309349f30b3435a9d337750fc82d,2000000000,2184,
morph,deposit,27246676,1790172822000,0x2a03da0741f4d3f8fada386abc789a81c813bb69bfdf0cd272e0f09be2b5aeec,0xf198b75ac733104e982e9daa7971aa4017c40bf9,0xf198b75ac733104e982e9daa7971aa4017c40bf9,0xe7cd86e13ac4309349f30b3435a9d337750fc82d,185630000,2184,
morph,deposit,27247087,1790173332000,0x91459a1d98632fdc18a3abc4dac43033af1cf49b9f3d067840e391e1e0e96ac0,0x02390402811231a9a23f3593b5e48d3c53bb9f67,0x02390402811231a9a23f3593b5e48d3c53bb9f67,0xe7cd86e13ac4309349f30b3435a9d337750fc82d,98590000,2184,
morph,deposit,27247199,1790173478000,0x6d4d633fa40734cfd2cb90cc0e007b92763954a80e84dbfc0fabf0d9250a40d0,0xf198b75ac733104e982e9daa7971aa4017c40bf9,0xf198b75ac733104e982e9daa7971aa4017c40bf9,0xe7cd86e13ac4309349f30b3435a9d337750fc82d,2310000,2184,
morph,deposit,27247229,1790173508000,0x0d6365bd78c8fa23e499ceacc31a9c0f64d30ffe9c75a65506adadc9308d34a0,0x62eab90d58b2d2a8b4492f2a409c812446820517,0x62eab90d58b2d2a8b4492f2a409c812446820517,0xe7cd86e13ac4309349f30b3435a9d337750fc82d,200000000,2184,
morph,withdraw_final,27247457,1790174131000,0xf2ef00b474777428dd9be0522d9b9286bdc466a07b668ddbcb32a2bc57ea0b37,,,,,,469225768480669812
morph,withdraw_final,27247478,1790174162000,0x7d26a2325db9ca39ccb6544517db60b153f91b0567a9617f3c567dca8a69f0c3,,,,,,469228173632995328
morph,deposit,27247479,1790173862000,0x1c66671337922dce4361526de8d433574943a780444d1a030e76720f0b1ac1c6,0x94f1192e302f5d77bcf2bcc68c7ea29da1b38df3,0x94f1192e302f5d77bcf2bcc68c7ea29da1b38df3,0xe7cd86e13ac4309349f30b3435a9d337750fc82d,60000000,2184,
morph,deposit,27247599,1790174018000,0xc16d53dedffd1c80d27e85921f9e2bb0ee5e1feb2c9144e61a31e3e134d1f7e7,0x59d7ff2c0e82320ef951cc2880a0189b9c1991e4,0x59d7ff2c0e82320ef951cc2880a0189b9c1991e4,0xe7cd86e13ac4309349f30b3435a9d337750fc82d,10000000,2184,
morph,deposit,27247661,1790174104000,0x14178d806106d325c67192d27f88caa1e90ea5d515e8e2c0ed00e5aec25f5987,0x127005b6e5c6c8357a5567953dda007601210241,0x127005b6e5c6c8357a5567953dda007601210241,0xe7cd86e13ac4309349f30b3435a9d337750fc82d,121990000,2184,
morph,withdraw_submit,27247724,1790174200000,0xd801ad79b1fdb0918aeef0be2f63ee5b812251ccbb99661fe5d4418ca9bc96cf,,0x80f080af5b329808aa1da9dcd5025a55d486a1d7,0xe7cd86e13ac4309349f30b3435a9d337750fc82d,135890000,,469225768480669812
morph,withdraw_final,27247741,1790174528000,0xfa4de4aabce5854a627f7d97112525732f785a8130c015b969c055dd5277cec5,,,,,,469255326424629249
morph,withdraw_submit,27247762,1790174260000,0xac770e657264dd4f70ba0648fbbdab841fbaa5f1901a729afc022beacb5e73ab,,0xb1be3dc5b3fbe3201e00fb6e26380ae5e204d230,0xe7cd86e13ac4309349f30b3435a9d337750fc82d,8730000,,469228173632995328
morph,deposit,27247845,1790174382000,0x3677b72d14a5874cf80fe1d5bdcb03ffee802859f4b0525726a1d824de03b328,0x4e75b8c658d4098d1e8f0689000406bd11aeae7e,0x4e75b8c658d4098d1e8f0689000406bd11aeae7e,0xe7cd86e13ac4309349f30b3435a9d337750fc82d,4830000,2184,
morph,deposit,27247907,1790174444000,0x6d115a97d4888af9a3db5685e1b94a02b0a01a38dd2a0cf17868dec0e2cbcb04,0x02390402811231a9a23f3593b5e48d3c53bb9f67,0x02390402811231a9a23f3593b5e48d3c53bb9f67,0xe7cd86e13ac4309349f30b3435a9d337750fc82d,196410000,2184,
morph,deposit,27247991,1790174514000,0x301ec9878728fc935a970bb9bca048ee35bd2c00066bb4c6c8144b574d29ab91,0xf18f82429042d3a8f7edc7975cd62de5585a0d73,0xf18f82429042d3a8f7edc7975cd62de5585a0d73,0xe7cd86e13ac4309349f30b3435a9d337750fc82d,93500000,2184,
morph,withdraw_submit,27248067,1790174620000,0xcdd0a3fbfd73cdeddbdd7c6a11911e1e2283d1a1d83fe3d0c5c6aff0ec7d699c,,0x6ce33193dee9c5979ede0c24f77e8afcec9bd6ea,0xe7cd86e13ac4309349f30b3435a9d337750fc82d,64000000,,469255326424629249
morph,withdraw_final,27248104,1790174970000,0x43eeb3d7d207118109d1b7bdb1f30f541e4350c764c9cd6f902ca962c54bb3b6,,,,,,469289333967290368
morph,withdraw_submit,27248346,1790175040000,0xb3cc18b9d7227d2200901938f3ea25962f77e002f8eb8f5f43ef4644f2e0ce2a,,0x07a0ae970d430c1274c4041f109cb3f4c3fb56d0,0xe7cd86e13ac4309349f30b3435a9d337750fc82d,18260000,,469289333967290368
morph,deposit,27248677,1790175506000,0x9cb858d8e55e73c3bd3e2d18956f108d6e78b764053b9bd20036c60716e17ad6,0x157f04b2acc3792377af170c521b53ffb232117c,0x157f04b2acc3792377af170c521b53ffb232117c,0xe7cd86e13ac4309349f30b3435a9d337750fc82d,100000000,2184,
morph,withdraw_final,27248764,1790175952000,0xf915a4fe4a4f9c54c251ab6183c635432cbdeaf767fc301db569afa107874488,,,,,,469365054253301760
morph,withdraw_submit,27249034,1790176060000,0xcbbcfc4d2e386f198d24865213d8cbe089a5d61b35ff3433cad87f42a8387f75,,0x63dc3eba762ff4ba66d2f837d2ad6a81ac2d3243,0xe7cd86e13ac4309349f30b3435a9d337750fc82d,5640000,,469365054253301760
morph,deposit,27249076,1790176120000,0xe594f39fde8cb663488470d683f2d53ad6d564964ce28ee032d6d2fc599220db,0x9f9043bca44afa755f795be326c18a916c458991,0x9f9043bca44afa755f795be326c18a916c458991,0xe7cd86e13ac4309349f30b3435a9d337750fc82d,9971540000,2184,
morph,deposit,27249330,1790176544000,0xe2cefd0400915fab8f5fc9168ec065ea5df9d1321840998221803916b942570f,0xcae8101d14fbfeaa78644e061dc17676916db19a,0xcae8101d14fbfeaa78644e061dc17676916db19a,0xe7cd86e13ac4309349f30b3435a9d337750fc82d,65650000,2184,
morph,deposit,27250807,1790179002000,0x8fbf0e7255b58b6067af147f5f6b54ca09f283b4a5992a51a074dc72f4dd4ba2,0xaa54b3ccc7a1b565907b1cd55c38eb48091dd01f,0xaa54b3ccc7a1b565907b1cd55c38eb48091dd01f,0xe7cd86e13ac4309349f30b3435a9d337750fc82d,288000000,2184,
morph,deposit,27251203,1790179508000,0xd1557237de21a060561ea3aaae263d54ecc9d56c56cbe9047b283a3bf9e4c252,0xe7f33d7fc656226f5f586fec3e97b4fb8fe03dde,0xe7f33d7fc656226f5f586fec3e97b4fb8fe03dde,0xe7cd86e13ac4309349f30b3435a9d337750fc82d,6640000,2184,
morph,deposit,27251825,1790180543000,0x4ac9eadf0405412e386da070be714bf35865ad7780c9c7d97ff4d9da4a7250b5,0xbb48553d0c9470eb429ba35acd350c4c242ee902,0xbb48553d0c9470eb429ba35acd350c4c242ee902,0xe7cd86e13ac4309349f30b3435a9d337750fc82d,2000000,2184,
morph,withdraw_final,27251869,1790180905000,0xc83fd1939279336d5b30deeab31b5ac648c0e36463233392d3c0285b1bdf21d5,,,,,,469747022870609920
morph,deposit,27251909,1790180674000,0xbfec7ad7b3970c9d1e783c8b4ae594586742472fa8cc3aabd7b0c4726f65d4cc,0x114d73554caba4be06ee726c4b04d99992cc6370,0x114d73554caba4be06ee726c4b04d99992cc6370,0xe7cd86e13ac4309349f30b3435a9d337750fc82d,1500000,2184,
morph,withdraw_submit,27252077,1790180980000,0x4269ffc5b27449d413813eb19b677e9ed66e39f435e7386e1d41df101da2cf09,,0xbb48553d0c9470eb429ba35acd350c4c242ee902,0xe7cd86e13ac4309349f30b3435a9d337750fc82d,1000000,,469747022870609920
morph,deposit,27252441,1790181598000,0x6b258a00c1deba9dd32657feb268509e15cb72259b36d014d1645dd188100793,0x1a3b0b9a5ea5351944d4b0a0cd3d7e4c229a6136,0x1a3b0b9a5ea5351944d4b0a0cd3d7e4c229a6136,0xe7cd86e13ac4309349f30b3435a9d337750fc82d,2620000,2184,
morph,withdraw_final,27252559,1790182084000,0x26a96100391812e7d34391e3e2be5de849e52e1cda8d9a8d6cfe3cf68f0e978c,,,,,,469837835654922240
morph,withdraw_submit,27252794,1790182180000,0xafeb89f094bdb3dceb92eaec0b734bcd9c53367b2fb48d212a7b3a92d5a1fb7a,,0x2330a8bb1cc020a534d49dd281f831366a1e5cb9,0xe7cd86e13ac4309349f30b3435a9d337750fc82d,2000000,,469837835654922240
morph,deposit,27254302,1790184786000,0xbc278dff76bdd4170f00d17ec9ea57825c27c0f6dc095adb40fb2cd579551a6d,0x16d46efd9f18c52d5b706ab1c7f1ac4f99e613d4,0x16d46efd9f18c52d5b706ab1c7f1ac4f99e613d4,0xe7cd86e13ac4309349f30b3435a9d337750fc82d,4800000,2184,
morph,deposit,27254484,1790185110000,0x8d2d647abc0731e0019ad2cdf959528105036c2ec6354afb39c1b642dbf961ee,0x16e994a5bc57dfb69b9918f0d79720b51a60ca89,0x16e994a5bc57dfb69b9918f0d79720b51a60ca89,0xe7cd86e13ac4309349f30b3435a9d337750fc82d,1000000,2184,
morph,deposit,27255179,1790186374000,0x83e728f0f94fa0bba1bb9f8360066985dd8f2e2111d9eb47f176e351c713071d,0xd557e1d3f8b0395d4d5443e5ebc561d7e39136ce,0xd557e1d3f8b0395d4d5443e5ebc561d7e39136ce,0xe7cd86e13ac4309349f30b3435a9d337750fc82d,300000000,2184,
morph,withdraw_final,27255276,1790186853000,0x8293e3a2b8a5f375593a84d904ef7c5a5f789a3639bbf8a583c503a725c0d3be,,,,,,470205845649489920
morph,withdraw_submit,27255492,1790186920000,0x8171bcc605d7e5cbf87a9c3d0a34e631310904e3609f2dade2faae20bdffb6a1,,0xd4d6ababb2f473c1f84bf429b5352aaf484d3e65,0xe7cd86e13ac4309349f30b3435a9d337750fc82d,49000000,,470205845649489920
morph,deposit,27256303,1790188436000,0xd18df7c0527f53dfd906355afdd59626f2461899305c46a2e8701ef7e4b529f9,0x348dcbbd9ae213e0da35b43182c0203bcb465e5d,0x348dcbbd9ae213e0da35b43182c0203bcb465e5d,0xe7cd86e13ac4309349f30b3435a9d337750fc82d,900000000,2184,
morph,deposit,27256527,1790188848000,0x630adc3d2efa1cbeb859a3a6c16c3ac1370309d400b41a09ba153fbd200cb42b,0xd7f76397d4e4ec2dee4a69f2f48da09a30e6c649,0xd7f76397d4e4ec2dee4a69f2f48da09a30e6c649,0xe7cd86e13ac4309349f30b3435a9d337750fc82d,3000000,2184,
morph,deposit,27258887,1790192338000,0xf9b91212db0073843f21538962db890926c447f5037db7ab5a80b8d7da61b7aa,0xd633eeea1e3f5cf5aa3bacda29cc85b515c0beac,0xd633eeea1e3f5cf5aa3bacda29cc85b515c0beac,0xe7cd86e13ac4309349f30b3435a9d337750fc82d,2050000,2184,
morph,deposit,27259239,1790192946000,0xa0eeba232fbe5c8dabbc93585db1c7e2bd2e22eb203d5a5e8d808deee4a47258,0x62eab90d58b2d2a8b4492f2a409c812446820517,0x62eab90d58b2d2a8b4492f2a409c812446820517,0xe7cd86e13ac4309349f30b3435a9d337750fc82d,2320000,2184,
morph,withdraw_final,27259955,1790194445000,0x0f461d2759db27b142e0c3a35e4fc0d633822a59cf1f2147371801323d3b794f,,,,,,470790536723169280
morph,withdraw_submit,27260185,1790194540000,0xdad93b32312540721220c23653689d111c0b5a7478ef111d2c68efa0a0761ed4,,0xd633eeea1e3f5cf5aa3bacda29cc85b515c0beac,0xe7cd86e13ac4309349f30b3435a9d337750fc82d,1000000,,470790536723169280
morph,deposit,27262081,1790198102000,0x4bde9f1c955b577f514d11d2a8b4fb84a73ca866ab3acb044b7ead6be047b7e2,0xf568dc8dc4130244cb59ea2d7b4d07f657b53c97,0xf568dc8dc4130244cb59ea2d7b4d07f657b53c97,0xe7cd86e13ac4309349f30b3435a9d337750fc82d,583570000,2184,
morph,deposit,27263230,1790200320000,0xce04229ea6f7132bdedd1cb13439a393a503697adee71eb311f645745c061500,0x3319a9d990b332c238c03bba01bdb12fec75c265,0x3319a9d990b332c238c03bba01bdb12fec75c265,0xe7cd86e13ac4309349f30b3435a9d337750fc82d,4000000,2184,
morph,deposit,27264251,1790202144000,0xd45c0b296f57f0ed419f10f642d9ae947992f0dd1f178430f28834ad50e4032c,0xbb48553d0c9470eb429ba35acd350c4c242ee902,0xbb48553d0c9470eb429ba35acd350c4c242ee902,0xe7cd86e13ac4309349f30b3435a9d337750fc82d,2000000,2184,
morph,withdraw_final,27264290,1790202518000,0x16af743b20a6c2bb526583856bda7d40049ecdd8e5b156df5c7141449e6a6ce5,,,,,,471414277635309568
morph,withdraw_submit,27264478,1790202580000,0x9fe9fa18f54ac7816878f16249bf91ee4a139bde280a5955ef5dbd73b858313f,,0xbb48553d0c9470eb429ba35acd350c4c242ee902,0xe7cd86e13ac4309349f30b3435a9d337750fc82d,1000000,,471414277635309568
morph,deposit,27265570,1790204640000,0x718fe64ca18147d1c33dffebcdd9d16c4547bf581a7d6da416c91252a61b3167,0x62eab90d58b2d2a8b4492f2a409c812446820517,0x62eab90d58b2d2a8b4492f2a409c812446820517,0xe7cd86e13ac4309349f30b3435a9d337750fc82d,18070000,2184,
morph,deposit,27266907,1790207206000,0x651117e844c4c3737cc9fb28c6c873a5fc52f3f205d27cb068132742d8ba20d6,0xd2a095ce98e025a87d6aeae35da1c2b9f8a91f62,0xd2a095ce98e025a87d6aeae35da1c2b9f8a91f62,0xe7cd86e13ac4309349f30b3435a9d337750fc82d,26000000,2184,
morph,deposit,27267065,1790207516000,0x85fec0ea7c33754475f047af6bc5613fea6651748a905d5465cd1a61be0f45bf,0x77bea78a2f166f0eade9ca16859ff04ea4737a5b,0x77bea78a2f166f0eade9ca16859ff04ea4737a5b,0xe7cd86e13ac4309349f30b3435a9d337750fc82d,129680000,2184,
morph,deposit,27267214,1790207806000,0xc96bc27a2ff956d35f89259f4e8d11663aad50e1146094fc67a260e1a8b5bca3,0xd36a3977062bb22f6a2a45c326ad3ef905a034ca,0xd36a3977062bb22f6a2a45c326ad3ef905a034ca,0xe7cd86e13ac4309349f30b3435a9d337750fc82d,99973492,2184,
morph,deposit,27268634,1790210412000,0x50eb4bfd94d5a69831f954b0a15c6a8b54e98ccd4b84da775ed15a88fdefe5bb,0x7a95b8d70f6b9277635abeb6f2a68c9d5e4cdc4d,0x7a95b8d70f6b9277635abeb6f2a68c9d5e4cdc4d,0xe7cd86e13ac4309349f30b3435a9d337750fc82d,4010000,2184,
morph,deposit,27269079,1790211250000,0xdc05cae52aadf85494e80cec543855c961f6d2a9209daa8d17ba2f4e150f4c41,0x9801336be557cf2bb23ec94c0482f83c12cb7a50,0x9801336be557cf2bb23ec94c0482f83c12cb7a50,0xe7cd86e13ac4309349f30b3435a9d337750fc82d,4000000,2184,
morph,withdraw_final,27269344,1790212046000,0x9d11013a76c73abf1a8068bbe7ea838d1f75bc517ab8749923841f65e19e5c86,,,,,,472150022725566465
morph,withdraw_final,27269482,1790212290000,0x9ebb96507217f5f609fdf2e5fff1f6ada122633b07b87c74785cb10d33eadb5d,,,,,,472168903397605376
morph,withdraw_submit,27269559,1790212120000,0xe92c5afc6bf0272aa0b451aeedacb2719073a0b1fa5e263b3cf843201aff1d60,,0x7a95b8d70f6b9277635abeb6f2a68c9d5e4cdc4d,0xe7cd86e13ac4309349f30b3435a9d337750fc82d,2570000,,472150022725566465
morph,withdraw_submit,27269686,1790212360000,0xe1d366c961b28705eb6bf0c47ef8435b7cce90991188644e913189bd762b4d89,,0x157f04b2acc3792377af170c521b53ffb232117c,0xe7cd86e13ac4309349f30b3435a9d337750fc82d,177240000,,472168903397605376
morph,withdraw_final,27269902,1790213028000,0x166682e66e569abb0c304495719f85a594b8840378692f043345549c381b70c4,,,,,,472225966316322816
morph,deposit,27270029,1790212936000,0x2cb8c9d0c616f65aa7f689821b3aa31deb0c391fd80926641983d48916aa8d56,0x8ffca045c22261c3ea890241f0570d45828431c8,0x8ffca045c22261c3ea890241f0570d45828431c8,0xe7cd86e13ac4309349f30b3435a9d337750fc82d,17399503,2184,
morph,withdraw_submit,27270145,1790213140000,0x152a7bf6ba1cb485a152d980068f8031a1e27b4222ac2dd37124948cade1af34,,0xe34f3d157315a7f413fd92ec03cdfcc7717c1758,0xe7cd86e13ac4309349f30b3435a9d337750fc82d,41420000,,472225966316322816
morph,deposit,27270840,1790214142000,0x379a8e979a1f3f7e42c6547cf54f5b9c070f5519149f488ee9531d226bc4f901,0x070692da34b622fd56d40ae7a561473b046b3e19,0x070692da34b622fd56d40ae7a561473b046b3e19,0xe7cd86e13ac4309349f30b3435a9d337750fc82d,4060000,2184,
morph,deposit,27271097,1790214508000,0x22a3e09cab58d12051a437aa53c6d5590cc6236bc56f7081263b811df94fa1cc,0x3319a9d990b332c238c03bba01bdb12fec75c265,0x3319a9d990b332c238c03bba01bdb12fec75c265,0xe7cd86e13ac4309349f30b3435a9d337750fc82d,133010000,2184,
morph,withdraw_final,27271720,1790215898000,0x2909534d5d97a7c4fa518b5ab97c2c37ff2834dbbd0f5fc983479d2f295dfd55,,,,,,472447337520693248
morph,deposit,27271880,1790215892000,0xced46ffc827ddaacf0d8206beba10c36f42889e63ad2ea1e9f314a85c81fc6ee,0xd557e1d3f8b0395d4d5443e5ebc561d7e39136ce,0xd557e1d3f8b0395d4d5443e5ebc561d7e39136ce,0xe7cd86e13ac4309349f30b3435a9d337750fc82d,193770000,2184,
morph,withdraw_submit,27271919,1790215960000,0x5c5747ab164517feb9212fe6b24b8042dfd0651bca7154c3546ae40ab22aed21,,0x8ffca045c22261c3ea890241f0570d45828431c8,0xe7cd86e13ac4309349f30b3435a9d337750fc82d,15900000,,472447337520693248
morph,deposit,27274270,1790219728000,0xc98dd19dfd686d23b32732c0dc1d3e18bdadc8638ad5827a0da479709972ee9e,0x157f04b2acc3792377af170c521b53ffb232117c,0x157f04b2acc3792377af170c521b53ffb232117c,0xe7cd86e13ac4309349f30b3435a9d337750fc82d,177230000,2184,
morph,withdraw_final,27276417,1790223881000,0x30838353bf943a7eda63e1f613bcac75d4a063c023798c7272091444f1d4cd41,,,,,,473062857894789121
morph,deposit,27276503,1790223743000,0x4bbfa88b3215c8286848b4fd4eb17b80ecb33a49199ee0f7a32a392bdc74fc8d,0xbb48553d0c9470eb429ba35acd350c4c242ee902,0xbb48553d0c9470eb429ba35acd350c4c242ee902,0xe7cd86e13ac4309349f30b3435a9d337750fc82d,2000000,2184,
morph,withdraw_final,27276553,1790224115000,0xc59950712d4071ef41463642c3ab7dce24269badda2ebc4e460bb02893bb80f7,,,,,,473081111493214208
morph,withdraw_submit,27276620,1790223940000,0xf15aef8bb1fa54861a9520a82d0ff8f6f7c7f362bc24f518ebe7322ebbfaa12f,,0x3319a9d990b332c238c03bba01bdb12fec75c265,0xe7cd86e13ac4309349f30b3435a9d337750fc82d,127320000,,473062857894789121
morph,withdraw_submit,27276752,1790224180000,0x8cd9a70f07d5b1a4ae436a56e22648cfa67a89ac28b9411b220dedfedf4e9f0b,,0xbb48553d0c9470eb429ba35acd350c4c242ee902,0xe7cd86e13ac4309349f30b3435a9d337750fc82d,1000000,,473081111493214208
morph,deposit,27277433,1790225334000,0xd229c431a057373d70deabee2835628112cba2f4386635661af5c896e3e0b649,0x616ae4c59b3cef6ba55494d33c230b8465e7ea39,0x616ae4c59b3cef6ba55494d33c230b8465e7ea39,0xe7cd86e13ac4309349f30b3435a9d337750fc82d,149510000,2184,
morph,deposit,27277805,1790225896000,0xe34abf85ffca49945e825315be4b90fb938186cebf459060777ab5c80757a7f7,0x755b786d39a9b79f8482e60d460ab511991ec1b0,0x755b786d39a9b79f8482e60d460ab511991ec1b0,0xe7cd86e13ac4309349f30b3435a9d337750fc82d,208002102,2184,
morph,deposit,27278146,1790226372000,0x1e08b7e95ce07c271a1669a36e9a4a5f45a7298ec2f4902d2726589bb2a24798,0x3319a9d990b332c238c03bba01bdb12fec75c265,0x3319a9d990b332c238c03bba01bdb12fec75c265,0xe7cd86e13ac4309349f30b3435a9d337750fc82d,126090000,2184,
morph,withdraw_final,27280610,1790230718000,0x37828ffbca88bbc54bf279d5af695fe2a4483aa28d1b17fb92abeafe97c39ba1,,,,,,473591894778052610
morph,deposit,27280630,1790230448000,0xe4e3669d01d8404588e518f68667ceb93655135290ef33c9f6d99719b6ce6826,0x51ca6e7fcf1a70ea4cbabea1e18510223b3de294,0x51ca6e7fcf1a70ea4cbabea1e18510223b3de294,0xe7cd86e13ac4309349f30b3435a9d337750fc82d,78370000,2184,
morph,withdraw_submit,27280827,1790230780000,0x0cdc549d911b306224333ff41c97ab062a3369df37963aeb9c066e30e0cac1ac,,0x2afc2d8cbaaaf4a949d21c44317e6a0bc746bbe3,0xe7cd86e13ac4309349f30b3435a9d337750fc82d,19240000,,473591894778052610
morph,deposit,27281612,1790232020000,0x6906890d2849fe1056efc49fdf331149676735f3afa209273645c7bd36ec3b67,0x1db45b7b856e490e8d5da3ab6278996f2a81b53f,0x1db45b7b856e490e8d5da3ab6278996f2a81b53f,0xe7cd86e13ac4309349f30b3435a9d337750fc82d,40850000,2184,
morph,deposit,27281939,1790232596000,0xd9356830acb12e935050cf6ae4b97af55c92b51082f2676920f52d24f929f44b,0x1db45b7b856e490e8d5da3ab6278996f2a81b53f,0x1db45b7b856e490e8d5da3ab6278996f2a81b53f,0xe7cd86e13ac4309349f30b3435a9d337750fc82d,9960000,2184,
morph,deposit,27283461,1790235034000,0x169a3a16c3266d26fb6d812ddf889d6f42692a3a1297b62814cb6a1ba99993f5,0x42dab93a4bb5e18ebe324affdc5e76f1046710bf,0x42dab93a4bb5e18ebe324affdc5e76f1046710bf,0xe7cd86e13ac4309349f30b3435a9d337750fc82d,59480000,2184,
morph,deposit,27283903,1790235674000,0xbc95d8927a6def2e87cf5c9595fa32576ca0c0de42dbc3bfb1a9bc50a3c41a56,0x89b93b397c85ec0300ad9b04ddb5db13d6f2f812,0x89b93b397c85ec0300ad9b04ddb5db13d6f2f812,0xe7cd86e13ac4309349f30b3435a9d337750fc82d,2760000,2184,
morph,deposit,27284086,1790235948000,0x457bfba5269c0db21145f35d7bc0512e30ed16da2afb56f830825564f0e89a4c,0x89b93b397c85ec0300ad9b04ddb5db13d6f2f812,0x89b93b397c85ec0300ad9b04ddb5db13d6f2f812,0xe7cd86e13ac4309349f30b3435a9d337750fc82d,1140000,2184,
morph,deposit,27284459,1790236426000,0x9e94ae46e29bb0c0e63d5b0643ad20a5ea30216c2de06a59588e0ef3e9400ab7,0xd565794e482c48d8fa1d8372af1d8486fe3aa972,0xd565794e482c48d8fa1d8372af1d8486fe3aa972,0xe7cd86e13ac4309349f30b3435a9d337750fc82d,452783100,2184,
morph,deposit,27286373,1790239154000,0xf83e101e5312411344c12e9c25e0be6db88d66a08bdadaa7ccef8b7b3797b538,0xe7f33d7fc656226f5f586fec3e97b4fb8fe03dde,0xe7f33d7fc656226f5f586fec3e97b4fb8fe03dde,0xe7cd86e13ac4309349f30b3435a9d337750fc82d,5950000,2184,
morph,deposit,27286587,1790239480000,0x122d591b56304e026459a588f9faa4fde7daf07993ef8d50b84ddb89351f5dff,0xf79888677ea2474f102dab2196225f02add5b48d,0xf79888677ea2474f102dab2196225f02add5b48d,0xe7cd86e13ac4309349f30b3435a9d337750fc82d,99680000,2184,
morph,deposit,27287095,1790240200000,0x5b9c962575546bd4394acc4b02cfe7a2391e0713dc0bb62a55b4e603862301e2,0x03e239a84a93830040f8ec38f7e7700747c396eb,0x03e239a84a93830040f8ec38f7e7700747c396eb,0xe7cd86e13ac4309349f30b3435a9d337750fc82d,10000000,2184,
morph,deposit,27287553,1790240932000,0x9ca00bb05cb4575cdd9086dfdbd26652afca959d300faf8940895dafba91edc8,0x03e239a84a93830040f8ec38f7e7700747c396eb,0x03e239a84a93830040f8ec38f7e7700747c396eb,0xe7cd86e13ac4309349f30b3435a9d337750fc82d,11000000,2184,
morph,withdraw_final,27288020,1790242005000,0xd843dd58e3e6759e7a86657a22625b9e99ae99de2453c4b5065521bd29481391,,,,,,474463120316694528
morph,withdraw_submit,27288279,1790242120000,0x16fca821aa3b46b2e86dee620bb228129d50684bc3a549f3e0d7fad72ecc8bd1,,0xf6f662c6e3d19e74b287979ad507a21331fdaad6,0xe7cd86e13ac4309349f30b3435a9d337750fc82d,19000000,,474463120316694528
morph,deposit,27288284,1790242128000,0x2add755ba95d3c1bf226fe9ac98758340aad72575844e48b2b626f3e88d60a97,0xdbeba977dc95302affd00eb1c1d3fc3a33bc0085,0xdbeba977dc95302affd00eb1c1d3fc3a33bc0085,0xe7cd86e13ac4309349f30b3435a9d337750fc82d,441070000,2184,
morph,deposit,27288326,1790242201000,0x428099134d9108af9adfecd7528e3b332729c1c35869d2a1f2374a85bf43ab56,0x03e239a84a93830040f8ec38f7e7700747c396eb,0x03e239a84a93830040f8ec38f7e7700747c396eb,0xe7cd86e13ac4309349f30b3435a9d337750fc82d,15000000,2184,
morph,deposit,27288499,1790242432000,0x7d0c0e9e62dda08c3fbddbd55cd0177d742d381c578b1442882bad17ab09a151,0x7020204e152b0447912f5232d1b91f611ebd761f,0x7020204e152b0447912f5232d1b91f611ebd761f,0xe7cd86e13ac4309349f30b3435a9d337750fc82d,100000000,2184,
morph,deposit,27288772,1790242822000,0xe2824d7dfd38c0b381a8b1675f0a5b3e038304fa5544d0f7fe159dff4d35a7b6,0x4c0c22d01aac538059c5b778587bae262de355ed,0x4c0c22d01aac538059c5b778587bae262de355ed,0xe7cd86e13ac4309349f30b3435a9d337750fc82d,170920000,2184,
morph,deposit,27289115,1790243392000,0xae2cc73e94a0b8404d77f8cced7f05f4450f54184046f552db6c9699b4f99282,0x9ba130f764d51190e242c47e0a628f825e5cb5f2,0x9ba130f764d51190e242c47e0a628f825e5cb5f2,0xe7cd86e13ac4309349f30b3435a9d337750fc82d,21000000,2184,
morph,deposit,27289453,1790243928000,0x54d6581c402c32c1d96b3ce2d58d1397540333f35136fdea381d2f1feaf0378d,0x2afc2d8cbaaaf4a949d21c44317e6a0bc746bbe3,0x2afc2d8cbaaaf4a949d21c44317e6a0bc746bbe3,0xe7cd86e13ac4309349f30b3435a9d337750fc82d,10000000,2184,
morph,withdraw_final,27289810,1790244830000,0x8c10807c5206a2d5d857f5662bed02cd92b9d6b7f1ededadb3f742554d45e770,,,,,,474680780673515545
morph,withdraw_submit,27290068,1790244944000,0x01178f3905c303467a314de0a4333e24127a3aa0c1336a2f5b795a2393929d19,,0x1db45b7b856e490e8d5da3ab6278996f2a81b53f,0xe7cd86e13ac4309349f30b3435a9d337750fc82d,11170000,,474680780673515545
morph,deposit,27290326,1790245344000,0x510201628f9b3983152961968f4c3f5ab7549536108c2f74818a59f26174df3d,0xbb48553d0c9470eb429ba35acd350c4c242ee902,0xbb48553d0c9470eb429ba35acd350c4c242ee902,0xe7cd86e13ac4309349f30b3435a9d337750fc82d,2000000,2184,
morph,withdraw_final,27290369,1790245710000,0xf021b34cb46bf982cb17bc8862d2e7f0fb2a7dc2bd77f62b7cda42132c013c9c,,,,,,474748769984839680
morph,withdraw_submit,27290590,1790245780000,0xc9f635e098b8a359f6fa38979e5a14932bd73ec8c08ace4867d4356b1e808d2a,,0xbb48553d0c9470eb429ba35acd350c4c242ee902,0xe7cd86e13ac4309349f30b3435a9d337750fc82d,1000000,,474748769984839680
morph,deposit,27290751,1790246056000,0x73339cdb804ae00cdc3f5589bdb9acfdb550f20b9c58a3d8aaac2c1efdb890a6,0x77bea78a2f166f0eade9ca16859ff04ea4737a5b,0x77bea78a2f166f0eade9ca16859ff04ea4737a5b,0xe7cd86e13ac4309349f30b3435a9d337750fc82d,110640000,2184,
morph,deposit,27290825,1790246188000,0x152ce42c3a41ad394a5369d9f0ed59ee57c570c238dd1b4be8a391d8fd568d6f,0xe7f33d7fc656226f5f586fec3e97b4fb8fe03dde,0xe7f33d7fc656226f5f586fec3e97b4fb8fe03dde,0xe7cd86e13ac4309349f30b3435a9d337750fc82d,2800000,2184,
morph,withdraw_final,27292232,1790248995000,0x4d9ff8fa3006e4b1ca27cb14cae73a90b889293823831b2907cdcfff6dc09f03,,,,,,475002662694158337
morph,deposit,27292272,1790248758000,0x14e1434adeb3eb6c6b70749e1a924ad3c82956a0cd6e795858ca07a6f4a5ee52,0xd5b110d22eba918d6a3aab9bfcbcc36c752e5716,0xd5b110d22eba918d6a3aab9bfcbcc36c752e5716,0xe7cd86e13ac4309349f30b3435a9d337750fc82d,33940000,2184,
morph,withdraw_submit,27292443,1790249080000,0x6094a419c845e7c913dd273a5ed47b96bd78a68ba0996fc7317583c1c2f0b004,,0x4c0c22d01aac538059c5b778587bae262de355ed,0xe7cd86e13ac4309349f30b3435a9d337750fc82d,71070000,,475002662694158337
morph,deposit,27292539,1790249254000,0x31bdb9ede9cb55b71faf2fe3a7f3137bde2b0025fc242fddd4928451be91cb2d,0x18c31c2821f234e5e797e6839224ca1718652ce8,0x18c31c2821f234e5e797e6839224ca1718652ce8,0xe7cd86e13ac4309349f30b3435a9d337750fc82d,11000000,2184,
morph,deposit,27292621,1790249406000,0x14d81bd6871d9095456d8e4cc47a6b6ab6eaffbc3e98b3ae72ffd6940134f94b,0xe7f33d7fc656226f5f586fec3e97b4fb8fe03dde,0xe7f33d7fc656226f5f586fec3e97b4fb8fe03dde,0xe7cd86e13ac4309349f30b3435a9d337750fc82d,1810000,2184,
morph,deposit,27292894,1790249902000,0xd3555665e6243d373ae7a4d74ef7985dbd82e97dd764e8ec6e2662a9d846a080,0x43a8f286a2ed7c13a2c666126e9d8bb1a473292d,0x43a8f286a2ed7c13a2c666126e9d8bb1a473292d,0xe7cd86e13ac4309349f30b3435a9d337750fc82d,20000000,2184,
morph,deposit,27293152,1790250376000,0x29705617af6dcd3fba75bd3240b37be7c7e284284fbe4473eb51329274167c51,0xe163139d14f22b0219325f6f663047b04c6d7f53,0xe163139d14f22b0219325f6f663047b04c6d7f53,0xe7cd86e13ac4309349f30b3435a9d337750fc82d,53220000,2184,
morph,deposit,27293637,1790251255000,0x14229947f1b63d4581dd1b18c93987baec04c9db6c057f955348516cef4744a0,0x594a372a38372e71afee6c14d08388b68c95d3e2,0x594a372a38372e71afee6c14d08388b68c95d3e2,0xe7cd86e13ac4309349f30b3435a9d337750fc82d,101020000,2184,
morph,deposit,27293796,1790251520000,0xebb52003a8eca4f9fe8cce6de94c2be3c1712a56cf0f96121e8cf93c3f444bd9,0x77994a496509448d472237d27935e4141ce8932b,0x77994a496509448d472237d27935e4141ce8932b,0xe7cd86e13ac4309349f30b3435a9d337750fc82d,106980000,2184,
morph,deposit,27294229,1790252276000,0x6a78529768c7cec1fecc587f4188de66fbe3c1987c5b3d6fa74a14eae0b6afe5,0x692297c734ac65c124daea6287991b38fb7cd48f,0x692297c734ac65c124daea6287991b38fb7cd48f,0xe7cd86e13ac4309349f30b3435a9d337750fc82d,5200000,2184,
morph,deposit,27295031,1790253682000,0xca7bc26d7675116e741e54f35573b597b8e0881d5dcbad50ce37d9655488ff45,0x45275eea074ea544d6ebc6f4df9ae53dffe08709,0x45275eea074ea544d6ebc6f4df9ae53dffe08709,0xe7cd86e13ac4309349f30b3435a9d337750fc82d,12000000,2184,
morph,deposit,27295256,1790254072000,0xd51fc5876ba81167cf38d5d97f830414ca2ef33a3c3d329fabb75f2eefdee019,0x12e446fa3b092ecc16a7ca3df2712c4e74242218,0x12e446fa3b092ecc16a7ca3df2712c4e74242218,0xe7cd86e13ac4309349f30b3435a9d337750fc82d,31000000,2184,
morph,withdraw_final,27295860,1790255417000,0x65bd789261b241aa4f8e250cf4fef393ee2f462399ab0d2b57c9985315e64b9b,,,,,,475498808705286144
morph,withdraw_final,27296179,1790255799000,0x57c3b15fee549f6959a9cf9bfe8fc54aa4d291717674f1066b1c3bfc946674ea,,,,,,475528375264346112
morph,withdraw_submit,27296181,1790255500000,0x616df62748b82436dd2c60cb436b6d0df28c21144362ddced8cf64c66512d0fa,,0x12e446fa3b092ecc16a7ca3df2712c4e74242218,0xe7cd86e13ac4309349f30b3435a9d337750fc82d,36000000,,475498808705286144
morph,deposit,27296331,1790255636000,0x32a209e06c7007650dc3b647d3acf28cbb2637d4c9d4fe0dc23766f02abeba82,0x3f0385e2f27f1e481dd9c3fbcc77f0b725c1608d,0x3f0385e2f27f1e481dd9c3fbcc77f0b725c1608d,0xe7cd86e13ac4309349f30b3435a9d337750fc82d,39280000,2184,
morph,deposit,27296383,1790255682000,0x4eb7ddc78c2a09223e9c9f034db1b57109d74f4b39d6e56c819daa809fce2ab1,0x3f0385e2f27f1e481dd9c3fbcc77f0b725c1608d,0x3f0385e2f27f1e481dd9c3fbcc77f0b725c1608d,0xe7cd86e13ac4309349f30b3435a9d337750fc82d,100410000,2184,
morph,withdraw_final,27296546,1790256149000,0x071ff94db04db836bcb9d8589845ba0efc27dfddfa6dc6ed4868cd05d8854efa,,,,,,475554875225145344
morph,withdraw_submit,27296555,1790255859000,0x402ce1c7a4b23d89f6490f1d7a800f39420132ea4683b3ac5c16765db3adfeef,,0x45275eea074ea544d6ebc6f4df9ae53dffe08709,0xe7cd86e13ac4309349f30b3435a9d337750fc82d,11000000,,475528375264346112
morph,withdraw_submit,27296784,1790256220000,0x49f808f4bb346d11707b47502cf984672e3b8d69c0de25744bbdc6617715ae03,,0x867c3b1a7a5b9f95e1a369d67b2ef643c0019e8c,0xe7cd86e13ac4309349f30b3435a9d337750fc82d,4990000,,475554875225145344
morph,withdraw_final,27296989,1790256876000,0x0104779e3787ac4970de2a0430051babd98aaf7d7b16116716e9b81a03acbc67,,,,,,475611096338661377
morph,withdraw_final,27297211,1790257135000,0xb0b06910fdae67134940295778bd052c5ae41a344a52a30c03fcd4ff6896cfea,,,,,,475630724339204096
morph,withdraw_submit,27297293,1790256940000,0x3b1775ffcab29566eaf03ae05a62b5024796760e92b437be93572373a5a6fb4e,,0x9b7b141228f3ecb26716b0808c6338bf715bf0ba,0xe7cd86e13ac4309349f30b3435a9d337750fc82d,4890000,,475611096338661377
morph,deposit,27297319,1790256974000,0xa3c21472ff0adeeb5781981de2e53e412eca32ce1e61924c20548c6d640eb383,0x77bea78a2f166f0eade9ca16859ff04ea4737a5b,0x77bea78a2f166f0eade9ca16859ff04ea4737a5b,0xe7cd86e13ac4309349f30b3435a9d337750fc82d,179670000,2184,
morph,deposit,27297378,1790257044000,0xdb4e54b3067ac4cded43eaa2699295192c7598f5de0a162f4b37a9bc00f9fc9b,0x98f5a81c4be3b854c70d3ed3a23df4067ca19155,0x98f5a81c4be3b854c70d3ed3a23df4067ca19155,0xe7cd86e13ac4309349f30b3435a9d337750fc82d,2892630000,2184,
morph,withdraw_submit,27297508,1790257240000,0x90310ba05e9adc7b943b678144ef08fac0f56dbde5c3948ea43e2da831c5cd8d,,0x9ba130f764d51190e242c47e0a628f825e5cb5f2,0xe7cd86e13ac4309349f30b3435a9d337750fc82d,9780000,,475630724339204096
morph,deposit,27298501,1790258834000,0x60902f9f05f289b98dfc69355f8ddef0b33b6f3ad3d46204409bda3bf2790ce6,0x96f44fde5aa4b113c310bd8ae6de0bcfc2c410af,0x96f44fde5aa4b113c310bd8ae6de0bcfc2c410af,0xe7cd86e13ac4309349f30b3435a9d337750fc82d,25330000,2184,
morph,withdraw_final,27298565,1790259245000,0xc60b7e4b92a40afa66e38c59516d9c4ba9ef26c1948a4091ce4206519becf8fd,,,,,,475791948821561344
morph,withdraw_submit,27298801,1790259340000,0x9618012e8b728cb83137a983a3341c0641bc78919bdbef1f5725834980d1e169,,0x7cb7f62cfd93111f6ac32d7b7feac25e934d536a,0xe7cd86e13ac4309349f30b3435a9d337750fc82d,118580000,,475791948821561344
morph,deposit,27298997,1790259656000,0x69a3e6926a0c8f02fae0b253443b7ea6a9660c45f230afbb68a6db959859399d,0xd557e1d3f8b0395d4d5443e5ebc561d7e39136ce,0xd557e1d3f8b0395d4d5443e5ebc561d7e39136ce,0xe7cd86e13ac4309349f30b3435a9d337750fc82d,240000000,2184,
morph,deposit,27299779,1790260678000,0x302470805eabca8b43eefe542bc3bdd8b8b7bce9bbbf92d4237224d049c250ef,0xfd322211780f7840f0a825ed0ade66a8211fbbbf,0xfd322211780f7840f0a825ed0ade66a8211fbbbf,0xe7cd86e13ac4309349f30b3435a9d337750fc82d,100090000,2184,
morph,deposit,27299838,1790260760000,0x91f76046401e0e0faf3f89df51d09e42ac3920894b58ef6dbd21ad32b7be09ce,0x070692da34b622fd56d40ae7a561473b046b3e19,0x070692da34b622fd56d40ae7a561473b046b3e19,0xe7cd86e13ac4309349f30b3435a9d337750fc82d,2580000,2184,
morph,deposit,27300128,1790261238000,0xc00cb479ceaa3f25e20c0ad281bb3ee6c94d855d57dfd94cceead4c244b0115b,0x9801336be557cf2bb23ec94c0482f83c12cb7a50,0x9801336be557cf2bb23ec94c0482f83c12cb7a50,0xe7cd86e13ac4309349f30b3435a9d337750fc82d,14650000,2184,
morph,deposit,27300316,1790261488000,0x123fc292c20a62d8a6ab24eb72a24923a5c9d7c36608c8440babf659321dfecd,0xd557e1d3f8b0395d4d5443e5ebc561d7e39136ce,0xd557e1d3f8b0395d4d5443e5ebc561d7e39136ce,0xe7cd86e13ac4309349f30b3435a9d337750fc82d,195400000,2184,
morph,deposit,27300947,1790262396000,0xbfa16453631e8f20df83601c8ba1a91a6918505797afc0aebbc15e8e75d1a8d9,0x41411bfc50cc09b2cbd2726cdb49ecab37e25dd9,0x41411bfc50cc09b2cbd2726cdb49ecab37e25dd9,0xe7cd86e13ac4309349f30b3435a9d337750fc82d,3780000,2184,
morph,deposit,27300956,1790262410000,0xeb766dd77d3b7826ec0d5d60145f4b5c70f16dbdac141c8b5142a4be5529ff47,0xee6e91af3c87ce11f7251213dd799ade3adf74e0,0xee6e91af3c87ce11f7251213dd799ade3adf74e0,0xe7cd86e13ac4309349f30b3435a9d337750fc82d,1620000,2184,
morph,deposit,27301004,1790262484000,0x17726926101f2aa354846843dd50bda5d73b6b3d2e4010e42b310ec2ad4fcc0f,0x16fc66e92ec34a39bf90193bc72d644e1838d2b5,0x16fc66e92ec34a39bf90193bc72d644e1838d2b5,0xe7cd86e13ac4309349f30b3435a9d337750fc82d,12080000,2184,
morph,deposit,27303249,1790265764000,0xd00b7de9a62e9637647ad18d12d2c7a4217738c695eead92402cebc5b5bb1081,0x102b17ebc1b723c7db5cf5ef7232ce1e4197a0ab,0x102b17ebc1b723c7db5cf5ef7232ce1e4197a0ab,0xe7cd86e13ac4309349f30b3435a9d337750fc82d,15020000,2184,
morph,deposit,27303350,1790265934000,0x4082855accaf28ef9124a4f0de87c82d65042d1c74c286627d97b578f6bd362e,0xa64058e55fcdb888f5ab6dd7ca0a2be6852a1daa,0xa64058e55fcdb888f5ab6dd7ca0a2be6852a1daa,0xe7cd86e13ac4309349f30b3435a9d337750fc82d,3070000,2184,
morph,deposit,27303585,1790266340000,0xba52ba65c76e666fe85043d9253105e7ce16975b64b1427fb76588b4b36776d7,0xa64058e55fcdb888f5ab6dd7ca0a2be6852a1daa,0xa64058e55fcdb888f5ab6dd7ca0a2be6852a1daa,0xe7cd86e13ac4309349f30b3435a9d337750fc82d,10680000,2184,
morph,deposit,27304070,1790266943000,0xd37f99cdd94e23209fa9bb5cae33dadd06dde236a8a0f820cc4cff03af0ce75a,0xbb48553d0c9470eb429ba35acd350c4c242ee902,0xbb48553d0c9470eb429ba35acd350c4c242ee902,0xe7cd86e13ac4309349f30b3435a9d337750fc82d,2000000,2184,
morph,withdraw_final,27304107,1790267309000,0x0a287b2b8f04a45a13512851c1385c66a97eba177315de7857f7a22c1cf26cf3,,,,,,476411145666691072
morph,withdraw_submit,27304329,1790267380000,0x1456d11314a31abce9f1760ca58ceaa1a4b9a86c338fd699419693d7fc931cc5,,0xbb48553d0c9470eb429ba35acd350c4c242ee902,0xe7cd86e13ac4309349f30b3435a9d337750fc82d,1000000,,476411145666691072
morph,deposit,27304594,1790267814000,0x25d9cfe59d1053f35815f847b72bc066d9bdcd4e6b4f4234780a9206a16664f3,0x7276b5d5180e7e4de8c61d90bd394671780bd64d,0x7276b5d5180e7e4de8c61d90bd394671780bd64d,0xe7cd86e13ac4309349f30b3435a9d337750fc82d,2620000,2184,
morph,deposit,27304759,1790268078000,0x440c1f66aa8c0d03986e05a72f1c993bb224f3f6666ffba184e11ed545399da3,0x9801336be557cf2bb23ec94c0482f83c12cb7a50,0x9801336be557cf2bb23ec94c0482f83c12cb7a50,0xe7cd86e13ac4309349f30b3435a9d337750fc82d,4480000,2184,
morph,withdraw_final,27304796,1790268413000,0xf748c75dfc1ec3b6d9260909a50300ebb67d12fd9b90c6e4424498a7fc5ca1fa,,,,,,476496228968824832
morph,withdraw_submit,27305079,1790268520000,0xdd0e127dc44c8ae43ee1f4890c6fdb8fd88b6f5aec71840ebd9a6c21e1662c4b,,0xd2a095ce98e025a87d6aeae35da1c2b9f8a91f62,0xe7cd86e13ac4309349f30b3435a9d337750fc82d,9220000,,476496228968824832
morph,deposit,27305182,1790268688000,0x4eff5c53d9b0d179f2b2d88bf8cd599a45010ca61bd8b044f7026021d9c75dbe,0x9801336be557cf2bb23ec94c0482f83c12cb7a50,0x9801336be557cf2bb23ec94c0482f83c12cb7a50,0xe7cd86e13ac4309349f30b3435a9d337750fc82d,3490000,2184,
morph,withdraw_final,27307238,1790272439000,0x61ea3f814537e24c9d4d9cfa9b6567f895833f97551236ade4216eed6b8c6d58,,,,,,476805982010212353
morph,withdraw_final,27307251,1790272460000,0x9e83f8ae0d719baf44398b5cfaeba111b3e745546ff53f8aa09673c2d60d91d5,,,,,,476807614097784834
morph,withdraw_final,27307421,1790272761000,0x3bc2e902f7bd8f6eac3ea9b04d2cda75601da9f1302423a1f1627a2d40e4ac48,,,,,,476830935774396417
morph,withdraw_submit,27307470,1790272540000,0xddea2437db3d7445dcf0edbfb10c3e31402d00aff8e8f2f29f6f6b03b9dd8b61,,0xd36a3977062bb22f6a2a45c326ad3ef905a034ca,0xe7cd86e13ac4309349f30b3435a9d337750fc82d,67070000,,476805982010212353
morph,withdraw_submit,27307470,1790272540000,0xddea2437db3d7445dcf0edbfb10c3e31402d00aff8e8f2f29f6f6b03b9dd8b61,,0xd36a3977062bb22f6a2a45c326ad3ef905a034ca,0xe7cd86e13ac4309349f30b3435a9d337750fc82d,6480000,,476807614097784834
morph,withdraw_submit,27307634,1790272839000,0xe299224761332d7dbf0e9767772ff012c39a7a9436eecf263687abc4eab56bbf,,0x77994a496509448d472237d27935e4141ce8932b,0xe7cd86e13ac4309349f30b3435a9d337750fc82d,113710000,,476830935774396417
morph,withdraw_final,27308324,1790274314000,0xf57fee87b7e9465057c9121a5da3827734fd5787995a3f51bfa35a6d9c1ec752,,,,,,476950370220769280
morph,deposit,27308377,1790274114000,0x8578b10dad7aa1237a7d5c6de8daf06466e80b64830a7a287f95fdb6283a83bf,0xed2199f649704b46d256005f040f5ce8c61d52d2,0xed2199f649704b46d256005f040f5ce8c61d52d2,0xe7cd86e13ac4309349f30b3435a9d337750fc82d,10000000,2184,
morph,deposit,27308420,1790274193000,0xf02e23a21d3502e997a26cbdab9e4b7a720a295259f1691582426cd2f0ab89d3,0x882b2c42144322191ac945b01bf541e2f4495f93,0x882b2c42144322191ac945b01bf541e2f4495f93,0xe7cd86e13ac4309349f30b3435a9d337750fc82d,4770000,2184,
morph,withdraw_submit,27308578,1790274400000,0xd2459bb2d93ff09c42f6890e2a29a4c862d222b8f96e9f7e320fe8ac4224b730,,0xd565794e482c48d8fa1d8372af1d8486fe3aa972,0xe7cd86e13ac4309349f30b3435a9d337750fc82d,186240000,,476950370220769280
morph,withdraw_final,27308625,1790274746000,0x9d31772d7775b98b91400777be57eee962ab8c5268db1966ebdc67ddf848f3ae,,,,,,476983905325416448
morph,deposit,27308678,1790274496000,0xb31e9ca3b00e88b6e9834ff50acf80537226bf32e1ad34be11eb604977a4de3d,0xeb5bf4e89ae3369f0812f5aa1344f5eff37d91ee,0xeb5bf4e89ae3369f0812f5aa1344f5eff37d91ee,0xe7cd86e13ac4309349f30b3435a9d337750fc82d,5140000,2184,
morph,withdraw_final,27308695,1790274828000,0x38fb96aa38b87fe5fd1982e7e39df803f2fca62deb8aa29f59420a6ba8fa477b,,,,,,476990098685034496
morph,withdraw_submit,27308854,1790274819000,0xfba614d71cab162ba0f0a69b01ad42427d6f27d2600aa74c44304154fd2d7d73,,0xd36a3977062bb22f6a2a45c326ad3ef905a034ca,0xe7cd86e13ac4309349f30b3435a9d337750fc82d,12950000,,476983905325416448
morph,withdraw_submit,27308920,1790274939000,0x16ed53928a248f46b937b042a0aa13c16db21cfb41633f3a3172c7fd611221b8,,0xe644ad1ef6c5d6fa322ffd82a9406e9305889f3e,0xe7cd86e13ac4309349f30b3435a9d337750fc82d,36130000,,476990098685034496
morph,withdraw_final,27309254,1790275795000,0x4fe2311826560fd8563c155fe41d00387614a404a7dc2f6a01bc8b5c322f4795,,,,,,477064925609459777
morph,deposit,27309294,1790275564000,0xcaecc084cb2f721509ecb38b90fc6d1e86090aeb44880910881d6929c3393fbb,0xb0bc6a1b8fd888370556b24fdc9b51eb968904ce,0xb0bc6a1b8fd888370556b24fdc9b51eb968904ce,0xe7cd86e13ac4309349f30b3435a9d337750fc82d,2300000,2184,
morph,deposit,27309434,1790275824000,0xd287fc60777a3bf41197d3fb4c1850fbbead5ee078cbeed7fc5c13f87035abf4,0x5a63c14e3bcaeec2b7fb7ccfbfff1c4c6e439887,0x5a63c14e3bcaeec2b7fb7ccfbfff1c4c6e439887,0xe7cd86e13ac4309349f30b3435a9d337750fc82d,227630000,2184,
morph,withdraw_submit,27309482,1790275900000,0x552ac87d70beb676a2dabeb07b38c615acfff3f7e4aaa21ebbaf1d54ae98acc6,,0x698cb4635daeaa35cc051442fcd2ffb0ae422067,0xe7cd86e13ac4309349f30b3435a9d337750fc82d,9000000,,477064925609459777
morph,deposit,27310292,1790277352000,0x36c19a6ae4f815015c9391a2b19ba18838feaf091e509f5af483c66ed478f8ae,0xcf6b3050d89b8ac30d31e6bd3f1be78094a2da54,0xcf6b3050d89b8ac30d31e6bd3f1be78094a2da54,0xe7cd86e13ac4309349f30b3435a9d337750fc82d,194810000,2184,
morph,withdraw_final,27311535,1790279388000,0xe7b48fa4e1c7027b4d384d1722aadd6334361a773b83df7fb702443ddf4cb221,,,,,,477341899452055553
morph,deposit,27311872,1790279410000,0xe85ede8ee2f37e819194b320600b2cd8fcb06d86357a28936e8f98d462305894,0x698cb4635daeaa35cc051442fcd2ffb0ae422067,0x698cb4635daeaa35cc051442fcd2ffb0ae422067,0xe7cd86e13ac4309349f30b3435a9d337750fc82d,8980000,2184,
morph,withdraw_submit,27311943,1790279500000,0x1916199cb413193bb9c4b907d439affe254ff62dcea0f9f9c13f4e7cbffc2709,,0x3f0385e2f27f1e481dd9c3fbcc77f0b725c1608d,0xe7cd86e13ac4309349f30b3435a9d337750fc82d,138690000,,477341899452055553
morph,deposit,27312774,1790280592000,0x9d445d7dcd388208fd7e855e8ec2654360fe5e6f908eea78e1f09084fd0dbf6b,0x642d800f3989486cbeb3578d8fb269f374b99243,0x642d800f3989486cbeb3578d8fb269f374b99243,0xe7cd86e13ac4309349f30b3435a9d337750fc82d,35000000,2184,
morph,deposit,27312799,1790280624000,0xd25bf2158ce1fc5d8a6bafc683c515737958264895d805cd265d016fef5fb519,0xfb179aa8dfefe7f85fae0b1999203dc9d9730ed1,0xfb179aa8dfefe7f85fae0b1999203dc9d9730ed1,0xe7cd86e13ac4309349f30b3435a9d337750fc82d,10000000,2184,
morph,deposit,27313162,1790281116000,0xe389ba53ad13b872f9aabee3b0947c924fda91c3a9a808996b578c5c922cb725,0x1e52ccf89a38ca3912c989b4275166bab25869c6,0x1e52ccf89a38ca3912c989b4275166bab25869c6,0xe7cd86e13ac4309349f30b3435a9d337750fc82d,1084180000,2184,
morph,deposit,27313398,1790281506000,0xbae40293f34781d94dab53c7c1154a9c608c914279022b7a94ea69cee0d98612,0x898411fad943ea1feddfdbc92783022d5c7c7688,0x898411fad943ea1feddfdbc92783022d5c7c7688,0xe7cd86e13ac4309349f30b3435a9d337750fc82d,22450000,2184,
morph,deposit,27313592,1790281830000,0x5ec426b65f1271b22a9638341925585184c0110b90657dcdfbd6f9409163b263,0xc483926436d762a9d9d999bb9df0fbcadedc9dad,0xc483926436d762a9d9d999bb9df0fbcadedc9dad,0xe7cd86e13ac4309349f30b3435a9d337750fc82d,300000000,2184,
morph,deposit,27314440,1790283301000,0x998d20cbe74de596f5319fe261cab03c01499d139668964e39612f8947e406d2,0x43e6dfd8d3210b88dcf07e7037cb386fbe670162,0x43e6dfd8d3210b88dcf07e7037cb386fbe670162,0xe7cd86e13ac4309349f30b3435a9d337750fc82d,52000000,2184,
morph,deposit,27314630,1790283640000,0xdadb5f7cbe8e952493385692f8f13c6d6fd2e2999957748c640e00f6939293f1,0x910c8e186cc6460c6cacf87a31c8303f30c8bc45,0x910c8e186cc6460c6cacf87a31c8303f30c8bc45,0xe7cd86e13ac4309349f30b3435a9d337750fc82d,147000000,2184,
morph,deposit,27315185,1790284648000,0x030c755a0c5c78d97167150f4f0fbf868673626d61b9940e03e97d6cbb39fe0e,0xec82fa0b5956f0fe2c4ab4dd12b4514127787350,0xec82fa0b5956f0fe2c4ab4dd12b4514127787350,0xe7cd86e13ac4309349f30b3435a9d337750fc82d,19840000,2184,
morph,deposit,27315264,1790284794000,0x9e9835dc8f3553954001c55d702026ec69b1cb30dd372bdecb1f3a1f81acde74,0x00000356ccf09517b96c2d3a7479527b00f00000,0x00000356ccf09517b96c2d3a7479527b00f00000,0xe7cd86e13ac4309349f30b3435a9d337750fc82d,100000000,2184,
morph,deposit,27315291,1790284843000,0x8c79c56e83f9fd31d8b3c0b92cfee0433b8335e2c5b7830f797d1ab4de3fbdbe,0x910c8e186cc6460c6cacf87a31c8303f30c8bc45,0x910c8e186cc6460c6cacf87a31c8303f30c8bc45,0xe7cd86e13ac4309349f30b3435a9d337750fc82d,51000000,2184,
morph,deposit,27315323,1790284906000,0x96ae8f71b16329cdb6e811aef2dd25e8f76c203130c229c2b7cde296c0434f4c,0x910c8e186cc6460c6cacf87a31c8303f30c8bc45,0x910c8e186cc6460c6cacf87a31c8303f30c8bc45,0xe7cd86e13ac4309349f30b3435a9d337750fc82d,49000000,2184,
morph,deposit,27315362,1790284976000,0x7da7dce1e642413ba3b52323b3c06ab2ab584836d16fcfc56956f40def818c91,0x853c9c8bd3c5d948b904a80e964433fd960befde,0x853c9c8bd3c5d948b904a80e964433fd960befde,0xe7cd86e13ac4309349f30b3435a9d337750fc82d,4090000,2184,
morph,deposit,27315659,1790285432000,0xaaa6bd534af93393cb611732134e571c880b36c8233da52a0f26efcb7e877f2c,0x95e359626a6e04f17f13541c5ef5c0bc79bf9a0a,0x95e359626a6e04f17f13541c5ef5c0bc79bf9a0a,0xe7cd86e13ac4309349f30b3435a9d337750fc82d,996400000,2184,
morph,deposit,27316130,1790286246000,0x1609e4521bc21bd23ef7707ca8dc90ab65ccc2343ca29077091510490458a533,0xeb754e75ce5251f75c72e1bd289324c474aba27e,0xeb754e75ce5251f75c72e1bd289324c474aba27e,0xe7cd86e13ac4309349f30b3435a9d337750fc82d,5710000,2184,
morph,deposit,27316238,1790286424000,0x9fe73beeb32342765b0caa25c2977b87e70d1fdc16b4bd6601bc699f8fb60701,0x3d98316e48518f6ffcd21200e2c2f5a1df1e4ace,0x3d98316e48518f6ffcd21200e2c2f5a1df1e4ace,0xe7cd86e13ac4309349f30b3435a9d337750fc82d,1305380000,2184,
morph,deposit,27316396,1790286724000,0x2ce635c7be5ee323604ff25665e3e1068d2b7df18b12ab0713b00bdf61eae7cc,0x98f5a81c4be3b854c70d3ed3a23df4067ca19155,0x98f5a81c4be3b854c70d3ed3a23df4067ca19155,0xe7cd86e13ac4309349f30b3435a9d337750fc82d,2485310000,2184,
morph,deposit,27316422,1790286770000,0xee57e59c37edcb77b7bef81647e6dc4d55278690b26b33b63499944eb208b72b,0xf86723a9915dc7dfcf4537bea0ff4a110c375cb7,0xf86723a9915dc7dfcf4537bea0ff4a110c375cb7,0xe7cd86e13ac4309349f30b3435a9d337750fc82d,4000000,2184,
morph,deposit,27316524,1790286962000,0x7208940c206930da5b076a907b53eea20e0c6d0ad4556d8feb1c6c758adbaf3a,0x698cb4635daeaa35cc051442fcd2ffb0ae422067,0x698cb4635daeaa35cc051442fcd2ffb0ae422067,0xe7cd86e13ac4309349f30b3435a9d337750fc82d,41170000,2184,
morph,withdraw_final,27316542,1790287295000,0xe2b12ab4f3bfe5250cffca7259dd0fe47c90964892e7d2ba0d133bfd0339babe,,,,,,477953751911497751
morph,deposit,27316563,1790287032000,0x74ef9309684be9bf267e9be7510055b797684d790011d753649880a73fd65802,0xdd767c5df54c66f8b72bb8039062ea1457f1fb7e,0xdd767c5df54c66f8b72bb8039062ea1457f1fb7e,0xe7cd86e13ac4309349f30b3435a9d337750fc82d,100000000,2184,
morph,deposit,27316760,1790287358000,0x12c7800b3bb16fa4228b17677e5692291417ec6e8a7aadde74acb7d17541d0f7,0x853c9c8bd3c5d948b904a80e964433fd960befde,0x853c9c8bd3c5d948b904a80e964433fd960befde,0xe7cd86e13ac4309349f30b3435a9d337750fc82d,7000000,2184,
morph,withdraw_submit,27316761,1790287360000,0x18774b493ca68f53bc34eb84505a080defb5f58433ae967420420e7f84f4182c,,0xfd322211780f7840f0a825ed0ade66a8211fbbbf,0xe7cd86e13ac4309349f30b3435a9d337750fc82d,4000000,,477953751911497751
morph,withdraw_final,27316831,1790287788000,0xe97a3e12f3e13f98f384bce0dca072d240cc6f100f0405d1c76905c94b9cd5b3,,,,,,477991410163777536
morph,withdraw_submit,27317058,1790287900000,0x04fe6563c6e3d5acbcd66b1c2ba4c2a48a39ae590cdfd8dbbcc427782c4dddf8,,0x95e359626a6e04f17f13541c5ef5c0bc79bf9a0a,0xe7cd86e13ac4309349f30b3435a9d337750fc82d,1069520000,,477991410163777536
morph,deposit,27317419,1790288545000,0xed9d16fe9d045da3acc566626a6eca2152ddb3911ef347da48bb768d386c4d42,0xbb48553d0c9470eb429ba35acd350c4c242ee902,0xbb48553d0c9470eb429ba35acd350c4c242ee902,0xe7cd86e13ac4309349f30b3435a9d337750fc82d,2000000,2184,
morph,withdraw_final,27317455,1790288915000,0xa7f37f565dd40a0c2397947a388eb72b096c3a9ccb47ce78ce4f3d343ca6852d,,,,,,478078726848905216
morph,withdraw_submit,27317659,1790288980000,0x86a37e6e8bb628bac087db2e7c358ad731562149a752eff783287ebb5706e76c,,0xbb48553d0c9470eb429ba35acd350c4c242ee902,0xe7cd86e13ac4309349f30b3435a9d337750fc82d,1000000,,478078726848905216
morph,deposit,27317704,1790289062000,0xccb3cdbcc1c1eaaf09755b157b07f70c83238ad3b52cddbc2fe1bb78acfe9ead,0xb165060826b54d7171ead2dc3e91818d7577bb98,0xb165060826b54d7171ead2dc3e91818d7577bb98,0xe7cd86e13ac4309349f30b3435a9d337750fc82d,4440000,2184,
morph,deposit,27318449,1790290362000,0x5a58273722a29f1d359176c0cc6a1f60167104106c39562d16be8e8be9b0b7cf,0xb165060826b54d7171ead2dc3e91818d7577bb98,0xb165060826b54d7171ead2dc3e91818d7577bb98,0xe7cd86e13ac4309349f30b3435a9d337750fc82d,3520000,2184,
morph,withdraw_final,27318720,1790291170000,0x31ff7555a3219317609e1b339087ad9cc4c17395f8bb613a358bb5f65b750ef7,,,,,,478253111102668800
morph,withdraw_final,27318776,1790291270000,0x9d79118b8846fbd7be2793e0759db99cdb1e9146d53b533f89c26b10e65e671f,,,,,,478260833474838528
morph,deposit,27318867,1790291136000,0x4122dbecb170844f864963d282ce72c055e7a36d0cfa37ea157d0cb42503ac22,0x18dac7a9395c2af4aea876fff776e5f10728ce27,0x18dac7a9395c2af4aea876fff776e5f10728ce27,0xe7cd86e13ac4309349f30b3435a9d337750fc82d,1100000000,2184,
morph,withdraw_submit,27318935,1790291260000,0x0494c0acfad4380c560974313250853c0707fba36c31cd6052599a4d23da9169,,0xb165060826b54d7171ead2dc3e91818d7577bb98,0xe7cd86e13ac4309349f30b3435a9d337750fc82d,2370000,,478253111102668800
morph,withdraw_submit,27318997,1790291380000,0xe28108f7c9de33555cef5b272d63a241d861d889e5c090d603271b7a9d856bff,,0x04ae1b97393e03464b4782f5b8e4adfe158bbb9d,0xe7cd86e13ac4309349f30b3435a9d337750fc82d,137490000,,478260833474838528
morph,deposit,27319632,1790292536000,0x28f82d449aa82aa9944a4385e157415d06bf8e77629567358660404b30ee3db9,0xa0650eb5cac74b797bc060c89667bc160621de96,0xa0650eb5cac74b797bc060c89667bc160621de96,0xe7cd86e13ac4309349f30b3435a9d337750fc82d,469750000,2184,
morph,deposit,27320290,1790293764000,0x341b6e30f3ad187b18029bcc07942b4bc03321669ec6a2b4e720d38432e6b2e8,0x7f79397d776ac78df9d9d67f387eac4d214f6166,0x7f79397d776ac78df9d9d67f387eac4d214f6166,0xe7cd86e13ac4309349f30b3435a9d337750fc82d,5090000,2184,
morph,withdraw_final,27320550,1790294553000,0x0acbd332fee9b1a7813209564a69dfe96d544e9e0326519a8d8c8d6fa7f5ea3a,,,,,,478514502833274880
morph,deposit,27320731,1790294540000,0xbe9ef0f7d9fea8aa794fff12931cbdba59328464513c84ab1bdd5b34d9e9539a,0xd171644ddb714ffcfebebb4ed86d5f63ba712e52,0xd171644ddb714ffcfebebb4ed86d5f63ba712e52,0xe7cd86e13ac4309349f30b3435a9d337750fc82d,2000000,2184,
morph,withdraw_submit,27320778,1790294620000,0xb13f18f0d52f88441adbf2fbe0151d607a7e58763904541e0ecc18c12d632748,,0x16fc66e92ec34a39bf90193bc72d644e1838d2b5,0xe7cd86e13ac4309349f30b3435a9d337750fc82d,3400000,,478514502833274880
morph,withdraw_final,27321241,1790295734000,0x8a4eb384a452653b23e0dfed59c09d36531887fbb865045117fa04986e89e105,,,,,,478605779486638133
morph,deposit,27321276,1790295492000,0xbd7ff57853f2a5abae6e9d4a98f2cc749d798483ff1ac71f271e076f9e4013ad,0x18dac7a9395c2af4aea876fff776e5f10728ce27,0x18dac7a9395c2af4aea876fff776e5f10728ce27,0xe7cd86e13ac4309349f30b3435a9d337750fc82d,1093260000,2184,
morph,deposit,27321295,1790295526000,0xa8f4d75b0ab7630bc87fc6635c5598695d36a714778dc2202679fd108d53038a,0x22c97f75accd76015adab97d8eaa360948af4c1b,0x22c97f75accd76015adab97d8eaa360948af4c1b,0xe7cd86e13ac4309349f30b3435a9d337750fc82d,100000000,2184,
morph,withdraw_submit,27321455,1790295820000,0x096ec08702b3b543ed248409b5f5bd8649fb2a95567cbd1712e534b49556f55f,,0xf36e4157ee21218ebb3eefe4d5aa46226875029f,0xe7cd86e13ac4309349f30b3435a9d337750fc82d,2800000,,478605779486638133
morph,deposit,27321475,1790295858000,0x9051d22059eb221e7dd4b5ff2602dbf56624e7bf34160290c318c100136fd3a9,0x18c173fff5ad15e4bbc337dd8598bdd3d6ec0264,0x18c173fff5ad15e4bbc337dd8598bdd3d6ec0264,0xe7cd86e13ac4309349f30b3435a9d337750fc82d,1340000,2184,
morph,deposit,27321625,1790296132000,0x90b427ee730625832ce088f2cc796209001fa3e135f6d67d35d0e238504d316f,0x81ad42d80e8a1824e6696741b938246b216aa79c,0x81ad42d80e8a1824e6696741b938246b216aa79c,0xe7cd86e13ac4309349f30b3435a9d337750fc82d,45780000,2184,
morph,withdraw_final,27322761,1790298499000,0x8c4bad72a03538c2f7e3246d70a93d282a1430118b7f762ea074a725556ea792,,,,,,478819548569534464
morph,withdraw_submit,27322978,1790298580000,0x30f59c1072f187e9a8372887589a3756224d6d8a0f7aac673fd52940f3087ace,,0xb165060826b54d7171ead2dc3e91818d7577bb98,0xe7cd86e13ac4309349f30b3435a9d337750fc82d,1330000,,478819548569534464
morph,deposit,27323073,1790298726000,0x95065550518356f74b70879161b54a77647d5d4ad083b5c134446be80faab7d4,0x8bdf795d20d751fe86ad1f3517c4396598322d98,0x8bdf795d20d751fe86ad1f3517c4396598322d98,0xe7cd86e13ac4309349f30b3435a9d337750fc82d,63960000,2184,
morph,deposit,27323717,1790299818000,0x86bfedd40cf8bc4a66c28be88557432e2978aa9b8edf392e1813b2fb954b4729,0x7bf4d27e9bf1b9670e0bdacf8f5726389c8bad0c,0x7bf4d27e9bf1b9670e0bdacf8f5726389c8bad0c,0xe7cd86e13ac4309349f30b3435a9d337750fc82d,1800000,2184,
morph,deposit,27323900,1790300112000,0xf4e806187e4020235e9c6525a7403b5c3e2680089e4105c82cea1d76b8fa1332,0xbb48553d0c9470eb429ba35acd350c4c242ee902,0xbb48553d0c9470eb429ba35acd350c4c242ee902,0xe7cd86e13ac4309349f30b3435a9d337750fc82d,2000000,2184,
morph,withdraw_final,27323907,1790300422000,0x090478de6cd2368fe2a3b2afcb69132905667627abbe92d2727902f68749812f,,,,,,478967870978523137
morph,withdraw_submit,27324145,1790300500000,0x7403a5b777b685c22aa985e6b62f4864a5c28e0c744e6581b57fb41734594c42,,0xbb48553d0c9470eb429ba35acd350c4c242ee902,0xe7cd86e13ac4309349f30b3435a9d337750fc82d,1000000,,478967870978523137
morph,withdraw_final,27324266,1790301019000,0x303981dabcc8e67e80e2ab8fe3912446d8a716dc47834d64ab4cbf7eb11a88b0,,,,,,479013990328958976
morph,withdraw_submit,27324503,1790301100000,0x84c246c40d6d3a79c8689d5543ffafc95e46ec5e060d2389c5dfc95d3fd958b3,,0x9deabcf6be3f599039241fe0b16266ac4a411c58,0xe7cd86e13ac4309349f30b3435a9d337750fc82d,1000000,,479013990328958976
morph,deposit,27324554,1790301170000,0xe9fd5cf5f7200453298bdd9e3c22449d29f8b165c230fec915e554bb535a6343,0xf36e4157ee21218ebb3eefe4d5aa46226875029f,0xf36e4157ee21218ebb3eefe4d5aa46226875029f,0xe7cd86e13ac4309349f30b3435a9d337750fc82d,2000000,2184,
morph,deposit,27324878,1790301712000,0x79094bb11dbd6140a310b40d2dc8157fad8ba98ae9100ecf6b78e5b108e1d102,0x028616896009ed81111d5be075c73f46894e39f9,0x028616896009ed81111d5be075c73f46894e39f9,0xe7cd86e13ac4309349f30b3435a9d337750fc82d,20000000,2184,
morph,deposit,27325363,1790302392000,0x6efd903d1fa301c55a67d4476c92d4c1b53076c9b5c15a01a0bb1086d793984f,0x028616896009ed81111d5be075c73f46894e39f9,0x028616896009ed81111d5be075c73f46894e39f9,0xe7cd86e13ac4309349f30b3435a9d337750fc82d,5000000,2184,
morph,withdraw_final,27325769,1790303256000,0xcde0e16549fbc4aa04d31fca4186cd84a9db0d0cacae56a8b8fdf04ef7308082,,,,,,479187412535214080
morph,withdraw_final,27326009,1790303590000,0xb2f635b71e862d670715116a84d543c994faad936f97ff0da5c1626da1945825,,,,,,479213216681951232
morph,withdraw_submit,27326030,1790303320000,0xf072c0fe58c3d9466218fdc2901aa8321c19179b6bba52dd27e34f9965e69a89,,0x7bf4d27e9bf1b9670e0bdacf8f5726389c8bad0c,0xe7cd86e13ac4309349f30b3435a9d337750fc82d,1310000,,479187412535214080
morph,deposit,27326131,1790303494000,0x008c089205deb8564dd2fdf98750854f7a9a9216eb6a6f442f3363518fb8038f,0x7bf4d27e9bf1b9670e0bdacf8f5726389c8bad0c,0x7bf4d27e9bf1b9670e0bdacf8f5726389c8bad0c,0xe7cd86e13ac4309349f30b3435a9d337750fc82d,1300000,2184,
morph,withdraw_submit,27326247,1790303680000,0xddef2cc45ce91521a88c33b14a61dce6cbf4177de9cb47f3b5a46edcb379607d,,0x63b8ce95fd1231dedda70531288e67fa634cb038,0xe7cd86e13ac4309349f30b3435a9d337750fc82d,5640000,,479213216681951232
morph,deposit,27326754,1790304498000,0xbf2378ba48948c482b1d2bccb2310158419bff9bba8dac71d1bdaec227731738,0x4bc24af26fccac45f6b53ccef7efbf4167941bc7,0x4bc24af26fccac45f6b53ccef7efbf4167941bc7,0xe7cd86e13ac4309349f30b3435a9d337750fc82d,2540000,2184,
morph,withdraw_final,27326965,1790305138000,0x61205e8dfa63ed8198886645095d7108f63d783427075a49939a03d877b2d4e2,,,,,,479332986148356097
morph,deposit,27327191,1790305218000,0x47fec22749d999510ef52fe5a30bf45485a95dd1dbcf7a108bc23a71ec9a19f9,0x88dc590bb13d446e56f53fd1790036f745aef004,0x88dc590bb13d446e56f53fd1790036f745aef004,0xe7cd86e13ac4309349f30b3435a9d337750fc82d,1150000,2184,
morph,withdraw_submit,27327205,1790305240000,0x6501015f1a474ab190a77b381e530f469c4238db619c5daf811db3b417af42e2,,0xa64058e55fcdb888f5ab6dd7ca0a2be6852a1daa,0xe7cd86e13ac4309349f30b3435a9d337750fc82d,9640000,,479332986148356097
morph,deposit,27327851,1790306311000,0xae05a16f7b2262f98e04eaeda99c7a42e665695605b250e0821f09210d32641a,0x06deaf88d688bd3edca0537b20fea771904db152,0x06deaf88d688bd3edca0537b20fea771904db152,0xe7cd86e13ac4309349f30b3435a9d337750fc82d,10000000,2184,
morph,deposit,27328232,1790306919000,0x1bae7b38243a527c03ff99314ac6cc35cd6c759d8fc5924db7686025a1be0f5f,0xa1e2c1e745e841dc2505e151f042046cf315a831,0xa1e2c1e745e841dc2505e151f042046cf315a831,0xe7cd86e13ac4309349f30b3435a9d337750fc82d,5000000,2184,
morph,deposit,27329153,1790308510000,0xd247af9d61379106eed48939320160df3441964e869b65c0abfa28d8fb2997a0,0x028616896009ed81111d5be075c73f46894e39f9,0x028616896009ed81111d5be075c73f46894e39f9,0xe7cd86e13ac4309349f30b3435a9d337750fc82d,30000000,2184,
morph,deposit,27329207,1790308610000,0xb09488e9e18f8e21015236dc4adefaebfa30eac24dbe069676f77b71aaf849b6,0x028616896009ed81111d5be075c73f46894e39f9,0x028616896009ed81111d5be075c73f46894e39f9,0xe7cd86e13ac4309349f30b3435a9d337750fc82d,14000000,2184,
morph,deposit,27330056,1790310144000,0xab3c13428665104c046631a127f8c2e7912be47dc78e6202fe8b41d23826db53,0xbb48553d0c9470eb429ba35acd350c4c242ee902,0xbb48553d0c9470eb429ba35acd350c4c242ee902,0xe7cd86e13ac4309349f30b3435a9d337750fc82d,2000000,2184,
morph,deposit,27330068,1790310164000,0xd35e537f72835a5bc2ef7a5d4b4ad988311684c505a6423cd9b81458fcce5da0,0xab6f7517bd02eec279aa765e12bcc9cde72312af,0xab6f7517bd02eec279aa765e12bcc9cde72312af,0xe7cd86e13ac4309349f30b3435a9d337750fc82d,3010000,2184,
morph,withdraw_final,27330090,1790310505000,0x5dd7c69fab040eb1ac28bd5a3ddca90760c9eb5079c81cead012793a19935a46,,,,,,479748172046925824
morph,deposit,27330283,1790310536000,0x0771e299fb1d8b596b37a398b7b17a2fa4acc6fb2924f361e3b592fd6784c98b,0x06deaf88d688bd3edca0537b20fea771904db152,0x06deaf88d688bd3edca0537b20fea771904db152,0xe7cd86e13ac4309349f30b3435a9d337750fc82d,1200000,2184,
morph,withdraw_submit,27330307,1790310580000,0x121a362a157446e76679961806745aba73bd2d071081e92df81a35e2439f9fd1,,0xbb48553d0c9470eb429ba35acd350c4c242ee902,0xe7cd86e13ac4309349f30b3435a9d337750fc82d,1000000,,479748172046925824
morph,withdraw_final,27330571,1790311355000,0x95f8041c6670293d7b80ac17b032eb9cc33b39b163a14fcc74585f76deddcfc7,,,,,,479813996736675859
morph,withdraw_submit,27330781,1790311420000,0xf307c6226bbd7998468ae21656b58cceece57c35bf7a662c637f7ddff729de97,,0x4bc24af26fccac45f6b53ccef7efbf4167941bc7,0xe7cd86e13ac4309349f30b3435a9d337750fc82d,1120000,,479813996736675859
morph,deposit,27331160,1790312096000,0xa6e84912b171f2924847f45e5251c1bc233097df40b40f938559fd1e9c379682,0x4eb248e18590f5e0fa1e856674b5671e3718e480,0x4eb248e18590f5e0fa1e856674b5671e3718e480,0xe7cd86e13ac4309349f30b3435a9d337750fc82d,14980000,2184,
morph,deposit,27332735,1790314840000,0xc65743773c63d9636f834b83cab018dff622eaf4169abad8d58119567da8dfef,0xd557e1d3f8b0395d4d5443e5ebc561d7e39136ce,0xd557e1d3f8b0395d4d5443e5ebc561d7e39136ce,0xe7cd86e13ac4309349f30b3435a9d337750fc82d,500000000,2184,
morph,deposit,27333407,1790315975000,0xa25a9cc775c844bcc3e723168512842801a9bd9b89da3dc7e70b70d115671b7d,0xbb2692856a4506bd04a00dacec35c2ab0ea5270c,0xbb2692856a4506bd04a00dacec35c2ab0ea5270c,0xe7cd86e13ac4309349f30b3435a9d337750fc82d,6000000,2184,
morph,deposit,27333683,1790316452000,0x71bc678c6818190c5d997ab34537db7524ec9840778773d12234cebc51b5211b,0x8b1ff49d7bdb5d381325859ccd53c92b77a943d2,0x8b1ff49d7bdb5d381325859ccd53c92b77a943d2,0xe7cd86e13ac4309349f30b3435a9d337750fc82d,95170000,2184,
morph,deposit,27334549,1790317872000,0xc22b53cc1e20a5623bd8154f3e692dd92decccfa324ec80eed52d3d61641ebee,0xcaa96699640095dfa47ffd2543d92e0f3ca6d1a2,0xcaa96699640095dfa47ffd2543d92e0f3ca6d1a2,0xe7cd86e13ac4309349f30b3435a9d337750fc82d,23010000,2184,
morph,deposit,27335863,1790319934000,0x5bf41c6b1267b91529b3d37732d100ca36aa32c3a2ff8e7088625d782e0e3e6c,0x3c248a37189c79344b1f98fea844dfa28bc9eded,0x3c248a37189c79344b1f98fea844dfa28bc9eded,0xe7cd86e13ac4309349f30b3435a9d337750fc82d,6650000,2184,
morph,deposit,27335903,1790319994000,0x6acf8145777887658cf1f45795636d47db645a4feefc8bd835a84b33af609a81,0xdde3c840164ee66f5e1738bc6d0bb2e382675452,0xdde3c840164ee66f5e1738bc6d0bb2e382675452,0xe7cd86e13ac4309349f30b3435a9d337750fc82d,5720000,2184,
morph,deposit,27336120,1790320314000,0xad9f83a018a01a665d6c9fc199d3c2186a41db526d03c4479aef7ee9fc037eb2,0x85134f6b5fcb17dd35fcadb5534cac024c159772,0x85134f6b5fcb17dd35fcadb5534cac024c159772,0xe7cd86e13ac4309349f30b3435a9d337750fc82d,3030000,2184,
morph,deposit,27336206,1790320454000,0x5a7a2c30d148c51bac27c01eb1a5cb8918233bf7d52d14a99dbec692b7b809cb,0xd557e1d3f8b0395d4d5443e5ebc561d7e39136ce,0xd557e1d3f8b0395d4d5443e5ebc561d7e39136ce,0xe7cd86e13ac4309349f30b3435a9d337750fc82d,200000000,2184,
morph,deposit,27336663,1790321126000,0xbf540093e5c544b538eaf3760fad4dc2ad6f5e8bddd5bcb328bb09de497b4601,0x070692da34b622fd56d40ae7a561473b046b3e19,0x070692da34b622fd56d40ae7a561473b046b3e19,0xe7cd86e13ac4309349f30b3435a9d337750fc82d,5070000,2184,
morph,withdraw_final,27336960,1790321925000,0xbcd76cb2b606002a71ad584bb2e6eb8b34a91f381d618418cc6f33855279adda,,,,,,480631457832763392
morph,withdraw_submit,27337238,1790322040000,0xc0a6b771adae69f901158eb560ec0f7bcf9df78b13048c62379e74b6b1f375dc,,0x8bdf795d20d751fe86ad1f3517c4396598322d98,0xe7cd86e13ac4309349f30b3435a9d337750fc82d,53840000,,480631457832763392
morph,deposit,27337353,1790322234000,0x340ed89e7901d020004e1e72001b12b576752516495bb3f379dbff1b757bbb18,0xc8e74522fbcd0b3a7a223eafc992189b5080054a,0xc8e74522fbcd0b3a7a223eafc992189b5080054a,0xe7cd86e13ac4309349f30b3435a9d337750fc82d,4320000,2184,
morph,deposit,27337414,1790322332000,0xb8910b5746ca71df8bf89fdf8a5920334e088234119f1bc4970513ec943d576f,0xc8e74522fbcd0b3a7a223eafc992189b5080054a,0xc8e74522fbcd0b3a7a223eafc992189b5080054a,0xe7cd86e13ac4309349f30b3435a9d337750fc82d,2140000,2184,
morph,deposit,27338124,1790323512000,0x73b778bb2716738f911d689e4ae75ad6cd27c60bd453fe5a12b2be691cb26d49,0x5f310463e9df2401a432c8e855265c07e43cec78,0x5f310463e9df2401a432c8e855265c07e43cec78,0xe7cd86e13ac4309349f30b3435a9d337750fc82d,1600000000,2184,
morph,withdraw_final,27338888,1790324954000,0x47805a7cab6e69e3e5b5c3299bc45ec801c58723a32968ca18810608a1393a19,,,,,,480865997432029184
morph,withdraw_submit,27339142,1790325040000,0x9eb70c88c3cce4574596d8763933c9f06e1692e222f304a6f016dfcaa23016c5,,0xa0650eb5cac74b797bc060c89667bc160621de96,0xe7cd86e13ac4309349f30b3435a9d337750fc82d,103200000,,480865997432029184
morph,deposit,27339997,1790326464000,0x53baa23393434facc24d49edf3c812ee9e21a2d3c660de836c8d8be8e1769971,0x9801336be557cf2bb23ec94c0482f83c12cb7a50,0x9801336be557cf2bb23ec94c0482f83c12cb7a50,0xe7cd86e13ac4309349f30b3435a9d337750fc82d,6090000,2184,
morph,deposit,27341058,1790328184000,0x679c2714da13252f37486810e8dbf445a6036a6f68ee465671768ff1c3c3a02b,0xdac8a776f49e56bef529ed01683b5ff992866c9f,0xdac8a776f49e56bef529ed01683b5ff992866c9f,0xe7cd86e13ac4309349f30b3435a9d337750fc82d,99490000,2184,
morph,deposit,27342042,1790329606000,0xecf3c094987bef7628a50389ba11e8244d37f7f7b5f7f633650b683e1bf9931d,0xb16837b1c543c53ceba85bb0909d005fc81d9920,0xb16837b1c543c53ceba85bb0909d005fc81d9920,0xe7cd86e13ac4309349f30b3435a9d337750fc82d,70000000,2184,
morph,deposit,27342706,1790330739000,0xb5e04663bc6d27841bf033d11249bd8cffbb4cc4ff1dee55e3b29260f7b1d5be,0xe34f3d157315a7f413fd92ec03cdfcc7717c1758,0xe34f3d157315a7f413fd92ec03cdfcc7717c1758,0xe7cd86e13ac4309349f30b3435a9d337750fc82d,41410000,2184,
morph,deposit,27343278,1790331745000,0x500c2b23977a7ad6fb6a9c25bd576528146b1c09800a528cd7479b7270a02902,0xbb48553d0c9470eb429ba35acd350c4c242ee902,0xbb48553d0c9470eb429ba35acd350c4c242ee902,0xe7cd86e13ac4309349f30b3435a9d337750fc82d,2000000,2184,
morph,withdraw_final,27343316,1790332114000,0x584ce886726eec62d2c78a6bfc38190a90379868a6f0ffe53216b4d429197b67,,,,,,481419842038005760
morph,deposit,27343393,1790331936000,0x6e63d4735b8578d4212c32390d9bf249a29a67f90e20381dd9856ec56e0d28f3,0x21b1da7137dcb32ac59347defe5698eb324962dc,0x21b1da7137dcb32ac59347defe5698eb324962dc,0xe7cd86e13ac4309349f30b3435a9d337750fc82d,3013950000,2184,
morph,withdraw_submit,27343547,1790332181000,0xc0d34cb8ec1c5d2197447e6c1e14eab7b75d94a2471ee68c188a21967672d791,,0xbb48553d0c9470eb429ba35acd350c4c242ee902,0xe7cd86e13ac4309349f30b3435a9d337750fc82d,1000000,,481419842038005760
morph,deposit,27344098,1790333088000,0x7b8653b5e82e902d5b442a8841e9f1386cd5dc92c71964a06d3bd36ee9fd39d7,0xa3cd8275bbaf401567c3453d9ae862c15187a56e,0xa3cd8275bbaf401567c3453d9ae862c15187a56e,0xe7cd86e13ac4309349f30b3435a9d337750fc82d,20000000,2184,
morph,deposit,27344285,1790333374000,0xf5da97d02ef97f55764e3b105ac71dce3116948da03055738324cfaf1c2ed860,0x9ff7c473882030c6f8ca70e13ba99941c1c82a6d,0x9ff7c473882030c6f8ca70e13ba99941c1c82a6d,0xe7cd86e13ac4309349f30b3435a9d337750fc82d,1850000,2184,
morph,deposit,27344335,1790333450000,0x194a198a994b56a12218722a0123eedc9f57560aefd279318a1ac25e9ed90086,0x718fb69d48e9ca80bdd3536f1b7540597de2d83f,0x718fb69d48e9ca80bdd3536f1b7540597de2d83f,0xe7cd86e13ac4309349f30b3435a9d337750fc82d,638050000,2184,
morph,deposit,27345770,1790335264000,0x48c1f979138c281d51755d68d0c5ce380d2bfb6c13904151f093beac73ae8f3f,0x56b112ddd6067851986847bdf46dbe6c9c264a98,0x56b112ddd6067851986847bdf46dbe6c9c264a98,0xe7cd86e13ac4309349f30b3435a9d337750fc82d,1220000,2184,
morph,withdraw_final,27345963,1790335812000,0xcee05ee0c6fa7a5838e6e635ecda1b4e1b0ce27322421706eabc642aa8d82080,,,,,,481705611990401024
morph,withdraw_final,27346092,1790335982000,0x897de05c928662444792fe5191c45b02bafed08df7e9d2f2174d90b39d0474eb,,,,,,481718591385763840
morph,withdraw_final,27346231,1790336193000,0xd620989d99012c68b8c6066e22edf5706c321136b0ebec75f8ef5f5c9647708a,,,,,,481734860717686785
morph,withdraw_submit,27346236,1790335900000,0xaf4e0ceb0bac505ed50327c607903d3f91a113974af0cee9a33e99a770dbbd84,,0xa8e9ff6002947fd5d963d553d628f1f18936c014,0xe7cd86e13ac4309349f30b3435a9d337750fc82d,117820000,,481705611990401024
morph,deposit,27346327,1790336024000,0x20ab6fd768ae45033caf0fb9051e38c4c3d12e14e027324159114d80c3e153d6,0x070692da34b622fd56d40ae7a561473b046b3e19,0x070692da34b622fd56d40ae7a561473b046b3e19,0xe7cd86e13ac4309349f30b3435a9d337750fc82d,7730000,2184,
morph,deposit,27346344,1790336050000,0x12b5f67403eb3a19e3ffebb5a8fec1aeec69d9e0dd8ffcca36dd04948c5a9628,0xa64058e55fcdb888f5ab6dd7ca0a2be6852a1daa,0xa64058e55fcdb888f5ab6dd7ca0a2be6852a1daa,0xe7cd86e13ac4309349f30b3435a9d337750fc82d,10000000,2184,
morph,withdraw_submit,27346360,1790336080000,0xc5746aecda9d47f24a855c9150d6f7ce585404e4b61949864dd8f45e0d4184b2,,0xf2e87e8c72805fcdcfafef40d48acc470f4c2675,0xe7cd86e13ac4309349f30b3435a9d337750fc82d,352620000,,481718591385763840
morph,withdraw_submit,27346482,1790336260000,0xbe5f4741805b5308eb86559d879469f5ac5b2ff143dd0ab61b2c8b5da067e235,,0x21b1da7137dcb32ac59347defe5698eb324962dc,0xe7cd86e13ac4309349f30b3435a9d337750fc82d,1529000000,,481734860717686785
morph,deposit,27346492,1790336272000,0x5d05154917500351d7c88f40b8a82f80c5cc08fc0d321d2bfa46486a7c2e6f5f,0x070692da34b622fd56d40ae7a561473b046b3e19,0x070692da34b622fd56d40ae7a561473b046b3e19,0xe7cd86e13ac4309349f30b3435a9d337750fc82d,2400000,2184,
morph,withdraw_final,27346546,1790336663000,0x8540e16cabfa61870805cca4d4b8dc5ba9a8a56fff45cd84ab2257ab78c3d917,,,,,,481771256283136060
morph,deposit,27346758,1790336722000,0x07e3acf259610f9f5c1b85374c0d2c254065451d8afacfd764aed251dc2cc1d6,0x9af8dda55a19008f24f0157028d96d038691a6bb,0x9af8dda55a19008f24f0157028d96d038691a6bb,0xe7cd86e13ac4309349f30b3435a9d337750fc82d,1270000,2184,
morph,withdraw_submit,27346771,1790336740000,0x4c9080ed248534101b91b57eb42713180489b81107566a352921b6c08702d3b4,,0x698cb4635daeaa35cc051442fcd2ffb0ae422067,0xe7cd86e13ac4309349f30b3435a9d337750fc82d,19000000,,481771256283136060
morph,withdraw_final,27347133,1790337652000,0x1fb946854e5dda92ac2bea06f4017361b7396a990fb32a7b84b51ab1ed13106f,,,,,,481846847707545615
morph,deposit,27347212,1790337484000,0x23b4095a3e810f418fb94cf8e420572b6cccd4cbb1a8fa8e65f7cda5d8ce1f14,0xd2a095ce98e025a87d6aeae35da1c2b9f8a91f62,0xd2a095ce98e025a87d6aeae35da1c2b9f8a91f62,0xe7cd86e13ac4309349f30b3435a9d337750fc82d,18290000,2184,
morph,deposit,27347311,1790337662000,0x1c089d29de6b38bf986bb234eae0ec5b49205b00fe325025db1def1318ff3709,0xe512d953669544196dccf63750ad5462b7710aa5,0xe512d953669544196dccf63750ad5462b7710aa5,0xe7cd86e13ac4309349f30b3435a9d337750fc82d,249970000,2184,
morph,withdraw_submit,27347374,1790337760000,0x96d1147216f9237f2e0746e03826e55e52a8509accd9e0d4e7591ae2b00ab31d,,0x698cb4635daeaa35cc051442fcd2ffb0ae422067,0xe7cd86e13ac4309349f30b3435a9d337750fc82d,29000000,,481846847707545615
morph,deposit,27347477,1790337926000,0x919ed7a9aaed8942806251839233400860313b77bb096c929e7cfadb10c35663,0xcea2145400c521da2c75e3d23c1da9249ea109e0,0xcea2145400c521da2c75e3d23c1da9249ea109e0,0xe7cd86e13ac4309349f30b3435a9d337750fc82d,177250000,2184,
morph,withdraw_final,27347812,1790338759000,0xfdbfa4118c91f976650e2f91726f38b26cb8bde285cfe3b483cc7f271a227b41,,,,,,481931999708184576
morph,withdraw_submit,27348134,1790338840000,0xe7a62a4dbda73ce8f37f42227f8a2863099d6243ffb38dd1e28381d238559fde,,0xa64058e55fcdb888f5ab6dd7ca0a2be6852a1daa,0xe7cd86e13ac4309349f30b3435a9d337750fc82d,4010000,,481931999708184576
morph,withdraw_final,27348271,1790339332000,0xf638665afdd0aca49b3a0396193172b882d94d2368f576e51f0037f87fb715f2,,,,,,481975885684015106
morph,deposit,27348403,1790339153000,0x997b798cec85f75ec074ac1c03e2cf6c05e635291ea0ffb11ca026575644e192,0x21b1da7137dcb32ac59347defe5698eb324962dc,0x21b1da7137dcb32ac59347defe5698eb324962dc,0xe7cd86e13ac4309349f30b3435a9d337750fc82d,1528980000,2184,
morph,withdraw_submit,27348597,1790339440000,0x31c463630d6d53c07264294111141f425be294d8bd6b0f1fbe93bb2692d8b1d7,,0xcaa96699640095dfa47ffd2543d92e0f3ca6d1a2,0xe7cd86e13ac4309349f30b3435a9d337750fc82d,22010000,,481975885684015106
morph,deposit,27350396,1790341854000,0x190735e82bab06ed9ef25e477ba6cd147d579f00d54c0a219b5bed3b328c1f91,0x80ffd626b3d779a41d9ce0f6303712f771da18f3,0x80ffd626b3d779a41d9ce0f6303712f771da18f3,0xe7cd86e13ac4309349f30b3435a9d337750fc82d,2180000,2184,
morph,deposit,27350466,1790341978000,0x604909c190597188b6d66246af0e1e2bc351f04a541ffac68c48721c11a42b13,0x80ffd626b3d779a41d9ce0f6303712f771da18f3,0x80ffd626b3d779a41d9ce0f6303712f771da18f3,0xe7cd86e13ac4309349f30b3435a9d337750fc82d,21790000,2184,
morph,withdraw_final,27351205,1790343478000,0xa96f136dff477254b1ff14940b3d0005a55bdaa731769e49e3ece0bb1ae4d43e,,,,,,482295328188399616
morph,withdraw_submit,27351481,1790343580000,0xfa8e5be1bff51bca8861790d74ff82e966d8085797e407320b128aa626063c84,,0x08916c58c0795560b9587a690a5da2a0f40c5bbe,0xe7cd86e13ac4309349f30b3435a9d337750fc82d,246270000,,482295328188399616
morph,withdraw_final,27351864,1790344409000,0xb93b9970b4b4eab5ec97638f08e2c377854dbad8676f1cac15ba1fd80803356d,,,,,,482366616042995713
morph,deposit,27352077,1790344444000,0xa557ce6404f0e68fdd2ff83f30fbde4392d5d38fe639bcf285ef3a031edde40a,0xdac8a776f49e56bef529ed01683b5ff992866c9f,0xdac8a776f49e56bef529ed01683b5ff992866c9f,0xe7cd86e13ac4309349f30b3435a9d337750fc82d,96150000,2184,
morph,withdraw_submit,27352105,1790344480000,0xf40fb3b88a896d301344a043d4489837f648fdb19a9b3e2dd16facfdb6d29be3,,0x80ffd626b3d779a41d9ce0f6303712f771da18f3,0xe7cd86e13ac4309349f30b3435a9d337750fc82d,13120000,,482366616042995713
morph,deposit,27352298,1790344786000,0x3bba8802951831d519ada4071a1ba5cdf8aab96af9ce295f58c3f98e015ac556,0xacbaadb54fddda478889019d1f1cc0c66e7686a6,0xacbaadb54fddda478889019d1f1cc0c66e7686a6,0xe7cd86e13ac4309349f30b3435a9d337750fc82d,35000000,2184,
morph,deposit,27352743,1790345412000,0x562d2ccb643bd3a94a1384ed8351deddd31ef0bfbe7c67219f9da78200724548,0xd557e1d3f8b0395d4d5443e5ebc561d7e39136ce,0xd557e1d3f8b0395d4d5443e5ebc561d7e39136ce,0xe7cd86e13ac4309349f30b3435a9d337750fc82d,150000000,2184,
morph,deposit,27352826,1790345548000,0x50016f756ad75beb6552ec4afa232fee79eb4337e58fb156e43e846ab06510d7,0xacbaadb54fddda478889019d1f1cc0c66e7686a6,0xacbaadb54fddda478889019d1f1cc0c66e7686a6,0xe7cd86e13ac4309349f30b3435a9d337750fc82d,5000000,2184,
morph,deposit,27353640,1790346820000,0x0d2fb3183a29794472c09b64427a0ad8533c5aa5ef22b34f81f3266f84686d6c,0x06deaf88d688bd3edca0537b20fea771904db152,0x06deaf88d688bd3edca0537b20fea771904db152,0xe7cd86e13ac4309349f30b3435a9d337750fc82d,23010000,2184,
morph,deposit,27353810,1790347086000,0xf762adabf22b577b4f6a392f026a0a5debd7f7822ab5711152c147059166c67c,0xa5332838dcdc05713da344c3ea1622d39c3ebf82,0xa5332838dcdc05713da344c3ea1622d39c3ebf82,0xe7cd86e13ac4309349f30b3435a9d337750fc82d,58120000,2184,
morph,deposit,27353993,1790347372000,0x049063be04bd31bfb125ee6c9d957f66453c20aeee254c31578be575bfa0caaa,0x06deaf88d688bd3edca0537b20fea771904db152,0x06deaf88d688bd3edca0537b20fea771904db152,0xe7cd86e13ac4309349f30b3435a9d337750fc82d,73760000,2184,
morph,deposit,27354259,1790347751000,0xf941f17e4138a4846f06e78d624b9018d2d942908ce7d88733aff411e9fb4bdd,0xf5893dde48be72b66d61a12b0f8aa75f77f34a38,0xf5893dde48be72b66d61a12b0f8aa75f77f34a38,0xe7cd86e13ac4309349f30b3435a9d337750fc82d,17930000,2184,
morph,withdraw_final,27354831,1790348911000,0xfdc67eaf517619dd00fabc39eace179190b0d5e052fc4e0a9ebad5d9b5f32775,,,,,,482712438223929344
morph,withdraw_final,27354921,1790349047000,0x9477e87e95ea34247ecf184ad256bd28f1e8145fc4281d4875ac94288f13a2ae,,,,,,482723038207410179
morph,deposit,27354982,1790348856000,0x5fcd962f04ec0f503cd3ee501b9e7877765335cf185d2db8e08d7a295c950de7,0x5922c2873796c2c4de041481de3a8969cb66ac0c,0x5922c2873796c2c4de041481de3a8969cb66ac0c,0xe7cd86e13ac4309349f30b3435a9d337750fc82d,200000000,2184,
morph,withdraw_submit,27355061,1790348980000,0xa991971344cd29a15bb3b9f5133be4b42a4a9d3c90206f65ec269074790c8838,,0x761c3cd8ab204b580a33c5dd435b0649abc13e54,0xe7cd86e13ac4309349f30b3435a9d337750fc82d,199000000,,482712438223929344
morph,withdraw_submit,27355170,1790349160000,0xed6acb3edcb73190769a831d18bed8f554de3b25206df53cb07745e6dadba854,,0x910c8e186cc6460c6cacf87a31c8303f30c8bc45,0xe7cd86e13ac4309349f30b3435a9d337750fc82d,72590000,,482723038207410179
morph,withdraw_final,27355210,1790349527000,0xf53ec16a03fb7c0f2cb9037e78272bf10b6fafaa5e4d567e9b60b7f022f61a43,,,,,,482760120950849536
morph,withdraw_submit,27355479,1790349640000,0x5efc9245945b0ea67b90fad7ce4269151a05060a6fa487641e3c85158c2b65d7,,0x761c3cd8ab204b580a33c5dd435b0649abc13e54,0xe7cd86e13ac4309349f30b3435a9d337750fc82d,59850000,,482760120950849536
morph,withdraw_final,27355813,1790350481000,0x1082a9badcda7bf300aeb04a89c42e3fea8ad05cf85133025050361c6c63d0c7,,,,,,482833702330564608
morph,withdraw_submit,27356044,1790350540000,0x53e8bfa149310553bae7bb056a7772ab55d5086fdf2cfeecacfc2616e4c1478d,,0x21b1da7137dcb32ac59347defe5698eb324962dc,0xe7cd86e13ac4309349f30b3435a9d337750fc82d,1787150000,,482833702330564608
morph,deposit,27356444,1790351192000,0x723ef2234a7104f85e9054dd00fb72830df79b76df08bdd5807d74f779f077eb,0xaa26c38949f329dd342043c3ad637d6c409857ad,0xaa26c38949f329dd342043c3ad637d6c409857ad,0xe7cd86e13ac4309349f30b3435a9d337750fc82d,487220000,2184,
morph,deposit,27356713,1790351632000,0xcc91e81fa3b56fac47a3c374794717d1fb6b4721f9a8232bbfd00373557a2c31,0xdc25f0288fce5753d8cec8648416c831104cf51a,0xdc25f0288fce5753d8cec8648416c831104cf51a,0xe7cd86e13ac4309349f30b3435a9d337750fc82d,84520000,2184,
morph,deposit,27357972,1790353345000,0x9277b4dfcd55d47990720ccfa47571332e428225b92c91bce58dab8f4eba1278,0xbb48553d0c9470eb429ba35acd350c4c242ee902,0xbb48553d0c9470eb429ba35acd350c4c242ee902,0xe7cd86e13ac4309349f30b3435a9d337750fc82d,2000000,2184,
morph,withdraw_final,27358010,1790353710000,0xd79c3ad650ef463ddf6ed3467cd1059340375b1cef383ce3df5ae33cc614445c,,,,,,483082604266913793
morph,withdraw_submit,27358254,1790353780000,0xa2d28c29c1a2a0e3e0b06ab187b24c862442f40ce29748ce590cb695d2531e3f,,0xbb48553d0c9470eb429ba35acd350c4c242ee902,0xe7cd86e13ac4309349f30b3435a9d337750fc82d,1000000,,483082604266913793
morph,deposit,27358686,1790354478000,0x3d0fc801787d356a6e64c2d2ece166951e0962157fbd07ad61a9399a16caf92a,0x80ffd626b3d779a41d9ce0f6303712f771da18f3,0x80ffd626b3d779a41d9ce0f6303712f771da18f3,0xe7cd86e13ac4309349f30b3435a9d337750fc82d,2200000,2184,
morph,deposit,27358715,1790354526000,0xd90c2180dcc15a69dd1a6e000c60dc421ebd496150d158d7ecd7e129f5445385,0xf966f3a2c45944e52a276f6ffe6acbf64ec60b67,0xf966f3a2c45944e52a276f6ffe6acbf64ec60b67,0xe7cd86e13ac4309349f30b3435a9d337750fc82d,1140000,2184,
morph,deposit,27360136,1790356994000,0x9e782f8904f75170b8bd4837b6e5daf942ae74e7ec79107a2504305847fa2a97,0xc93943bc4b19812d4d40a03065616c12cf17dd04,0xc93943bc4b19812d4d40a03065616c12cf17dd04,0xe7cd86e13ac4309349f30b3435a9d337750fc82d,53070000,2184,
morph,deposit,27360851,1790358280000,0xe42f147716efca38fc814a67870767688374ba27a314cd8a3984bb40a9e6c73e,0xd84a3c8e9bec42ec0d158823b98efa815cffaf61,0xd84a3c8e9bec42ec0d158823b98efa815cffaf61,0xe7cd86e13ac4309349f30b3435a9d337750fc82d,5000000,2184,
morph,deposit,27360901,1790358368000,0x94dc27783556616ab4ef46fdb9928a55bd6c4072ffad8c16d65b55be6b3d20e5,0xd84a3c8e9bec42ec0d158823b98efa815cffaf61,0xd84a3c8e9bec42ec0d158823b98efa815cffaf61,0xe7cd86e13ac4309349f30b3435a9d337750fc82d,400000000,2184,
morph,deposit,27361005,1790358550000,0xb5c48b8c1ae6bc7efc6248d5badaed3b60d1c253f4b65c9774cd9ca68c03b820,0x3078749446d7203607725b04bb20e6e59091d026,0x3078749446d7203607725b04bb20e6e59091d026,0xe7cd86e13ac4309349f30b3435a9d337750fc82d,2390000,2184,
morph,deposit,27361539,1790359546000,0x29ccf90b4e91b01a4ebd4717d56b594e169b25f231f93d4ee804aeb18b93fca4,0x9b7239bf027421804d267294e984736f0877b221,0x9b7239bf027421804d267294e984736f0877b221,0xe7cd86e13ac4309349f30b3435a9d337750fc82d,1000000,2184,
morph,deposit,27361652,1790359756000,0x33dc7a91af7eaf848b93f0a0b71c06a55dd33dcfbf38872bfb4f1f86b759155e,0xa1b4f658f9282dc4cfc18941be95fd603f078c1f,0xa1b4f658f9282dc4cfc18941be95fd603f078c1f,0xe7cd86e13ac4309349f30b3435a9d337750fc82d,9880000,2184,
morph,deposit,27361809,1790360030000,0xadf7959c001bd6121b2c4c11d42e916946abf63d67b0189345c1e2d256b7bfe3,0x104385b467ecb8395fb0c2fd2d651b9dd25d8f00,0x104385b467ecb8395fb0c2fd2d651b9dd25d8f00,0xe7cd86e13ac4309349f30b3435a9d337750fc82d,384060000,2184,
morph,deposit,27362357,1790361006000,0x0e00172ca8e218dbd16e5a13e42e7635726aec0a6aeed8dad7135383002204aa,0x825d292c9f3a39676c8fd54c3bb5af1e8d8e8309,0x825d292c9f3a39676c8fd54c3bb5af1e8d8e8309,0xe7cd86e13ac4309349f30b3435a9d337750fc82d,1000000,2184,
morph,deposit,27362952,1790362084000,0xad62273eb43e7d0ebcc94112c6390356564bd61ac045085f85684e50984effc8,0xd2a095ce98e025a87d6aeae35da1c2b9f8a91f62,0xd2a095ce98e025a87d6aeae35da1c2b9f8a91f62,0xe7cd86e13ac4309349f30b3435a9d337750fc82d,48220000,2184,
morph,deposit,27363951,1790363924000,0x2971bc7b41a93f8d9bb773e1f0a767471994c28a770443e2e2cddad7ef9bc4aa,0x683fc1b8adf69fe90c82ece4e864f231c23499f9,0x683fc1b8adf69fe90c82ece4e864f231c23499f9,0xe7cd86e13ac4309349f30b3435a9d337750fc82d,112100000,2184,
morph,withdraw_final,27363986,1790364289000,0xa83627008b673fcf53ba91f7f86c24cec59c86611f40307b9e187f436c227f6e,,,,,,483898699584372736
morph,withdraw_submit,27364212,1790364400000,0x693301c3c88575e87eedaa34b3dcadfe3dd7499cc27cb5ad954583f91577c947,,0x104385b467ecb8395fb0c2fd2d651b9dd25d8f00,0xe7cd86e13ac4309349f30b3435a9d337750fc82d,436410000,,483898699584372736
morph,deposit,27364612,1790365146000,0x0c26beb4c042a7971d945dc3c967621cef1fd5a0a37eff37180314afd8360dab,0x62eab90d58b2d2a8b4492f2a409c812446820517,0x62eab90d58b2d2a8b4492f2a409c812446820517,0xe7cd86e13ac4309349f30b3435a9d337750fc82d,31170000,2184,
morph,deposit,27366157,1790367906000,0xfa66f87e30012a05942a4397732daa010fc39b395e413faf34a45a54caaefc76,0xcd4ac9466cb1cc94f7a1d63a8bbb7391db981574,0xcd4ac9466cb1cc94f7a1d63a8bbb7391db981574,0xe7cd86e13ac4309349f30b3435a9d337750fc82d,37920000,2184,
morph,withdraw_final,27367493,1790370744000,0x8a0b3cf98aae190420d219c2c28e1d872c049e877f4f258007fd86da20357889,,,,,,484397852122939406
morph,withdraw_submit,27367692,1790370820000,0xe431118f7a0d3476c576e9913f703e724d0e1e7a1c4fcf01b97f8088ed102d43,,0x718fb69d48e9ca80bdd3536f1b7540597de2d83f,0xe7cd86e13ac4309349f30b3435a9d337750fc82d,711890000,,484397852122939406
morph,deposit,27368343,1790372044000,0xf784cb6ef0a1371930ae8603b4d29e7f8d3f44faa0a3fc04a92ea88450ebeea3,0xb263bd19c93ec8168543e8b2f726840322745abc,0xb263bd19c93ec8168543e8b2f726840322745abc,0xe7cd86e13ac4309349f30b3435a9d337750fc82d,10000000,2184,
morph,deposit,27368801,1790372928000,0x3419970ba88cbb71cd4b994a24ccabdee46dc7cad9e2542ebf9c088988462ba0,0x8b3724e3eae56c32e2ced956f7f42d51388cd340,0x8b3724e3eae56c32e2ced956f7f42d51388cd340,0xe7cd86e13ac4309349f30b3435a9d337750fc82d,106750000,2184,
morph,withdraw_final,27369467,1790374497000,0x7e56a3de2daf4b8c319e58cee05a3bb4af93b815fb4787e1ea0ab8935cebe318,,,,,,484688466760695808
morph,deposit,27369677,1790374584000,0x8c7b2eca24266a156b7874b78709ce588be5a9d2536f027618cb3a4a33b6e591,0x9ff7c473882030c6f8ca70e13ba99941c1c82a6d,0x9ff7c473882030c6f8ca70e13ba99941c1c82a6d,0xe7cd86e13ac4309349f30b3435a9d337750fc82d,4960000,2184,
morph,withdraw_submit,27369685,1790374600000,0xb7efb71292a6ecd1a0f3038e0daee67e364450e7e3d9c54d6c10d94f89b8d358,,0x8b3724e3eae56c32e2ced956f7f42d51388cd340,0xe7cd86e13ac4309349f30b3435a9d337750fc82d,104180000,,484688466760695808
morph,deposit,27369794,1790374796000,0x6690d91e635662b38deb861d5efa26979246e3b81b18dee37299f7d73b2427e3,0x8b3724e3eae56c32e2ced956f7f42d51388cd340,0x8b3724e3eae56c32e2ced956f7f42d51388cd340,0xe7cd86e13ac4309349f30b3435a9d337750fc82d,104160000,2184,
morph,deposit,27369877,1790374945000,0x130a0cd49ca8c624eceb962db481200bbf4294b205c7640180e917732e70c285,0xbb48553d0c9470eb429ba35acd350c4c242ee902,0xbb48553d0c9470eb429ba35acd350c4c242ee902,0xe7cd86e13ac4309349f30b3435a9d337750fc82d,2000000,2184,
morph,withdraw_final,27369911,1790375305000,0xdbeac4ec824024817930883dd43d854160c786905b2fa78cd8f7f50b86678b71,,,,,,484751104572129280
morph,withdraw_submit,27370102,1790375380000,0x12f73a2b3f7f8f59c3f63c6a72024cac2feb6a43e9994a9ebc3a41cc81754357,,0xbb48553d0c9470eb429ba35acd350c4c242ee902,0xe7cd86e13ac4309349f30b3435a9d337750fc82d,1000000,,484751104572129280
morph,deposit,27370656,1790376418000,0x4301e4083137a44e029f3346704415564d3cdae0a8cb979dc8ae3c2776376564,0x104385b467ecb8395fb0c2fd2d651b9dd25d8f00,0x104385b467ecb8395fb0c2fd2d651b9dd25d8f00,0xe7cd86e13ac4309349f30b3435a9d337750fc82d,398700000,2184,
morph,withdraw_final,27370725,1790376855000,0xb7cb161a194b7d842b770ce08c38c21fb99e79413dd7f6665ad69407a3144258,,,,,,484870925561364480
morph,withdraw_submit,27370926,1790376942000,0x006cbe6e7ded87a947e3b94fe954a01fba5ea317d8ea4158ceb422635cfde170,,0x8b3724e3eae56c32e2ced956f7f42d51388cd340,0xe7cd86e13ac4309349f30b3435a9d337750fc82d,67190000,,484870925561364480
morph,withdraw_final,27372619,1790380457000,0x03031c047b1f3cf1aee3a5cb7fe7e61053539b438e2e680b8d345c95c6a60b62,,,,,,485148998953336846
morph,withdraw_submit,27372823,1790380540000,0x97d178438d4a79be2005a0b46b583d792111c41f8e6f2b40f55177a0cd02ac35,,0x18dac7a9395c2af4aea876fff776e5f10728ce27,0xe7cd86e13ac4309349f30b3435a9d337750fc82d,1012300000,,485148998953336846
morph,deposit,27372889,1790380660000,0xb62fbd2bca4915bfbd48e9847184dd4cf5164a914110f57dd72606176c4f4715,0x2969e3f8e42786c936a3ebefe2227cb441ea50f3,0x2969e3f8e42786c936a3ebefe2227cb441ea50f3,0xe7cd86e13ac4309349f30b3435a9d337750fc82d,8420000,2184,
morph,withdraw_final,27372905,1790380990000,0x377dc6245f69d8da4bc3afb4a730e66d5ac337663ca8649c9190467621eb01fb,,,,,,485190058811326464
morph,withdraw_submit,27373120,1790381079000,0x988385fcefa36464153691564624bf82e03aa539f90936170f54ec1d46fea4f2,,0x104385b467ecb8395fb0c2fd2d651b9dd25d8f00,0xe7cd86e13ac4309349f30b3435a9d337750fc82d,312390000,,485190058811326464
morph,withdraw_final,27373239,1790381600000,0xb438d1967bf74cc936e2652baa989a60e106d86746d44ccc830b3b12b805b127,,,,,,485237320660811790
morph,withdraw_submit,27373440,1790381680000,0x69247aca7a76d0494721d0f2123d21670e2a1eb47d28a12fcf8ef6cc9e7bf9ed,,0x53fb5f2212437693d6957a603840d253162ca84f,0xe7cd86e13ac4309349f30b3435a9d337750fc82d,19000000,,485237320660811790
morph,deposit,27375701,1790385936000,0x697a535871c819fbf6d3a49e647390faf4df28d0b99fcf890addbb4d1e6fa639,0x825d292c9f3a39676c8fd54c3bb5af1e8d8e8309,0x825d292c9f3a39676c8fd54c3bb5af1e8d8e8309,0xe7cd86e13ac4309349f30b3435a9d337750fc82d,2100000,2184,
morph,deposit,27376331,1790387124000,0x7a63b347af87d92e2d81573ef873c757a54db1db7701e77636539ce63287b55b,0x88dc590bb13d446e56f53fd1790036f745aef004,0x88dc590bb13d446e56f53fd1790036f745aef004,0xe7cd86e13ac4309349f30b3435a9d337750fc82d,1130000,2184,
morph,withdraw_final,27377241,1790389142000,0x0824ab43c1da7bb50c64ffe073e6fc8efcb7f90faabc6075b409f1972b49c4ef,,,,,,485820233609641984
morph,withdraw_submit,27377451,1790389240000,0x3439113c1e89e9e132f4a5c6b2f8d5792e04c0c2be6e201a58a5c40a4bfd4d47,,0xcf6b3050d89b8ac30d31e6bd3f1be78094a2da54,0xe7cd86e13ac4309349f30b3435a9d337750fc82d,219410000,,485820233609641984
morph,deposit,27378993,1790392196000,0x56e1c8edcba502889330d1962ca9028aed3e8ced03ae51fdb2a0a0a31d943366,0xdbeba977dc95302affd00eb1c1d3fc3a33bc0085,0xdbeba977dc95302affd00eb1c1d3fc3a33bc0085,0xe7cd86e13ac4309349f30b3435a9d337750fc82d,89100000,2184,
morph,deposit,27379267,1790392706000,0x59f10f3f8ab34b8c25faed774a23a6d9b73f08ea656cd51073ceaa30fbef7aa8,0x718fb69d48e9ca80bdd3536f1b7540597de2d83f,0x718fb69d48e9ca80bdd3536f1b7540597de2d83f,0xe7cd86e13ac4309349f30b3435a9d337750fc82d,679850000,2184,
morph,withdraw_final,27380891,1790395971000,0x89d4e81ec19a07222aed78fc7508d059ecf86c0f90c5ee5a3281bf01999832a3,,,,,,486346427232944128
morph,deposit,27380975,1790395824000,0x934377d3109712c20b504c131eb62046e28743811fefc3e20b908c8a67061e66,0x3cfd92fd214084d65e4abbf72719c1a9254b0757,0x3cfd92fd214084d65e4abbf72719c1a9254b0757,0xe7cd86e13ac4309349f30b3435a9d337750fc82d,3050000000,2184,
morph,withdraw_submit,27381136,1790396080000,0x8dd076a3433ff9d84ae6245fefb30daed3b56e63fdd5b390b0318c077d5747db,,0x88dc590bb13d446e56f53fd1790036f745aef004,0xe7cd86e13ac4309349f30b3435a9d337750fc82d,1320000,,486346427232944128
morph,withdraw_final,27381272,1790396592000,0xc2a893a26da5d24e2ca7e314c8e63ae1c023bdf48bc2dcc808d9279530274e3b,,,,,,486394453561442304
morph,deposit,27381448,1790396544000,0xe20d33d90ce868d43ab743b9c484822072a5be2536122d991c93ca1d6b7727d2,0xbb48553d0c9470eb429ba35acd350c4c242ee902,0xbb48553d0c9470eb429ba35acd350c4c242ee902,0xe7cd86e13ac4309349f30b3435a9d337750fc82d,2000000,2184,
morph,withdraw_final,27381492,1790396899000,0x98caf8ed402e0d407d021f4d2a2cac8e037056c12fc002a3ed69e7a2b6b0ab4f,,,,,,486418041509249024
morph,withdraw_submit,27381555,1790396680000,0x87fddd1daac59e06ce0f63e5b6a80d0d45f689902b80cc7d085e6795d0d90c6d,,0xaa26c38949f329dd342043c3ad637d6c409857ad,0xe7cd86e13ac4309349f30b3435a9d337750fc82d,469830000,,486394453561442304
morph,deposit,27381635,1790396782000,0x68415f281a4777877210acf81010a412dd423b118e1bf1d5ace7135ee17b08cd,0x80ffd626b3d779a41d9ce0f6303712f771da18f3,0x80ffd626b3d779a41d9ce0f6303712f771da18f3,0xe7cd86e13ac4309349f30b3435a9d337750fc82d,4580000,2184,
morph,withdraw_submit,27381765,1790396980000,0xf3dc0d3e1f6cb363317d563573fa58c076ac1e09faf43de22c8dfaba19a552f8,,0xbb48553d0c9470eb429ba35acd350c4c242ee902,0xe7cd86e13ac4309349f30b3435a9d337750fc82d,1000000,,486418041509249024
morph,deposit,27381798,1790397030000,0x382de42a7f14d6b69492d016a9548abf966b672ca6582a49156d6e815cd86aeb,0xeee90eb303fd73f0ed8ed484e45024da70a7f2b4,0xeee90eb303fd73f0ed8ed484e45024da70a7f2b4,0xe7cd86e13ac4309349f30b3435a9d337750fc82d,3960000,2184,
morph,deposit,27381966,1790397332000,0x1f8bda8dff9a7dda767ed7365f275e2d33a8dd22b3c500e0fbd607db4870d447,0x96f0f26f56de258b007d5d6b5a3873965f5afb4b,0x96f0f26f56de258b007d5d6b5a3873965f5afb4b,0xe7cd86e13ac4309349f30b3435a9d337750fc82d,100000000,2184,
morph,deposit,27381986,1790397368000,0x29eb968df35c602b7b9af645a1ac3e4fe507bff4090462f491d19ece7099b753,0x9131acbfbf458a262d2cf0c1c9860629d2b08fc7,0x9131acbfbf458a262d2cf0c1c9860629d2b08fc7,0xe7cd86e13ac4309349f30b3435a9d337750fc82d,14250000,2184,
morph,deposit,27382347,1790398028000,0xa85fa498b473b641da4f521608388d65f7fd9b2f255ec21c9c2718696d03571b,0x3cfd92fd214084d65e4abbf72719c1a9254b0757,0x3cfd92fd214084d65e4abbf72719c1a9254b0757,0xe7cd86e13ac4309349f30b3435a9d337750fc82d,6000000000,2184,
morph,deposit,27382746,1790398762000,0x024760c753b97b9c212bc1decb8a7a68cc80e953ddeba14ba4f4cdccbe6d575e,0x715c9a4e5de82821e5fdc27676f026dbe760ebbb,0x715c9a4e5de82821e5fdc27676f026dbe760ebbb,0xe7cd86e13ac4309349f30b3435a9d337750fc82d,45450000,2184,
morph,deposit,27383503,1790400032000,0x827c53e056b7159cb8ff029a7c38c23155385de48e4acb0b2d98bbb9438e29d9,0x77bea78a2f166f0eade9ca16859ff04ea4737a5b,0x77bea78a2f166f0eade9ca16859ff04ea4737a5b,0xe7cd86e13ac4309349f30b3435a9d337750fc82d,107840000,2184,
morph,deposit,27384645,1790402052000,0xdab32fc80e66be2e42b7294f489d6bb685f101c09abb55fe1521210d94d9aa30,0x8c79fbc9f087d50398914164d7e74628cf2a2de3,0x8c79fbc9f087d50398914164d7e74628cf2a2de3,0xe7cd86e13ac4309349f30b3435a9d337750fc82d,112310000,2184,
morph,deposit,27385172,1790402986000,0xcc0f7af368932bb913d1aedb70871fb57c389f9fb9c96d2b8f66147b400bf2ba,0x3cfd92fd214084d65e4abbf72719c1a9254b0757,0x3cfd92fd214084d65e4abbf72719c1a9254b0757,0xe7cd86e13ac4309349f30b3435a9d337750fc82d,17430000000,2184,
morph,deposit,27385562,1790403678000,0x4887226d6595cb405d17cda45a1cd04c39d2bfbfde86b43f4ed7f73b5e4a9264,0x0e8920eacf29e935eae9c9465202c475a331c427,0x0e8920eacf29e935eae9c9465202c475a331c427,0xe7cd86e13ac4309349f30b3435a9d337750fc82d,14951140000,2184,
morph,deposit,27385853,1790404180000,0xda9fa6622c13d95641f8653dd33de9d4194eb8b7562960be65508e6f7841afda,0xe073353423608a8c8d29858ee83f01880a48ff22,0xe073353423608a8c8d29858ee83f01880a48ff22,0xe7cd86e13ac4309349f30b3435a9d337750fc82d,73950000,2184,
morph,deposit,27385942,1790404338000,0xa2cc1ba7ee42b3c1ea31434d07b774ed8caa99a71d7cc8a66db4a081546c72a6,0xe073353423608a8c8d29858ee83f01880a48ff22,0xe073353423608a8c8d29858ee83f01880a48ff22,0xe7cd86e13ac4309349f30b3435a9d337750fc82d,8870000,2184,
morph,deposit,27385946,1790404346000,0x3a11839d6922a19046a0573931e44f6b3152147995ef3a8f2098a52e34a01264,0xe073353423608a8c8d29858ee83f01880a48ff22,0xe073353423608a8c8d29858ee83f01880a48ff22,0xe7cd86e13ac4309349f30b3435a9d337750fc82d,7660000,2184,
morph,deposit,27386120,1790404648000,0x75cbc37c2828d2135973f262e141fed487147d912ba54fd413f9156156679827,0xe073353423608a8c8d29858ee83f01880a48ff22,0xe073353423608a8c8d29858ee83f01880a48ff22,0xe7cd86e13ac4309349f30b3435a9d337750fc82d,7680000,2184,
morph,withdraw_final,27386613,1790405825000,0xc48c3dfe681716c857e30d79e099d9e4c9986e26b0b4b4a3d520fb13dad54b54,,,,,,487107495450378249
morph,withdraw_submit,27386840,1790405920000,0x670e08999b4ab4656525cb7e616e5b22dcef24ef8b704bd3f1c023516b389f44,,0x0e8920eacf29e935eae9c9465202c475a331c427,0xe7cd86e13ac4309349f30b3435a9d337750fc82d,14917690000,,487107495450378249
morph,deposit,27387262,1790406618000,0x95f1c403c01c81198847799a479e5efad3719a41feac9c01f78e9e59c0945319,0x4342c5547367cd58003290d82e53ad54b09715e6,0x4342c5547367cd58003290d82e53ad54b09715e6,0xe7cd86e13ac4309349f30b3435a9d337750fc82d,1130000,2184,
morph,deposit,27388496,1790408688000,0xda4fa684ce63dba5196fe4d91d1cd8c59e672edb2e06ebd08d99717724da4e22,0xf79888677ea2474f102dab2196225f02add5b48d,0xf79888677ea2474f102dab2196225f02add5b48d,0xe7cd86e13ac4309349f30b3435a9d337750fc82d,455810000,2184,
morph,deposit,27388803,1790409260000,0x204ba823e045c57495b54618edefdcd3cf93e20e5b099cdedd27b409bc43923b,0xd2e40dfa960c82020f91613a1d50e56a5f3a17b0,0xd2e40dfa960c82020f91613a1d50e56a5f3a17b0,0xe7cd86e13ac4309349f30b3435a9d337750fc82d,6000000,2184,
morph,deposit,27389340,1790410190000,0xc65e25f220ba0931dddb3992c5d338f62ff17c0660618524913dc0bc92572288,0x1599aa81486ff42e22f8c67bac889b1001a7cbe8,0x1599aa81486ff42e22f8c67bac889b1001a7cbe8,0xe7cd86e13ac4309349f30b3435a9d337750fc82d,3000000,2184,
morph,withdraw_final,27389408,1790410605000,0x103af90ef9a84086a2f3c82074af39662d8a771ced867551ce7753a48d3dbe7d,,,,,,487476312877826048
morph,deposit,27389612,1790410660000,0x37a7241ba1d2967b06ceb3f0ce1d2d35211918d1d8097c9992ee75d718eee5c5,0xe57352b4792d6cc1fa3baeb58a14bf32b6ed7485,0xe57352b4792d6cc1fa3baeb58a14bf32b6ed7485,0xe7cd86e13ac4309349f30b3435a9d337750fc82d,5000000,2184,
morph,withdraw_submit,27389649,1790410720000,0x72b704cd46ea08d691925be4274192d9dcca4e16e7c19e9d30fc7ad3c59e7ca8,,0x3078749446d7203607725b04bb20e6e59091d026,0xe7cd86e13ac4309349f30b3435a9d337750fc82d,5750000,,487476312877826048
morph,deposit,27389740,1790410870000,0x2497209de8efafe4d9e100fcc6ec81a30e3aaadba6ab4fb0dcfe0d511e36a607,0xe57352b4792d6cc1fa3baeb58a14bf32b6ed7485,0xe57352b4792d6cc1fa3baeb58a14bf32b6ed7485,0xe7cd86e13ac4309349f30b3435a9d337750fc82d,3000000,2184,
morph,withdraw_final,27390186,1790411866000,0x8198d7e6ac6168adc940f10eaab406848ff50dc29c65fe9da61615f4e13d177e,,,,,,487573353364717568
morph,deposit,27390202,1790411594000,0xeeb90340d3eb3b3b9275208c0c5f28e809e3e2099d8f48835bae6aef4270fc55,0xaa6e3812c9e94bff52459fb536d25458a9320d7b,0xaa6e3812c9e94bff52459fb536d25458a9320d7b,0xe7cd86e13ac4309349f30b3435a9d337750fc82d,5000000,2184,
morph,deposit,27390304,1790411750000,0xb4ae396cfb8db9db1a31d056a54bcd508bae96f6832d423cb54fb627fe268cc8,0xc8b6857a28b40095dad07a1e184debdb6d669476,0xc8b6857a28b40095dad07a1e184debdb6d669476,0xe7cd86e13ac4309349f30b3435a9d337750fc82d,1000000,2184,
morph,withdraw_submit,27390441,1790411980000,0xb40125742f3120f3674ac5ae03e03b09b26584abfc434ea38d701558321ec9e6,,0xa4f5bcf319edaebf605c849db48b20e2b8cb6e2d,0xe7cd86e13ac4309349f30b3435a9d337750fc82d,1032020000,,487573353364717568
morph,withdraw_final,27390830,1790412947000,0x03096a9df0edff0bfc1cee4b881f79c75724f209c71ce06b10d7c23db18671db,,,,,,487656873294561280
morph,withdraw_submit,27391081,1790413060000,0xd9d4bc5dced75b5f55d98df0c7d764b1c82c33180dcc58fd776c611cab9ecbec,,0xcd4ac9466cb1cc94f7a1d63a8bbb7391db981574,0xe7cd86e13ac4309349f30b3435a9d337750fc82d,36100000,,487656873294561280
morph,withdraw_final,27391164,1790413501000,0x308f1b88e95e2d5e14a10d59be03868aed172a69658dba8abfe48c77c434085d,,,,,,487699685515984896
morph,withdraw_submit,27391447,1790413600000,0x74db7a70f60714c6d44783b4c1d17c804f281b292eb76e294f1264a8b51bb3f3,,0x825d292c9f3a39676c8fd54c3bb5af1e8d8e8309,0xe7cd86e13ac4309349f30b3435a9d337750fc82d,2000000,,487699685515984896
morph,withdraw_final,27392903,1790416399000,0x652b6e48d3ba251f88aefc92aecd43c301b07e1d1857611a088b502059870497,,,,,,487923427567468606
morph,withdraw_submit,27393120,1790416480000,0xe3868345245e23808705b8a309b7186ac840430520c9a931f2e922ec7aaf6664,,0x3cfd92fd214084d65e4abbf72719c1a9254b0757,0xe7cd86e13ac4309349f30b3435a9d337750fc82d,6861750000,,487923427567468606
morph,deposit,27393412,1790416996000,0x051ad1e1740ce03a2f77ed298d638d74043d8bb6438ee71239a2fea96a5ec5c6,0x9491c553ec0d619b62e7619967f21266d7c98071,0x9491c553ec0d619b62e7619967f21266d7c98071,0xe7cd86e13ac4309349f30b3435a9d337750fc82d,1280000,2184,
morph,deposit,27394050,1790418144000,0xbe8dbc4f0a6dacec5749d7af147795a04d32d92b56a83f4a912e8ae97c6dfdb5,0xbb48553d0c9470eb429ba35acd350c4c242ee902,0xbb48553d0c9470eb429ba35acd350c4c242ee902,0xe7cd86e13ac4309349f30b3435a9d337750fc82d,2000000,2184,
morph,withdraw_final,27394088,1790418512000,0xe41d4678fa60a9be26d8185c1bf7037773d544f520b52cd423725cdaa5ec4701,,,,,,488086455915118592
morph,withdraw_submit,27394290,1790418580000,0xc64e5064b0158cf2640b9204f29538a6f801c4f41682dd8822473c98a030e4e8,,0xbb48553d0c9470eb429ba35acd350c4c242ee902,0xe7cd86e13ac4309349f30b3435a9d337750fc82d,1000000,,488086455915118592
morph,deposit,27395038,1790419804000,0x8eb803cd6668ab1f72a6d805c265f6140044b8b0a6547ce805d64a4743af28bb,0x9801336be557cf2bb23ec94c0482f83c12cb7a50,0x9801336be557cf2bb23ec94c0482f83c12cb7a50,0xe7cd86e13ac4309349f30b3435a9d337750fc82d,3740000,2184,
morph,deposit,27395137,1790419962000,0xf4791bceaf18f9834fba019111b47ff991e6db4496ddb454a813b258e5ed6700,0xe7f33d7fc656226f5f586fec3e97b4fb8fe03dde,0xe7f33d7fc656226f5f586fec3e97b4fb8fe03dde,0xe7cd86e13ac4309349f30b3435a9d337750fc82d,5000000,2184,
morph,deposit,27396278,1790422034000,0x18ffd5ce8219fd023bd2e507e98dd3192e89db894439ec1c78d250e3795476b6,0x90e8e8595b9b37e7ffb12a4c826df9bfd0f1907a,0x90e8e8595b9b37e7ffb12a4c826df9bfd0f1907a,0xe7cd86e13ac4309349f30b3435a9d337750fc82d,1540000,2184,
morph,deposit,27396599,1790422626000,0xfbaf613194415a5453a55df02533c5fd0d4bc10579b7820d506bc48997ac7db6,0x2d20b52ddc5535fa227f672bad8e01e27f6722ed,0x2d20b52ddc5535fa227f672bad8e01e27f6722ed,0xe7cd86e13ac4309349f30b3435a9d337750fc82d,2000000,2184,
morph,deposit,27396642,1790422710000,0x9d594d58f82900dbd33e5a6355347bca6226afe1ae682bb0015e8e78b25389f7,0x2d20b52ddc5535fa227f672bad8e01e27f6722ed,0x2d20b52ddc5535fa227f672bad8e01e27f6722ed,0xe7cd86e13ac4309349f30b3435a9d337750fc82d,2000000,2184,
morph,deposit,27396877,1790423166000,0xcc88fd83aac4eb9d21d68c9413b44b96ca62f14fb45dd28c222b4a5e1984eeba,0x2d20b52ddc5535fa227f672bad8e01e27f6722ed,0x2d20b52ddc5535fa227f672bad8e01e27f6722ed,0xe7cd86e13ac4309349f30b3435a9d337750fc82d,1000000,2184,
morph,deposit,27397190,1790423756000,0x98bfaee591c52c3d013af146f5833fb9dab0940a8e45c1f0350c645a3e5fb880,0x85d2f6334f6597eddabf43c662ad4812a261adae,0x85d2f6334f6597eddabf43c662ad4812a261adae,0xe7cd86e13ac4309349f30b3435a9d337750fc82d,26400000,2184,
morph,deposit,27398401,1790425884000,0x3732428c449f252e28eeb502198b6ee255764c271e53465f1f8d1f0c0150d6e4,0x661367fa0e8ce75b7b831132913d3e62654009d4,0x661367fa0e8ce75b7b831132913d3e62654009d4,0xe7cd86e13ac4309349f30b3435a9d337750fc82d,5070000,2184,
morph,withdraw_final,27398566,1790426464000,0x60a5a599bafd7cb532420af5a5356c887d3725859ca689eb50298eedcb30ce9b,,,,,,488700919723065344
morph,deposit,27398602,1790426228000,0x13a9022a3a6bc0f8619cb16695fc8273992d12d39db46a1eeb4d06f5e886230a,0x09cf097df648e2e8609cd83af5f13461bfe16b91,0x09cf097df648e2e8609cd83af5f13461bfe16b91,0xe7cd86e13ac4309349f30b3435a9d337750fc82d,18510000,2184,
morph,withdraw_submit,27398795,1790426560000,0xda29ea26fda9b0e84c168d75867c671979c97e63337d43b8f8d27124df8a6fa3,,0xb0bc6a1b8fd888370556b24fdc9b51eb968904ce,0xe7cd86e13ac4309349f30b3435a9d337750fc82d,1040000,,488700919723065344
morph,deposit,27399078,1790427030000,0xcb76d4f1ef63af96bcb51bf610f430ba834f327fe994a20acd02beb15c35ef1a,0x09cf097df648e2e8609cd83af5f13461bfe16b91,0x09cf097df648e2e8609cd83af5f13461bfe16b91,0xe7cd86e13ac4309349f30b3435a9d337750fc82d,3000000,2184,
morph,deposit,27399496,1790427774000,0x7fa4ff9f1ff873e07895cea7922a6ab0d68f6eda5e7be1a2b016eb1c3f2a4fd8,0x192650f85aa1c8a19e853a6908d270de92f10f3c,0x192650f85aa1c8a19e853a6908d270de92f10f3c,0xe7cd86e13ac4309349f30b3435a9d337750fc82d,1000000000,2184,
morph,withdraw_final,27399551,1790428161000,0x06d018caa5c4d46dd3c7dfa1254f114da1b89872d4e0ee30588201ffe681339c,,,,,,488831795945537536
morph,deposit,27399703,1790428124000,0x18495a2c3f6e22c1126d229c7c6de52f203d9e890ce194251c184f3daef5721f,0xa9037ae26b4bf6ba55ab70e05a00e481dc2e1ff9,0xa9037ae26b4bf6ba55ab70e05a00e481dc2e1ff9,0xe7cd86e13ac4309349f30b3435a9d337750fc82d,5000000,2184,
morph,withdraw_submit,27399768,1790428240000,0x36c63c00ed6ab9bc9b9eb87d95fa8b4cb964e7dc7c4d24687de2139a22abf2a4,,0x09cf097df648e2e8609cd83af5f13461bfe16b91,0xe7cd86e13ac4309349f30b3435a9d337750fc82d,16860000,,488831795945537536
morph,withdraw_final,27400201,1790429293000,0x55905315fcc34e1ec8dbc41c5b2d1330c21909fd43270c36ed06b664ae236edb,,,,,,488919258659553280
morph,withdraw_submit,27400415,1790429380000,0x5248e21a3d05a51bf66e73f0acb0b76e7e43f5945a0de7c401ddeb260d053659,,0x09cf097df648e2e8609cd83af5f13461bfe16b91,0xe7cd86e13ac4309349f30b3435a9d337750fc82d,1510000,,488919258659553280
morph,deposit,27400962,1790430375000,0x2a9f14ebcc8e035c4ff21e6347c1b3a625b3ee796e434e5d53defabcdebe11c4,0xb0bc6a1b8fd888370556b24fdc9b51eb968904ce,0xb0bc6a1b8fd888370556b24fdc9b51eb968904ce,0xe7cd86e13ac4309349f30b3435a9d337750fc82d,1030000,2184,
morph,deposit,27401092,1790430601000,0x8ceb545be0bf25bdd99c85e94ceb52d6af55228b68e521e4f268bb75811499f6,0xa76a167d072a314384480033161c4573c6256719,0xa76a167d072a314384480033161c4573c6256719,0xe7cd86e13ac4309349f30b3435a9d337750fc82d,2440000,2184,
morph,deposit,27401804,1790431844000,0x3930ffe6819a040f26fe5373b2f4593c947d373c75ab3e281ce64521256f5f22,0xe7f33d7fc656226f5f586fec3e97b4fb8fe03dde,0xe7f33d7fc656226f5f586fec3e97b4fb8fe03dde,0xe7cd86e13ac4309349f30b3435a9d337750fc82d,3800000,2184,
morph,deposit,27402612,1790433270000,0x9dcdefce5452c3d83043b0e431c8f117ae7ca943ebb9532791caeb676feae00d,0xdf22985acdc0cb608426a2e2414fa0d56e912afa,0xdf22985acdc0cb608426a2e2414fa0d56e912afa,0xe7cd86e13ac4309349f30b3435a9d337750fc82d,3000000,2184,
morph,deposit,27403386,1790434652000,0x330f72e261a8ad0012a7907a4ba07f6e3f4819edc5f897b7a17fefc0e1b8f264,0xa8121da09adfd2c73436198354f80618f58dad68,0xa8121da09adfd2c73436198354f80618f58dad68,0xe7cd86e13ac4309349f30b3435a9d337750fc82d,10210000,2184,
morph,deposit,27403677,1790435184000,0xa5144b3efa07651bcfadeb97fc4fb07d72f095197584f12044d1d1132d088843,0xe39efcc8f5ff9e7c90ef066040f7fbdefae4e6de,0xe39efcc8f5ff9e7c90ef066040f7fbdefae4e6de,0xe7cd86e13ac4309349f30b3435a9d337750fc82d,1000000,2184,
morph,deposit,27403896,1790435586000,0x9ced2a49635255c0be0de97972233a85196f0c8baf50e728e1f472a13b75194c,0x80ffd626b3d779a41d9ce0f6303712f771da18f3,0x80ffd626b3d779a41d9ce0f6303712f771da18f3,0xe7cd86e13ac4309349f30b3435a9d337750fc82d,19720000,2184,
morph,withdraw_final,27404192,1790436352000,0x18bb4c089853d2962328184f1d0431aba2637cb81ac15c4aa71644b4e10fb05e,,,,,,489465389516849152
morph,withdraw_submit,27404453,1790436460000,0xb43fa28aa8c6878772e495a6ec74f6cdcbabe99bbcd6d423ba5283255f92a91a,,0xa8121da09adfd2c73436198354f80618f58dad68,0xe7cd86e13ac4309349f30b3435a9d337750fc82d,7610000,,489465389516849152
morph,withdraw_final,27404616,1790437013000,0xdc53cd6a55df4151a86398cd534dd9f4e0b248c1145d4eb93606c50610a7d034,,,,,,489516302088536073
morph,withdraw_submit,27404851,1790437120000,0x2346e4e2de781dae5c68e6ff8f745e9fd694776de4fbd57dcb2db425b05611e6,,0x73de9a9a9b36265a16006db2949fd7c6dc90b4df,0xe7cd86e13ac4309349f30b3435a9d337750fc82d,56720000,,489516302088536073
morph,withdraw_final,27406131,1790439706000,0xad70e3262d9d886d327ec93d3b19c56496e34b484cb7697c9b122e48539803dc,,,,,,489724582232588309
morph,deposit,27406313,1790439744000,0x3d264f8b08621ec413d604c59dd05d57021581c540678eaf5d7a62ca30d397f9,0xbb48553d0c9470eb429ba35acd350c4c242ee902,0xbb48553d0c9470eb429ba35acd350c4c242ee902,0xe7cd86e13ac4309349f30b3435a9d337750fc82d,2000000,2184,
morph,withdraw_final,27406350,1790440113000,0x0ddb2d5380e14096d49675723f6046a4267c8ac1be63c47a5dba027d35677e78,,,,,,489756244710522880
morph,withdraw_submit,27406354,1790439820000,0x1bb395174c9968b30e6c0f2585b375758e23f0b00e9a1f038c9eebe5c31f3d4e,,0xa1b4f658f9282dc4cfc18941be95fd603f078c1f,0xe7cd86e13ac4309349f30b3435a9d337750fc82d,8470000,,489724582232588309
morph,deposit,27406404,1790439916000,0xda55a703169a5b66ae30c3e22a73b7cf12e3129bc1f9275f10bc6844108cece0,0x96a8cab2fc207b1667715aa39242338dfaffafbf,0x96a8cab2fc207b1667715aa39242338dfaffafbf,0xe7cd86e13ac4309349f30b3435a9d337750fc82d,8390000,2184,
morph,deposit,27406473,1790440044000,0x08c689c035f0c16577382a52b1295391022b6a35c3b3565ffdf014c8e553bf14,0x0662470d71ea9745b84e7aa779c00163c99bd4ac,0x0662470d71ea9745b84e7aa779c00163c99bd4ac,0xe7cd86e13ac4309349f30b3435a9d337750fc82d,8610000,2184,
morph,withdraw_submit,27406550,1790440180000,0xef2ca1e1161ad555f293549d0ccf4ee1a95f60f217cff88919ad0a503e644c3d,,0xbb48553d0c9470eb429ba35acd350c4c242ee902,0xe7cd86e13ac4309349f30b3435a9d337750fc82d,1000000,,489756244710522880
morph,deposit,27408620,1790444018000,0x8e8acdc9c3e14ee9f3491842a2929416312e04df5360027f682aa0f7b51b1e1d,0xcea2145400c521da2c75e3d23c1da9249ea109e0,0xcea2145400c521da2c75e3d23c1da9249ea109e0,0xe7cd86e13ac4309349f30b3435a9d337750fc82d,41800000,2184,
morph,deposit,27409312,1790445256000,0x5503d7aac9e04a6c9293022670b516a5f5ab1194c05840f9b9d2dc598fcdfdac,0xf061d760d4759adbf02e3b7c757718be93a2505b,0xf061d760d4759adbf02e3b7c757718be93a2505b,0xe7cd86e13ac4309349f30b3435a9d337750fc82d,1000000,2184,
morph,deposit,27409388,1790445394000,0x2dd36b00d429feaddaba6aa22e85056d6e2e72fbf8244534a0a7353d1cdd8675,0xf061d760d4759adbf02e3b7c757718be93a2505b,0xf061d760d4759adbf02e3b7c757718be93a2505b,0xe7cd86e13ac4309349f30b3435a9d337750fc82d,1000000,2184,
morph,deposit,27411420,1790449158000,0x695e026d63f381ca42a2820d2ee822bda79184e7c2a2e823ac33fb6ea4adf7cf,0x53fb5f2212437693d6957a603840d253162ca84f,0x53fb5f2212437693d6957a603840d253162ca84f,0xe7cd86e13ac4309349f30b3435a9d337750fc82d,50030000,2184,
morph,deposit,27411424,1790449164000,0xa4bb3407f676ffe68258221b9f0282ae73769c3c149e5a82499a4f2e6f825557,0x686304f182a0542d1758f0b10753d8ab78247ee8,0x686304f182a0542d1758f0b10753d8ab78247ee8,0xe7cd86e13ac4309349f30b3435a9d337750fc82d,2030000,2184,
morph,deposit,27413391,1790452770000,0xeeb9dee6c966dd7f1bbd1e403b4b7b003abb9bdb3d236e04d5d4aae694d10938,0x3e553b3ed3149f32e4f7869898a85b3944d9c3ea,0x3e553b3ed3149f32e4f7869898a85b3944d9c3ea,0xe7cd86e13ac4309349f30b3435a9d337750fc82d,30000000,2184,
morph,deposit,27413732,1790453374000,0x3d25c34839d9866753b19ddc3759bcaae3af40ea646aa8560e5323be1dcde443,0x11c19b86d02f5229213498f7066fbce19b0fc352,0x11c19b86d02f5229213498f7066fbce19b0fc352,0xe7cd86e13ac4309349f30b3435a9d337750fc82d,6000000,2184,
morph,deposit,27414529,1790454786000,0x7b49370e033e0d0999db24a083a0587af0bd8e8eda75ae9b5ccb16862dda1b35,0x2da3b21e2065e93999621b7f9cdc450791bfbe5a,0x2da3b21e2065e93999621b7f9cdc450791bfbe5a,0xe7cd86e13ac4309349f30b3435a9d337750fc82d,5000000,2184,
morph,withdraw_final,27414812,1790455596000,0xc808e09b23026a65d82d3c974a908da0e5c0c90e561960879857b07a096eed00,,,,,,490948304297787392
morph,deposit,27414889,1790455436000,0x748566cb46276536938bf1e9f7952efc114795308e4fd1bd78fe362e0d8cb302,0x11c19b86d02f5229213498f7066fbce19b0fc352,0x11c19b86d02f5229213498f7066fbce19b0fc352,0xe7cd86e13ac4309349f30b3435a9d337750fc82d,12750000,2184,
morph,withdraw_submit,27415017,1790455660000,0x10d72821dfb94e92269eb82181beb09c342fcbb484731b02d6fd9e7db7fd4836,,0x80ffd626b3d779a41d9ce0f6303712f771da18f3,0xe7cd86e13ac4309349f30b3435a9d337750fc82d,12730000,,490948304297787392
morph,deposit,27415045,1790455710000,0xde06a65a0568479001c8bda5b7f5705bc486f9f509ff1ca68fb11c905911b777,0x11c19b86d02f5229213498f7066fbce19b0fc352,0x11c19b86d02f5229213498f7066fbce19b0fc352,0xe7cd86e13ac4309349f30b3435a9d337750fc82d,9650000,2184,
morph,deposit,27415827,1790457136000,0xcf0ecfb1c84b0ff0bbb8044bd39f10d5d2ca2b11699a49acdb5f3ac463e77ec2,0x11c19b86d02f5229213498f7066fbce19b0fc352,0x11c19b86d02f5229213498f7066fbce19b0fc352,0xe7cd86e13ac4309349f30b3435a9d337750fc82d,9510000,2184,
morph,deposit,27415844,1790457168000,0xd00f66ee173b0970dfa9dc353c23ce97d4e47ec938df557e50465520c160d632,0x2d20b52ddc5535fa227f672bad8e01e27f6722ed,0x2d20b52ddc5535fa227f672bad8e01e27f6722ed,0xe7cd86e13ac4309349f30b3435a9d337750fc82d,5620000,2184,
morph,withdraw_final,27415976,1790457720000,0x57244d2ffda43e8bb405f8be6a27be1c152923c651d9c31d7e47fa4642e21a28,,,,,,491111968321568768
morph,deposit,27416040,1790457541000,0xf40ceefe2ca1e25a7ce640cb85973e7096778db7ae4f99e2c917d0e54d449e3e,0x11c19b86d02f5229213498f7066fbce19b0fc352,0x11c19b86d02f5229213498f7066fbce19b0fc352,0xe7cd86e13ac4309349f30b3435a9d337750fc82d,9460000,2184,
morph,withdraw_submit,27416188,1790457820000,0xdc38d69a59d98fbafe040895369dfe60ad7c6b7a2c30a87c17e0849df59c4443,,0xc7541fdff2658421839869bff7ecfafced99827b,0xe7cd86e13ac4309349f30b3435a9d337750fc82d,73620000,,491111968321568768
morph,withdraw_final,27416333,1790458387000,0x7b489c93f75545f30064af9f3abcbbe3e757ec880773004da07e3683dcb65e49,,,,,,491163464987836416
morph,withdraw_submit,27416540,1790458480000,0xfe868a54e1abc447dc2b370162e03db09754195cb8e92d75eaea80e809ec554d,,0x2d20b52ddc5535fa227f672bad8e01e27f6722ed,0xe7cd86e13ac4309349f30b3435a9d337750fc82d,2760000,,491163464987836416
morph,deposit,27417085,1790459498000,0x27e9c217871cd82742e93d9b7e5e04f82b26197379ff79b05b2a8356f3ff8b94,0xd2a095ce98e025a87d6aeae35da1c2b9f8a91f62,0xd2a095ce98e025a87d6aeae35da1c2b9f8a91f62,0xe7cd86e13ac4309349f30b3435a9d337750fc82d,6200000,2184,
morph,withdraw_final,27417686,1790460962000,0x9664ac15ace6fdab0b72a736821874a80e4e46ca6eda1a9a7fa942cfe9a8fe26,,,,,,491362098622758912
morph,deposit,27417734,1790460756000,0x78ad676423075c08244156f6bc5717cfb384d6da56b232f8a5799bde75cc356c,0x2da3b21e2065e93999621b7f9cdc450791bfbe5a,0x2da3b21e2065e93999621b7f9cdc450791bfbe5a,0xe7cd86e13ac4309349f30b3435a9d337750fc82d,5000000,2184,
morph,withdraw_submit,27417891,1790461060000,0x8b2d1c3e14ed0f733b4fb1cb93c1d1f34187189bac62c6a1ccfd24a9ce446787,,0x2da3b21e2065e93999621b7f9cdc450791bfbe5a,0xe7cd86e13ac4309349f30b3435a9d337750fc82d,4000000,,491362098622758912
morph,deposit,27418038,1790461343000,0x8714a753ee12b836852193c4a6517d3737e4a500c632eefbb2a0a26b9d144960,0xbb48553d0c9470eb429ba35acd350c4c242ee902,0xbb48553d0c9470eb429ba35acd350c4c242ee902,0xe7cd86e13ac4309349f30b3435a9d337750fc82d,2000000,2184,
morph,withdraw_final,27418072,1790461709000,0x3b588b5214738c450c220c61736977b943417b3169d9fc27a48c394398cde872,,,,,,491420106451058688
morph,deposit,27418162,1790461584000,0x5ee308b91f05149d6315f737aefe50faf763803d0ce5cfc9685cb8ed774152e2,0x8d1114117012916b7217d232d240419322e2b3d2,0x8d1114117012916b7217d232d240419322e2b3d2,0xe7cd86e13ac4309349f30b3435a9d337750fc82d,1500000,2184,
morph,withdraw_submit,27418264,1790461779000,0xf368ca107e38220e29857c6fda19b7fa19ad705b942bfd17118cb3dd9e85c716,,0xbb48553d0c9470eb429ba35acd350c4c242ee902,0xe7cd86e13ac4309349f30b3435a9d337750fc82d,1000000,,491420106451058688
morph,deposit,27418305,1790461856000,0xfa03df450603f62db1c11647bbee0ffba4f663ba1b9631506fc5e939f2a73b74,0x11c19b86d02f5229213498f7066fbce19b0fc352,0x11c19b86d02f5229213498f7066fbce19b0fc352,0xe7cd86e13ac4309349f30b3435a9d337750fc82d,26560000,2184,
morph,deposit,27419516,1790464206000,0xf6d55356aa099d18164d2f079f11535e687b81cec4665065cb6655281b176d60,0x73767ec51fac95f724a75cc0c017166f9b87563a,0x73767ec51fac95f724a75cc0c017166f9b87563a,0xe7cd86e13ac4309349f30b3435a9d337750fc82d,1520000,2184,
morph,deposit,27419794,1790464732000,0x617d8e8ff6636b6ad566f90e8aed05030a9439afcd1f33059ec9d1c5ae33d2bd,0x11c19b86d02f5229213498f7066fbce19b0fc352,0x11c19b86d02f5229213498f7066fbce19b0fc352,0xe7cd86e13ac4309349f30b3435a9d337750fc82d,13220000,2184,
morph,deposit,27423302,1790471432000,0x7c0ae2a4e21a9f90756d3637e63b1c44b9464d20611a85ffd56e24f2dd245bbf,0xdbeba977dc95302affd00eb1c1d3fc3a33bc0085,0xdbeba977dc95302affd00eb1c1d3fc3a33bc0085,0xe7cd86e13ac4309349f30b3435a9d337750fc82d,43480000,2184,
morph,deposit,27423323,1790471472000,0x6a4b3ea459970f868693a376d4008ab1589dbfe615c99e61aaec16cf5cb69b18,0x56f13ec45be5f7bc13766eba2b1f39aef0d47717,0x56f13ec45be5f7bc13766eba2b1f39aef0d47717,0xe7cd86e13ac4309349f30b3435a9d337750fc82d,10000000,2184,
morph,deposit,27423938,1790472646000,0xb468d9954d2a26344446433bb67d0c58f4cd1609453ecc13b67ff7c5f59f9cef,0xdce00c1b7c5268b41a753458a1e143156696024e,0xdce00c1b7c5268b41a753458a1e143156696024e,0xe7cd86e13ac4309349f30b3435a9d337750fc82d,333630000,2184,
morph,withdraw_final,27424895,1790474737000,0x8fe997d4eeef69e55ab19bd62584b56acb32172dbfe4b8f56263b5f15b67b47e,,,,,,492424458800201728
morph,deposit,27424903,1790474450000,0xf847c1b8af1fceacde5794d2d88cb3e3f7df51edea536c61cb3fc203f96936b3,0x98f5a81c4be3b854c70d3ed3a23df4067ca19155,0x98f5a81c4be3b854c70d3ed3a23df4067ca19155,0xe7cd86e13ac4309349f30b3435a9d337750fc82d,2469410000,2184,
morph,withdraw_submit,27425085,1790474800000,0x9c88e26dbefc0c6099af6ef68c19449f022da6269edc33b71cb8a1c9e492b249,,0xdce00c1b7c5268b41a753458a1e143156696024e,0xe7cd86e13ac4309349f30b3435a9d337750fc82d,327590000,,492424458800201728
morph,withdraw_final,27425608,1790476100000,0x26dbf66cfd46900491b1c34e0c1e8f653e2cf42a71066f80659060ecac0ee1d5,,,,,,492529625373605916
morph,deposit,27425690,1790475959000,0xd5fe0a150beb0263be5c992d4875ada2081ac4d52ae6c944fc279ec958999a8f,0xdbeba977dc95302affd00eb1c1d3fc3a33bc0085,0xdbeba977dc95302affd00eb1c1d3fc3a33bc0085,0xe7cd86e13ac4309349f30b3435a9d337750fc82d,28890000,2184,
morph,deposit,27425752,1790476075000,0x33812643da2f97ef633d628b33ed1fb37daf43418957da24ef19fe1d39e2167f,0xc9b01775176fa410c8a3d0c9e3ccc6cbbc6fb5df,0xc9b01775176fa410c8a3d0c9e3ccc6cbbc6fb5df,0xe7cd86e13ac4309349f30b3435a9d337750fc82d,2220000,2184,
morph,withdraw_submit,27425810,1790476180000,0xe77a3161a75d3a091d6b0a26608ec6c97f0bc669b5c5523e9492ddfbf509c65b,,0x56f13ec45be5f7bc13766eba2b1f39aef0d47717,0xe7cd86e13ac4309349f30b3435a9d337750fc82d,4770000,,492529625373605916
morph,withdraw_final,27425986,1790476786000,0x73d9f51e87a6337c8e0f08c6db991471328346258e2523b97fe9a8dd308a0063,,,,,,492582453450375168
morph,withdraw_submit,27426204,1790476900000,0xd1ecbf8de63ec643e97d2e3ccf7e8f45f63b2599761e27dc347a781e94f44b16,,0x2da3b21e2065e93999621b7f9cdc450791bfbe5a,0xe7cd86e13ac4309349f30b3435a9d337750fc82d,4000000,,492582453450375168
morph,deposit,27426517,1790477466000,0x81336e03f6d2cab499642cb3d2783c4d78599d9941812c2efc1fe65610b0f9f3,0xf977994250692f37849bc9578d30baa64746c573,0xf977994250692f37849bc9578d30baa64746c573,0xe7cd86e13ac4309349f30b3435a9d337750fc82d,2000000,2184,
morph,deposit,27427244,1790478830000,0x64d20e7b456b7f983c46877540e56262e117b68557e27877b64937323d53fdee,0xa1e2a68d2ccca92d5d1741d555d940470967e143,0xa1e2a68d2ccca92d5d1741d555d940470967e143,0xe7cd86e13ac4309349f30b3435a9d337750fc82d,20000000,2184,
morph,deposit,27427439,1790479194000,0x1bfb6c736868f93f01240a7db98b8370ae3bbb8b72509b24cf12a31bc46b36c2,0x457406e30cba7ff9a62bba4a8e71e830c774d628,0x457406e30cba7ff9a62bba4a8e71e830c774d628,0xe7cd86e13ac4309349f30b3435a9d337750fc82d,1000000,2184,
morph,deposit,27429178,1790482454000,0xfb534e4b5f39661a4a69260d9cc33350b5cfb4efe9d094f8651a93967a078451,0xdbeba977dc95302affd00eb1c1d3fc3a33bc0085,0xdbeba977dc95302affd00eb1c1d3fc3a33bc0085,0xe7cd86e13ac4309349f30b3435a9d337750fc82d,86910000,2184,
morph,deposit,27429472,1790482943000,0x0acaedf887c315a70786c97a0fb06c43d3b71ead55c2b41fd23c245fd1b35d44,0xbb48553d0c9470eb429ba35acd350c4c242ee902,0xbb48553d0c9470eb429ba35acd350c4c242ee902,0xe7cd86e13ac4309349f30b3435a9d337750fc82d,2000000,2184,
morph,withdraw_final,27429512,1790483302000,0xe6d4b62b6adbbe01615eedf559f9b7483562bdf3af5d614cfc23685dec2f1174,,,,,,493083530104930304
morph,withdraw_submit,27429719,1790483380000,0x76399b522a6fee26df7f27d4e18c050e22e58bf1690f18a8ca5fc1cf732b7ce9,,0xbb48553d0c9470eb429ba35acd350c4c242ee902,0xe7cd86e13ac4309349f30b3435a9d337750fc82d,1000000,,493083530104930304
morph,withdraw_final,27430550,1790485186000,0xee99efabafaa225049540ec4546372da024e0eb525e8025ce9c39b4920ae90bb,,,,,,493228639874187265
morph,withdraw_final,27430564,1790485213000,0xb5b7c37fb215c550242083c986cb4c776965bbc7d849ba131184d60f9155dac6,,,,,,493230735818227712
morph,withdraw_submit,27430829,1790485360000,0x6e782f4737f3f773a7fad8398176fde23b1066d9fa231971357177789fa3a884,,0x96f0f26f56de258b007d5d6b5a3873965f5afb4b,0xe7cd86e13ac4309349f30b3435a9d337750fc82d,75520000,,493228639874187265
morph,withdraw_submit,27430829,1790485360000,0x6e782f4737f3f773a7fad8398176fde23b1066d9fa231971357177789fa3a884,,0x96f0f26f56de258b007d5d6b5a3873965f5afb4b,0xe7cd86e13ac4309349f30b3435a9d337750fc82d,22310000,,493230735818227712
morph,deposit,27431138,1790485896000,0xcaa8486fb6cf9db72bedd244b3f467368d93528630705e1a9cad9b2b446f4cc7,0xdbeba977dc95302affd00eb1c1d3fc3a33bc0085,0xdbeba977dc95302affd00eb1c1d3fc3a33bc0085,0xe7cd86e13ac4309349f30b3435a9d337750fc82d,28660000,2184,
morph,deposit,27431141,1790485900000,0x6387d61e1fdc81281bcc6cd6908c66d67e4c196850d92f76bf2328300389cd16,0x8ce8c1b05cc29b95fb488ae6df3ba132eea37280,0x8ce8c1b05cc29b95fb488ae6df3ba132eea37280,0xe7cd86e13ac4309349f30b3435a9d337750fc82d,3190000,2184,
morph,deposit,27431443,1790486444000,0x2a1ea70e4a5f3e10844a6fe267958132b1b49628d3a7543feee104fb08143965,0x8ce8c1b05cc29b95fb488ae6df3ba132eea37280,0x8ce8c1b05cc29b95fb488ae6df3ba132eea37280,0xe7cd86e13ac4309349f30b3435a9d337750fc82d,2360000,2184,
morph,deposit,27431500,1790486548000,0x2ea643907682438a4f42299769614e3c4a0a9ab91b72e6e3408fdbe741522e47,0x5a49f71c4bc550fab49a404a3130ec462d754a8c,0x5a49f71c4bc550fab49a404a3130ec462d754a8c,0xe7cd86e13ac4309349f30b3435a9d337750fc82d,31280000,2184,
morph,deposit,27432624,1790488466000,0x2730f1fbf0c8b0a647e0d67030a76f97c0fa90beaabeaaa29f7f6b160d23f2c1,0xb4b83e5814f7b70745a7b60620af5a7db752f90a,0xb4b83e5814f7b70745a7b60620af5a7db752f90a,0xe7cd86e13ac4309349f30b3435a9d337750fc82d,5000000,2184,
morph,deposit,27434381,1790491516000,0x9e6526dcb8fc697217d63cfe7815d54d4f28e56dea1192d40162ec2b439b32eb,0xdbeba977dc95302affd00eb1c1d3fc3a33bc0085,0xdbeba977dc95302affd00eb1c1d3fc3a33bc0085,0xe7cd86e13ac4309349f30b3435a9d337750fc82d,197590000,2184,
morph,deposit,27434587,1790491880000,0x770f442ecb678138ecd6e2845fca6c23a695878d2918c0898ee91fa37b4ac380,0xf6e38d4fe6c425d6e5dedbae97b755958ec62cf1,0xf6e38d4fe6c425d6e5dedbae97b755958ec62cf1,0xe7cd86e13ac4309349f30b3435a9d337750fc82d,10000000,2184,
morph,deposit,27435979,1790494226000,0x799ff5426bd0cc6faeda31792eb4402a9daac4981dd8fa2109fc17dcae1a9d55,0x8518ee813c336e5f78f0e10bda0c6344a1033a1b,0x8518ee813c336e5f78f0e10bda0c6344a1033a1b,0xe7cd86e13ac4309349f30b3435a9d337750fc82d,5380000,2184,
morph,deposit,27436429,1790494976000,0x27d47ce238b9a7af3193d6212830e95927b590be32e348356074f048fc84bab5,0x4c81b3fb6d903fce7c73ed5ac70277a79b948743,0x4c81b3fb6d903fce7c73ed5ac70277a79b948743,0xe7cd86e13ac4309349f30b3435a9d337750fc82d,641830000,2184,
morph,deposit,27437792,1790497180000,0xa23629bebbed32473e233bdd7c2e64da76ff832ba3a3af1761227680fe886e86,0x53d9b0bbde6000b02ae2052679367ce30cf9097d,0x53d9b0bbde6000b02ae2052679367ce30cf9097d,0xe7cd86e13ac4309349f30b3435a9d337750fc82d,1790000,2184,
morph,deposit,27438422,1790498260000,0xedf830a05b6697ed0525838b4b7d0ed120a151655c15c71cf1bd8840ffaed490,0x630e5068da26d2efbf52a26e41a8d2858d2865df,0x630e5068da26d2efbf52a26e41a8d2858d2865df,0xe7cd86e13ac4309349f30b3435a9d337750fc82d,108530000,2184,
morph,withdraw_final,27439604,1790500543000,0x3960c020c4d07c971410e34c4dd65cc437f9f8282f3f97a97b223bdc0fb373cd,,,,,,494414171098578944
morph,deposit,27439701,1790500402000,0xd88fe3745eef684c7cb10ead3a4e2cbed6b5ffdb5d842c7af45424f2acdc7b49,0xd11c638cd079434a7c10c596678ef9c7585ff4e2,0xd11c638cd079434a7c10c596678ef9c7585ff4e2,0xe7cd86e13ac4309349f30b3435a9d337750fc82d,4420000,2184,
morph,withdraw_submit,27439887,1790500720000,0x2d6d7d153f48c0308c0c470e9fd862e76c296e78937cf3850c06e6b5ac3bd98c,,0xa9037ae26b4bf6ba55ab70e05a00e481dc2e1ff9,0xe7cd86e13ac4309349f30b3435a9d337750fc82d,3740000,,494414171098578944
morph,deposit,27441447,1790503486000,0x7b2406b2f2b074bd5f20742b59906604e2eda915a3735fd1d9043dc60a747391,0xcbcab00f4d7fcd3dcd83999dc8598490819ac3e5,0xcbcab00f4d7fcd3dcd83999dc8598490819ac3e5,0xe7cd86e13ac4309349f30b3435a9d337750fc82d,1000000,2184,
morph,deposit,27441603,1790503776000,0xa073450fa9bd42406af04f2c63d1c980199cbd28c633bb782a680d5cd7a9e23d,0xe39efcc8f5ff9e7c90ef066040f7fbdefae4e6de,0xe39efcc8f5ff9e7c90ef066040f7fbdefae4e6de,0xe7cd86e13ac4309349f30b3435a9d337750fc82d,1010000,2184,
morph,withdraw_final,27441790,1790504398000,0xe00b1628a93e02e4d577b3104e38985ddb85c9e4fb63a3d627191991ae234d98,,,,,,494710936163057664
morph,deposit,27442037,1790504543000,0x145aa1db1bdaf411e64162ee49d8a8329ad731324753f60f0924bd7910dca61a,0xbb48553d0c9470eb429ba35acd350c4c242ee902,0xbb48553d0c9470eb429ba35acd350c4c242ee902,0xe7cd86e13ac4309349f30b3435a9d337750fc82d,2000000,2184,
morph,withdraw_submit,27442047,1790504560000,0xf9b7b4161c3864fb1c73f2f7d2377c45dd0057389663f2e4e79be2c68916ef24,,0xb4b83e5814f7b70745a7b60620af5a7db752f90a,0xe7cd86e13ac4309349f30b3435a9d337750fc82d,3680000,,494710936163057664
morph,withdraw_final,27442073,1790504905000,0x4400706ece2c16fc15ef53fda83984ffdcf3eb6d9eb9ba5aa510a49d107fd295,,,,,,494750312423227393
morph,withdraw_submit,27442308,1790505039000,0x831876a9302eb104e98c89bf493c068c1e5cfd67bf08a85b16fcf97ca788dc6e,,0xbb48553d0c9470eb429ba35acd350c4c242ee902,0xe7cd86e13ac4309349f30b3435a9d337750fc82d,1000000,,494750312423227393
morph,deposit,27442486,1790505328000,0x0e565d5a42a53433bcdbf40c32832e559df7b10e4ec9b379b89e19683ea8b23f,0x0b874ca6bc175c6854ddd066f8bdd9f955c78f13,0x0b874ca6bc175c6854ddd066f8bdd9f955c78f13,0xe7cd86e13ac4309349f30b3435a9d337750fc82d,10940000,2184,
morph,deposit,27442712,1790505716000,0xba74750309aa81b199810f77b57f0991fffe1864b8ad7102f98776140532541a,0x77f7822d8dca53e0b7cf78a9291b270e3dab9820,0x77f7822d8dca53e0b7cf78a9291b270e3dab9820,0xe7cd86e13ac4309349f30b3435a9d337750fc82d,1550000,2184,
morph,deposit,27442920,1790506086000,0x95f85e0844a4d981fecc008eb34fc0c9cc621e09c0d65e42cad02ad9e0213d8c,0x692297c734ac65c124daea6287991b38fb7cd48f,0x692297c734ac65c124daea6287991b38fb7cd48f,0xe7cd86e13ac4309349f30b3435a9d337750fc82d,5180000,2184,
morph,deposit,27443184,1790506570000,0xee0195af85e07c34e6c2f4db52ffe137fed7f7c4075cd082b67acdac098dace9,0x4342c5547367cd58003290d82e53ad54b09715e6,0x4342c5547367cd58003290d82e53ad54b09715e6,0xe7cd86e13ac4309349f30b3435a9d337750fc82d,12110000,2184,
morph,withdraw_final,27443469,1790507372000,0xe7b05c70fc4ceed603fb39a2897bd951fadc2087c2bf8c706defdbd8a839cdfa,,,,,,494940862946476032
morph,withdraw_submit,27443711,1790507500000,0xac08a15e18138eed84337fe408a32a0cf1cf80c661ac2f176d4eba3126cf5174,,0x0b874ca6bc175c6854ddd066f8bdd9f955c78f13,0xe7cd86e13ac4309349f30b3435a9d337750fc82d,9490000,,494940862946476032
morph,withdraw_final,27443712,1790507801000,0x4b6b441a08012b424eb40dcb30637d33855552e2eb7b6e83a4d9ae192dae4b0f,,,,,,494974045867999232
morph,withdraw_submit,27443951,1790507920000,0x90b04267c4d556bfdb23ed5d5007ab5959384934d9d75a9d17d9253c875039e7,,0x5a49f71c4bc550fab49a404a3130ec462d754a8c,0xe7cd86e13ac4309349f30b3435a9d337750fc82d,30570000,,494974045867999232
morph,deposit,27444695,1790509290000,0x8145585cf6efddf6b3015175d4248e1c176cf5ff9f8c151f0a1b040dadf2fa4f,0x0a187c4f7ce634f5eb64f1aca5826cb38220ceac,0x0a187c4f7ce634f5eb64f1aca5826cb38220ceac,0xe7cd86e13ac4309349f30b3435a9d337750fc82d,1910000,2184,
morph,deposit,27444891,1790509668000,0xa83d14c006df5bd3a610546e4155e16ebf40d1cc33d5c606ea2d1dd969c490cc,0xc7f5c089ba5d950f3e2452b69eb6bdbb407dc20c,0xc7f5c089ba5d950f3e2452b69eb6bdbb407dc20c,0xe7cd86e13ac4309349f30b3435a9d337750fc82d,2700000,2184,
morph,deposit,27444930,1790509738000,0x8b495d4967cfef7b41459ef90956d29a0a327f44401df062fb35a3545fada473,0xd8bcf049fffc87262d1f0c60d54e6b6269fd4a4b,0xd8bcf049fffc87262d1f0c60d54e6b6269fd4a4b,0xe7cd86e13ac4309349f30b3435a9d337750fc82d,1750000,2184,
morph,deposit,27446610,1790512534000,0x5132be68e866e544b1b26a48b8ba9b082e602266f4d090df24c7b337c5450485,0x1ccc126261b0b0503ae10f0f344cd293554c4741,0x1ccc126261b0b0503ae10f0f344cd293554c4741,0xe7cd86e13ac4309349f30b3435a9d337750fc82d,5900000,2184,
morph,withdraw_final,27446675,1790512947000,0xbfd86e80c2be770bd1c1ad6ef8bd42759aa1623184b9672309c6a591047fc514,,,,,,495371459191898112
morph,withdraw_submit,27446935,1790513081000,0x45f7e35997d3d4ae96493c1b102c3614c91ff936c0dd62415934863d31b90bf4,,0xc7f5c089ba5d950f3e2452b69eb6bdbb407dc20c,0xe7cd86e13ac4309349f30b3435a9d337750fc82d,1150000,,495371459191898112
morph,withdraw_final,27446968,1790513437000,0x100849198b5955875ff76e88a57b22d507e0c95c308e8bd4d66a3211967db661,,,,,,495409589894774784
morph,withdraw_submit,27447218,1790513560000,0x52c8f20c0a58ab012d6fb9c0728dce3d9ae90f713e8e51b54ba7307da2729983,,0xc22b0799821d8841efa9789546f87392e8120988,0xe7cd86e13ac4309349f30b3435a9d337750fc82d,23262540,,495409589894774784
morph,deposit,27447426,1790513896000,0xa56dc72c0484e4cf12a98d8c1f52512d565a45d7a89b5c38356536805643e2ec,0x09464b69681cf44fbe381680c9860480c2806e03,0x09464b69681cf44fbe381680c9860480c2806e03,0xe7cd86e13ac4309349f30b3435a9d337750fc82d,19840000,2184,
morph,withdraw_final,27448511,1790515933000,0x7b9afc27d31943ccce872e01474c589dc7a91f782f8fa4e7b4cdad17989a61c6,,,,,,495602459700363266
morph,withdraw_submit,27448804,1790516080000,0x77a5c8183c3e674f5a1686b339bc0379aac3c01dc64c67d4d8f4842ed6695f31,,0x1ccc126261b0b0503ae10f0f344cd293554c4741,0xe7cd86e13ac4309349f30b3435a9d337750fc82d,1950000,,495602459700363266
morph,deposit,27450131,1790518318000,0xf7710cf156ba11ece87e5af763b753cf8434fd515653ac3a3480fd6cc7ac38d8,0x3cfd92fd214084d65e4abbf72719c1a9254b0757,0x3cfd92fd214084d65e4abbf72719c1a9254b0757,0xe7cd86e13ac4309349f30b3435a9d337750fc82d,4881530000,2184,
morph,deposit,27452231,1790521872000,0x6b9248888261d79a7d081f498361701dbfa8f479e4c4c349f6f5e15d3595cf89,0xc828461d7626a74f3605daf91a7038787de28a59,0xc828461d7626a74f3605daf91a7038787de28a59,0xe7cd86e13ac4309349f30b3435a9d337750fc82d,10460000,2184,
morph,deposit,27452374,1790522136000,0x1df10966e75f098b76996a0e7268bfbb924eeb2d57e962b597e691c0eb275d72,0xe7f33d7fc656226f5f586fec3e97b4fb8fe03dde,0xe7f33d7fc656226f5f586fec3e97b4fb8fe03dde,0xe7cd86e13ac4309349f30b3435a9d337750fc82d,5000000,2184,
morph,deposit,27452730,1790522750000,0x077af2c0005647c156cc7756f29dbb06c29432a1ffc62a4267e648ac0736bc16,0xe7f33d7fc656226f5f586fec3e97b4fb8fe03dde,0xe7f33d7fc656226f5f586fec3e97b4fb8fe03dde,0xe7cd86e13ac4309349f30b3435a9d337750fc82d,3910000,2184,
morph,deposit,27453602,1790524278000,0x9e9eb574686afe5c001d3cf948a7e4185bf6bfcf07a087944d4005d6f49f04ac,0x1df769a8868f4beb60ae8380d6b55a3ba37f47a1,0x1df769a8868f4beb60ae8380d6b55a3ba37f47a1,0xe7cd86e13ac4309349f30b3435a9d337750fc82d,100000000,2184,
morph,deposit,27454336,1790525532000,0x33ad81f5f98965dc577a4cdd091571569d3798bc4daf6ff573b583eb6b05faf3,0xeb754e75ce5251f75c72e1bd289324c474aba27e,0xeb754e75ce5251f75c72e1bd289324c474aba27e,0xe7cd86e13ac4309349f30b3435a9d337750fc82d,3000000,2184,
morph,deposit,27454689,1790526144000,0x5aa2d477142dd8946eaddd2be5275397665b811d2dea8c10c2378bf2bbde8d26,0xbb48553d0c9470eb429ba35acd350c4c242ee902,0xbb48553d0c9470eb429ba35acd350c4c242ee902,0xe7cd86e13ac4309349f30b3435a9d337750fc82d,2000000,2184,
morph,withdraw_final,27454727,1790526507000,0xdc206f1df8682344466c33451bb49210d9a84e95facbe58442335a365fa275a6,,,,,,496420771233529856
morph,withdraw_submit,27454995,1790526640000,0x28290c9520de75d02c57aebb3198aec6f08d37eb1b8522e4cbaf3746dc46816d,,0xbb48553d0c9470eb429ba35acd350c4c242ee902,0xe7cd86e13ac4309349f30b3435a9d337750fc82d,1000000,,496420771233529856
morph,withdraw_final,27455246,1790527362000,0x27272d1c1910da901f0cd90906f3b1e45a2ab6aa1c6ce445c8cfaca059557c61,,,,,,496486930909757440
morph,deposit,27455460,1790527434000,0x58549e79bf1c675dd3ebde28ec901ed40b048349ae39a13cc1a3045c936a4751,0xd4d6ababb2f473c1f84bf429b5352aaf484d3e65,0xd4d6ababb2f473c1f84bf429b5352aaf484d3e65,0xe7cd86e13ac4309349f30b3435a9d337750fc82d,2020000,2184,
morph,withdraw_submit,27455486,1790527480000,0x6ae1d0e153ca76ed4c109cdc6d2309dc5bcf89c148c4c834025b344df9d8db99,,0x11c19b86d02f5229213498f7066fbce19b0fc352,0xe7cd86e13ac4309349f30b3435a9d337750fc82d,89100000,,496486930909757440
morph,deposit,27455804,1790528038000,0x078b6ee7c5098df09e4d223757398f737570b576c5057edfa99105ad18786267,0xd4d6ababb2f473c1f84bf429b5352aaf484d3e65,0xd4d6ababb2f473c1f84bf429b5352aaf484d3e65,0xe7cd86e13ac4309349f30b3435a9d337750fc82d,7150000,2184,
morph,deposit,27456585,1790529452000,0xcefed5437c7333fd6e8d4644966d0ab1c638b5fa2c2859294e8b67ae69ddada0,0x18c173fff5ad15e4bbc337dd8598bdd3d6ec0264,0x18c173fff5ad15e4bbc337dd8598bdd3d6ec0264,0xe7cd86e13ac4309349f30b3435a9d337750fc82d,3010000,2184,
morph,deposit,27456595,1790529469000,0x6db4e13ab91c2e33eb226330c012f1ded82b90ce2a052377cdd900b0ea5ba4e8,0x177c9fb939951b29414f2925a3f86ffa1bd1e86e,0x177c9fb939951b29414f2925a3f86ffa1bd1e86e,0xe7cd86e13ac4309349f30b3435a9d337750fc82d,1340000,2184,
morph,deposit,27456705,1790529668000,0x6ee4a4c8b01b3c27a800e987871e82f127b0fdff574303e1625b66ffe75f257a,0xd4d6ababb2f473c1f84bf429b5352aaf484d3e65,0xd4d6ababb2f473c1f84bf429b5352aaf484d3e65,0xe7cd86e13ac4309349f30b3435a9d337750fc82d,9430000,2184,
morph,deposit,27456778,1790529796000,0xcf5fcce921b1da7458f5fbe27474123278bc3b46b71eaf623087ccafaed1bce4,0x2d1b92999a639d957f7805064b0cfb3d48fa9ae1,0x2d1b92999a639d957f7805064b0cfb3d48fa9ae1,0xe7cd86e13ac4309349f30b3435a9d337750fc82d,40000000,2184,
morph,deposit,27457031,1790530262000,0x80e64c9721907e233f2b995fe4d36a2aaef0d84332f07756135c8330bbb17456,0x977d18556a6ab3ecbeb74f293617aeb4ae75a24c,0x977d18556a6ab3ecbeb74f293617aeb4ae75a24c,0xe7cd86e13ac4309349f30b3435a9d337750fc82d,3410000,2184,
morph,withdraw_final,27458617,1790533501000,0x771d186223f1bf893a80aea5f059f8d9cfce7bba5dda450b15e69471424f5368,,,,,,496959815398981632
morph,withdraw_submit,27458868,1790533660000,0x96fc92f195a2f4cbb581333ed6b7b683d86ae0dafdb84d851fb9bc47d0f2aebb,,0xd2a095ce98e025a87d6aeae35da1c2b9f8a91f62,0xe7cd86e13ac4309349f30b3435a9d337750fc82d,3810000,,496959815398981632
morph,withdraw_final,27459358,1790534864000,0x551d4649114208eff31985b41ffda38bec666f19f0556c212b38fa0c9b34103b,,,,,,497064827349368832
morph,withdraw_final,27459362,1790534870000,0xb14209e2f67ff0a83e0452a7e4d2e645e5cf7db5eda536a76f4e491ec1114547,,,,,,497065497385238535
morph,withdraw_final,27459369,1790534883000,0x86025fcecb07a530e6bfffcbb77bdd30378387000a5327a7fc85aa3561460bb8,,,,,,497066244696965120
morph,withdraw_submit,27459609,1790535040000,0x13508fdec97dd4e0db2bc350c6133fa45447086eb273936d0c89781bf6404172,,0xed2199f649704b46d256005f040f5ce8c61d52d2,0xe7cd86e13ac4309349f30b3435a9d337750fc82d,8840000,,497064827349368832
morph,withdraw_submit,27459609,1790535040000,0x13508fdec97dd4e0db2bc350c6133fa45447086eb273936d0c89781bf6404172,,0x62eab90d58b2d2a8b4492f2a409c812446820517,0xe7cd86e13ac4309349f30b3435a9d337750fc82d,1900000,,497065497385238535
morph,withdraw_submit,27459609,1790535040000,0x13508fdec97dd4e0db2bc350c6133fa45447086eb273936d0c89781bf6404172,,0x06d44e76fafe5da972a98cbe1da7c1dd2ee20b54,0xe7cd86e13ac4309349f30b3435a9d337750fc82d,563520000,,497066244696965120
morph,withdraw_final,27459855,1790535817000,0x970ea15653926f7790104511c54a9d905cb4a72b02bdb83c591b13c704ea8b5c,,,,,,497138434515664896
morph,deposit,27459902,1790535602000,0xc99cd1743535de66d0d3f31876ad67f00c6f4e98776187fe5b5b6f829fd6318e,0xdc25f0288fce5753d8cec8648416c831104cf51a,0xdc25f0288fce5753d8cec8648416c831104cf51a,0xe7cd86e13ac4309349f30b3435a9d337750fc82d,105680000,2184,
morph,withdraw_submit,27460086,1790535940000,0xa54027e4bf86798db43ef3ce9200c07115badd3102e4ccc4fa92dba5e4ba1d7c,,0x4342c5547367cd58003290d82e53ad54b09715e6,0xe7cd86e13ac4309349f30b3435a9d337750fc82d,21020000,,497138434515664896
morph,deposit,27460719,1790537118000,0xfaacdbceda50edc9e7b1d9407972fbe0164619f0af5764c2fa944b98df229c2a,0x868b197337bd746323fcf7bad120e949fcc13fcb,0x868b197337bd746323fcf7bad120e949fcc13fcb,0xe7cd86e13ac4309349f30b3435a9d337750fc82d,1000000,2184,
morph,deposit,27460845,1790537356000,0xd9fc7d0cbc1c82cf9a4e9dfa9d74ecd3784a37c3ab1defb08d8218eed40aa169,0x868b197337bd746323fcf7bad120e949fcc13fcb,0x868b197337bd746323fcf7bad120e949fcc13fcb,0xe7cd86e13ac4309349f30b3435a9d337750fc82d,1000000,2184,
morph,deposit,27461624,1790538740000,0x17bf1f54e716b7e2daa3d644f74006f43ccf8f682a07815a65750de7bf83300e,0xe2ff94c0b30099b00375181b30355147d73bb339,0xe2ff94c0b30099b00375181b30355147d73bb339,0xe7cd86e13ac4309349f30b3435a9d337750fc82d,20000000,2184,
morph,deposit,27462713,1790540716000,0xd49fc7b2390f1947a8a495354e1997a85bc95c0a0859daab15e5e08c0865cff2,0x718fb69d48e9ca80bdd3536f1b7540597de2d83f,0x718fb69d48e9ca80bdd3536f1b7540597de2d83f,0xe7cd86e13ac4309349f30b3435a9d337750fc82d,2270000,2184,
morph,deposit,27462748,1790540778000,0x7c4842f76436a1e799fa13d5161f249a1d337d2c99bf7666a746e05ba50332c9,0xeb754e75ce5251f75c72e1bd289324c474aba27e,0xeb754e75ce5251f75c72e1bd289324c474aba27e,0xe7cd86e13ac4309349f30b3435a9d337750fc82d,1920000,2184,
morph,withdraw_final,27462751,1790541083000,0x1f48c15b6ab22eb90be9469c603e83e620f8bc9099b96cf95c00f8bcab673e85,,,,,,497544051231293463
morph,deposit,27462950,1790541170000,0x91593268c542792f0cd6588b27639b3988f68e27f4730f619d13ef892a364b89,0x1f69da5ffa5b501090ecb1ba351668a59df1d24b,0x1f69da5ffa5b501090ecb1ba351668a59df1d24b,0xe7cd86e13ac4309349f30b3435a9d337750fc82d,2370000,2184,
morph,withdraw_submit,27462975,1790541220000,0xb4b3be337f34dcebbe950e5299ac24bba89020a3b813da31902bdc634a95486f,,0x718fb69d48e9ca80bdd3536f1b7540597de2d83f,0xe7cd86e13ac4309349f30b3435a9d337750fc82d,65230000,,497544051231293463
morph,deposit,27464767,1790544568000,0x63ec72357b8b0b02e10871296cc5be54b07b6223eab72965f1ca12a08935fc8a,0x661367fa0e8ce75b7b831132913d3e62654009d4,0x661367fa0e8ce75b7b831132913d3e62654009d4,0xe7cd86e13ac4309349f30b3435a9d337750fc82d,4350000,2184,
morph,deposit,27466523,1790547742000,0xd047023234f28d7b7c73c2a5524df023b430de65eb00cd9c195bf5a2ff92ec8f,0xbb48553d0c9470eb429ba35acd350c4c242ee902,0xbb48553d0c9470eb429ba35acd350c4c242ee902,0xe7cd86e13ac4309349f30b3435a9d337750fc82d,2000000,2184,
morph,withdraw_final,27466560,1790548112000,0x295ccd0f73d8e9f81bcd45a15095645dc49777d57846f198b91196bf961a2ee6,,,,,,498085397478244352
morph,withdraw_final,27466708,1790548370000,0x439f1cf52bbebb964df46cbb5fb07660052eb6b83c42503c4479643f51738081,,,,,,498105412017455104
morph,withdraw_submit,27466799,1790548240000,0x1987460920aecd42da48b2a9fec3ecbb4a7ffc8100b0a99c6afd194f0e9ac9f4,,0xbb48553d0c9470eb429ba35acd350c4c242ee902,0xe7cd86e13ac4309349f30b3435a9d337750fc82d,1000000,,498085397478244352
morph,withdraw_submit,27466972,1790548539000,0x2e5e28bc239d8986921d90e59530b80a8132701f23cfd13aee36977ad4bb192f,,0xcea2145400c521da2c75e3d23c1da9249ea109e0,0xe7cd86e13ac4309349f30b3435a9d337750fc82d,54340000,,498105412017455104
morph,deposit,27467272,1790549101000,0x1de0529251796dace8addf6e93efc3b4c40d19a2d955044efb7b999eade3fe29,0xa1bcc7313a0ac54a9f47ffda61a8cb8bae0f43fe,0xa1bcc7313a0ac54a9f47ffda61a8cb8bae0f43fe,0xe7cd86e13ac4309349f30b3435a9d337750fc82d,119210000,2184,
morph,deposit,27468336,1790550970000,0x9a0c4482f7d6dae929a868f5d7dac74542534e9a6afb01778ef2f37458d585e0,0x3c80bf183521087f8e8391dc00b65e9c6ec9f7e8,0x3c80bf183521087f8e8391dc00b65e9c6ec9f7e8,0xe7cd86e13ac4309349f30b3435a9d337750fc82d,1910000,2184,
morph,deposit,27468588,1790551432000,0xfd2cb6ee7760db4489bf1235618f344ba11c0d7b5d6b5ec44ef14cbe37cece81,0x3c80bf183521087f8e8391dc00b65e9c6ec9f7e8,0x3c80bf183521087f8e8391dc00b65e9c6ec9f7e8,0xe7cd86e13ac4309349f30b3435a9d337750fc82d,4380000,2184,
morph,deposit,27468799,1790551814000,0xef39f8255f54fcd27f6cd2989baf42d8f60a9ee767350d7774e6a773ee0d45c4,0x206ad04babaf8615030f05e5c364d844a8ac7519,0x206ad04babaf8615030f05e5c364d844a8ac7519,0xe7cd86e13ac4309349f30b3435a9d337750fc82d,15000000,2184,
morph,withdraw_final,27469081,1790552670000,0x4b375ae20b08f2a431b69d39238c28019d788dc0987aed25a8587003dcd26e56,,,,,,498438117393432610
morph,withdraw_submit,27469309,1790552800000,0x4d435a6c26482dd93d0a000cfc02d5f80337a75b4d220625282c9754fdffde5d,,0x18dac7a9395c2af4aea876fff776e5f10728ce27,0xe7cd86e13ac4309349f30b3435a9d337750fc82d,1254760000,,498438117393432610
morph,withdraw_final,27469548,1790553519000,0x12344665cd1683202fe5de62b056871acda1457257d6449bd32b00d6d953a9f1,,,,,,498503418046840832
morph,withdraw_submit,27469793,1790553640000,0x535c6ac0abda4e357b153b0546367acfd431eaad85734dd1710addb631112127,,0x3c80bf183521087f8e8391dc00b65e9c6ec9f7e8,0xe7cd86e13ac4309349f30b3435a9d337750fc82d,4190000,,498503418046840832
morph,deposit,27469996,1790554022000,0x040fdd0547e195c67d46801b2d7d6b9d897ee35fc06c9909420536c764820664,0x5ce293b804822df6933f46caae06a4a1753bb272,0x5ce293b804822df6933f46caae06a4a1753bb272,0xe7cd86e13ac4309349f30b3435a9d337750fc82d,12000000,2184,
morph,deposit,27470310,1790554574000,0xa76dfc9891611d2b2c21a056a062129aff3959c3fab42c358b23e3f9c64e7e82,0x206ad04babaf8615030f05e5c364d844a8ac7519,0x206ad04babaf8615030f05e5c364d844a8ac7519,0xe7cd86e13ac4309349f30b3435a9d337750fc82d,3600000,2184,
morph,deposit,27471816,1790557130000,0xaaec96c038f66f180ba0f2b3a7e433be9d2501b8c20cbb1617fe5918581152fe,0x4c81b3fb6d903fce7c73ed5ac70277a79b948743,0x4c81b3fb6d903fce7c73ed5ac70277a79b948743,0xe7cd86e13ac4309349f30b3435a9d337750fc82d,40480000,2184,
morph,deposit,27471850,1790557192000,0xb5a7c1c0681eb06cf1640018a0d865c86d48b04541d311f64d921bc91c6396d1,0x206ad04babaf8615030f05e5c364d844a8ac7519,0x206ad04babaf8615030f05e5c364d844a8ac7519,0xe7cd86e13ac4309349f30b3435a9d337750fc82d,15000000,2184,
morph,deposit,27471937,1790557352000,0x52e42e4bb92cf693173315f9c7f184c6d03ab911848117ef7851e6704af77f01,0x4c81b3fb6d903fce7c73ed5ac70277a79b948743,0x4c81b3fb6d903fce7c73ed5ac70277a79b948743,0xe7cd86e13ac4309349f30b3435a9d337750fc82d,925520000,2184,
morph,deposit,27472019,1790557498000,0xec3d6212bc9b9a64fcfc410e1b34125813babbce453a42323e1704613a23f825,0xdc25f0288fce5753d8cec8648416c831104cf51a,0xdc25f0288fce5753d8cec8648416c831104cf51a,0xe7cd86e13ac4309349f30b3435a9d337750fc82d,83470000,2184,
morph,deposit,27472119,1790557654000,0x3fe98db7e25f82a039d2b6ef55ef73a5792881eb2af7459928a85c5f85372457,0x18c173fff5ad15e4bbc337dd8598bdd3d6ec0264,0x18c173fff5ad15e4bbc337dd8598bdd3d6ec0264,0xe7cd86e13ac4309349f30b3435a9d337750fc82d,3400000,2184,
morph,withdraw_final,27472361,1790558374000,0xd92fc6f392b77988502209d875c4da98d802e86841cde6846d73015c1cc8a747,,,,,,498877518313422848
morph,deposit,27472558,1790558428000,0xca039e9023f7405bdc61f608bace7e1729ba7402188588f1a4bf3244609060d8,0xc49cac2211d6ae6e038563023d89ee82f7b7faef,0xc49cac2211d6ae6e038563023d89ee82f7b7faef,0xe7cd86e13ac4309349f30b3435a9d337750fc82d,35000000,2184,
morph,withdraw_submit,27472601,1790558499000,0x602a73911c0355c58a8db96b4f9495848cc2c4de09023d1841e8f930513fcc17,,0xd557e1d3f8b0395d4d5443e5ebc561d7e39136ce,0xe7cd86e13ac4309349f30b3435a9d337750fc82d,501000000,,498877518313422848
morph,deposit,27474040,1790561032000,0x3a173da744567e03dadf3d2d011e9a1e932b2a8ea8323629eb1b014c09f3a960,0xd557e1d3f8b0395d4d5443e5ebc561d7e39136ce,0xd557e1d3f8b0395d4d5443e5ebc561d7e39136ce,0xe7cd86e13ac4309349f30b3435a9d337750fc82d,120000000,2184,
morph,withdraw_final,27474271,1790561730000,0x091f3573d15b66298981db4f27c71ed87fa65bcaa51d612dd346e8b5421aff96,,,,,,499133506937421824
morph,deposit,27474444,1790561742000,0x4d8bcac2c1db1bce88d13eab7eeaf99e332e224481c14f646f4eb61d01db46be,0x3e553b3ed3149f32e4f7869898a85b3944d9c3ea,0x3e553b3ed3149f32e4f7869898a85b3944d9c3ea,0xe7cd86e13ac4309349f30b3435a9d337750fc82d,1360000,2184,
morph,withdraw_submit,27474509,1790561860000,0xfd5af2f714bbf6b2cbab53bf886afc281a8e5e2965a31ab65e274c0435687528,,0xdc25f0288fce5753d8cec8648416c831104cf51a,0xe7cd86e13ac4309349f30b3435a9d337750fc82d,77330000,,499133506937421824
morph,deposit,27475059,1790562846000,0x1c3be3b6f9f6d9c0b718559db93928961962aee3850198c19679af53559fa0ce,0x9171afc780f7bf6794df259423a1eaf0b98fa6a9,0x9171afc780f7bf6794df259423a1eaf0b98fa6a9,0xe7cd86e13ac4309349f30b3435a9d337750fc82d,50000000,2184,
morph,deposit,27476690,1790565818000,0xee1c93616e4f599913607e82f48d1e536e32ebbfa551c00ffdc410fe211b7120,0x11fe3d8b3a245fe28002b731fb2fad5a3356fe81,0x11fe3d8b3a245fe28002b731fb2fad5a3356fe81,0xe7cd86e13ac4309349f30b3435a9d337750fc82d,43050000,2184,
morph,deposit,27477020,1790566410000,0x52c69527d6b44535dcb98a72e068492e73540ead1f76990b78dbc797e65f7c10,0xd557e1d3f8b0395d4d5443e5ebc561d7e39136ce,0xd557e1d3f8b0395d4d5443e5ebc561d7e39136ce,0xe7cd86e13ac4309349f30b3435a9d337750fc82d,150000000,2184,
morph,deposit,27477025,1790566418000,0x66d11d6f8722f518a35787f1feea21837813ccd984cb768c6f1c2c1971e7f1cf,0x44dbc899232cda89ef848f8c433d119ee947d806,0x44dbc899232cda89ef848f8c433d119ee947d806,0xe7cd86e13ac4309349f30b3435a9d337750fc82d,9920000,2184,
morph,withdraw_final,27477719,1790567896000,0x1a5b57245b76d29cd370e2cbd768a4aea0fe9bc49d323e52e067a1c86accc170,,,,,,499609569710833664
morph,withdraw_submit,27477955,1790568039000,0xfec0305f10ef96d3dfea0daf30f2e19dc06cd3ef56851eab3c10cc76ec7200dd,,0x192650f85aa1c8a19e853a6908d270de92f10f3c,0xe7cd86e13ac4309349f30b3435a9d337750fc82d,999000000,,499609569710833664
morph,deposit,27478696,1790569343000,0x6a438ab30b3b9212c0c554fa58cfb0f3c9eb5b70e5c4a38bd8ab8c3779d06cd1,0xbb48553d0c9470eb429ba35acd350c4c242ee902,0xbb48553d0c9470eb429ba35acd350c4c242ee902,0xe7cd86e13ac4309349f30b3435a9d337750fc82d,2000000,2184,
morph,withdraw_final,27478736,1790569709000,0x438c59ebedb15f773d20122f9fb985e2f0b487be8ce9b88eb3d56b7c200ab305,,,,,,499749654355771392
morph,withdraw_submit,27478981,1790569840000,0xb0601dc78f020999a1f50c32ffaca16afcc72be7905fce1a2a981ff79ab586ec,,0xbb48553d0c9470eb429ba35acd350c4c242ee902,0xe7cd86e13ac4309349f30b3435a9d337750fc82d,1000000,,499749654355771392
morph,deposit,27479352,1790570521000,0x0f01093c56c72e8332755577be66a9a87742ddaa206055a9288dcfcec0a0e839,0x80ffd626b3d779a41d9ce0f6303712f771da18f3,0x80ffd626b3d779a41d9ce0f6303712f771da18f3,0xe7cd86e13ac4309349f30b3435a9d337750fc82d,9330000,2184,
morph,deposit,27481115,1790573708000,0xaa8dd758d8dbf109da61c857d6809bc1d1fbe008cd66c60569bdfc78cc26f95e,0xdbeba977dc95302affd00eb1c1d3fc3a33bc0085,0xdbeba977dc95302affd00eb1c1d3fc3a33bc0085,0xe7cd86e13ac4309349f30b3435a9d337750fc82d,105000000,2184,
morph,deposit,27481182,1790573824000,0xdb2527e276042758538202ee0fa256e86cdb8f3fec860d3c161ed1654301b5ff,0x47f83036a198dc3aff33b574933e1664de69d6cd,0x47f83036a198dc3aff33b574933e1664de69d6cd,0xe7cd86e13ac4309349f30b3435a9d337750fc82d,548270000,2184,
morph,deposit,27481557,1790574452000,0xfec72b22f7cf420d92676966b174eeefed68ec477a073a0d73895e782bcf0ec1,0x3cda0ce4c19466eaf3e48f69985eafeb9e5a5641,0x3cda0ce4c19466eaf3e48f69985eafeb9e5a5641,0xe7cd86e13ac4309349f30b3435a9d337750fc82d,87390000,2184,
morph,withdraw_final,27481635,1790574899000,0xdcdd5f9cf0635065c209c51cfcb9b1f2141df110d7bdb7795af08b76ca19cfe9,,,,,,500151328299810817
morph,withdraw_submit,27481908,1790575060000,0x6646d76ad63bae16dcb4b703c6b616486a851c7e8714ac71ae9900e675a37ef0,,0x2d20b52ddc5535fa227f672bad8e01e27f6722ed,0xe7cd86e13ac4309349f30b3435a9d337750fc82d,2310000,,500151328299810817
morph,withdraw_final,27482250,1790575953000,0x88930b1191f035f4b40a1ab0677688fe999c8372aeeb7d88c52bb745639590cd,,,,,,500232735118327840
morph,withdraw_submit,27482487,1790576080000,0x085467532ee54c4d6daf92dac8e32f4dce5b6ddc1862e6d4e684c080d549771f,,0xf568dc8dc4130244cb59ea2d7b4d07f657b53c97,0xe7cd86e13ac4309349f30b3435a9d337750fc82d,34550000,,500232735118327840
morph,deposit,27482881,1790576782000,0x9261ddcb5a98e05bba6051c2892cf2f0278d0539dbef08c8eb1b8bb0769d2b5d,0x686304f182a0542d1758f0b10753d8ab78247ee8,0x686304f182a0542d1758f0b10753d8ab78247ee8,0xe7cd86e13ac4309349f30b3435a9d337750fc82d,1560000,2184,
morph,deposit,27483184,1790577301000,0xecc0afe9099f504e8f98edcb0029bcbc1e399c812433b42b7fec5b4ebabe4b6a,0x08b4c8c5b93e8ece5e648e8d4954a9eb35351289,0x08b4c8c5b93e8ece5e648e8d4954a9eb35351289,0xe7cd86e13ac4309349f30b3435a9d337750fc82d,376290000,2184,
morph,withdraw_final,27483229,1790577679000,0xee0cb039017d69be373b8f8e808df55f3036457b834be17e47aa15ff60cb8b09,,,,,,500366317170196480
morph,withdraw_submit,27483483,1790577820000,0x96112d53ae7db98c9ce9f7f78ce9699374b89e20dc23add7a5d962da71ca66d8,,0xdde3c840164ee66f5e1738bc6d0bb2e382675452,0xe7cd86e13ac4309349f30b3435a9d337750fc82d,2360000,,500366317170196480
morph,deposit,27484230,1790579050000,0xb7068f78cfc98b46db16a7b977b4a8b7bfece524f18a3df8c116ddab9519399b,0x0d4db08686497b098feb4240855747e84d12d498,0x0d4db08686497b098feb4240855747e84d12d498,0xe7cd86e13ac4309349f30b3435a9d337750fc82d,7780000,2184,
morph,withdraw_final,27485812,1790581866000,0xc68524cc8b579d8304c3937fbaf4dee8a9d735ac55140dd86c5c8d586e671b5d,,,,,,500690252210372608
morph,deposit,27485951,1790581736000,0x9f282891a4209c66aa7c5257633ea5072b0b8950276e92edd30cff43164b124c,0xd11ffad2f808dc483c957c66a2c8b13be5d27882,0xd11ffad2f808dc483c957c66a2c8b13be5d27882,0xe7cd86e13ac4309349f30b3435a9d337750fc82d,210000000,2184,
morph,withdraw_submit,27486154,1790582020000,0x9fd794571320c993eafcedc6788468757e6694fb8cdc26f08e0ac862b2f09225,,0xf6f662c6e3d19e74b287979ad507a21331fdaad6,0xe7cd86e13ac4309349f30b3435a9d337750fc82d,11000000,,500690252210372608
morph,deposit,27486404,1790582382000,0x5e2a6656bab5ea657aeb7b5c4368e12d9e18d45a1abb77930b0948cef4cd388c,0x0406b967caf589e886775e2ad33bcadbfd60a8f6,0x0406b967caf589e886775e2ad33bcadbfd60a8f6,0xe7cd86e13ac4309349f30b3435a9d337750fc82d,296740000,2184,
morph,deposit,27486717,1790582858000,0x75d4495489edb96aa420fb6b76e7ea3d101a3102e1ad7eabb3b490efec8dffab,0xaab4976f9aecd2559432d16e4fc184b34d9a27c3,0xaab4976f9aecd2559432d16e4fc184b34d9a27c3,0xe7cd86e13ac4309349f30b3435a9d337750fc82d,2010000,2184,
morph,withdraw_final,27487763,1790584863000,0x13a18c5fbf9dfddf2d3f972ff7c5316b6f66c7d8910130734b4c48ef64a0b886,,,,,,500921854026842112
morph,withdraw_submit,27488046,1790585020000,0x4dffb2fed9977d2d3556d7ee59d66a16b08424ad8c57d4f31ff305c413171e0b,,0x0406b967caf589e886775e2ad33bcadbfd60a8f6,0xe7cd86e13ac4309349f30b3435a9d337750fc82d,295740000,,500921854026842112
morph,deposit,27488211,1790585300000,0x21dcca2305bb9d48d551555d5f8e92be39c047d2a82eff352013d3d0fc81735d,0x2da3b21e2065e93999621b7f9cdc450791bfbe5a,0x2da3b21e2065e93999621b7f9cdc450791bfbe5a,0xe7cd86e13ac4309349f30b3435a9d337750fc82d,9240000,2184,
morph,deposit,27488508,1790585794000,0x7ecbb00c6dc4ce1550ad25e90c616c8c6dee6df4f2d45c10c2ad807d51bc27bc,0x353e7c571d77da147abb7e8fac0311d644513bcc,0x353e7c571d77da147abb7e8fac0311d644513bcc,0xe7cd86e13ac4309349f30b3435a9d337750fc82d,150000000,2184,
morph,deposit,27488554,1790585870000,0x0167fe245705c80fedac0686f24ab398cdfe9b3dd0d1b1e0d1efe6d9a5e5d191,0xe1d8cd8bfde289504900adbf59d3845fca086c9f,0xe1d8cd8bfde289504900adbf59d3845fca086c9f,0xe7cd86e13ac4309349f30b3435a9d337750fc82d,6770000,2184,
morph,deposit,27488854,1790586333000,0x29f39490ebbc44d952d4c0b6e5e2e5a6568119ad1a2b96a2acb1692db588faa4,0x1099711d6f0c21217fe92021089e31f9c8479018,0x1099711d6f0c21217fe92021089e31f9c8479018,0xe7cd86e13ac4309349f30b3435a9d337750fc82d,1070000,2184,
morph,deposit,27490213,1790588452000,0x0b5c512eb2f8b459b1f87579fc70ed9c2f8539295190c1d1111394d51064304c,0xc9fd6073c96e4182954e2dc010902a913454c25e,0xc9fd6073c96e4182954e2dc010902a913454c25e,0xe7cd86e13ac4309349f30b3435a9d337750fc82d,1620000,2184,
morph,deposit,27490570,1790589038000,0x12b200bf8344931835dbb9b51c337010b2c58590e71d3bb487148af0f6ac9f9d,0xf0e9c9d4cd5a6507c41f61d032b9e790aa991b9d,0xf0e9c9d4cd5a6507c41f61d032b9e790aa991b9d,0xe7cd86e13ac4309349f30b3435a9d337750fc82d,5250000,2184,
morph,deposit,27490615,1790589103000,0xed8732a772d1349ddf7086cd26e6429929d5b75be2a88df6d41c9ad6f51c10bc,0xdbeba977dc95302affd00eb1c1d3fc3a33bc0085,0xdbeba977dc95302affd00eb1c1d3fc3a33bc0085,0xe7cd86e13ac4309349f30b3435a9d337750fc82d,25000000,2184,
morph,deposit,27490978,1790589692000,0xd807693ba3403002eccd52470ed13d4daa475852812dd1e65fcb7afd2381d059,0x353e7c571d77da147abb7e8fac0311d644513bcc,0x353e7c571d77da147abb7e8fac0311d644513bcc,0xe7cd86e13ac4309349f30b3435a9d337750fc82d,100000000,2184,
morph,deposit,27491093,1790589874000,0x4d6cbf84bd6b7057dd2a11bc7c9ddc2dba820519a6a7d5d7419ac824e9fd346a,0x80ffd626b3d779a41d9ce0f6303712f771da18f3,0x80ffd626b3d779a41d9ce0f6303712f771da18f3,0xe7cd86e13ac4309349f30b3435a9d337750fc82d,23710000,2184,
morph,withdraw_final,27491545,1790590884000,0x79d81c9a5e1bf10188539b2132c75eedef0faeee48545b9f475eb1971d313f67,,,,,,501387196528328704
morph,deposit,27491758,1790590942000,0xe755c8a01683a6f9314aac4fc1ce3439e7604d8bb2679eddf2dcdabd2e8f2a1a,0xbb48553d0c9470eb429ba35acd350c4c242ee902,0xbb48553d0c9470eb429ba35acd350c4c242ee902,0xe7cd86e13ac4309349f30b3435a9d337750fc82d,2000000,2184,
morph,withdraw_final,27491794,1790591302000,0xe790dcd81487f26d117823860341b38c348061e905144269a47e0f66bfef6f87,,,,,,501419657899540480
morph,withdraw_submit,27491805,1790591020000,0x59dba0b5bf43eda892eaaffc584168a3f5a076be7191d8ab30411ab862241fe8,,0x1099711d6f0c21217fe92021089e31f9c8479018,0xe7cd86e13ac4309349f30b3435a9d337750fc82d,1290000,,501387196528328704
morph,withdraw_final,27491967,1790591571000,0xaa016b6900b37d13911a884bae14b366569b820ed5e72061ea4197014ef5c51b,,,,,,501440445532864512
morph,withdraw_final,27492032,1790591679000,0x3a2bd601261f24ff2e79ef8804734d31d6ae6530f4aa18b4c7b72e7060722e11,,,,,,501448786371936256
morph,withdraw_submit,27492068,1790591440000,0xaf3620d48a73df3e351f3ae35757e9834c303047bfc6dbf30505c43275c48c38,,0xbb48553d0c9470eb429ba35acd350c4c242ee902,0xe7cd86e13ac4309349f30b3435a9d337750fc82d,1000000,,501419657899540480
morph,withdraw_submit,27492253,1790591740000,0x24c060296730019537e069ae329aa9121b71a163b06c0b07797a4d8bf4203ab5,,0x9801336be557cf2bb23ec94c0482f83c12cb7a50,0xe7cd86e13ac4309349f30b3435a9d337750fc82d,41950000,,501440445532864512
morph,withdraw_submit,27492287,1790591800000,0x63d8841fd8528c45594f3dd2bbbf29b536ae381ea72f25cc61a67940acfcc887,,0x09464b69681cf44fbe381680c9860480c2806e03,0xe7cd86e13ac4309349f30b3435a9d337750fc82d,18840000,,501448786371936256
morph,withdraw_final,27492839,1790593027000,0x95d029c23bfdccf5e4d0744c20fe700dc914e33c0caadbf46eedc3894a379fde,,,,,,501553145483100160
morph,withdraw_submit,27493096,1790593181000,0x962f3a759777d9b38a65505929de0dfba5230e4c9cf28216c9280eac80e0efd5,,0x052c913170a74014313223c977adf5a4410a44a2,0xe7cd86e13ac4309349f30b3435a9d337750fc82d,8520000,,501553145483100160
morph,deposit,27493923,1790594622000,0x741e91ec0c200ccf08ee9a8e44756d6fd11b912c17544b145b3a94175d2672b7,0xcea2145400c521da2c75e3d23c1da9249ea109e0,0xcea2145400c521da2c75e3d23c1da9249ea109e0,0xe7cd86e13ac4309349f30b3435a9d337750fc82d,9320000,2184,
morph,deposit,27494759,1790596036000,0x8b17931a6098fb1a3770e4df3e14eb8f9fe853fc76b6d3f3452bf0d6dbedac1c,0x8e5b0e646cdff44efc5bc01597683f88f3f8fab2,0x8e5b0e646cdff44efc5bc01597683f88f3f8fab2,0xe7cd86e13ac4309349f30b3435a9d337750fc82d,115250000,2184,
morph,deposit,27495249,1790596894000,0xe117adb8d7bac618c8a5a609bb96f6df43b7fc5e9c22135675570b8830d53354,0x026cc0fa1b4aa03c9294291688917ae40eb37953,0x026cc0fa1b4aa03c9294291688917ae40eb37953,0xe7cd86e13ac4309349f30b3435a9d337750fc82d,28600000,2184,
morph,deposit,27495467,1790597204000,0x6c9b629c43a48d3705e8f630dd2dbf7434a88ea3a214b0a4d6682bb59f5cab86,0x67d11cc4aaa6e867eec81175fc88f3559215f011,0x67d11cc4aaa6e867eec81175fc88f3559215f011,0xe7cd86e13ac4309349f30b3435a9d337750fc82d,1400000,2184,
morph,withdraw_final,27495575,1790597652000,0x0ec80abd3089747d92d7ae9d6b5059cd3354321a4922c611282203e0482fba74,,,,,,501909790994202624
morph,deposit,27495601,1790597392000,0x401663c25cd25a143f13de83b08c895c1fe281af9827c08a5f22a78c1798f08f,0x77bea78a2f166f0eade9ca16859ff04ea4737a5b,0x77bea78a2f166f0eade9ca16859ff04ea4737a5b,0xe7cd86e13ac4309349f30b3435a9d337750fc82d,71890000,2184,
morph,deposit,27495668,1790597480000,0x5431cf2186fbdd523e076b2ce51878c2fd1d7ce7c83b308315a0c983d4baecbc,0x771fee00a3279043d59c91dba2a45b6bbe131814,0x771fee00a3279043d59c91dba2a45b6bbe131814,0xe7cd86e13ac4309349f30b3435a9d337750fc82d,2270000,2184,
morph,withdraw_submit,27495874,1790597800000,0xdace3b5732463e121f84751dbd5d2292ce1653239f211af3e30f0082cf22512e,,0x44dbc899232cda89ef848f8c433d119ee947d806,0xe7cd86e13ac4309349f30b3435a9d337750fc82d,8380000,,501909790994202624
morph,deposit,27496003,1790598002000,0xc30981bc573f8b5f5ec1aa12b56b28026b9adbc12b24ff394b185da850f0ff6f,0x1e19e78d0dc27a18b41473eaea687121bc50ee85,0x1e19e78d0dc27a18b41473eaea687121bc50ee85,0xe7cd86e13ac4309349f30b3435a9d337750fc82d,248980000,2184,
morph,withdraw_final,27496344,1790598823000,0xc13528ddda65ae3f71778a746c8a2e086509db2435350f4cbef3a8d4c67d00a8,,,,,,501999976704901120
morph,deposit,27496501,1790598774000,0x40436601910ae06253ac78ae1195a4d8f09a16d5d2f301ac6b8dd0ca1c8c1b5e,0x5a66c86ad6cec6c0ea6dc3ad55ea79f6c46f983e,0x5a66c86ad6cec6c0ea6dc3ad55ea79f6c46f983e,0xe7cd86e13ac4309349f30b3435a9d337750fc82d,129990000,2184,
morph,withdraw_submit,27496602,1790598940000,0xf668e8cf16677a75c91fee844af0b8b58ab5e6d1bde9c74fe708bed46c014b57,,0x026cc0fa1b4aa03c9294291688917ae40eb37953,0xe7cd86e13ac4309349f30b3435a9d337750fc82d,26510000,,501999976704901120
morph,deposit,27498401,1790601968000,0xb594371ec03f2e96170f966c9d715da5dea24fb5ecf86bff16f64a2c095256fc,0xb263bd19c93ec8168543e8b2f726840322745abc,0xb263bd19c93ec8168543e8b2f726840322745abc,0xe7cd86e13ac4309349f30b3435a9d337750fc82d,25000000,2184,
morph,deposit,27499326,1790603436000,0x00bcae814cef86dc169d45aa4c952c88755736419d863378fcb9885f97c99ffc,0xa826a8377b9310c2a2de12684565601960d3062c,0xa826a8377b9310c2a2de12684565601960d3062c,0xe7cd86e13ac4309349f30b3435a9d337750fc82d,1120000,2184,
morph,deposit,27499351,1790603474000,0x98960361904a13cd9cfeb640958dda885c7c58e940f77b9d3af0ca386321c961,0xa225f3daa6b1a013785bd6440efabde7a27426db,0xa225f3daa6b1a013785bd6440efabde7a27426db,0xe7cd86e13ac4309349f30b3435a9d337750fc82d,5940000,2184,
morph,deposit,27499495,1790603710000,0x13ba82e8bfb6470b47c0e75ef8c52e8a6d9f61b9dcb51477ca2e28ccc225e688,0x80ffd626b3d779a41d9ce0f6303712f771da18f3,0x80ffd626b3d779a41d9ce0f6303712f771da18f3,0xe7cd86e13ac4309349f30b3435a9d337750fc82d,35390000,2184,
morph,deposit,27499819,1790604262000,0x9f517e0738f3aa7bb7cb400af9a2eb9c58809ee3be794bbe19a64f601e47e68d,0x7179b100b7f6c83ac44ff6789ba0a803a6b24cb8,0x7179b100b7f6c83ac44ff6789ba0a803a6b24cb8,0xe7cd86e13ac4309349f30b3435a9d337750fc82d,43250000,2184,
morph,withdraw_final,27500102,1790605019000,0x9f8e54a595919ea1947dfe15e30cb74d461be0836125581f5014d740bca4b188,,,,,,502476683715018752
morph,withdraw_submit,27500391,1790605180000,0xda6ee645ccaee07e9c778ac40912de03ede79e37fb5ebe7b61293de6c7ca1278,,0xa225f3daa6b1a013785bd6440efabde7a27426db,0xe7cd86e13ac4309349f30b3435a9d337750fc82d,4940000,,502476683715018752
morph,deposit,27500683,1790605652000,0x9e23da8f532f8050478740033d003e95b92a0712dbc53623e47b165ba558204b,0x3e553b3ed3149f32e4f7869898a85b3944d9c3ea,0x3e553b3ed3149f32e4f7869898a85b3944d9c3ea,0xe7cd86e13ac4309349f30b3435a9d337750fc82d,5490000,2184,
morph,deposit,27501655,1790607032000,0x1766c57d3d11bccfd1ce638af2aebb518040e8bcbd440d07c9a193da1a9534a5,0x611d222230d2598699e6298e9b619913674ccae5,0x611d222230d2598699e6298e9b619913674ccae5,0xe7cd86e13ac4309349f30b3435a9d337750fc82d,2210000,2184,
morph,deposit,27502604,1790608458000,0x45106272d45a9ca02540867091953e64a8255d29e5b7d829b9f7c9ae8d4bf361,0x028616896009ed81111d5be075c73f46894e39f9,0x028616896009ed81111d5be075c73f46894e39f9,0xe7cd86e13ac4309349f30b3435a9d337750fc82d,4910000,2184,
morph,deposit,27503460,1790609802000,0x6dcd5fb87d876e346f8131f6679eb33e733d747ac98ae12b253c8e83f063b5bb,0x028616896009ed81111d5be075c73f46894e39f9,0x028616896009ed81111d5be075c73f46894e39f9,0xe7cd86e13ac4309349f30b3435a9d337750fc82d,10000000,2184,
morph,deposit,27504701,1790611868000,0x9a1d1fb082a5df69a73187824f186b2cf5eba5acc8fa489fa5fe85ecc393c137,0x45874581414bc3da3381970aa1c19dc7b8fb3876,0x45874581414bc3da3381970aa1c19dc7b8fb3876,0xe7cd86e13ac4309349f30b3435a9d337750fc82d,100610000,2184,
morph,deposit,27505052,1790612404000,0x3719e7f587ff8d3e83cbd46f3a8111575dbae07dc542cc2eb2f67e168fcb1437,0x4d29a9b395ff01e81077de68eab9afb9a024a7b0,0x4d29a9b395ff01e81077de68eab9afb9a024a7b0,0xe7cd86e13ac4309349f30b3435a9d337750fc82d,2710000,2184,
morph,deposit,27505153,1790612542000,0x6adfff82568ee406ebfb4d91df3211aff3b159f80873bc37e217a31a544a3fa8,0xbb48553d0c9470eb429ba35acd350c4c242ee902,0xbb48553d0c9470eb429ba35acd350c4c242ee902,0xe7cd86e13ac4309349f30b3435a9d337750fc82d,2000000,2184,
morph,withdraw_final,27505196,1790612908000,0x95a124ac04f69ccf0c8396b286dc0f7abe773bd3b0ef160834675868265ab6ef,,,,,,503082248329756674
morph,withdraw_submit,27505459,1790613040000,0x7160f54787431e2b39405c1ae4039d09ad36137b5014fa95c257b20befc0f530,,0xbb48553d0c9470eb429ba35acd350c4c242ee902,0xe7cd86e13ac4309349f30b3435a9d337750fc82d,1000000,,503082248329756674
morph,deposit,27505601,1790613282000,0x38deda7018cef4cdeeb7dfe2e8288ed9fca8ad4dfcf49f60be8ca55c68aecaa7,0x3e553b3ed3149f32e4f7869898a85b3944d9c3ea,0x3e553b3ed3149f32e4f7869898a85b3944d9c3ea,0xe7cd86e13ac4309349f30b3435a9d337750fc82d,15960000,2184,
morph,withdraw_final,27506307,1790614791000,0x71b8f453080c55a262694188fa3ac2983a97d6e2f8b7e502c89b259aa2350ab3,,,,,,503227297965277184
morph,deposit,27506332,1790614536000,0x529c6c59cdc5924153ce52b5a85a431044deef148f42afcf8e89956a37e62d0b,0x3eeb7374d54066da3def8e302e1b97aa6c71ccbc,0x3eeb7374d54066da3def8e302e1b97aa6c71ccbc,0xe7cd86e13ac4309349f30b3435a9d337750fc82d,500000000,2184,
morph,deposit,27506444,1790614734000,0x1e8305333962a571d91d82dede57429ed9f68ba685dc94c50c64d86b1b93af0c,0x4d29a9b395ff01e81077de68eab9afb9a024a7b0,0x4d29a9b395ff01e81077de68eab9afb9a024a7b0,0xe7cd86e13ac4309349f30b3435a9d337750fc82d,7860000,2184,
morph,withdraw_submit,27506577,1790614960000,0x4bda8b59522e0055afdbb8ca4b2741121dfb6461922d2bd06b9a9ab8b4b4d92f,,0x06deaf88d688bd3edca0537b20fea771904db152,0xe7cd86e13ac4309349f30b3435a9d337750fc82d,49170000,,503227297965277184
morph,withdraw_final,27506857,1790615737000,0xc60504b8547ed1f0cdf1d3b4aebda6e68afdf29f7af9df986fa8d8ac1e97e563,,,,,,503300089075204096
morph,withdraw_submit,27507196,1790615860000,0x2f70f099331dcbfe9e73862ef676c8b1c74b55d21a8cf153eb23ecd9894fea9d,,0x642d800f3989486cbeb3578d8fb269f374b99243,0xe7cd86e13ac4309349f30b3435a9d337750fc82d,63540000,,503300089075204096
morph,withdraw_final,27507887,1790617301000,0xe677237c29a32f9aba99b9d1b0db40807a639bec11207290ec7c25ffe287d190,,,,,,503420150607773781
morph,deposit,27507995,1790617177000,0x083f2d602a38a4a4ad48dbd92f54d6c3750efec44ca213b207d68f8876948941,0x206ad04babaf8615030f05e5c364d844a8ac7519,0x206ad04babaf8615030f05e5c364d844a8ac7519,0xe7cd86e13ac4309349f30b3435a9d337750fc82d,4190000,2184,
morph,withdraw_submit,27508131,1790617420000,0x4da9007b24df94eaf39f44d6d2b8fdc19a59fcd5ee227167cb50c1cd21041e77,,0x3cfd92fd214084d65e4abbf72719c1a9254b0757,0xe7cd86e13ac4309349f30b3435a9d337750fc82d,532280000,,503420150607773781
morph,deposit,27508218,1790617570000,0xb2a520fc48a4e4e8d0234dbf23ca925a324607d4e41d30f2c1f52c3f19cb258f,0x59d7ff2c0e82320ef951cc2880a0189b9c1991e4,0x59d7ff2c0e82320ef951cc2880a0189b9c1991e4,0xe7cd86e13ac4309349f30b3435a9d337750fc82d,20000000,2184,
morph,withdraw_final,27508434,1790618250000,0xbf6fec2c64bf9f7efb189622709f8a2f059ec8af23824773d2a67fa2f14c734d,,,,,,503493268114243584
morph,withdraw_submit,27508683,1790618380000,0xb4672e1b9efdcf3f1f375724ae23dcbb9abd39c3b97652a1e10dbf149ebcbfa3,,0xaab4976f9aecd2559432d16e4fc184b34d9a27c3,0xe7cd86e13ac4309349f30b3435a9d337750fc82d,1870000,,503493268114243584
morph,deposit,27510414,1790621438000,0x6d4c147873c360ddc4c96393fc6d52f7e5fb36ccb3e2aeb2fe7a24e8f6348c2f,0x3dc42b8bdd48df0bafe7bbdc212112118f927c6d,0x3dc42b8bdd48df0bafe7bbdc212112118f927c6d,0xe7cd86e13ac4309349f30b3435a9d337750fc82d,1000000,2184,
morph,deposit,27510446,1790621494000,0x9e2a9df397ef71719909192ee57e6a58d557091c7329f391014066ad7f88bb34,0x3dc42b8bdd48df0bafe7bbdc212112118f927c6d,0x3dc42b8bdd48df0bafe7bbdc212112118f927c6d,0xe7cd86e13ac4309349f30b3435a9d337750fc82d,1850000,2184,
morph,deposit,27512204,1790624492000,0x819bfa8a1c6547abd7ca122589937c781b63b41f3307084b6b89c8cf25636830,0xd557e1d3f8b0395d4d5443e5ebc561d7e39136ce,0xd557e1d3f8b0395d4d5443e5ebc561d7e39136ce,0xe7cd86e13ac4309349f30b3435a9d337750fc82d,157090000,2184,
morph,deposit,27514122,1790627644000,0x0deefef764a0c492f7e26cfb546a8b6592e5d0d68ee33cd48062d0df127e219f,0x3802516a1b74ab98848f352a1ea6ddef2df1dd5c,0x3802516a1b74ab98848f352a1ea6ddef2df1dd5c,0xe7cd86e13ac4309349f30b3435a9d337750fc82d,100000000,2184,
morph,deposit,27517287,1790633388000,0xc1b3d4a9daee0ae9afc4f1b909450eb2ea05c792655fa17168d4b76b19b458a6,0xbca7fb3f787c1c22dedfe83468c930e4a2303aa4,0xbca7fb3f787c1c22dedfe83468c930e4a2303aa4,0xe7cd86e13ac4309349f30b3435a9d337750fc82d,108050000,2184,
morph,deposit,27517694,1790634144000,0x289e49f28ee28fcd9999bf0f842694752cc0ed0ef9356c781db639891b2ab41c,0xbb48553d0c9470eb429ba35acd350c4c242ee902,0xbb48553d0c9470eb429ba35acd350c4c242ee902,0xe7cd86e13ac4309349f30b3435a9d337750fc82d,2000000,2184,
morph,withdraw_final,27517734,1790634520000,0xe3fbf3769550d6d1189080d79b47248f10476928d1a9bb3dee5fb9b3c7326d3f,,,,,,504751143771963392
morph,withdraw_submit,27517972,1790634640000,0xa389b287cfdb6d259cf2e6e0524876278dd6aa7a872572c7d5aba04e447089f9,,0xbb48553d0c9470eb429ba35acd350c4c242ee902,0xe7cd86e13ac4309349f30b3435a9d337750fc82d,1000000,,504751143771963392
morph,withdraw_final,27518966,1790636804000,0x2ff6fe543be65d841c4b7597c722ffe2a43256cb4068389b6fc448404cb5ee39,,,,,,504927357698572288
morph,withdraw_submit,27519262,1790636980000,0x9adca5cbe4bb282065121d83c5603bfc19ccbe66341e63048c7ee4ee43332c09,,0x3eeb7374d54066da3def8e302e1b97aa6c71ccbc,0xe7cd86e13ac4309349f30b3435a9d337750fc82d,554870000,,504927357698572288
morph,deposit,27519368,1790637148000,0xde86906ac3f0baba5d600adc06352a3cdce2ea1892ba0bef622880260ce50a53,0xdc25f0288fce5753d8cec8648416c831104cf51a,0xdc25f0288fce5753d8cec8648416c831104cf51a,0xe7cd86e13ac4309349f30b3435a9d337750fc82d,514280000,2184,
morph,deposit,27524088,1790645468000,0xa2a11a15d7e873a8bca58b98eef70a4ec91a6ffad5074b8c29bfd5545adc263a,0xe47a854c093a80beb179d0c15b5bbebe62a6940c,0xe47a854c093a80beb179d0c15b5bbebe62a6940c,0xe7cd86e13ac4309349f30b3435a9d337750fc82d,100000000,2184,
morph,deposit,27524666,1790646422000,0x3e2e7789b2ea64e276053ed51588373de0930ba5057d959e2249aaffaea3bac2,0x070692da34b622fd56d40ae7a561473b046b3e19,0x070692da34b622fd56d40ae7a561473b046b3e19,0xe7cd86e13ac4309349f30b3435a9d337750fc82d,8170000,2184,
morph,deposit,27525244,1790647412000,0x36f08c4a6b25985564bb9c183162983019305da8fd4c7916b973221f959458bf,0x80ffd626b3d779a41d9ce0f6303712f771da18f3,0x80ffd626b3d779a41d9ce0f6303712f771da18f3,0xe7cd86e13ac4309349f30b3435a9d337750fc82d,13000000,2184,
morph,deposit,27525756,1790648312000,0x3cae22520eb8ddab126dc63f0e2d52659afba75734fbce658a346dd49dfc65ab,0x0fa6d82adcaf046c9e158249a811d7ee65dce3fd,0x0fa6d82adcaf046c9e158249a811d7ee65dce3fd,0xe7cd86e13ac4309349f30b3435a9d337750fc82d,2250000,2184,
morph,deposit,27525799,1790648387000,0x1d224793f59dd1099e31d103cf678c12f71b5cf6b652cbb5eef076033213d792,0x902b4a481161385a1baff2bd620079fb9cf3a5bd,0x902b4a481161385a1baff2bd620079fb9cf3a5bd,0xe7cd86e13ac4309349f30b3435a9d337750fc82d,2980000,2184,
morph,withdraw_final,27526100,1790649193000,0x1f5d8b68bc2870e6f7895f933b0383032a158f3a607cdce47149fabe0841885e,,,,,,505884731687043073
morph,withdraw_submit,27526341,1790649339000,0x44bdbb2b986b3b6bf186130d3566a9594eafca8d02ab1a00f68c6bb998e40f41,,0x177c9fb939951b29414f2925a3f86ffa1bd1e86e,0xe7cd86e13ac4309349f30b3435a9d337750fc82d,4930000,,505884731687043073
morph,withdraw_final,27526754,1790650384000,0x1680952b2ce51d47bebcb5b3595e95e91afc1c3822212d3a651f7960a9cdcc5c,,,,,,505976910270955521
morph,withdraw_submit,27527006,1790650540000,0x1f5b3fd1fe69e45b367a97e2a0de4a88d2aad893f1a4dab6fda250707f33f443,,0x902b4a481161385a1baff2bd620079fb9cf3a5bd,0xe7cd86e13ac4309349f30b3435a9d337750fc82d,1980000,,505976910270955521
morph,withdraw_final,27527054,1790650926000,0x4897c4854f63323c6e2e3692aee3c8c617d2d530e065c8979aebc464d21b8e64,,,,,,506018734645706752
morph,deposit,27527201,1790650880000,0x9e3080a66bc3b30ef9153c366c2aff04ee8eb6629edea61517da1b0aaba0cb84,0xdc38dfec7398ff919798509f987ddc375cf0a836,0xdc38dfec7398ff919798509f987ddc375cf0a836,0xe7cd86e13ac4309349f30b3435a9d337750fc82d,32590000,2184,
morph,withdraw_submit,27527316,1790651080000,0x257344de42b49626b80ddf7c3f8e86c946696d6f26a77c3c6defbd65ad0d5e64,,0x6410ea2a25b3f0ca948ff874a9b6389d85784329,0xe7cd86e13ac4309349f30b3435a9d337750fc82d,150060000,,506018734645706752
morph,deposit,27529879,1790655702000,0x8f914751d16f8e3fb39d2ae05a257cc842a078f9332125c1b455a7539d1959f6,0x003cf58bd2731ddf4c8829545b3cf9cb851656e6,0x003cf58bd2731ddf4c8829545b3cf9cb851656e6,0xe7cd86e13ac4309349f30b3435a9d337750fc82d,5130000,2184,
morph,deposit,27529902,1790655742000,0x28adfd991c0b0095d9fdc85a1428acc83e0c2425dd532553f680edc7f8b50727,0xbb48553d0c9470eb429ba35acd350c4c242ee902,0xbb48553d0c9470eb429ba35acd350c4c242ee902,0xe7cd86e13ac4309349f30b3435a9d337750fc82d,2000000,2184,
morph,withdraw_final,27529941,1790656113000,0x001896e0531f59503abd985d625c6db4755ab6456bf7f426cbc983a4a9943aaf,,,,,,506419936126566400
morph,withdraw_final,27529942,1790656114000,0x92defdcd2ffcb9b0868c265b649ff7ad04c6ae95ccf69e39ae19dd36d9bac5ca,,,,,,506419953314824192
morph,withdraw_submit,27530173,1790656240000,0xe760461ba12cdc5caef39c9a7fc5c7fb78a04a3eca35e007b26eb7558f0ace1d,,0x755b786d39a9b79f8482e60d460ab511991ec1b0,0xe7cd86e13ac4309349f30b3435a9d337750fc82d,207000000,,506419936126566400
morph,withdraw_submit,27530173,1790656240000,0xe760461ba12cdc5caef39c9a7fc5c7fb78a04a3eca35e007b26eb7558f0ace1d,,0xbb48553d0c9470eb429ba35acd350c4c242ee902,0xe7cd86e13ac4309349f30b3435a9d337750fc82d,1000000,,506419953314824192
morph,deposit,27530545,1790656930000,0xe3d5fb0e547684ac0ed4f4d7be17fab7ceabe2024ff3959a55717c7b97cfa0ad,0x620ed010e503c5f21490709803e6707a94745108,0x620ed010e503c5f21490709803e6707a94745108,0xe7cd86e13ac4309349f30b3435a9d337750fc82d,1420000,2184,
morph,deposit,27531206,1790658110000,0xd3c54f903fc5f4f05fbbac20ae2f383a11e3af1b051afe307b6b746ebfe302f8,0xeb820a2f7edf7a6e13a31c4b9e3c0f736b2939cc,0xeb820a2f7edf7a6e13a31c4b9e3c0f736b2939cc,0xe7cd86e13ac4309349f30b3435a9d337750fc82d,2010830000,2184,
morph,withdraw_final,27533292,1790662005000,0xe1f3ef6e257b6132533a9bfb43fcba612256b5a563079f5637fab0f8d7024f33,,,,,,506875735240081408
morph,withdraw_final,27533470,1790662308000,0xea38f6217ed4d874ac7cf682c812e6c9b42fbc8ba75ea369d97c21b6b9d649d5,,,,,,506899099883143168
morph,withdraw_submit,27533579,1790662180000,0x82a58eccade2ce02ed47eb909b8bf4552d691873887fd72baf95e5a02d795083,,0x2d1b92999a639d957f7805064b0cfb3d48fa9ae1,0xe7cd86e13ac4309349f30b3435a9d337750fc82d,38000000,,506875735240081408
morph,withdraw_final,27533644,1790662591000,0x7fa0788426be7b73b561b084635ef241f22b9e62a3d3e3e43f5895b1e3e7b10b,,,,,,506921029986156544
morph,withdraw_submit,27533756,1790662480000,0x4272b6289ee365cd46e8e5d16d4e3ed4f42405e3dc7bf36d031d31e17a2cc9c8,,0x003cf58bd2731ddf4c8829545b3cf9cb851656e6,0xe7cd86e13ac4309349f30b3435a9d337750fc82d,4460000,,506899099883143168
morph,withdraw_submit,27533895,1790662720000,0x0f685011e03307d25f9b256214ddbf96ccef8f9da56e0ec2b3c9af4aaac5f57e,,0xd557e1d3f8b0395d4d5443e5ebc561d7e39136ce,0xe7cd86e13ac4309349f30b3435a9d337750fc82d,286000000,,506921029986156544
morph,deposit,27534163,1790663168000,0x556384b44f57bf2a90c46d2a599092e15dbf4564ba85aa4ed170d7ffab41c96d,0xd557e1d3f8b0395d4d5443e5ebc561d7e39136ce,0xd557e1d3f8b0395d4d5443e5ebc561d7e39136ce,0xe7cd86e13ac4309349f30b3435a9d337750fc82d,70000000,2184,
morph,withdraw_final,27534191,1790663519000,0x0b4de161bfd59c2a47e2b7ec87d5a0fee98aa571db82422720f0739580fca08e,,,,,,506992927730302977
morph,withdraw_submit,27534469,1790663679000,0xe8b638a834e88dcb0eaf23b87c880ebd441b442f375e1106d9c69f8a5d7b137d,,0xeb820a2f7edf7a6e13a31c4b9e3c0f736b2939cc,0xe7cd86e13ac4309349f30b3435a9d337750fc82d,2541000000,,506992927730302977
morph,deposit,27535257,1790665074000,0xd56371ca0fad172aa950eff3a79acd98cb9d0210e6cc8d7e4cfbda3d70462cc7,0x698cb4635daeaa35cc051442fcd2ffb0ae422067,0x698cb4635daeaa35cc051442fcd2ffb0ae422067,0xe7cd86e13ac4309349f30b3435a9d337750fc82d,98000000,2184,
morph,deposit,27535273,1790665100000,0xd3ec7ff68b1442af93096abb946aa5760795124ffd41024e96f0d7b4170241b3,0x7a4b2c87a9bd186bdd951799074731cc08d0ccb3,0x7a4b2c87a9bd186bdd951799074731cc08d0ccb3,0xe7cd86e13ac4309349f30b3435a9d337750fc82d,50000000,2184,
morph,deposit,27535516,1790665515000,0x2da65aa8476f799fbe99b9d16b3dc30ec5c15e141fe1ec07de5c5f444dd75f0b,0x316bdd1eed2b5fe1540f977ba508e75565342d31,0x316bdd1eed2b5fe1540f977ba508e75565342d31,0xe7cd86e13ac4309349f30b3435a9d337750fc82d,1600440000,2184,
morph,deposit,27535544,1790665556000,0x8c42dc71341093e0f2db1d43eecdad90e17da09e66c4f8426afa3dbeeef572c5,0x7179b100b7f6c83ac44ff6789ba0a803a6b24cb8,0x7179b100b7f6c83ac44ff6789ba0a803a6b24cb8,0xe7cd86e13ac4309349f30b3435a9d337750fc82d,43960000,2184,
morph,deposit,27536189,1790666530000,0x7549e2cc36ff30499c5b5b6ac20fd199efa51df63f0bc3591293927d07d19ae8,0x0662470d71ea9745b84e7aa779c00163c99bd4ac,0x0662470d71ea9745b84e7aa779c00163c99bd4ac,0xe7cd86e13ac4309349f30b3435a9d337750fc82d,7870000,2184,
morph,deposit,27536281,1790666618000,0x5bf31dcfebac42353e7b8fb3b0c679a05da99d3fba5328d0c04e88429b3cf3b4,0x96a8cab2fc207b1667715aa39242338dfaffafbf,0x96a8cab2fc207b1667715aa39242338dfaffafbf,0xe7cd86e13ac4309349f30b3435a9d337750fc82d,7880000,2184,
morph,deposit,27536779,1790667444000,0xb8b9dd0754deb5d923cdc2f8a60551286febc8625ba952c575b70f1470d0e39c,0xf8e79e13ccc3eb56d6e5e429aa35e783b0a6586f,0xf8e79e13ccc3eb56d6e5e429aa35e783b0a6586f,0xe7cd86e13ac4309349f30b3435a9d337750fc82d,59350000,2184,
morph,deposit,27537044,1790667892000,0x88b2c9816234e89dcb48c047b304973139920b762c49b5e5da0eb572f45a57bd,0xd4a4db06e82e97d843d3a8ce8e4a40f739365afe,0xd4a4db06e82e97d843d3a8ce8e4a40f739365afe,0xe7cd86e13ac4309349f30b3435a9d337750fc82d,1000000,2184,
morph,deposit,27537596,1790668834000,0x8dceac06cd65a191937449f4938d304b37ec1f1218a8dd8eacee13bc33c263e3,0x7a4b2c87a9bd186bdd951799074731cc08d0ccb3,0x7a4b2c87a9bd186bdd951799074731cc08d0ccb3,0xe7cd86e13ac4309349f30b3435a9d337750fc82d,100000000,2184,
morph,deposit,27538764,1790670731000,0xdc49f674fb53671172dc4b6c3c39f8ce5a091d025ceb6c10abf06fde763316e4,0x58216e0993c506d1702354afcd133754da468e2c,0x58216e0993c506d1702354afcd133754da468e2c,0xe7cd86e13ac4309349f30b3435a9d337750fc82d,100000000,2184,
morph,withdraw_final,27540987,1790674789000,0x1dee8aa8b7d0a4bb3a34cf9da45faba6a10845f9108be8a932f0be87e5cbb415,,,,,,507863182585364480
morph,deposit,27541047,1790674600000,0xd6a0a61bb3db8ade8b13853d1c570965859f598a60f5f59d9b7dc1494ac1a0cb,0x3cfd92fd214084d65e4abbf72719c1a9254b0757,0x3cfd92fd214084d65e4abbf72719c1a9254b0757,0xe7cd86e13ac4309349f30b3435a9d337750fc82d,3929000000,2184,
morph,withdraw_submit,27541251,1790674960000,0xf223e8f26b8250a55dc072c277fa6183c45111343808a0377c095e99ed1d5f0f,,0x2da3b21e2065e93999621b7f9cdc450791bfbe5a,0xe7cd86e13ac4309349f30b3435a9d337750fc82d,8240000,,507863182585364480
morph,deposit,27542680,1790677344000,0xde042a40de324e4f02a2cfe9a9866982ce9294954f99f3bc62cb7f6aeaedb882,0xbb48553d0c9470eb429ba35acd350c4c242ee902,0xbb48553d0c9470eb429ba35acd350c4c242ee902,0xe7cd86e13ac4309349f30b3435a9d337750fc82d,2000000,2184,
morph,withdraw_final,27542722,1790677717000,0x66f61f2f1a09812522ea6486249c5205fd2e3ff880099d5d1fe002f3c0934904,,,,,,508089209534283776
morph,withdraw_submit,27542966,1790677840000,0x0c2839860bf05a57cd94616e6adf2095775744cb4fbf2237a729ca8335efa834,,0xbb48553d0c9470eb429ba35acd350c4c242ee902,0xe7cd86e13ac4309349f30b3435a9d337750fc82d,1000000,,508089209534283776
morph,withdraw_final,27543478,1790679039000,0x1e032905a8ca60ae0e9f139802c0ff39fdca379e687353c4ddf2b137cab33b44,,,,,,508191721809510400
morph,deposit,27543490,1790678756000,0xc4991beb8d6fefb33576ffabe525a9fd49bc00e222c2bc26b5c7a980b9b81192,0xe2ff94c0b30099b00375181b30355147d73bb339,0xe2ff94c0b30099b00375181b30355147d73bb339,0xe7cd86e13ac4309349f30b3435a9d337750fc82d,11000000,2184,
morph,withdraw_submit,27543721,1790679160000,0x1804b719458169e114391a0ff41801130e0cd9bbb26831228bd8728eca0f1cdd,,0xe2ff94c0b30099b00375181b30355147d73bb339,0xe7cd86e13ac4309349f30b3435a9d337750fc82d,10000000,,508191721809510400
morph,deposit,27543752,1790679218000,0xa90496b60f1c6c0656ba4b5ae029c495891666415dd1fec60b0a38471afa17ab,0xeb754e75ce5251f75c72e1bd289324c474aba27e,0xeb754e75ce5251f75c72e1bd289324c474aba27e,0xe7cd86e13ac4309349f30b3435a9d337750fc82d,3000000,2184,
morph,withdraw_final,27544432,1790680679000,0x9c20bd555ce17fb180a56fe577a1e1332b3e70533d4afa1fe908a0c42a93b0b6,,,,,,508318672457039872
morph,withdraw_final,27544477,1790680753000,0x3287672163217e277d2a397df337404ff340f7962d067f41439d503d23292205,,,,,,508324264504459264
morph,withdraw_submit,27544701,1790680840000,0xe27a305c443e90d36af023385a66148f0974d38c3a84b95f76682438497cd0b1,,0xc8e74522fbcd0b3a7a223eafc992189b5080054a,0xe7cd86e13ac4309349f30b3435a9d337750fc82d,1000000,,508318672457039872
morph,withdraw_submit,27544734,1790680900000,0x7446371efe51a2a66bd997a85c2b1a383c262ffdb92efe95fcbc9ac51029cb93,,0xc8e74522fbcd0b3a7a223eafc992189b5080054a,0xe7cd86e13ac4309349f30b3435a9d337750fc82d,3000000,,508324264504459264
morph,deposit,27544770,1790680960000,0x7fef099e64735cbc099b6498f59643dfec370ca1b3eba317666fdcd51e5a75e1,0x3dc42b8bdd48df0bafe7bbdc212112118f927c6d,0x3dc42b8bdd48df0bafe7bbdc212112118f927c6d,0xe7cd86e13ac4309349f30b3435a9d337750fc82d,1058700000,2184,
morph,deposit,27545412,1790682022000,0xcc51456bc8a5a260e01c6bde7cfb4c7df50bf7d4e55d36e3e97c72723a77f83a,0x3e428e2e209000d58131156b098e4fda86680a29,0x3e428e2e209000d58131156b098e4fda86680a29,0xe7cd86e13ac4309349f30b3435a9d337750fc82d,500000000,2184,
morph,deposit,27545618,1790682368000,0xe73798a6a953ebc7fe90a3f99f937fbc6e8663f03830acd6af70c81e187a4261,0xeb754e75ce5251f75c72e1bd289324c474aba27e,0xeb754e75ce5251f75c72e1bd289324c474aba27e,0xe7cd86e13ac4309349f30b3435a9d337750fc82d,1000000,2184,
morph,deposit,27546644,1790683994000,0x642aaf49da1cc4653fb85a02ada20b08cab0b30ff5d8a87cb7434de675e4a2ee,0x2da3b21e2065e93999621b7f9cdc450791bfbe5a,0x2da3b21e2065e93999621b7f9cdc450791bfbe5a,0xe7cd86e13ac4309349f30b3435a9d337750fc82d,6500000,2184,
morph,deposit,27547991,1790686138000,0xf64529c1a2263458daa93a6f3007b89c6d61ab0f3430fc9291f7d9ab340ee71b,0xe19438f9cbd27ef61a60123b3c7df5581864b397,0xe19438f9cbd27ef61a60123b3c7df5581864b397,0xe7cd86e13ac4309349f30b3435a9d337750fc82d,11000000,2184,
morph,withdraw_final,27548563,1790687372000,0x8ed97615758763f7a45bb970fbf9a2be979c864c75953d9e058bb5683690d04d,,,,,,508835623306526720
morph,withdraw_submit,27548827,1790687500000,0xf1f651c80234932f6d9eaeb318332f0ea59ae381ba6c3a61b3b73c04cd7a6f47,,0x9171afc780f7bf6794df259423a1eaf0b98fa6a9,0xe7cd86e13ac4309349f30b3435a9d337750fc82d,46980000,,508835623306526720
morph,withdraw_final,27548906,1790687929000,0xa405ebaaa0a553898d1ba8f92bc69adbfa349aea74014450445e2bc3c1162a46,,,,,,508878607343419392
morph,withdraw_submit,27549214,1790688100000,0xd89226d64e6d406a29e2c1ecdde8181b448ec70bf97cdc2339e72a2f71bce2a3,,0x2da3b21e2065e93999621b7f9cdc450791bfbe5a,0xe7cd86e13ac4309349f30b3435a9d337750fc82d,5500000,,508878607343419392
morph,withdraw_final,27549461,1790688802000,0x370ca3dcbeb5806ca9af1fbba8292a158c5e58e3a93cb02cb05df10d6f1b3b94,,,,,,508945926677594112
morph,withdraw_submit,27549741,1790688940000,0xb7d740d55b06dc0aa42c12cbbde4b810584da281a92defb54ecc4054416e08d4,,0xeb754e75ce5251f75c72e1bd289324c474aba27e,0xe7cd86e13ac4309349f30b3435a9d337750fc82d,4670000,,508945926677594112
morph,deposit,27550675,1790690434000,0xd7ff620149568f0ef2cb7840e93d31ee2f3c8f87d56185187b0e7c0de1afaec6,0x3b5e305ac0ee2ff292020fa1416a5adbda7f72b5,0x3b5e305ac0ee2ff292020fa1416a5adbda7f72b5,0xe7cd86e13ac4309349f30b3435a9d337750fc82d,9840000,2184,
morph,deposit,27550953,1790690876000,0x57cea927666238172951ff0ea8d67118272e677808f1fa38d094126b59a41816,0xb4db53b56e241aa757ef87a84fb873c94b633a58,0xb4db53b56e241aa757ef87a84fb873c94b633a58,0xe7cd86e13ac4309349f30b3435a9d337750fc82d,3670000,2184,
morph,deposit,27550991,1790690928000,0x5dd1d1bff2e2b290da65866b81ebaf002df68b9aec0b71d849488eadd1cdac55,0xb4b83e5814f7b70745a7b60620af5a7db752f90a,0xb4b83e5814f7b70745a7b60620af5a7db752f90a,0xe7cd86e13ac4309349f30b3435a9d337750fc82d,4930000,2184,
morph,deposit,27551943,1790692452000,0xdf2dacd9a7f0e90e4e92a21c4f5a33b2ce6b8e4893b450b19fc6ca11fe76da59,0x6505121342dcdce4680fa450b9751c9fcd73572f,0x6505121342dcdce4680fa450b9751c9fcd73572f,0xe7cd86e13ac4309349f30b3435a9d337750fc82d,50790000,2184,
morph,deposit,27552656,1790693564000,0x4a33875cadc8f9e02a465d61f21476870fe6642d781707cc087aee0a2d0ecee7,0x731d692bc8b6af18f288a48409b8e4001b1a3dbd,0x731d692bc8b6af18f288a48409b8e4001b1a3dbd,0xe7cd86e13ac4309349f30b3435a9d337750fc82d,2260000,2184,
morph,withdraw_final,27553159,1790694679000,0xaa3e4e9fc3e640a4c3b7c15cc3111242488113f91c6e6ddfc82d921e0d094222,,,,,,509397954793046016
morph,withdraw_final,27553200,1790694745000,0x6c24535c76dcf6260ab444855eb80274509faf7c73de6324b0c324b37df3dbc3,,,,,,509402954130784257
morph,withdraw_submit,27553453,1790694820000,0x1a69c91e2b0a84deb9e183092cf402017177be4de4a69d1cd83b2c12ef3cf993,,0xb62a033150c075270a69644301bbcf4c74afdce3,0xe7cd86e13ac4309349f30b3435a9d337750fc82d,9000000,,509397954793046016
morph,withdraw_submit,27553489,1790694880000,0x2e0f98b4105adf922702d923e18ab5758c749fc37c15e36f38fd7d09c0caafbd,,0xd11ffad2f808dc483c957c66a2c8b13be5d27882,0xe7cd86e13ac4309349f30b3435a9d337750fc82d,209000000,,509402954130784257
morph,withdraw_final,27553611,1790695364000,0xd6ae3220e8c5c1350eb4e40fc14f2b318bac04ed08818a4ca2b231652063ebb7,,,,,,509450782907564107
morph,withdraw_submit,27553913,1790695480000,0x4f4dbe9a5545862fb55eaa60a8bfc03cd104fbde333d66d5701976d0b7579dda,,0x6505121342dcdce4680fa450b9751c9fcd73572f,0xe7cd86e13ac4309349f30b3435a9d337750fc82d,49790000,,509450782907564107
morph,deposit,27553978,1790695584000,0x8fd565621a5d70d5b8f9d001beb3e9ce60f49525ca9ac68005bbc245ac6ce35c,0x58216e0993c506d1702354afcd133754da468e2c,0x58216e0993c506d1702354afcd133754da468e2c,0xe7cd86e13ac4309349f30b3435a9d337750fc82d,100000000,2184,
morph,deposit,27554192,1790695908000,0xc94d5321e9615687162ecf84e907a3f44f0e0785b420270f94a456314603e405,0xe96374c7285feaf06a61163960d6b59c90a483fb,0xe96374c7285feaf06a61163960d6b59c90a483fb,0xe7cd86e13ac4309349f30b3435a9d337750fc82d,1000000000,2184,
morph,deposit,27554777,1790696878000,0x82a84063fe99f0c0646bc7d931b1aeb3d6ccd4a65d91f9b738bf18a64f6f57c2,0x421a0b576d126e1eb31f16e8621d62dc0b1e1fc6,0x421a0b576d126e1eb31f16e8621d62dc0b1e1fc6,0xe7cd86e13ac4309349f30b3435a9d337750fc82d,6780000,2184,
morph,withdraw_final,27555213,1790697852000,0xbe5301fb11cec62ab296db39171921002817f10ec2881f19cca6a62b763a4494,,,,,,509640646215073792
morph,withdraw_submit,27555477,1790698000000,0xd88637a5b6ea344b627c73af139e73ffcce057cc2372213edec48d6e9a68d8af,,0x8c79fbc9f087d50398914164d7e74628cf2a2de3,0xe7cd86e13ac4309349f30b3435a9d337750fc82d,111310000,,509640646215073792
morph,deposit,27555680,1790698336000,0x239111c0510f8bd3f021177d058f2b17caca44d41e844954f68fb7f1884ae9da,0xe933dce971e8e24776e3d53c37598bb6121f8537,0xe933dce971e8e24776e3d53c37598bb6121f8537,0xe7cd86e13ac4309349f30b3435a9d337750fc82d,12230000,2184,
morph,deposit,27555757,1790698464000,0xc60262230910a0f835da391c527da2ec4c5169c206bff0ae7304907cdab932f1,0x692297c734ac65c124daea6287991b38fb7cd48f,0x692297c734ac65c124daea6287991b38fb7cd48f,0xe7cd86e13ac4309349f30b3435a9d337750fc82d,5710000,2184,
morph,deposit,27556036,1790698944000,0x40025e67c27a3391070b6918939c089c58258176cef508f01e2a31e5f36aff99,0xbb48553d0c9470eb429ba35acd350c4c242ee902,0xbb48553d0c9470eb429ba35acd350c4c242ee902,0xe7cd86e13ac4309349f30b3435a9d337750fc82d,2000000,2184,
morph,withdraw_final,27556076,1790699318000,0xbe74b1e9a95873a70ec0a899d09b2d9112cbe35aa98f3f2209b73b03e7d86209,,,,,,509753852958867456
morph,withdraw_submit,27556319,1790699440000,0x90ff57a0544bfc7300db3f8ebd33516c0361cc54f80661eedd35c2ef3aac6b87,,0xbb48553d0c9470eb429ba35acd350c4c242ee902,0xe7cd86e13ac4309349f30b3435a9d337750fc82d,1000000,,509753852958867456
morph,withdraw_final,27557065,1790701003000,0x37ddb95a702bec8eac9daa1f5d015a71daecd18249b9c8d40ada53050bb9327b,,,,,,509883895978655744
morph,withdraw_submit,27557308,1790701120000,0xbcacdca74f790ec185cca917b8692ee2b75fe42f530c41e0fec889df140f50cc,,0x70b93948f0e57263e834bde222ce65c9e8ca6c92,0xe7cd86e13ac4309349f30b3435a9d337750fc82d,2100000,,509883895978655744
morph,deposit,27557766,1790701946000,0x7a90dc31ed80c1f7ef4aabc4f54ecb2f1024dff5b7dafca596c15911fae3cada,0x64cccad77bf430158d2ee19ed46fbe9a4169a45c,0x64cccad77bf430158d2ee19ed46fbe9a4169a45c,0xe7cd86e13ac4309349f30b3435a9d337750fc82d,21200000,2184,
morph,deposit,27558167,1790702666000,0xe55f1f31454e0e1cb0c994113a2ade028b43fd58d2d1dd7bd650bea474d978d2,0xc9fd6073c96e4182954e2dc010902a913454c25e,0xc9fd6073c96e4182954e2dc010902a913454c25e,0xe7cd86e13ac4309349f30b3435a9d337750fc82d,2700000,2184,
morph,withdraw_final,27558503,1790703577000,0xd89ca6a2d316b101b22ee49f312a0de7a13154a08a4f78190195d444d35d9552,,,,,,510082984896888832
morph,withdraw_final,27558671,1790703875000,0x9fa9aa7dc6aa192c09fa544911b07f13bad33527d74eb77d5bcb7a85b38adcd2,,,,,,510106031691399169
morph,withdraw_submit,27558741,1790703700000,0x3f06925ab55f12aa877499bbefb3385b2384aeb7b1cb792d9a7d99cdf05708cc,,0x03e239a84a93830040f8ec38f7e7700747c396eb,0xe7cd86e13ac4309349f30b3435a9d337750fc82d,8070000,,510082984896888832
morph,withdraw_submit,27558904,1790703999000,0xcae2aafad6e68308c3db4779094a177eb01b96211a5fd281e9a7cd1849e878c1,,0x03e239a84a93830040f8ec38f7e7700747c396eb,0xe7cd86e13ac4309349f30b3435a9d337750fc82d,16830000,,510106031691399169
morph,deposit,27560843,1790707476000,0x25e84e80f927b14de7be0abadf56a766ad8d6636d89f95d1a891891f2e468751,0xeb820a2f7edf7a6e13a31c4b9e3c0f736b2939cc,0xeb820a2f7edf7a6e13a31c4b9e3c0f736b2939cc,0xe7cd86e13ac4309349f30b3435a9d337750fc82d,1510110000,2184,
morph,deposit,27562009,1790709670000,0x9354c56242134f37f3fe43c58b2cac5dd1d8e5bb25d0172e810662c85a44bc5c,0x0958bcc7bf476d959907af7f9b74f76e7fa3c053,0x0958bcc7bf476d959907af7f9b74f76e7fa3c053,0xe7cd86e13ac4309349f30b3435a9d337750fc82d,8970000,2184,
morph,deposit,27563079,1790711614000,0xdea8270037785fe9da0c07b4a38c0e93962e3a8794684c18e9e11c4fa7acf0b5,0xeb754e75ce5251f75c72e1bd289324c474aba27e,0xeb754e75ce5251f75c72e1bd289324c474aba27e,0xe7cd86e13ac4309349f30b3435a9d337750fc82d,4120000,2184,
morph,withdraw_final,27563806,1790713225000,0x9d823e994e88a3a5ad7b8c9dabdbb233573c7d465c4e1f5864335457243196a3,,,,,,510826959148679178
morph,withdraw_submit,27564051,1790713360000,0xc510af9577a928317356bbb3d10d3f90d778f5591ed16834568af679f4cd299b,,0x3cfd92fd214084d65e4abbf72719c1a9254b0757,0xe7cd86e13ac4309349f30b3435a9d337750fc82d,1557750000,,510826959148679178
morph,withdraw_final,27564642,1790714698000,0x3d36cb7b29643350f48a6e2ebf5aefb64dea74591267549e124579affda19d16,,,,,,510941059249864717
morph,withdraw_submit,27564898,1790714860000,0xf1f4f7594a92a2d3d009690cb861fe3e3897fa9c270e594b15d7b344324af5d2,,0xe19438f9cbd27ef61a60123b3c7df5581864b397,0xe7cd86e13ac4309349f30b3435a9d337750fc82d,9430000,,510941059249864717
morph,deposit,27565901,1790716686000,0x4cec4bedc1342c7502caae749a2aa4e95163fafbe11be3cc032f0bc2e7e43670,0x3cfd92fd214084d65e4abbf72719c1a9254b0757,0x3cfd92fd214084d65e4abbf72719c1a9254b0757,0xe7cd86e13ac4309349f30b3435a9d337750fc82d,818790000,2184,
morph,deposit,27566135,1790717106000,0x402d459948612aa126a2642126e1045d9f2ddbce59653a2714ee3f2e6bc083f0,0xc9fd6073c96e4182954e2dc010902a913454c25e,0xc9fd6073c96e4182954e2dc010902a913454c25e,0xe7cd86e13ac4309349f30b3435a9d337750fc82d,1950000,2184,
morph,withdraw_final,27566137,1790717409000,0x90b67b7e99dfe47e843d5270170711106db57593bf4edae878677c466b0fe3bb,,,,,,511150516189790210
morph,withdraw_submit,27566384,1790717560000,0x8c10548a4f3df50616b9e64e1794dcada7b9b662ed209c05e346f1ec80f22c4b,,0xf6e38d4fe6c425d6e5dedbae97b755958ec62cf1,0xe7cd86e13ac4309349f30b3435a9d337750fc82d,9000000,,511150516189790210
morph,deposit,27567346,1790719382000,0xa6f4c914ea2f4ecf1713f0fc45631a9783cbba78b67f6717d62a891d1fcc85e5,0xc54c106ed1e95a31db21d3e384263df31b620af3,0xc54c106ed1e95a31db21d3e384263df31b620af3,0xe7cd86e13ac4309349f30b3435a9d337750fc82d,9170000,2184,
morph,deposit,27567964,1790720544000,0x9b7ee9b4c8787923ff1e3d092c16f26db42c1b58159039e2f892b749945ffa48,0xbb48553d0c9470eb429ba35acd350c4c242ee902,0xbb48553d0c9470eb429ba35acd350c4c242ee902,0xe7cd86e13ac4309349f30b3435a9d337750fc82d,2000000,2184,
morph,withdraw_final,27568007,1790720927000,0xf395a8da8f007ac06d53ea67359b9ca0c1570200303f88d2fb3149f55c69ae24,,,,,,511420532197949440
morph,withdraw_submit,27568258,1790721100000,0x87586314dc5a2e630bb5266965fc34d09a9d7923f69d1f6692cbd96006bb2052,,0xbb48553d0c9470eb429ba35acd350c4c242ee902,0xe7cd86e13ac4309349f30b3435a9d337750fc82d,1000000,,511420532197949440
morph,deposit,27568374,1790721316000,0x3984aeb56f69c5287b392ae1d8ede7595f9b100c31e4b882803afd5fad06aa73,0x77bea78a2f166f0eade9ca16859ff04ea4737a5b,0x77bea78a2f166f0eade9ca16859ff04ea4737a5b,0xe7cd86e13ac4309349f30b3435a9d337750fc82d,49120000,2184,
morph,deposit,27568464,1790721488000,0xd9ec80d18cd38b3fc516fe37bff541e9b058b390e08c0c89e1b79fa0de2fd378,0x77bea78a2f166f0eade9ca16859ff04ea4737a5b,0x77bea78a2f166f0eade9ca16859ff04ea4737a5b,0xe7cd86e13ac4309349f30b3435a9d337750fc82d,105090000,2184,
morph,deposit,27568506,1790721570000,0x08f3e60d29b91cf8ad8f69315668eadb6fdfb1d23a26423baa2e1f235258388d,0x3319a9d990b332c238c03bba01bdb12fec75c265,0x3319a9d990b332c238c03bba01bdb12fec75c265,0xe7cd86e13ac4309349f30b3435a9d337750fc82d,132230000,2184,
morph,withdraw_final,27568683,1790722205000,0x515f759ff9366b17879beb9dd4787b017cfeb9977790fbc864cd1f86141e415b,,,,,,511519410939232256
morph,withdraw_submit,27568928,1790722360000,0xd7d95626560911e103b0707773839de3d6c070c4d721672ba97b030fdc3b97f5,,0xc54c106ed1e95a31db21d3e384263df31b620af3,0xe7cd86e13ac4309349f30b3435a9d337750fc82d,7110000,,511519410939232256
morph,deposit,27569062,1790722604000,0x71b5d9e59c3bfa8746a80e8f4144363ff93fe5eb4cf50960ead1749a04a0f232,0xc1b065bca9bf454b84a9633430a662128d650c11,0xc1b065bca9bf454b84a9633430a662128d650c11,0xe7cd86e13ac4309349f30b3435a9d337750fc82d,1000000,2184,
morph,deposit,27569860,1790724060000,0x32b82496cae1dfe5e766086e2d09d27391f10aa17683ddca0a5d9c7208d22c27,0x4ed27c50b61ef9349371f8c8ed5effd004060532,0x4ed27c50b61ef9349371f8c8ed5effd004060532,0xe7cd86e13ac4309349f30b3435a9d337750fc82d,35330000,2184,
morph,deposit,27570456,1790725178000,0x5b4dc82a308624ee18076873e86b1bbe44467d932cef7c4c4b20f6df7627e327,0x104385b467ecb8395fb0c2fd2d651b9dd25d8f00,0x104385b467ecb8395fb0c2fd2d651b9dd25d8f00,0xe7cd86e13ac4309349f30b3435a9d337750fc82d,260550000,2184,
morph,deposit,27573511,1790730852000,0x42a86e82aaf02a6e75f8d5d24317159b40469935c1b7a73ca5c3c620e550cc2f,0x096b7c5764b07aa2d77d418a14086540c6ec01a9,0x096b7c5764b07aa2d77d418a14086540c6ec01a9,0xe7cd86e13ac4309349f30b3435a9d337750fc82d,100000000,2184,
morph,withdraw_final,27575500,1790734810000,0x481754bcea83c18b80201ea8080c6960b12dba99cf9e811f012ac36c657b52a7,,,,,,512492736444629044
morph,withdraw_submit,27575744,1790734961000,0x71126e3bb1bcf26c57e83efa8a23e7cb733d9adf495822652818f147610b8cd2,,0x9131acbfbf458a262d2cf0c1c9860629d2b08fc7,0xe7cd86e13ac4309349f30b3435a9d337750fc82d,13970000,,512492736444629044
morph,withdraw_final,27577851,1790739100000,0xcf243fafbdd2708ed7b465346b0f83139778e2de7a370549f212e4b5b423a420,,,,,,512821335773151232
morph,withdraw_submit,27578091,1790739220000,0x78a12fa319d2d6ee8fd00f79d06bf27cac8dabe2c000b349e64b5137cbab615b,,0x104385b467ecb8395fb0c2fd2d651b9dd25d8f00,0xe7cd86e13ac4309349f30b3435a9d337750fc82d,302670000,,512821335773151232
morph,deposit,27578163,1790739356000,0x8ceba921343e1990676f21b6d81bf8a790b51a3e7a95e8053ff7d28c04191aa8,0x03e239a84a93830040f8ec38f7e7700747c396eb,0x03e239a84a93830040f8ec38f7e7700747c396eb,0xe7cd86e13ac4309349f30b3435a9d337750fc82d,8000000,2184,
morph,deposit,27578361,1790739728000,0x57c4f9b6aa3848a5f7634228a2a8539c49f552370e386308e5bf355fc743793b,0x03e239a84a93830040f8ec38f7e7700747c396eb,0x03e239a84a93830040f8ec38f7e7700747c396eb,0xe7cd86e13ac4309349f30b3435a9d337750fc82d,8430000,2184,
morph,withdraw_final,27578414,1790740131000,0x112ca0d752207f706e43a4c1338c850952ab687a9f13f834b4ca066db98a8977,,,,,,512901033203073024
morph,deposit,27578447,1790739894000,0xcd778e69310bea5d1a5b05ffc6e4a6a79e89929302a74f075b3fa1754c640019,0x03e239a84a93830040f8ec38f7e7700747c396eb,0x03e239a84a93830040f8ec38f7e7700747c396eb,0xe7cd86e13ac4309349f30b3435a9d337750fc82d,8350000,2184,
morph,deposit,27578528,1790740042000,0x00be6b1bfa3500049f7f12c1e3c73af8837ce09257df13637cd45524ac99cecc,0x03e239a84a93830040f8ec38f7e7700747c396eb,0x03e239a84a93830040f8ec38f7e7700747c396eb,0xe7cd86e13ac4309349f30b3435a9d337750fc82d,6150000,2184,
morph,withdraw_submit,27578669,1790740300000,0x61c947b44a58cd34bc07b7de0d0dc7b4df475bc37ac5dc01cff806df9ba2eb55,,0x64cccad77bf430158d2ee19ed46fbe9a4169a45c,0xe7cd86e13ac4309349f30b3435a9d337750fc82d,22010000,,512901033203073024
morph,deposit,27578893,1790740710000,0xd09bf2d5f1f2980f161450c614d669bf981abecbc31a03d303142f04d4cbb23c,0xd4d0bdd6dec7b3f322244e8849697ecaec15d3cf,0xd4d0bdd6dec7b3f322244e8849697ecaec15d3cf,0xe7cd86e13ac4309349f30b3435a9d337750fc82d,7510000,2184,
morph,deposit,27579664,1790742144000,0x28d977ad2adb53bee65809df14af386327f1bf5a2ea533f8e5acbc376fccd27a,0xbb48553d0c9470eb429ba35acd350c4c242ee902,0xbb48553d0c9470eb429ba35acd350c4c242ee902,0xe7cd86e13ac4309349f30b3435a9d337750fc82d,2000000,2184,
morph,withdraw_final,27579703,1790742511000,0x057bfef55e4e0a0377c09d21186c28c92a9e6a13ba95be47f5653a36604af685,,,,,,513085003823841280
morph,withdraw_final,27579786,1790742665000,0xded2c01d4a348b3a0d0e96af8d57e18587b02b8313163cf7eff8272ff987bcfb,,,,,,513096780632555520
morph,withdraw_final,27579870,1790742826000,0x688a2d581f546ac19da74cb1114273387bed8e20c04bca9dcb8a62b7b9c25c14,,,,,,513109124355981312
morph,withdraw_submit,27579936,1790742642000,0xb61b835eb3e96c4f4a0a052c1f32676c1fd83e3e9eda30e573f670b6dd5e9782,,0xbb48553d0c9470eb429ba35acd350c4c242ee902,0xe7cd86e13ac4309349f30b3435a9d337750fc82d,1000000,,513085003823841280
morph,withdraw_submit,27580029,1790742820000,0xdcb320bf014d628f52f7c67487a61d39c3bcc15e61b05dfd2aa82d21e6626a65,,0x58216e0993c506d1702354afcd133754da468e2c,0xe7cd86e13ac4309349f30b3435a9d337750fc82d,214040000,,513096780632555520
morph,withdraw_submit,27580094,1790742940000,0x6046d2f17167746cb74e128c51b8e157f6e060ccb309a38e95d5628858b66a87,,0xa1e2c1e745e841dc2505e151f042046cf315a831,0xe7cd86e13ac4309349f30b3435a9d337750fc82d,4000000,,513109124355981312
morph,withdraw_final,27580494,1790743985000,0x3c9bab50d1636c759d4c839eb60b85ec24bffd5dcac1d54f6a43626a1a645368,,,,,,513198786114224129
morph,withdraw_submit,27580736,1790744140000,0xd162a2951a2f80493248d04748ad5a21f83fc151e2dd6ef6c59a948123dddc4f,,0xeb754e75ce5251f75c72e1bd289324c474aba27e,0xe7cd86e13ac4309349f30b3435a9d337750fc82d,3310000,,513198786114224129
morph,deposit,27580761,1790744184000,0x950785fd800803bf786635758552d54a23904755dfcd06418fcd425183fc1f04,0x1ee58aa17629b000d5f32c4d3d509c1e7aa7e3f8,0x1ee58aa17629b000d5f32c4d3d509c1e7aa7e3f8,0xe7cd86e13ac4309349f30b3435a9d337750fc82d,1400000,2184,
morph,deposit,27580873,1790744396000,0x24333ff537a7c3f78b915e8fc5f055e7a9a43d438ab37967afaf639473e653eb,0x494448833c30eb84bc1d5af5b6bef39f8969f24e,0x494448833c30eb84bc1d5af5b6bef39f8969f24e,0xe7cd86e13ac4309349f30b3435a9d337750fc82d,4000000,2184,
morph,withdraw_final,27580952,1790744837000,0x27cd24adebf828681fc1b5b234582597ffaa7d74f773df3c25daecaf1acbabb0,,,,,,513264688092413952
morph,deposit,27580961,1790744552000,0x3d00b2477aa071491d30e534d63d00c0c30a44b794547d0963e2cde3abaf491c,0x494448833c30eb84bc1d5af5b6bef39f8969f24e,0x494448833c30eb84bc1d5af5b6bef39f8969f24e,0xe7cd86e13ac4309349f30b3435a9d337750fc82d,3000000,2184,
morph,withdraw_submit,27581189,1790744980000,0xf66c1decb92e45fe7c53262e2d4748ba25806277f913b76feab46d19aa40e4da,,0xc9fd6073c96e4182954e2dc010902a913454c25e,0xe7cd86e13ac4309349f30b3435a9d337750fc82d,4180000,,513264688092413952
morph,withdraw_final,27583562,1790749555000,0x4c9868f8a03c5af7b657b5c56de88b8c7bc2ea3ceb3907c964016b3d41735f66,,,,,,513627080257175583
morph,withdraw_submit,27583816,1790749720000,0x1fdf5b5f70efc9198760ae368d22c6f8ecd1976b64583cc2329199159ce3796e,,0x3cfd92fd214084d65e4abbf72719c1a9254b0757,0xe7cd86e13ac4309349f30b3435a9d337750fc82d,277460000,,513627080257175583
morph,deposit,27584141,1790750320000,0x827fd87aed455a0dae9de17b590b92c911a939df63dbb5a86af62c9fa17c6f28,0xeb820a2f7edf7a6e13a31c4b9e3c0f736b2939cc,0xeb820a2f7edf7a6e13a31c4b9e3c0f736b2939cc,0xe7cd86e13ac4309349f30b3435a9d337750fc82d,1491420000,2184,
morph,deposit,27584559,1790751070000,0x4a77394bf4c5407c249f1ed027fcade24e596258830ab9b4280c979f4bba3298,0xf3bd1940b2eeb003249133d73d44d2281bd141d0,0xf3bd1940b2eeb003249133d73d44d2281bd141d0,0xe7cd86e13ac4309349f30b3435a9d337750fc82d,5630000,2184,
morph,deposit,27584744,1790751378000,0xff6e8ef1d01cc21d6eee7bf2f8ba7926bf609562fd481c3cab8f79d6371f75e7,0xbc8944ff4e3de9dfdca0ef8d8616601f7e4b4ce4,0xbc8944ff4e3de9dfdca0ef8d8616601f7e4b4ce4,0xe7cd86e13ac4309349f30b3435a9d337750fc82d,10000000,2184,
morph,withdraw_final,27585774,1790753538000,0xac5638c582dc9dae8a485460b02c63724a533efe760c025880a0a340c327c7f2,,,,,,513933801039069184
morph,withdraw_submit,27586022,1790753680000,0x3a23bebfc8bf309fb237cd65bd489318fddf39b3254dd4635d82ed3a2254e910,,0xbc8944ff4e3de9dfdca0ef8d8616601f7e4b4ce4,0xe7cd86e13ac4309349f30b3435a9d337750fc82d,8590000,,513933801039069184
morph,withdraw_final,27586730,1790755232000,0xefe7099ebdd7cc4d4020bc75bad51afbb1ca5772feab50ecdbe6121dd9071650,,,,,,514064471115694080
morph,withdraw_submit,27586975,1790755360000,0x45ee378cce76bb460953416926095746f4de6b22d499546b1a2f9041b12222f4,,0x3e553b3ed3149f32e4f7869898a85b3944d9c3ea,0xe7cd86e13ac4309349f30b3435a9d337750fc82d,28800000,,514064471115694080
morph,withdraw_final,27587048,1790755786000,0x26e841fa1e2302da8258212f55867de686305ae176f875f5708b49b8967d525a,,,,,,514107455165169664
morph,withdraw_submit,27587320,1790755960000,0x1eecab53179ed149d16845161ec5574e319b9c0c65975d9612e7fef235f5b751,,0x494448833c30eb84bc1d5af5b6bef39f8969f24e,0xe7cd86e13ac4309349f30b3435a9d337750fc82d,6000000,,514107455165169664
morph,deposit,27588169,1790757482000,0x9fef8796c94403bcb186b66064bbdd2d46762b53750e9f8e99301f24ca755314,0x098001f952112432e60315bd8b9af6fdc5aab810,0x098001f952112432e60315bd8b9af6fdc5aab810,0xe7cd86e13ac4309349f30b3435a9d337750fc82d,2310000,2184,
morph,deposit,27588321,1790757746000,0xbf0a3024f9e47403a935d5bd6cda8df5b876c2a6dbd63b478f86e9b1d07283ef,0x4bafd36e5ceab56c2acc28851e13cf46816003f2,0x4bafd36e5ceab56c2acc28851e13cf46816003f2,0xe7cd86e13ac4309349f30b3435a9d337750fc82d,68330000,2184,
morph,deposit,27588877,1790758711000,0x5f1c77dea98a9177d0e732a33694165f22bed6693e47119e57a7b8f54799bd4d,0x206ad04babaf8615030f05e5c364d844a8ac7519,0x206ad04babaf8615030f05e5c364d844a8ac7519,0xe7cd86e13ac4309349f30b3435a9d337750fc82d,25000000,2184,
morph,deposit,27589908,1790760518000,0x8a7245423ea6b2455b0f47fb7603cb64fc7f402878b2b43f0e1a79e1650c7795,0x00ad278490a899d9e530a1bae2a3956b1abe4568,0x00ad278490a899d9e530a1bae2a3956b1abe4568,0xe7cd86e13ac4309349f30b3435a9d337750fc82d,19780000,2184,
morph,deposit,27590670,1790761784000,0x7dcd4892c38ddabe240fcdee4fcbab250f792656aa37401394ef7ed3a3b36ab1,0x5775b9f36f94cdf438ed95efc3e4de086aa7c991,0x5775b9f36f94cdf438ed95efc3e4de086aa7c991,0xe7cd86e13ac4309349f30b3435a9d337750fc82d,10880000,2184,
morph,deposit,27591287,1790762872000,0x8e8e4e94dc83bf85af50f353ed89c8881003185399d15aa58d1eb4f78853c1a2,0x3d8853c949eb93a516457f5152595e998c38a570,0x3d8853c949eb93a516457f5152595e998c38a570,0xe7cd86e13ac4309349f30b3435a9d337750fc82d,9620000,2184,
morph,deposit,27591476,1790763224000,0x62bb412b750f9f6379cf7672d262069de1a88e2316fe8d6edd15c47d8d5ca162,0x22b31538af1f92278cbebb49d56f69a3384fecfa,0x22b31538af1f92278cbebb49d56f69a3384fecfa,0xe7cd86e13ac4309349f30b3435a9d337750fc82d,2260000,2184,
morph,deposit,27591771,1790763744000,0x8975ac06ce41f80ac5a5f35d25e16fdb30661e89694c496842d2f47cf8d77bb8,0xbb48553d0c9470eb429ba35acd350c4c242ee902,0xbb48553d0c9470eb429ba35acd350c4c242ee902,0xe7cd86e13ac4309349f30b3435a9d337750fc82d,2000000,2184,
morph,withdraw_final,27591811,1790764121000,0xf114e01ff5b886c606233ea9f88bca25df42a233df0f0a47689b0231d1fbb763,,,,,,514751897811288065
morph,withdraw_submit,27592036,1790764241000,0x77529b44b1e65c75f5980ebe1c31f97003614df8095f2456b5d9e37ff870d039,,0xbb48553d0c9470eb429ba35acd350c4c242ee902,0xe7cd86e13ac4309349f30b3435a9d337750fc82d,1000000,,514751897811288065
morph,deposit,27592329,1790764754000,0x00d468dba4fa63f6e6f9ad24085b01ed0aad3a54b8bb68575761e1f71b51b07e,0x1109d90deaebab87cb191436fe72cda5f0d50bd7,0x1109d90deaebab87cb191436fe72cda5f0d50bd7,0xe7cd86e13ac4309349f30b3435a9d337750fc82d,7000000000,2184,
morph,deposit,27592578,1790765204000,0x4d1e445f935a2fc9037c727e2ff726efd427d246664df390cf71155f93e23525,0xafac68b304350a8f6a0a19e5ae29e05da5fe66d8,0xafac68b304350a8f6a0a19e5ae29e05da5fe66d8,0xe7cd86e13ac4309349f30b3435a9d337750fc82d,9870000,2184,
morph,withdraw_final,27593034,1790766340000,0x3bf2759c4c366a50ac105c43c39962e6af73d24d3829ada24b0bec8d5b75f9de,,,,,,514922923400626176
morph,withdraw_submit,27593276,1790766460000,0x62384495109024f2b505881ad203f75a65cd9e50414d23330fc90338e6355b76,,0xf3bd1940b2eeb003249133d73d44d2281bd141d0,0xe7cd86e13ac4309349f30b3435a9d337750fc82d,4050000,,514922923400626176
morph,deposit,27594652,1790768830000,0x1151ecaf69def439161eadf35ff91ea9a951bf38bc1c6a0504e0f2dcf9f170c4,0x3ad2fcf7b6e280b4afcf3fa51f294c628abab510,0x3ad2fcf7b6e280b4afcf3fa51f294c628abab510,0xe7cd86e13ac4309349f30b3435a9d337750fc82d,63290000,2184,
morph,withdraw_final,27596394,1790771974000,0x7d9f213167745a3a1c9a6a8d938aa5f2182dad06f46a16c2500b55122496e6ab,,,,,,515357977817907200
morph,deposit,27596431,1790771718000,0x08a3f45592954fafed37deeb85af2626bccc98f9dd7f16f0e9c64768aba18e87,0xbda55a27b45683d1a34788fcdc8292c32ca0c4f8,0xbda55a27b45683d1a34788fcdc8292c32ca0c4f8,0xe7cd86e13ac4309349f30b3435a9d337750fc82d,966550000,2184,
morph,deposit,27596595,1790771960000,0x8f769236eba7e6d23132dd7b0e076657b247d1defb3ac46808cca193a3e61e13,0xbda55a27b45683d1a34788fcdc8292c32ca0c4f8,0xbda55a27b45683d1a34788fcdc8292c32ca0c4f8,0xe7cd86e13ac4309349f30b3435a9d337750fc82d,1400000,2184,
morph,withdraw_submit,27596693,1790772100000,0x9d59f5dc996c6c31bb20005a148f31edf76d1c03820617a17ef2a0f731609684,,0x3ad2fcf7b6e280b4afcf3fa51f294c628abab510,0xe7cd86e13ac4309349f30b3435a9d337750fc82d,62290000,,515357977817907200
morph,deposit,27596696,1790772104000,0xda4ccad566ae0f5fc1744bc0e7e09bec4feee8db3175398974fddb0937022967,0x2df06dc146fd9d128839e409b841c95bc5d5a4da,0x2df06dc146fd9d128839e409b841c95bc5d5a4da,0xe7cd86e13ac4309349f30b3435a9d337750fc82d,105980000,2184,
morph,deposit,27597002,1790772574000,0xb79a0d4dd13dd08cec029b10868f02faf31708dab539f20a431b89d96c683296,0x63ae6be9bd9017e7fa334cb399c3ac874ba786b3,0x63ae6be9bd9017e7fa334cb399c3ac874ba786b3,0xe7cd86e13ac4309349f30b3435a9d337750fc82d,1000000000,2184,
morph,withdraw_final,27597247,1790773278000,0xbfb4825666ab2ebaa2c6297cb4ec59f8b0b618fb36810017c3b3699ad31355ad,,,,,,515457732740907008
morph,withdraw_submit,27597529,1790773420000,0x2ed399eef73313c3b6da6dd1454f28ec2667cf813177cc18d25cb261d7bf3ce1,,0xe96374c7285feaf06a61163960d6b59c90a483fb,0xe7cd86e13ac4309349f30b3435a9d337750fc82d,1268460000,,515457732740907008
morph,withdraw_final,27597683,1790773971000,0xe27a9bf3a407fde0cd89677170dbb6718953e8b11df3456c32488d294c59cd59,,,,,,515510990322794496
morph,deposit,27597689,1790773682000,0x57fd35293e8d158f1e2ea8f3a3b961c6e92b778803080a383e581b7d9c1e89e4,0xcd5a7480d79dc88c3b05fbce813f56e67ea11e3c,0xcd5a7480d79dc88c3b05fbce813f56e67ea11e3c,0xe7cd86e13ac4309349f30b3435a9d337750fc82d,77860000,2184,
morph,withdraw_submit,27597976,1790774139000,0x6cc55fb3acbb7a836470ff7907cb75542e2417ed8b55254864c9612d6eb446c2,,0xbda55a27b45683d1a34788fcdc8292c32ca0c4f8,0xe7cd86e13ac4309349f30b3435a9d337750fc82d,1000000,,515510990322794496
morph,withdraw_final,27598026,1790774518000,0x192692b6f8d059316b16fddfe7507a79e37e02153e2fc2fcf44a244bfa3cac89,,,,,,515553269980856320
morph,withdraw_submit,27598318,1790774680000,0xe50f2e2745aabb7e0869f8404dd84249b76d753037eeb1bac4c15fb99f751398,,0xbda55a27b45683d1a34788fcdc8292c32ca0c4f8,0xe7cd86e13ac4309349f30b3435a9d337750fc82d,952710000,,515553269980856320
morph,deposit,27598369,1790774762000,0x5cc496538a42bc7affc2a1b1d79fbadb62a8f5d11f992b28ad057842d6fe7b17,0x2674d088112deee9b47e937813280a13d1ec4bf5,0x2674d088112deee9b47e937813280a13d1ec4bf5,0xe7cd86e13ac4309349f30b3435a9d337750fc82d,1890000,2184,
morph,withdraw_final,27598521,1790775308000,0x3004d4326583c472ba8a1ca9c9f65a0f5e0ae1c23421ea0383b653ed124d5b38,,,,,,515614516231274515
morph,withdraw_submit,27598900,1790775460000,0x4baf74ecb0ede773c4c7a5ee1452b1bb4811ccbed8a5f0c403c85dda70198238,,0xcd5a7480d79dc88c3b05fbce813f56e67ea11e3c,0xe7cd86e13ac4309349f30b3435a9d337750fc82d,76860000,,515614516231274515
morph,deposit,27599113,1790775694000,0x66a90d648034877455bb2520f8f73f09aef30981213cb8b608c49df560324c00,0xae89dfe1165f12efb0d0a8599e5dcbf5f78eee82,0xae89dfe1165f12efb0d0a8599e5dcbf5f78eee82,0xe7cd86e13ac4309349f30b3435a9d337750fc82d,1210000,2184,
morph,deposit,27599133,1790775724000,0x65a80d884971fea6b23e5df4c20905a1de1ce6ddbdf5afc002d5e8dcdc7c5ab4,0xcd5a7480d79dc88c3b05fbce813f56e67ea11e3c,0xcd5a7480d79dc88c3b05fbce813f56e67ea11e3c,0xe7cd86e13ac4309349f30b3435a9d337750fc82d,76830000,2184,
morph,withdraw_final,27599141,1790776031000,0xb77651e3f5f1ecb0a0f681b0862d09493215222bcce7441dfcf1c824ef5acf99,,,,,,515669294244167680
morph,deposit,27599329,1790775992000,0x5d704244d65ecbf3eea2e7c093e6b5ce375c276198b4bb377296aca781303675,0x59d7ff2c0e82320ef951cc2880a0189b9c1991e4,0x59d7ff2c0e82320ef951cc2880a0189b9c1991e4,0xe7cd86e13ac4309349f30b3435a9d337750fc82d,11000000,2184,
morph,withdraw_submit,27599464,1790776180000,0x248281cf6bb36fea670f858154f3f85a804a14051ba30fa7dabd1fd819ee7425,,0xeb820a2f7edf7a6e13a31c4b9e3c0f736b2939cc,0xe7cd86e13ac4309349f30b3435a9d337750fc82d,57910000,,515669294244167680
morph,deposit,27599465,1790776182000,0x3e1ee0f100b98bdced4fc89522fd553398cc74e97fe1b8933bacafd958bb60b5,0x7a4b2c87a9bd186bdd951799074731cc08d0ccb3,0x7a4b2c87a9bd186bdd951799074731cc08d0ccb3,0xe7cd86e13ac4309349f30b3435a9d337750fc82d,180000000,2184,
morph,withdraw_final,27599653,1790776762000,0x2b7efc5e4f15d29c382dd9c7cb319c8783219d7cfced70b46bb13b7763f7a1bc,,,,,,515725343563186177
morph,withdraw_submit,27599942,1790776899000,0x0685fc46ca6850166f7c5ab2c0d2f88c7c9f7145aa53fed148650dde8f7ab8a5,,0x63ae6be9bd9017e7fa334cb399c3ac874ba786b3,0xe7cd86e13ac4309349f30b3435a9d337750fc82d,1091160000,,515725343563186177
morph,deposit,27599978,1790776948000,0x960e4eabe38563462b3ee2bcca7a5c60bd230fa5ea023c042cd90b484dbdf65f,0x104385b467ecb8395fb0c2fd2d651b9dd25d8f00,0x104385b467ecb8395fb0c2fd2d651b9dd25d8f00,0xe7cd86e13ac4309349f30b3435a9d337750fc82d,95310000,2184,
morph,withdraw_final,27600468,1790777955000,0xa6d5e92c63357a53378c925e47497a63b68cc135bd43c22e210ccf9bda47ec39,,,,,,515816714714218590
morph,withdraw_submit,27600778,1790778100000,0x2726a2ab9ec9ac80b34457cb77f9003cfcb8924ea440f88962d2422e4bd8a4b9,,0x1109d90deaebab87cb191436fe72cda5f0d50bd7,0xe7cd86e13ac4309349f30b3435a9d337750fc82d,6999000000,,515816714714218590
morph,deposit,27600881,1790778208000,0xe6d2303ed231908b58adabee60c89359eae00171b08cb27e07ac3fa694edbb3d,0xeb820a2f7edf7a6e13a31c4b9e3c0f736b2939cc,0xeb820a2f7edf7a6e13a31c4b9e3c0f736b2939cc,0xe7cd86e13ac4309349f30b3435a9d337750fc82d,1709080000,2184,
morph,withdraw_final,27600904,1790778532000,0xeea9fb24aa1f9f25d1f61a0c5b48e9f49f82ad621c15ccd9167a2f7e584aabe5,,,,,,515860806835896322
morph,deposit,27601119,1790778574000,0x0a1d69b189d1e053ee636bd7a742c44d4f83614f7c9cbdec8423b08740768e3f,0x0136cac90ad454af79b1b6e9aaf6ce52d384ae7b,0x0136cac90ad454af79b1b6e9aaf6ce52d384ae7b,0xe7cd86e13ac4309349f30b3435a9d337750fc82d,200000000,2184,
morph,withdraw_submit,27601198,1790778700000,0xd78142e9fe210de723434517b41748522e34d92453e155a7ef589874cad19b7f,,0xcd5a7480d79dc88c3b05fbce813f56e67ea11e3c,0xe7cd86e13ac4309349f30b3435a9d337750fc82d,36330000,,515860806835896322
morph,deposit,27601610,1790779286000,0x491afc6aaa2208c8e3c121534bea152435127c66d7ed77f14175462fdda2a58d,0x80ffd626b3d779a41d9ce0f6303712f771da18f3,0x80ffd626b3d779a41d9ce0f6303712f771da18f3,0xe7cd86e13ac4309349f30b3435a9d337750fc82d,29950000,2184,
morph,deposit,27601664,1790779362000,0x9edbbc54128e8ed9f307294c72e20a4f5d66db2a71bc08c418547ac9be23195f,0x17beeef0a03512f3c1048e7bffd8b9cfdf102d31,0x17beeef0a03512f3c1048e7bffd8b9cfdf102d31,0xe7cd86e13ac4309349f30b3435a9d337750fc82d,1000000,2184,
morph,deposit,27602059,1790779990000,0x663d92786017a605bbdfcf4a88f19e24f60251f69dd471f4a3e17b537fdfd918,0x4aa1cc8072aa1a1d0ac3ff04c68486714b2c6385,0x4aa1cc8072aa1a1d0ac3ff04c68486714b2c6385,0xe7cd86e13ac4309349f30b3435a9d337750fc82d,1950000,2184,
morph,withdraw_final,27602784,1790781478000,0x8c992a1ecaa4ddc6dbe47a593ae1708d45a06ffdb9e9cba803c5d8921172935a,,,,,,516087581092347904
morph,withdraw_final,27602828,1790781551000,0x83ece001bce6e746ecb71f10875288cc79c768054cee4f0b002c1d1863dee126,,,,,,516093224679374848
morph,withdraw_submit,27603062,1790781640000,0x59bdf3f2395500378b6bf3fe72933a596f782baaf030d2b0b1a7306526b3e1dd,,0x104385b467ecb8395fb0c2fd2d651b9dd25d8f00,0xe7cd86e13ac4309349f30b3435a9d337750fc82d,24060000,,516087581092347904
morph,withdraw_submit,27603098,1790781699000,0x81f582e04edf22163c9355c81539232114bb38035d011ce69692152ec78d31a1,,0x104385b467ecb8395fb0c2fd2d651b9dd25d8f00,0xe7cd86e13ac4309349f30b3435a9d337750fc82d,2840000,,516093224679374848
morph,withdraw_final,27603336,1790782399000,0xd2fadc14c65fdb68f0f8dcc92a430c6aa177dc41816eb41fe6efd0967d1d48a3,,,,,,516158439462797312
morph,withdraw_final,27603453,1790782588000,0x183b2e128873dfe2bc939936c84239e596ff20169716b95b683397078dd49578,,,,,,516173093899599876
morph,deposit,27603492,1790782338000,0x0837256730b9a63b1251c3560a5cba08b1f8a95b45355f3dec26aa5ab2074cc1,0xa405d4e4022ba4a48584720f3a1da344dd55cf6e,0xa405d4e4022ba4a48584720f3a1da344dd55cf6e,0xe7cd86e13ac4309349f30b3435a9d337750fc82d,62980000,2184,
morph,withdraw_submit,27603603,1790782540000,0xe9737cdae60c1d76670f57436b3ace3857219caddcd6acc548fb0192c941c39d,,0x104385b467ecb8395fb0c2fd2d651b9dd25d8f00,0xe7cd86e13ac4309349f30b3435a9d337750fc82d,71660000,,516158439462797312
morph,deposit,27603652,1790782624000,0x6558f5e0342e13b60b05341e8546ea018607af21933db5acc27e274e34d3af3f,0x4aa1cc8072aa1a1d0ac3ff04c68486714b2c6385,0x4aa1cc8072aa1a1d0ac3ff04c68486714b2c6385,0xe7cd86e13ac4309349f30b3435a9d337750fc82d,62870000,2184,
morph,withdraw_submit,27603716,1790782721000,0x4a32227c08482731855a291e0a301be46dd6f22f1612d87f3bb41dbef3841c1c,,0xdc25f0288fce5753d8cec8648416c831104cf51a,0xe7cd86e13ac4309349f30b3435a9d337750fc82d,15980000,,516173093899599876
morph,deposit,27605048,1790785088000,0xcb0c4fc349676eccf4e8d99bb2d468a854df23ec669fb5fcc8d22c8d09cd4165,0x692297c734ac65c124daea6287991b38fb7cd48f,0x692297c734ac65c124daea6287991b38fb7cd48f,0xe7cd86e13ac4309349f30b3435a9d337750fc82d,3070000,2184,
morph,deposit,27605191,1790785343000,0xf53d49890f3ad2fb04c3844095e89aa183dab20698a8ad8a1b592ee7af27cbc4,0xbb48553d0c9470eb429ba35acd350c4c242ee902,0xbb48553d0c9470eb429ba35acd350c4c242ee902,0xe7cd86e13ac4309349f30b3435a9d337750fc82d,2000000,2184,
morph,withdraw_final,27605230,1790785709000,0x74966f4d3389721fa4f45ce22b610458a2723605227adbfbc7b3d9473286e2d4,,,,,,516413526168829952
morph,deposit,27605302,1790785540000,0xf8682bbea1b214e03058dee42f69c45b7321fd05c24a0c69d7702254ac336c21,0x070692da34b622fd56d40ae7a561473b046b3e19,0x070692da34b622fd56d40ae7a561473b046b3e19,0xe7cd86e13ac4309349f30b3435a9d337750fc82d,4890000,2184,
morph,withdraw_submit,27605471,1790785840000,0x16a6fa99d3f396f930645897603d1d19f85aa33579aa28d74c6ea8744a3780de,,0xbb48553d0c9470eb429ba35acd350c4c242ee902,0xe7cd86e13ac4309349f30b3435a9d337750fc82d,1000000,,516413526168829952
morph,deposit,27605491,1790785873000,0x0d54912f8a311a62b7df0c3bceac278865319a82c4c234ba694837f4ecc3c58f,0x63ae6be9bd9017e7fa334cb399c3ac874ba786b3,0x63ae6be9bd9017e7fa334cb399c3ac874ba786b3,0xe7cd86e13ac4309349f30b3435a9d337750fc82d,1091130000,2184,
morph,deposit,27605534,1790785948000,0x32543253f11372aa0f2c4455cfe5330b0918eafeaa42477679f4191dcd8613d0,0x63ae6be9bd9017e7fa334cb399c3ac874ba786b3,0x63ae6be9bd9017e7fa334cb399c3ac874ba786b3,0xe7cd86e13ac4309349f30b3435a9d337750fc82d,88100000,2184,
morph,deposit,27605815,1790786456000,0xc6ab5a21cedabb41ab09730e99f1af07266e3fce8bb42afe4b2109abac9f37ba,0x7a9f33a88e536ac7edf3b4403e8ea87fbc0df103,0x7a9f33a88e536ac7edf3b4403e8ea87fbc0df103,0xe7cd86e13ac4309349f30b3435a9d337750fc82d,2000000,2184,
morph,deposit,27606720,1790788044000,0x6f3d4511e3ecd23d6d298d127ede2397d29a547654f9bf065302197f5b162a5d,0xab0f44b600b032acb9bb8eefe90d58a1b983ebb3,0xab0f44b600b032acb9bb8eefe90d58a1b983ebb3,0xe7cd86e13ac4309349f30b3435a9d337750fc82d,20000000,2184,
morph,deposit,27607827,1790789976000,0x6cd351edfd07ab8e6666f9e933874640e6dcc6c5ccd0820ca6bf19d86b05dfea,0x6f473223359aa48b6ff0600160a77ab6103fff7e,0x6f473223359aa48b6ff0600160a77ab6103fff7e,0xe7cd86e13ac4309349f30b3435a9d337750fc82d,10000000,2184,
morph,withdraw_final,27607949,1790790496000,0xf72a166f39c339e76614d89ec4d985d1a3a376e36fd27bd0677cd2af1cf5de4c,,,,,,516783365819465728
morph,withdraw_submit,27608202,1790790640000,0xced79ee6be3fc75f2d5956e109eb2383af0171d1327e0d60e071d0db8dab0f95,,0xa405d4e4022ba4a48584720f3a1da344dd55cf6e,0xe7cd86e13ac4309349f30b3435a9d337750fc82d,49780000,,516783365819465728
morph,deposit,27608465,1790791136000,0x88e3c8d99bf18d3d28797f0e88ad689d041352843d1febbdcc36701fdc076170,0xa405d4e4022ba4a48584720f3a1da344dd55cf6e,0xa405d4e4022ba4a48584720f3a1da344dd55cf6e,0xe7cd86e13ac4309349f30b3435a9d337750fc82d,37330000,2184,
morph,deposit,27609733,1790793408000,0x6dfccd81db786e2271320c67a3b1bb235c16e65960fd64f71f755e4a8379ff73,0xad6d8dc22e143b0945ef445b9e15da84d9436bde,0xad6d8dc22e143b0945ef445b9e15da84d9436bde,0xe7cd86e13ac4309349f30b3435a9d337750fc82d,200000000,2184,
morph,withdraw_final,27610404,1790794946000,0x97d6c639b355fb0afd53ca6ee264383a3ee235e7115662391cfcabe3ca9a7d25,,,,,,517126765609484288
morph,withdraw_submit,27610639,1790795080000,0x1d27ef62685ad474ea0755202694989591a8ef620402e48d312cdc68461860fa,,0xf5893dde48be72b66d61a12b0f8aa75f77f34a38,0xe7cd86e13ac4309349f30b3435a9d337750fc82d,17860000,,517126765609484288
morph,deposit,27611046,1790795826000,0x39081dd0916fbbddd665dcf7698c9d34d7df9f7428543d19c51abe2ffe016363,0x363d561be4110b79daae2598578d7d0be373b793,0x363d561be4110b79daae2598578d7d0be373b793,0xe7cd86e13ac4309349f30b3435a9d337750fc82d,15090000,2184,
morph,deposit,27611376,1790796416000,0x026bac91956973b92a664b38c9bc0c9e05303d5eaa8e8d448ec63bea81bd7207,0x825d292c9f3a39676c8fd54c3bb5af1e8d8e8309,0x825d292c9f3a39676c8fd54c3bb5af1e8d8e8309,0xe7cd86e13ac4309349f30b3435a9d337750fc82d,5670000,2184,
morph,deposit,27611492,1790796632000,0x2e5302604200caebb1b3c80febd47db5824018e58bfaf62ab71f3918f439a0ef,0x4781a9ca31197216049b0826b314bc335008a50d,0x4781a9ca31197216049b0826b314bc335008a50d,0xe7cd86e13ac4309349f30b3435a9d337750fc82d,10000000,2184,
morph,withdraw_final,27611511,1790796969000,0x1144a73c57a5b3c4ed8fa7344c67e90454d726e6be9a6713410f1d38c483ab94,,,,,,517283325761552384
morph,withdraw_submit,27611769,1790797120000,0x45009996b5109dd0a16e10a68ba5d7422a0689794a464a042cec494807554c94,,0x206ad04babaf8615030f05e5c364d844a8ac7519,0xe7cd86e13ac4309349f30b3435a9d337750fc82d,2000000,,517283325761552384
morph,deposit,27614014,1790800996000,0xd8995bced82d09e835d64cbb036471bc4ccf8002ae9068b14457f68906b58a19,0x5874ae2791bceb24c67404f259284737f5b989aa,0x5874ae2791bceb24c67404f259284737f5b989aa,0xe7cd86e13ac4309349f30b3435a9d337750fc82d,50000000000,2184,
morph,deposit,27614119,1790801190000,0x178058d4f8ba9577173e2c539e66e86beef2bcd1213ef0fb1b88f1fac0fbd3ae,0x8f4bbfb9eff5da89fa38575f19a3e16db63ab80f,0x8f4bbfb9eff5da89fa38575f19a3e16db63ab80f,0xe7cd86e13ac4309349f30b3435a9d337750fc82d,50000000,2184,
morph,withdraw_final,27615575,1790804222000,0x35388c3ac3fd965e44130410f4f8c59ed6216dcc88dbe6c634f7471e24145cb1,,,,,,517842152571535369
morph,withdraw_final,27615608,1790804285000,0x222342e5042631b2defcaba03423f54cc2484df1f789c073fa34299a5a303ca4,,,,,,517846937165103113
morph,withdraw_submit,27615812,1790804380000,0xba7905a9fffbbf8d09454fe3f6a844b1bce8782dbf26b7b5ad9999f15f27f481,,0x8f4bbfb9eff5da89fa38575f19a3e16db63ab80f,0xe7cd86e13ac4309349f30b3435a9d337750fc82d,19000000,,517842152571535369
morph,withdraw_submit,27615842,1790804440000,0x07791dc27742be31ce49c3cb6686c3d88542b82767024b8fce18475dc3335a3c,,0x8f4bbfb9eff5da89fa38575f19a3e16db63ab80f,0xe7cd86e13ac4309349f30b3435a9d337750fc82d,29000000,,517846937165103113
morph,withdraw_final,27616853,1790806656000,0xd882a0d338138b3be52ec9148c32be31f1d6a888c997f1f92b0e2f0458e3258a,,,,,,518030023014219776
morph,withdraw_final,27617019,1790806967000,0x5473ff791a21c928c5354f56f2495deaca7a2d746216575a95c2eaeaf350968b,,,,,,518053903028191232
morph,withdraw_submit,27617077,1790806780000,0x1416ba645a462a5c0e8418ed14690b2468628c56d1a8b7412679f825c5978a10,,0x0958bcc7bf476d959907af7f9b74f76e7fa3c053,0xe7cd86e13ac4309349f30b3435a9d337750fc82d,1940000,,518030023014219776
morph,deposit,27617163,1790806944000,0xf1c54ea155f0b922016a00ac64e0fac786fca5fd7e32610788414c27a533b1b8,0xbb48553d0c9470eb429ba35acd350c4c242ee902,0xbb48553d0c9470eb429ba35acd350c4c242ee902,0xe7cd86e13ac4309349f30b3435a9d337750fc82d,2000000,2184,
morph,withdraw_final,27617205,1790807318000,0x05da075d78320484f541634d5a0765bbbcf5a44aeb16f9a0957aed6ad21769b3,,,,,,518081115940978688
morph,withdraw_submit,27617269,1790807140000,0xcb2eaef016b88c2967a147e4dbf9a9b8a170c4b500d8e457e35d154b9d61f56f,,0x5874ae2791bceb24c67404f259284737f5b989aa,0xe7cd86e13ac4309349f30b3435a9d337750fc82d,49999000000,,518053903028191232
morph,withdraw_submit,27617427,1790807439000,0xee80eb7fef84d215ac0906f25a7c9fa6876b1b3edd593a4844228b8b3a37da49,,0xbb48553d0c9470eb429ba35acd350c4c242ee902,0xe7cd86e13ac4309349f30b3435a9d337750fc82d,1000000,,518081115940978688
morph,withdraw_final,27618022,1790808889000,0x34e2454c740279a7598fff1c044977cd81c80a3378e010a67b30c2da7c1ed45b,,,,,,518202302754979840
morph,withdraw_submit,27618272,1790809060000,0xd82ffd9fce6d1be4185edef04f33d6de9105212d4e7dfabcdbbc7e1380887cdb,,0xdc38dfec7398ff919798509f987ddc375cf0a836,0xe7cd86e13ac4309349f30b3435a9d337750fc82d,69120000,,518202302754979840
morph,deposit,27619386,1790811152000,0x3320f1e17072066d3d68404527d9b3688c27e86d356dd9f921a8598dcc85481c,0xa092234b204b0c25f543e7665c4376adea0d3fe7,0xa092234b204b0c25f543e7665c4376adea0d3fe7,0xe7cd86e13ac4309349f30b3435a9d337750fc82d,20310000,2184,
morph,withdraw_final,27619914,1790812444000,0x0b2226303d4f6050594b58df6765f79d70f3f03317e1d17ac98ad9314f9a5af4,,,,,,518476656680108053
morph,withdraw_submit,27620149,1790812600000,0x3c00b504f667a71ddc2e067ccfe59f27af2e8d43fc66a5559c16b2f576acadfa,,0x911ae7ebc3f399917972792d44dc4d82f7d8fe9f,0xe7cd86e13ac4309349f30b3435a9d337750fc82d,7330000,,518476656680108053
morph,deposit,27622834,1790817546000,0xd0c2a5deaf41f3af268ab77206a1e2ede55947d13d196e4739cb9adb556c9141,0x171405fb9d444d2af5dfaa8d23b3bbdb0f5c6558,0x171405fb9d444d2af5dfaa8d23b3bbdb0f5c6558,0xe7cd86e13ac4309349f30b3435a9d337750fc82d,700000000,2184,
morph,deposit,27623145,1790818108000,0x5ffe2ebad70b38087093922ca52d42563d101d832add23344b70254edee59036,0x6e017971eadc1e92bd2343cf1e2ed88969c65ad5,0x6e017971eadc1e92bd2343cf1e2ed88969c65ad5,0xe7cd86e13ac4309349f30b3435a9d337750fc82d,7400000000,2184,
morph,withdraw_final,27623350,1790818798000,0x1562652dd206529028dc2835cbaeba374612a8c2bb087b84b043605539ae204c,,,,,,518968104009596928
morph,withdraw_submit,27623593,1790818960000,0x401f45cc39f6acde9c648de8a7ce430441aaeca759dd95f3b0aa4c15743c6699,,0x2674d088112deee9b47e937813280a13d1ec4bf5,0xe7cd86e13ac4309349f30b3435a9d337750fc82d,1030000,,518968104009596928
morph,deposit,27625116,1790821774000,0x6b5273e36f1c23f1d77f82900a0a4944f43ca31267bf611a402c9b4b513767f9,0x2674d088112deee9b47e937813280a13d1ec4bf5,0x2674d088112deee9b47e937813280a13d1ec4bf5,0xe7cd86e13ac4309349f30b3435a9d337750fc82d,1010000,2184,
morph,deposit,27625545,1790822562000,0x86f87153c2a4fed9c9cb8198d30ac892beb003df7510db5d9dcb03a612557110,0x9b7239bf027421804d267294e984736f0877b221,0x9b7239bf027421804d267294e984736f0877b221,0xe7cd86e13ac4309349f30b3435a9d337750fc82d,2680000,2184,
morph,withdraw_final,27626149,1790824000000,0xc57288a167f90c45f86feebdc182a1310849c415c431c894f9966d5476a226d4,,,,,,519370155898175489
morph,withdraw_final,27626265,1790824219000,0x76d8dc6fe090e6fb3383d244145d7a7efe5e5512874bff0ac83d35fe7aced66f,,,,,,519387189730082816
morph,withdraw_submit,27626375,1790824120000,0x03809baf4c6d0a943b220c87419d7a5e006de539a361ce2add8dd50913117b88,,0x9ff7c473882030c6f8ca70e13ba99941c1c82a6d,0xe7cd86e13ac4309349f30b3435a9d337750fc82d,1620000,,519370155898175489
morph,withdraw_submit,27626501,1790824360000,0x7bd8c83142da603e2483150a0fc14de4d6661ccb46f269736d44149409b24620,,0x03e239a84a93830040f8ec38f7e7700747c396eb,0xe7cd86e13ac4309349f30b3435a9d337750fc82d,3080000,,519387189730082816
morph,withdraw_final,27627113,1790825812000,0x5eefaf7befa9d44edb571752efc7503a025dc173c4e17bbaa2daeb8287e60c27,,,,,,519510506843668480
morph,withdraw_submit,27627373,1790825980000,0x31abcbb2553bfa787d518023370bd937c0bd031f65ae6eb38158426ad616d52f,,0xad6d8dc22e143b0945ef445b9e15da84d9436bde,0xe7cd86e13ac4309349f30b3435a9d337750fc82d,199000000,,519510506843668480
morph,deposit,27628753,1790828544000,0x345f9294e99661732c9e3c9ff698d1df1c84fd3facbc63a1e4c7affa42f38b08,0xbb48553d0c9470eb429ba35acd350c4c242ee902,0xbb48553d0c9470eb429ba35acd350c4c242ee902,0xe7cd86e13ac4309349f30b3435a9d337750fc82d,2000000,2184,
morph,withdraw_final,27628796,1790828924000,0x7e48f89a667832d1eb36a65a8b8078c65803dce116fcdb58cf2c2c00f781d412,,,,,,519750930506186753
morph,withdraw_submit,27629017,1790829040000,0xa144ad93f0d8a89a7435902616d7d41291eb89d07051e5707d7704f049085570,,0xbb48553d0c9470eb429ba35acd350c4c242ee902,0xe7cd86e13ac4309349f30b3435a9d337750fc82d,1000000,,519750930506186753
morph,withdraw_final,27629597,1790830356000,0xbcb66a879c940b3ee19c292566bf26e9f32b05b1bd216a0dcc0d14bb52ce90ac,,,,,,519861534508187648
morph,withdraw_submit,27629842,1790830482000,0xccb549b9e072466b41d4ae68f0b3a7b688a20bc82171f28f94a23914b5b5494a,,0xab0f44b600b032acb9bb8eefe90d58a1b983ebb3,0xe7cd86e13ac4309349f30b3435a9d337750fc82d,21760000,,519861534508187648
morph,deposit,27630241,1790831177000,0x780ada2c4c3bcd61cf094a3e9b80131ead03c49658f94c81804557c8824f480d,0xc1b065bca9bf454b84a9633430a662128d650c11,0xc1b065bca9bf454b84a9633430a662128d650c11,0xe7cd86e13ac4309349f30b3435a9d337750fc82d,2160000,2184,
morph,deposit,27630639,1790831908000,0x604d4b522f37c579a360ebae1bc7cc65d52b161af080898e85d5ea9ecaab4260,0x4662bed5b597651bf3a021ca408642ad292efc39,0x4662bed5b597651bf3a021ca408642ad292efc39,0xe7cd86e13ac4309349f30b3435a9d337750fc82d,19000000,2184,
morph,deposit,27630772,1790832146000,0x09831007fe851f6743ae83edfdf0edc6d30c9fee5065a41b38a673e6906426bd,0xb3f349557b2553072d5ea1deed49b55b22303b77,0xb3f349557b2553072d5ea1deed49b55b22303b77,0xe7cd86e13ac4309349f30b3435a9d337750fc82d,2740000,2184,
morph,withdraw_final,27631362,1790833521000,0x43e41236382881b592e30b96c71be5c66197d980631326be7faf5837868a3ff7,,,,,,520105376973062144
morph,withdraw_final,27631367,1790833530000,0xea98b5e8d262e4d8aaf828a21f7532f4e2605fd9abdaef4c529d99b29879f192,,,,,,520106038398025728
morph,withdraw_submit,27631601,1790833660000,0x74f7899ad91de363537a64a07a1fac8a092e7ccc7fa33983fb03c48721bc5fbb,,0xc1b065bca9bf454b84a9633430a662128d650c11,0xe7cd86e13ac4309349f30b3435a9d337750fc82d,1800000,,520105376973062144
morph,withdraw_submit,27631601,1790833660000,0x74f7899ad91de363537a64a07a1fac8a092e7ccc7fa33983fb03c48721bc5fbb,,0x4662bed5b597651bf3a021ca408642ad292efc39,0xe7cd86e13ac4309349f30b3435a9d337750fc82d,20700000,,520106038398025728
morph,deposit,27632389,1790835118000,0x7881a52c22cdba5346ebd6904e10367c921b250658d2de4bd50df8e9f5b7ccb7,0x5e3e01a8cc609b3884a73bfcd686e4e291a45160,0x5e3e01a8cc609b3884a73bfcd686e4e291a45160,0xe7cd86e13ac4309349f30b3435a9d337750fc82d,15810000,2184,
morph,deposit,27633456,1790837053000,0x7b3e99cf09d9080d4538f94854f3d65f9875475017839cb6f797ac165f7b973e,0xf44630324bbf550f1d3b2346b4a61e32cae5c459,0xf44630324bbf550f1d3b2346b4a61e32cae5c459,0xe7cd86e13ac4309349f30b3435a9d337750fc82d,1880000,2184,
morph,deposit,27634342,1790838642000,0xa01735a1c67163a272f894858d1b5a2a63fa3de4258d7fb8f2d323632d0a1aea,0xf035b4777a8514530256c9dade15e763a21dd225,0xf035b4777a8514530256c9dade15e763a21dd225,0xe7cd86e13ac4309349f30b3435a9d337750fc82d,3440000,2184,
morph,deposit,27634431,1790838802000,0x72c1244f62df65bc15af662f22f2e7b4698220f2acd2174d66afb6814e7e7254,0xb3815e72d99edb55ba1b2d9238ebf7c1eccc7437,0xb3815e72d99edb55ba1b2d9238ebf7c1eccc7437,0xe7cd86e13ac4309349f30b3435a9d337750fc82d,2240000,2184,
morph,deposit,27635708,1790840922000,0xf2e285f01c9a5db761cdf41cd67b8d5f27890679675c4528c3b37623a5ead6a5,0x6ce33193dee9c5979ede0c24f77e8afcec9bd6ea,0x6ce33193dee9c5979ede0c24f77e8afcec9bd6ea,0xe7cd86e13ac4309349f30b3435a9d337750fc82d,35000000,2184,
morph,deposit,27637200,1790843518000,0x9355fb4a5ffcdf02dfa8bd322028db9d616094b63f7915e39f2c9b1653a71a37,0xb3a2cc1c36cf010cac22b92d0f6f92a98cd6d817,0xb3a2cc1c36cf010cac22b92d0f6f92a98cd6d817,0xe7cd86e13ac4309349f30b3435a9d337750fc82d,5070000,2184,
morph,deposit,27637311,1790843696000,0x0321477df338123d89e8bf26a869641b08f9c32b98f2ca22ea5969fe81801557,0x5783663bedc590ccd5b5be910925c3b928a46fae,0x5783663bedc590ccd5b5be910925c3b928a46fae,0xe7cd86e13ac4309349f30b3435a9d337750fc82d,331690000,2184,
morph,deposit,27638088,1790845026000,0xaf9e45262d994ec3b7c453ff315dc384018692ee5639d494575611031cef76f0,0xe605a3ac941141cb82b66311ac9629a548c2e122,0xe605a3ac941141cb82b66311ac9629a548c2e122,0xe7cd86e13ac4309349f30b3435a9d337750fc82d,3660000,2184,
morph,withdraw_final,27638098,1790845344000,0xbcababcc9ef36945abd6db38c0efb896816a8fa1360bfe385fdd02010897ad14,,,,,,521019758355677244
morph,deposit,27638115,1790845072000,0xbc1e2e3c0bb3454e1c1b51c042496010465df00df01bca28ce9d407994562f66,0xc1b065bca9bf454b84a9633430a662128d650c11,0xc1b065bca9bf454b84a9633430a662128d650c11,0xe7cd86e13ac4309349f30b3435a9d337750fc82d,1790000,2184,
morph,deposit,27638274,1790845354000,0x6e16a3d5fe1fd8ac2ecdae9cb6db443f1b1260b9e667330c7db99c5ecb46ac17,0xc1b065bca9bf454b84a9633430a662128d650c11,0xc1b065bca9bf454b84a9633430a662128d650c11,0xe7cd86e13ac4309349f30b3435a9d337750fc82d,2170000,2184,
morph,withdraw_final,27638341,1790845773000,0xbc6da4663478912e2fd0ed1256bf983453d3c8019aa0e688a5d6eabfd4c80e25,,,,,,521052958427709440
morph,withdraw_submit,27638346,1790845480000,0xe7c52eefa5fd09aee7886926ea74831e8229f24402f5b3e4254f698f0cd8398b,,0xb3a2cc1c36cf010cac22b92d0f6f92a98cd6d817,0xe7cd86e13ac4309349f30b3435a9d337750fc82d,4070000,,521019758355677244
morph,withdraw_submit,27638582,1790845900000,0x2da31e4d9ad538bb99fc24b7f1a2d03c54ecf78db6ac1ffcb04aa506e68faabc,,0xc34c94ffd1559d8472bfe6ee082973fc4ca3dba1,0xe7cd86e13ac4309349f30b3435a9d337750fc82d,199000000,,521052958427709440
morph,deposit,27639508,1790847556000,0x652fbcf55bb263e8d14afe5e1e39c610f605803af2bbc2e5c588dfd968cb776a,0xc9155737aabc1a66b12a23f61c378c80403eef4f,0xc9155737aabc1a66b12a23f61c378c80403eef4f,0xe7cd86e13ac4309349f30b3435a9d337750fc82d,71250000,2184,
morph,deposit,27639761,1790848014000,0x010c4cbe6e5fe9125370540a170fc59854cc70a6ab7a0a59eb100637aa50e26c,0x69fda5eb0b319cf79649abe7ce64eda948ed57f6,0x69fda5eb0b319cf79649abe7ce64eda948ed57f6,0xe7cd86e13ac4309349f30b3435a9d337750fc82d,1540000,2184,
morph,deposit,27641001,1790850143000,0xc62dccd9e5c52549290f6a2f53b69e0e138d50ce467251bd9a5129502547942d,0xbb48553d0c9470eb429ba35acd350c4c242ee902,0xbb48553d0c9470eb429ba35acd350c4c242ee902,0xe7cd86e13ac4309349f30b3435a9d337750fc82d,2000000,2184,
morph,withdraw_final,27641041,1790850513000,0x134a0d82e2c8592e60079cfecc17d900eab1a5d49410545b5c325dcc50a24dad,,,,,,521419645559767040
morph,withdraw_submit,27641282,1790850640000,0x40a34df932a229b6789d61386cc02f9948ef37ba0e19d425fe9c4e124bc8e078,,0xbb48553d0c9470eb429ba35acd350c4c242ee902,0xe7cd86e13ac4309349f30b3435a9d337750fc82d,1000000,,521419645559767040
morph,deposit,27641820,1790851578000,0xfc36f0d5142eeded166d26babd926af001ee451896ebb3f26c9f3f729200aaa0,0x78ccb0f217d1f08ad7689c04d9935eab75fc6536,0x78ccb0f217d1f08ad7689c04d9935eab75fc6536,0xe7cd86e13ac4309349f30b3435a9d337750fc82d,45000000,2184,
morph,deposit,27642430,1790852574000,0xee27840b5d0bd123b8210f5d3e897e244cbf780a1855a2004306699ff6c21ea9,0x2b57a5169e2f971d71d267bffc9b36015561498a,0x2b57a5169e2f971d71d267bffc9b36015561498a,0xe7cd86e13ac4309349f30b3435a9d337750fc82d,10580000,2184,
morph,deposit,27642646,1790852970000,0x9567060ded8f9be41bedae1c7f403fed2a21a35f77215d9ea98ec1e117e22297,0xeb5bf4e89ae3369f0812f5aa1344f5eff37d91ee,0xeb5bf4e89ae3369f0812f5aa1344f5eff37d91ee,0xe7cd86e13ac4309349f30b3435a9d337750fc82d,1820000,2184,
morph,withdraw_final,27642814,1790853574000,0x5578ccc486604051d02ab8e7a73226dd46f21b82e08e5372c001b1ca07044f8a,,,,,,521656195195338752
morph,deposit,27642896,1790853421000,0xe9d7b2aa0664471bda37076d7055abe644addd9e3380657108878dc29a131f9d,0xe605a3ac941141cb82b66311ac9629a548c2e122,0xe605a3ac941141cb82b66311ac9629a548c2e122,0xe7cd86e13ac4309349f30b3435a9d337750fc82d,10000000,2184,
morph,withdraw_submit,27643048,1790853701000,0x2f81f01b8ab9e4e29a16bfb3e31176b54acadf51515f44e5905cd036cc8f561f,,0x78ccb0f217d1f08ad7689c04d9935eab75fc6536,0xe7cd86e13ac4309349f30b3435a9d337750fc82d,39430000,,521656195195338752
morph,withdraw_final,27644443,1790856490000,0x60107ad5873cb7a444b027495592f22a752b88603bce73d85e6980694c79bc63,,,,,,521881114025918464
morph,withdraw_submit,27644694,1790856640000,0xdde03290c8a7ec7be523306423b3796ef3585156a7cde953e37c4a5e8d9c194a,,0xe605a3ac941141cb82b66311ac9629a548c2e122,0xe7cd86e13ac4309349f30b3435a9d337750fc82d,12660000,,521881114025918464
morph,deposit,27645235,1790857590000,0xc307c553892a9004f746294db0cbc7c30d0aef9b8ee789aa5f128daf4b968ab6,0x895fee75e2f52e7b5f97df3f091aa5a89a849829,0x895fee75e2f52e7b5f97df3f091aa5a89a849829,0xe7cd86e13ac4309349f30b3435a9d337750fc82d,49020000,2184,
morph,withdraw_final,27645550,1790858425000,0x1108b19498a9ad3f2efc24d4fa8d978fc86e2566f96ecb2e78c65f010b47874e,,,,,,522030355557908480
morph,withdraw_submit,27645793,1790858560000,0x83d2f2910e1733071385da450636906b9c7dcd85c5ab84d978d9dfa4a5e87665,,0xeb820a2f7edf7a6e13a31c4b9e3c0f736b2939cc,0xe7cd86e13ac4309349f30b3435a9d337750fc82d,955000000,,522030355557908480
morph,deposit,27646637,1790859985000,0x2590f81dbc72c23ee2f0440edfce315560acdb76de46e5ca708389acfe9ae153,0x2733a533b7cbe2614354aa792aa0a069ca7091ea,0x2733a533b7cbe2614354aa792aa0a069ca7091ea,0xe7cd86e13ac4309349f30b3435a9d337750fc82d,65940000,2184,
morph,deposit,27646908,1790860452000,0xf369061a9a44370ea622bf287bb11f5177617fa974f816ebfb44095264448f54,0xdc25f0288fce5753d8cec8648416c831104cf51a,0xdc25f0288fce5753d8cec8648416c831104cf51a,0xe7cd86e13ac4309349f30b3435a9d337750fc82d,202210000,2184,
morph,deposit,27649203,1790864128000,0xcc5c0c4ea562d8431c281c947a6385ed242d9c716c1c833ac3c31836ae312ce7,0x17ebcfdae0c488ba1b3f6c39841ea675afa8786a,0x17ebcfdae0c488ba1b3f6c39841ea675afa8786a,0xe7cd86e13ac4309349f30b3435a9d337750fc82d,2820000,2184,
morph,withdraw_final,27649827,1790865446000,0xece6377be30a06bd1532fddf86b990e3cf2efe5f13361919fbed5655b90a28e1,,,,,,522568575081250816
morph,deposit,27649978,1790865408000,0xf6e1e49affffc4559d943b680a586287c9042ca2f6a25a7387fc2fcfaa09228c,0x64db112cd4a76f17d00f9c50d60c5c3e403dd91d,0x64db112cd4a76f17d00f9c50d60c5c3e403dd91d,0xe7cd86e13ac4309349f30b3435a9d337750fc82d,815420000,2184,
morph,withdraw_submit,27650086,1790865580000,0x19f5010860bc52f628d0dcf21cadd13908683c2f68b7a592e149e9200282d40e,,0xdc25f0288fce5753d8cec8648416c831104cf51a,0xe7cd86e13ac4309349f30b3435a9d337750fc82d,201210000,,522568575081250816
morph,deposit,27650499,1790866250000,0x309c19e32ab29053bc5b92f8ecf742e45cb694f5f4092936a6fc4604bea2ddd1,0x46b9c34bdb7b3e92874d7837e75739cfab752a2b,0x46b9c34bdb7b3e92874d7837e75739cfab752a2b,0xe7cd86e13ac4309349f30b3435a9d337750fc82d,145080000,2184,
morph,deposit,27651252,1790867506000,0xc82d3aab47520bf882e2e41067683d98417728bc230888805370c80189808527,0xa89c7c546a6cb33ad95519824bf944db710942e7,0xa89c7c546a6cb33ad95519824bf944db710942e7,0xe7cd86e13ac4309349f30b3435a9d337750fc82d,6900000,2184,
morph,withdraw_final,27651311,1790867908000,0x0f940ab17037e468fcdea797d21ffce654ec2c5504be898403fab94247549e1f,,,,,,522757639554203648
morph,deposit,27651374,1790867706000,0x5878baf0295045aa338b9ef53417acaeb98ce6a80ad4db46e0a25dce27cecd2b,0x6f473223359aa48b6ff0600160a77ab6103fff7e,0x6f473223359aa48b6ff0600160a77ab6103fff7e,0xe7cd86e13ac4309349f30b3435a9d337750fc82d,10000000,2184,
morph,deposit,27651485,1790867887000,0x294c9ea55725ab73fe026f1fbe8c35f4f2680aa5de913e3a3cdccba0386f01f2,0x206ad04babaf8615030f05e5c364d844a8ac7519,0x206ad04babaf8615030f05e5c364d844a8ac7519,0xe7cd86e13ac4309349f30b3435a9d337750fc82d,90670000,2184,
morph,withdraw_submit,27651567,1790868040000,0x0b5137b34d5fe32509ff040a89664e3bd660fea587e8924634775376380292c0,,0x64db112cd4a76f17d00f9c50d60c5c3e403dd91d,0xe7cd86e13ac4309349f30b3435a9d337750fc82d,813000000,,522757639554203648
morph,deposit,27651745,1790868358000,0xff00d7f1323adcfdfbf376d8ea5c8e126118b31da83611f977357bb21404a874,0x89b93b397c85ec0300ad9b04ddb5db13d6f2f812,0x89b93b397c85ec0300ad9b04ddb5db13d6f2f812,0xe7cd86e13ac4309349f30b3435a9d337750fc82d,1000000,2184,
morph,deposit,27651953,1790868708000,0x53caa2742c7eb3c63cf9e076eeff1c308d330dfbe49f43f5a9ca5d2f5b06fd45,0x89b93b397c85ec0300ad9b04ddb5db13d6f2f812,0x89b93b397c85ec0300ad9b04ddb5db13d6f2f812,0xe7cd86e13ac4309349f30b3435a9d337750fc82d,2520000,2184,
morph,deposit,27651957,1790868712000,0x219331c84fe22f7631324c312e6dc8f31667931f54bc9b3fb4b71ba260421525,0xc2327cecd3664ac2a7b436fbdc86b0fc29f022ad,0xc2327cecd3664ac2a7b436fbdc86b0fc29f022ad,0xe7cd86e13ac4309349f30b3435a9d337750fc82d,30000000,2184,
morph,deposit,27653691,1790871744000,0xd706b46e8f159eece915fe11ba1092849d6fdca2e73d0507512f56df3875bf6e,0xbb48553d0c9470eb429ba35acd350c4c242ee902,0xbb48553d0c9470eb429ba35acd350c4c242ee902,0xe7cd86e13ac4309349f30b3435a9d337750fc82d,2000000,2184,
morph,withdraw_final,27653738,1790872123000,0x61d53a3844e343de611d42ee3965a9823fc89ca54f46c80a4f478b8e4eb4fbad,,,,,,523082639716909056
morph,withdraw_submit,27653967,1790872240000,0x6847b9b2bb27421034c10146e0f2e308ecfb9bbd2281672fcac529506c797b44,,0xbb48553d0c9470eb429ba35acd350c4c242ee902,0xe7cd86e13ac4309349f30b3435a9d337750fc82d,1000000,,523082639716909056
morph,withdraw_final,27654040,1790872669000,0x0d79ee67cea911ac2316f9cdad9443cc2cff32a10a2b7aa7d4969018f9428ac4,,,,,,523124773350277120
morph,withdraw_submit,27654322,1790872840000,0xe3bbd9a2d15faa95e4a34b5e9b038f32264d1295750c78d895b36cf2f5c42b94,,0x102b17ebc1b723c7db5cf5ef7232ce1e4197a0ab,0xe7cd86e13ac4309349f30b3435a9d337750fc82d,13930000,,523124773350277120
morph,withdraw_final,27654507,1790873480000,0x8b446525035d1364cb858b42948bf8b98c24d27f09c6ce5df045607497ea5a07,,,,,,523187127698063360
morph,withdraw_submit,27654757,1790873620000,0x94c626639682c3bab50d102509f9698d354c9d1b295ed2314c787ab0d47deedf,,0xc7354b3c322ad5e5e9606df9740c9b78f80f1636,0xe7cd86e13ac4309349f30b3435a9d337750fc82d,94190000,,523187127698063360
morph,deposit,27656285,1790876229000,0xebbe46794e5e79b2e5f138a8ff98907673383e00918af7e762ebd951c17dfbcd,0xa9037ae26b4bf6ba55ab70e05a00e481dc2e1ff9,0xa9037ae26b4bf6ba55ab70e05a00e481dc2e1ff9,0xe7cd86e13ac4309349f30b3435a9d337750fc82d,3000000,2184,
morph,deposit,27656419,1790876470000,0x133b353132f629c795fcf017e719674a5518a6666d596dc38bea0d1d87d90696,0xa9037ae26b4bf6ba55ab70e05a00e481dc2e1ff9,0xa9037ae26b4bf6ba55ab70e05a00e481dc2e1ff9,0xe7cd86e13ac4309349f30b3435a9d337750fc82d,2500000,2184,
morph,withdraw_final,27657495,1790878696000,0x2d555fb73b2162ea43a56c3e2586c4cf857e64a5b7add7c73f0e65906da388ac,,,,,,523588578270248960
morph,withdraw_submit,27657734,1790878840000,0xbc5b3e3af29a24ab41795c016d021e9e9cf796874d6520cdf3b40deabea09682,,0xa9037ae26b4bf6ba55ab70e05a00e481dc2e1ff9,0xe7cd86e13ac4309349f30b3435a9d337750fc82d,4500000,,523588578270248960
morph,deposit,27659134,1790881372000,0x2076084249e1d88b9f95467ab75c1ad2f68eda68e1479669da834cc31a1e3039,0x5febc854498e1b5adf6c19f71f2a70c11c82b139,0x5febc854498e1b5adf6c19f71f2a70c11c82b139,0xe7cd86e13ac4309349f30b3435a9d337750fc82d,5280000,2184,
morph,withdraw_final,27663293,1790889245000,0xf288e47bf2101d9d037fa75905c680935e845e0fade731299cd318508d31d7fb,,,,,,524403110253166596
morph,deposit,27663306,1790888968000,0x8c0aeac5cec796d5c7ac02b44a27b630e191cf28362277b29a94687c6a616899,0x171405fb9d444d2af5dfaa8d23b3bbdb0f5c6558,0x171405fb9d444d2af5dfaa8d23b3bbdb0f5c6558,0xe7cd86e13ac4309349f30b3435a9d337750fc82d,800000000,2184,
morph,withdraw_submit,27663546,1790889400000,0xc922a339365026084d2234ddeb3c89045d1d5f60372abc7dab6e19126165e6f9,,0xa89c7c546a6cb33ad95519824bf944db710942e7,0xe7cd86e13ac4309349f30b3435a9d337750fc82d,6000000,,524403110253166596
morph,deposit,27663657,1790889603000,0x21c65fc9f304a9074d7a7676c72f5e8e60085e92f58f70ab7370fc984e2bd416,0xa89c7c546a6cb33ad95519824bf944db710942e7,0xa89c7c546a6cb33ad95519824bf944db710942e7,0xe7cd86e13ac4309349f30b3435a9d337750fc82d,5000000,2184,
morph,withdraw_final,27663672,1790889930000,0x52d9f939d30f53691e8e012391e57739254bc707ef7498a6d5f058cb3af6fa70,,,,,,524456032819216384
morph,withdraw_submit,27663904,1790890060000,0xd85d2d0a4dd534d78c12fe6f09880b69d590894da1cb0ee9c43053e521e479d9,,0x17ebcfdae0c488ba1b3f6c39841ea675afa8786a,0xe7cd86e13ac4309349f30b3435a9d337750fc82d,1870000,,524456032819216384
morph,withdraw_final,27664103,1790890723000,0xa88bf557c3445598c8084c1ed40f6d5123862ca7030be71eb75141254342e761,,,,,,524517210337574912
morph,withdraw_submit,27664357,1790890840000,0xb0fd8735d2e90ae429d87af54cd5e6d615f2e0bcfd37e5374c018b4e6896bb57,,0x0d3b8e1a6f79f65a2c325ce0192e4b9cc2c91d5b,0xe7cd86e13ac4309349f30b3435a9d337750fc82d,998980000,,524517210337574912
morph,deposit,27665780,1790893344000,0x0fe9c7bbc0ae60d5d163289084538ffc8664016e7d7689a7e7eac6aa6479504e,0xbb48553d0c9470eb429ba35acd350c4c242ee902,0xbb48553d0c9470eb429ba35acd350c4c242ee902,0xe7cd86e13ac4309349f30b3435a9d337750fc82d,2000000,2184,
morph,withdraw_final,27665822,1790893721000,0x5efe36065fc490de11f90e4cc99e640606eb9f97a5811cc1c3a5d87d91d6b465,,,,,,524748889459261440
morph,withdraw_submit,27666043,1790893840000,0x37f5d421a29381314427dbb6290a8bf33e5c17805b05431d9464a14e4659961b,,0xbb48553d0c9470eb429ba35acd350c4c242ee902,0xe7cd86e13ac4309349f30b3435a9d337750fc82d,1000000,,524748889459261440
morph,deposit,27668219,1790897994000,0x1a7c65346f5d710eeb4aa4a8682b797e21ca23713ce09699d5c45078ba964112,0x70b93948f0e57263e834bde222ce65c9e8ca6c92,0x70b93948f0e57263e834bde222ce65c9e8ca6c92,0xe7cd86e13ac4309349f30b3435a9d337750fc82d,6000000,2184,
morph,withdraw_final,27669040,1790899850000,0xa0b4b8d435d11e8db7a55f7a280ce65141cf117335e1f9cf0d73e90987274737,,,,,,525222418193580032
morph,withdraw_submit,27669292,1790900020000,0x52db3f31c378ae189b5bf662a1d408ce5b198b9db44015b6f91bc7723f1579d9,,0x70b93948f0e57263e834bde222ce65c9e8ca6c92,0xe7cd86e13ac4309349f30b3435a9d337750fc82d,5000000,,525222418193580032
morph,deposit,27669715,1790900800000,0x4bd31220b9b627632a13181ae3e6aecbe4ba0d59b7d151c8c0495beebc34ffdb,0x6d53b77f0fafecdaef83f122527267c99b84ae3f,0x6d53b77f0fafecdaef83f122527267c99b84ae3f,0xe7cd86e13ac4309349f30b3435a9d337750fc82d,9750000,2184,
morph,deposit,27672838,1790906380000,0xf657fd59a2c21d543dc07945847573b7a5f9634823b444605a611148dea9a2d7,0x178ddde599c048e41b0d4e12161e4e8215c250f1,0x178ddde599c048e41b0d4e12161e4e8215c250f1,0xe7cd86e13ac4309349f30b3435a9d337750fc82d,4940000,2184,
morph,withdraw_final,27673728,1790908236000,0x4b0408d8096df3cde8a2094f52c46484e2a1f5c61942902265d5b5f5dc5d8761,,,,,,525870056316338176
morph,withdraw_submit,27673951,1790908360000,0x69e2e5b72ab70a0a01eb52da674f273d4890de768b539a39ebf9f78df17e7613,,0x03e239a84a93830040f8ec38f7e7700747c396eb,0xe7cd86e13ac4309349f30b3435a9d337750fc82d,31340000,,525870056316338176
morph,withdraw_final,27677173,1790914457000,0xcbec90ec2fb4a34ae83c0613179853efce67d2252c7d011e0d42ce244baacde8,,,,,,526350319567765505
morph,withdraw_submit,27677411,1790914600000,0x5f44862b728dc7b259b1c3b568dda3a611b0d448d46a77eb3a0ce32e931f7453,,0xf035b4777a8514530256c9dade15e763a21dd225,0xe7cd86e13ac4309349f30b3435a9d337750fc82d,5490000,,526350319567765505
morph,deposit,27677635,1790914944000,0x46630e6b859cae6161848804cb5b41818047f9babf700e58f7a8ecbd226c2a66,0xbb48553d0c9470eb429ba35acd350c4c242ee902,0xbb48553d0c9470eb429ba35acd350c4c242ee902,0xe7cd86e13ac4309349f30b3435a9d337750fc82d,2000000,2184,
morph,withdraw_final,27677677,1790915317000,0x23333f299173fa1c323af4ed06f3dd5c3da9a9c5d8e23dba933088571a5c1d77,,,,,,526416668209971200
morph,deposit,27677705,1790915068000,0x43e325af85076c931983abc7e7ccc620aa895439f9fb404965d75f4c6c5f0d83,0xa64058e55fcdb888f5ab6dd7ca0a2be6852a1daa,0xa64058e55fcdb888f5ab6dd7ca0a2be6852a1daa,0xe7cd86e13ac4309349f30b3435a9d337750fc82d,8000000,2184,
morph,deposit,27677773,1790915178000,0x3b51b6f379b16dc5728cdd5e851d40e72591fcb6d5578ca8574f88bc55fb4b57,0xa64058e55fcdb888f5ab6dd7ca0a2be6852a1daa,0xa64058e55fcdb888f5ab6dd7ca0a2be6852a1daa,0xe7cd86e13ac4309349f30b3435a9d337750fc82d,6000000,2184,
morph,withdraw_submit,27677937,1790915440000,0xc332777b7cea173edb0f781f6f75ec78e87c439e208a28cfc2fff5b76ba20798,,0xbb48553d0c9470eb429ba35acd350c4c242ee902,0xe7cd86e13ac4309349f30b3435a9d337750fc82d,1000000,,526416668209971200
morph,withdraw_final,27678016,1790915873000,0x5f28891ac74f519fd2aa377690d39ecf0cf2f1b9959c8122467f0f36142f0771,,,,,,526459549159260160
morph,withdraw_final,27678094,1790916012000,0x3f71dfcdb57a0a1cf0d02c67504b27b4036561ac4014a013a954b2c66e5b7db0,,,,,,526470217874800640
morph,withdraw_submit,27678288,1790916040000,0x22b45c863b9ca7d1880ed90e6498cf7d85a06f94544602c047303f1d838e2d65,,0x028616896009ed81111d5be075c73f46894e39f9,0xe7cd86e13ac4309349f30b3435a9d337750fc82d,47690000,,526459549159260160
morph,withdraw_submit,27678358,1790916160000,0xee39d11040afcac1d4a2136f130dc10572916619d888e45d6d59ccecda33967e,,0x6e017971eadc1e92bd2343cf1e2ed88969c65ad5,0xe7cd86e13ac4309349f30b3435a9d337750fc82d,7431890000,,526470217874800640
morph,deposit,27678767,1790916894000,0xf4f814a8dc7060a853a42bf9def923a0b0ffe0bc973ba0f48a81817e339ff1da,0xeb820a2f7edf7a6e13a31c4b9e3c0f736b2939cc,0xeb820a2f7edf7a6e13a31c4b9e3c0f736b2939cc,0xe7cd86e13ac4309349f30b3435a9d337750fc82d,500000000,2184,
morph,deposit,27679371,1790917956000,0x1344b16a2cb2910eb333c9fa75a8122730f3c39f1f5f01d6f173e80cfaf9a873,0xfd70f624491af7d0def460c7054b1b9d4a1e2be0,0xfd70f624491af7d0def460c7054b1b9d4a1e2be0,0xe7cd86e13ac4309349f30b3435a9d337750fc82d,448730000,2184,
morph,deposit,27679495,1790918146000,0x00da9264b3c355f69fc40f2b369120b7a3092d81d57e816e4aec8b6b17f0bace,0xeb820a2f7edf7a6e13a31c4b9e3c0f736b2939cc,0xeb820a2f7edf7a6e13a31c4b9e3c0f736b2939cc,0xe7cd86e13ac4309349f30b3435a9d337750fc82d,374170000,2184,
morph,deposit,27680226,1790919496000,0xe9239afef2dd6f89641841d196fd8b3fe1d0137df09e686885a7d77433e53114,0xfd70f624491af7d0def460c7054b1b9d4a1e2be0,0xfd70f624491af7d0def460c7054b1b9d4a1e2be0,0xe7cd86e13ac4309349f30b3435a9d337750fc82d,2000000,2184,
morph,deposit,27680380,1790919730000,0x598b3f0281ffc88bc51b1883790e1d55a9dc61383d2ad77a2088f720e6c85ede,0x33a4f1a73c0735daed6d80023b3cc54391ea1759,0x33a4f1a73c0735daed6d80023b3cc54391ea1759,0xe7cd86e13ac4309349f30b3435a9d337750fc82d,5000000,2184,
morph,withdraw_final,27680495,1790920227000,0x9b9c16dad0b1fb069367a0b097a1f7b9d672b43b7865d8282d581649457528cc,,,,,,526796205879984128
morph,withdraw_submit,27680735,1790920360000,0x0cdf241c01cd05f5ec812746371c1367f03d35c956390b2f0e181a8eef0048b1,,0xa64058e55fcdb888f5ab6dd7ca0a2be6852a1daa,0xe7cd86e13ac4309349f30b3435a9d337750fc82d,7330000,,526796205879984128
morph,deposit,27681209,1790921188000,0x8a3cc0a6b81744314cfc5c33d30b8b7dd6bbb95a2c708661902d6bb430be95ae,0x33a4f1a73c0735daed6d80023b3cc54391ea1759,0x33a4f1a73c0735daed6d80023b3cc54391ea1759,0xe7cd86e13ac4309349f30b3435a9d337750fc82d,1000000,2184,
morph,withdraw_final,27681556,1790922103000,0xfbac0b509630fe6a63f5e2428396418b52f6c6d35c8451b0ff010b3d800f3e31,,,,,,526941126662291457
morph,withdraw_submit,27681803,1790922220000,0xc99610b6849cc6d85088d03dba4e4c5b336ab6bb3eb4e7899c3720e4b097f90a,,0x3e428e2e209000d58131156b098e4fda86680a29,0xe7cd86e13ac4309349f30b3435a9d337750fc82d,99000000,,526941126662291457
morph,withdraw_final,27682607,1790923913000,0xbed22dc4dbc1a7239af1f0fc40eae0e943e66a63991b248281744649da2bc51f,,,,,,527081168391110667
morph,withdraw_submit,27682870,1790924081000,0xfe90371716c4bd5151643ffef6d924c622ded3a995a9e7bad8f0de40205a046b,,0xe1d8cd8bfde289504900adbf59d3845fca086c9f,0xe7cd86e13ac4309349f30b3435a9d337750fc82d,9670000,,527081168391110667
morph,withdraw_final,27683346,1790925191000,0x0d2600d718f7b4549560e3af36e9c2d61a08f96fd3e5db01a87f3d2cf9fa044a,,,,,,527180124412444672
morph,withdraw_submit,27683591,1790925340000,0x876bbaed7e283e0eef248b73f89bccffdb08578a513a8af78bc1a3449e493353,,0x7bba5c881d62c578bf81147aeee6f19282730861,0xe7cd86e13ac4309349f30b3435a9d337750fc82d,102860000,,527180124412444672
morph,withdraw_final,27684275,1790926875000,0x1b82e101f940d448bd4c47a825855312a9e38edb5bcc01d36df476c26f33c21f,,,,,,527309798086017024
morph,withdraw_submit,27684519,1790927020000,0x87b80c2ad7d6da2375c4d7dc2adbec65537a4c21a62c0940934fbf8e6ff4793b,,0x853c9c8bd3c5d948b904a80e964433fd960befde,0xe7cd86e13ac4309349f30b3435a9d337750fc82d,10120000,,527309798086017024
morph,deposit,27685749,1790929029000,0x5af0cc70700b3f9818da51afb6a79edacd2939944ed9a7b8eca48237b1703054,0xa85a9a360f7246dad0d25c46388b555a761a3e88,0x5a0658d7683f91c0a08043e17fcea45b6646d053,0xe7cd86e13ac4309349f30b3435a9d337750fc82d,10090000,2184,
morph,deposit,27686024,1790929336000,0xe62e98da312b60095551cabdb18cb6a4ea7b7e6253a8070d2fc3d33b13dbbfc2,0xa1e6b0f9b8d49159a2af7137373453ad36866a64,0xa1e6b0f9b8d49159a2af7137373453ad36866a64,0xe7cd86e13ac4309349f30b3435a9d337750fc82d,4999981755,2184,
morph,withdraw_final,27686719,1790930782000,0x2a350952423f5dd507fb7359b3a8b6132610146928e800ad178dfab2ecec99b6,,,,,,527611029899706368
morph,deposit,27686870,1790930686000,0x3e4c1d340cb7425dc51c6b7e8c437528e00ed9f9fb8c35d234909ecf005c9740,0xa69fab6d25fc38bfa1da6d32ba0898fac19e4954,0xa69fab6d25fc38bfa1da6d32ba0898fac19e4954,0xe7cd86e13ac4309349f30b3435a9d337750fc82d,6330000,2184,
morph,withdraw_submit,27687002,1790930920000,0xa0b7c26f7f2d93c44dcd067127fa9ac8ceac7ba875d456a1bb1570cf2c4f672b,,0x03e239a84a93830040f8ec38f7e7700747c396eb,0xe7cd86e13ac4309349f30b3435a9d337750fc82d,6720000,,527611029899706368
morph,deposit,27687541,1790931834000,0xeea1cd54ee91531f851ccadc38f8ffcd87e279ab5a04dc76d298a16df0d039f5,0xf44630324bbf550f1d3b2346b4a61e32cae5c459,0xf44630324bbf550f1d3b2346b4a61e32cae5c459,0xe7cd86e13ac4309349f30b3435a9d337750fc82d,11140000,2184,
morph,deposit,27687931,1790932522000,0x9f08da4d448126f37aa89b9d46d46249eee526777eb666e8cdb104a9249e8302,0x00ad278490a899d9e530a1bae2a3956b1abe4568,0x00ad278490a899d9e530a1bae2a3956b1abe4568,0xe7cd86e13ac4309349f30b3435a9d337750fc82d,1000000,2184,
morph,withdraw_final,27687974,1790932894000,0x64a152c6c67fa24f6cdd9940a7d113a300312dbbaac552518b4fbb9550403638,,,,,,527774333146234880
morph,withdraw_submit,27688209,1790933020000,0xa74340f67aa0a0ae3a216f7c7e7784376919b37959e8fc702b45954afb3da47c,,0x63ae6be9bd9017e7fa334cb399c3ac874ba786b3,0xe7cd86e13ac4309349f30b3435a9d337750fc82d,1357000000,,527774333146234880
morph,withdraw_final,27688478,1790933786000,0x7cb52942fe755c5a46399abb55a1349e35a2829f6cd304498d6003b1a3ab5a3c,,,,,,527843507881115648
morph,withdraw_submit,27688718,1790933920000,0xafb13e7949d9728b3d00404197699ff42fd4efdc95f539bb4861bfb3c40e9336,,0xf44630324bbf550f1d3b2346b4a61e32cae5c459,0xe7cd86e13ac4309349f30b3435a9d337750fc82d,7460000,,527843507881115648
morph,deposit,27689092,1790934601000,0x64cb7131cddf92721f6e7f2239efa4a05bd87a3a3f5dd4acf3cc855fcc947e19,0xea2fa02a19e8745fcd494816751788136eeec591,0xea2fa02a19e8745fcd494816751788136eeec591,0xe7cd86e13ac4309349f30b3435a9d337750fc82d,500000000,2184,
morph,deposit,27689258,1790934897000,0x16c8efb164dc1d6a65875a233e0ee1a348dd51ea6e87f734893c9e7c85087960,0x46255cb1a0ac60673eafdaeb8daa3064073e9e97,0x2ad8704ca125910628fd5d9d5b67b84fecd557bb,0xe7cd86e13ac4309349f30b3435a9d337750fc82d,3000000,2184,
morph,deposit,27690173,1790936544000,0x6938d74f3b34c1510f50e4b8409b0098f3717d8d1f36b8a04a06b4041469d59e,0xbb48553d0c9470eb429ba35acd350c4c242ee902,0xbb48553d0c9470eb429ba35acd350c4c242ee902,0xe7cd86e13ac4309349f30b3435a9d337750fc82d,2000000,2184,
morph,withdraw_final,27690213,1790936908000,0x3facf7a358c1a841e29228e86f49b87c10c5494a3cea8a6ed7a5c3574d7eb81f,,,,,,528084936586952704
morph,deposit,27690287,1790936734000,0x2cf214f5c2636a2fd99a0b15ac2832c46f7b0c444ccd173ca106d767c405b42d,0x802fac100eb059d0353637eeeadaf4c3a7a3c504,0x802fac100eb059d0353637eeeadaf4c3a7a3c504,0xe7cd86e13ac4309349f30b3435a9d337750fc82d,4290000,2184,
morph,deposit,27690389,1790936900000,0xfb8339d067c71b6d1d37d66c8e40ddbed62bc5bab755ce961513abb81ad5d41e,0x8db910b9e0c2d33145a11ee3f95819a1b22e7a8f,0x8db910b9e0c2d33145a11ee3f95819a1b22e7a8f,0xe7cd86e13ac4309349f30b3435a9d337750fc82d,24990000,2184,
morph,withdraw_submit,27690473,1790937041000,0xcff01f74d2ed9a9c42093fc607c2c75623ba68ad4bb582142d960f04a21ba1a0,,0xbb48553d0c9470eb429ba35acd350c4c242ee902,0xe7cd86e13ac4309349f30b3435a9d337750fc82d,1000000,,528084936586952704
morph,deposit,27691151,1790938238000,0x54571c8eb90b142d4d40454d4f88ca30b1eacc537ad123ff9c813496fee8c72a,0xe67c7d5c5c66ab092bbaa69c8ea63ed2d6720b37,0xe67c7d5c5c66ab092bbaa69c8ea63ed2d6720b37,0xe7cd86e13ac4309349f30b3435a9d337750fc82d,14060000,2184,
morph,withdraw_final,27691221,1790938660000,0x7a09cf3c2fbaeb9def21b12862ca4c97feaf189b195f82e22af13dd571a69341,,,,,,528220348336832546
morph,withdraw_submit,27691476,1790938780000,0x1a045fd429904806e27e00f6d95b9e4cabe8b627d002f8eb5189e08a06259f0e,,0x8db910b9e0c2d33145a11ee3f95819a1b22e7a8f,0xe7cd86e13ac4309349f30b3435a9d337750fc82d,14000000,,528220348336832546
morph,deposit,27691995,1790939656000,0x36832148af2c562d12d8a2fa1163226626f24f3df90c2891ec85e88779c2bca8,0x82e382344e7fae555ca41f804c8f66a8308d8b6b,0x82e382344e7fae555ca41f804c8f66a8308d8b6b,0xe7cd86e13ac4309349f30b3435a9d337750fc82d,1270000,2184,
morph,deposit,27692101,1790939844000,0x011684f64213cb38fedc9713ac902c21315fe119e130ce075bce7f62d31cdd18,0x82e382344e7fae555ca41f804c8f66a8308d8b6b,0x82e382344e7fae555ca41f804c8f66a8308d8b6b,0xe7cd86e13ac4309349f30b3435a9d337750fc82d,1120000,2184,
morph,deposit,27692805,1790941123000,0xc8c22ce5e4a2917c8e47aaf14d2ccbf9b268393bf758ef435078783b2b4bdfb8,0x3c35f0a18d27d53b1bb29ed409c61bf18e63322e,0x3c35f0a18d27d53b1bb29ed409c61bf18e63322e,0xe7cd86e13ac4309349f30b3435a9d337750fc82d,5050000,2184,
morph,deposit,27693572,1790942436000,0x0f92b4d7b6e00ca1b4118d2a0dbc51de8c7664a5ad91b5eea2d98595ad147750,0x6f473223359aa48b6ff0600160a77ab6103fff7e,0x6f473223359aa48b6ff0600160a77ab6103fff7e,0xe7cd86e13ac4309349f30b3435a9d337750fc82d,10000000,2184,
morph,deposit,27693893,1790942985000,0xc9bb5b384b8fd5e2ebb2c2c1a8300d04dd40fddaf456c218775a2598d60cb1ec,0xe6a0dd4d970e03d82767140a80778abc2f26c5bd,0xe6a0dd4d970e03d82767140a80778abc2f26c5bd,0xe7cd86e13ac4309349f30b3435a9d337750fc82d,14179389,2184,
morph,deposit,27694272,1790943615000,0x8c1c6fa42848df09c5af82c8d8ce91c6ba46dd78a09698d57072ad3752a67794,0xcaa96699640095dfa47ffd2543d92e0f3ca6d1a2,0xcaa96699640095dfa47ffd2543d92e0f3ca6d1a2,0xe7cd86e13ac4309349f30b3435a9d337750fc82d,14919124,2184,
morph,deposit,27696352,1790946786000,0xe8b52d44677bbd1512db9569de578cad3d87246a2b0226b4dcddfd56f1572cd8,0x7084d61bf18361c33ae4d256ab3c0de7048db0df,0x7084d61bf18361c33ae4d256ab3c0de7048db0df,0xe7cd86e13ac4309349f30b3435a9d337750fc82d,2630000,2184,
morph,withdraw_final,27696753,1790947755000,0x5b39494d255d9bcbbe21ae8e5b5beef4f19202a44624f5e3c5fca72687e5d979,,,,,,528922412276776960
morph,deposit,27696846,1790947622000,0x9a0fa06bb5b42152aaa5ad0685bf26cfc52e3212c4aabab3f8fd54a77be17733,0x4146ecfe7998fcb7ff40af8f7ab099f0ed6efc18,0x4146ecfe7998fcb7ff40af8f7ab099f0ed6efc18,0xe7cd86e13ac4309349f30b3435a9d337750fc82d,30430000,2184,
morph,withdraw_submit,27697018,1790947900000,0x9bf41d7d077e160935c4bc72aa3cd8f552c3bd3c90f106274a2cd450d946dd9d,,0x3c35f0a18d27d53b1bb29ed409c61bf18e63322e,0xe7cd86e13ac4309349f30b3435a9d337750fc82d,2870000,,528922412276776960
morph,deposit,27697426,1790948494000,0x0e3cea1482c3f0afdcd48c4833b628c1f38771a2eaf85fc04bc3446333a3de4c,0x3c35f0a18d27d53b1bb29ed409c61bf18e63322e,0x3c35f0a18d27d53b1bb29ed409c61bf18e63322e,0xe7cd86e13ac4309349f30b3435a9d337750fc82d,2850000,2184,
morph,deposit,27697888,1790949220000,0x6f38703726047e2d389a8ce796ebb35b41374aecdeb240253fb724559cf30a28,0xf44630324bbf550f1d3b2346b4a61e32cae5c459,0xf44630324bbf550f1d3b2346b4a61e32cae5c459,0xe7cd86e13ac4309349f30b3435a9d337750fc82d,1950000,2184,
morph,deposit,27698433,1790950046000,0x0a872f1d69fe8c13d61b49b7bed5202d51f1d92af293a9b5a0d07fe1a54fb18c,0xc74fd1ee761cdb4999b13ea0add15bc01bd125cc,0xc74fd1ee761cdb4999b13ea0add15bc01bd125cc,0xe7cd86e13ac4309349f30b3435a9d337750fc82d,2230000,2184,
morph,deposit,27699266,1790951401000,0xa5d0d7b8095c12151d564d5b66c2347228b2ead6aa975676f16985c003bfd287,0x916817bd5c7064f53b364c0765873292bcd79bd5,0x916817bd5c7064f53b364c0765873292bcd79bd5,0xe7cd86e13ac4309349f30b3435a9d337750fc82d,100000000,2184,
morph,withdraw_final,27700511,1790953390000,0xfaab202bd674e3ebddecada0b384a8e81696aba0aa52c04400aa1c35b639be36,,,,,,529353798783598593
morph,withdraw_final,27700685,1790953656000,0x0741d7501b2193bd74aa5ae4a082772849f44e50791228f5e32204d32340f307,,,,,,529374294367535104
morph,withdraw_submit,27700808,1790953540000,0x9790bf1599e669d4d8e5390c19eaea973298fdd8e65ac3af5e1f283b69af8d3e,,0xeb820a2f7edf7a6e13a31c4b9e3c0f736b2939cc,0xe7cd86e13ac4309349f30b3435a9d337750fc82d,499000000,,529353798783598593
morph,withdraw_submit,27700974,1790953779000,0x1e0714d05c645f141021a99d5682d4416acdd7956ac2ee014241350e8ff8d21c,,0xa1e6b0f9b8d49159a2af7137373453ad36866a64,0xe7cd86e13ac4309349f30b3435a9d337750fc82d,5557930000,,529374294367535104
morph,deposit,27700987,1790953798000,0xcecbfa8790952cf0a934e440c9fd874d59bc3ba4edbde5dde09ec9ffc0c50bd6,0x616ba9cc071f2718df9889b6b2d8622e050b8120,0x616ba9cc071f2718df9889b6b2d8622e050b8120,0xe7cd86e13ac4309349f30b3435a9d337750fc82d,1340000,2184,
morph,deposit,27701180,1790954100000,0x00a4e38799d8ba508d848bb23ca9ed4fe928a683afa406e2207a7487321e298c,0x206ad04babaf8615030f05e5c364d844a8ac7519,0x206ad04babaf8615030f05e5c364d844a8ac7519,0xe7cd86e13ac4309349f30b3435a9d337750fc82d,23960000,2184,
morph,deposit,27701389,1790954404000,0xf9fc14cb7ed1920d1754e93be4acad22d3995fb56978cf664b6e37c36e73bb64,0xfdf0d74b04ee66a66fcb13e9794f796bd8a27ad9,0xfdf0d74b04ee66a66fcb13e9794f796bd8a27ad9,0xe7cd86e13ac4309349f30b3435a9d337750fc82d,191730000,2184,
morph,deposit,27701537,1790954624000,0xa4889217b5aa89db5cd511dcbcf6d0096e0220cadf7ab0daf2ba77c3f075f888,0x6b42767b2eccc38d1e266373d828b9c27daeede1,0x6b42767b2eccc38d1e266373d828b9c27daeede1,0xe7cd86e13ac4309349f30b3435a9d337750fc82d,53310000,2184,
morph,deposit,27702034,1790955394000,0x44c0378ac6a04756ed816222d8ede22807f19184259af2c42261d578c598a051,0x916817bd5c7064f53b364c0765873292bcd79bd5,0x916817bd5c7064f53b364c0765873292bcd79bd5,0xe7cd86e13ac4309349f30b3435a9d337750fc82d,250000000,2184,
morph,withdraw_final,27702137,1790955860000,0x1b6c90b4f5496fd3c786796b4208c25a7e06e97e83d98d54ccf22bbac8e5388a,,,,,,529542966314795008
morph,deposit,27702158,1790955594000,0x93c6e6852b8976f646fe9fec69416da9c39744868588f7e3bce56519a807e3d1,0x616ba9cc071f2718df9889b6b2d8622e050b8120,0x616ba9cc071f2718df9889b6b2d8622e050b8120,0xe7cd86e13ac4309349f30b3435a9d337750fc82d,8080000,2184,
morph,withdraw_submit,27702446,1790956000000,0x9bb99f338436e80c62d0a04ed4a705a7caf2e2fc790758e5c49197b348a90bf5,,0xcaa96699640095dfa47ffd2543d92e0f3ca6d1a2,0xe7cd86e13ac4309349f30b3435a9d337750fc82d,13910000,,529542966314795008
morph,deposit,27703156,1790957104000,0xa196d00076818c79362be0929860ed01c6be91bb31f70b0cf14e10169dcbac01,0xa957ddcaa8340502e6ca2576f654d41de7c9bd21,0xa957ddcaa8340502e6ca2576f654d41de7c9bd21,0xe7cd86e13ac4309349f30b3435a9d337750fc82d,31949620000,2184,
morph,deposit,27703435,1790957554000,0xa851b5a4d3facbfb62e56ffdca0dd254e97322487cda0f56514b3ddd086137a8,0x0035a393c6e1c87c7bbd0db331f500b4a757a29c,0x0035a393c6e1c87c7bbd0db331f500b4a757a29c,0xe7cd86e13ac4309349f30b3435a9d337750fc82d,5590000,2184,
morph,deposit,27703827,1790958143000,0xb6810dd427cc6e65d566062bb6613cbf085eeb51c92f85137e1121514ff72b52,0xbb48553d0c9470eb429ba35acd350c4c242ee902,0xbb48553d0c9470eb429ba35acd350c4c242ee902,0xe7cd86e13ac4309349f30b3435a9d337750fc82d,2000000,2184,
morph,withdraw_final,27703871,1790958515000,0x9604c24f1144e6ebcc62621205d99a1f0e76e6cfc366968a287b2ad0837c9274,,,,,,529746427505541120
morph,deposit,27703951,1790958326000,0xfc520c09473cb5db3ae0396414b2cb8c7cd104be3391d9b10f08fa4ca2929250,0xe9c5e1f39cb5e0dd7f4767c8ab7eb36344f9fa8f,0xe9c5e1f39cb5e0dd7f4767c8ab7eb36344f9fa8f,0xe7cd86e13ac4309349f30b3435a9d337750fc82d,1000000,2184,
morph,withdraw_submit,27704144,1790958639000,0x54f799e51e7563e98cf01b53b020a6adcbdc05e233006e8ddf7726b32cd443cd,,0xbb48553d0c9470eb429ba35acd350c4c242ee902,0xe7cd86e13ac4309349f30b3435a9d337750fc82d,1000000,,529746427505541120
morph,deposit,27705201,1790960470000,0xf5d550f3021a2e30331ef598afffbd5caef161a5405913894e010d2da6eb0a79,0x0baa9ee845430fd918ac9bc079a30637f5e63cae,0x0baa9ee845430fd918ac9bc079a30637f5e63cae,0xe7cd86e13ac4309349f30b3435a9d337750fc82d,2440000,2184,
morph,deposit,27705472,1790960941000,0x4340855e5e8c1ccd2d5172f3d9f37654a71f3ceca756f2c1b59039001ff24b4e,0x7c7f0d5933b79741f389664222146f18c21a889a,0x7c7f0d5933b79741f389664222146f18c21a889a,0xe7cd86e13ac4309349f30b3435a9d337750fc82d,10540000,2184,
morph,deposit,27705737,1790961370000,0x39de935bec615ba5b53a32fbaae7ccf94b5ebfa45514736aa922e5dc3046c357,0x71a8532314e17ad733b057a846643b77d2d2dc42,0x71a8532314e17ad733b057a846643b77d2d2dc42,0xe7cd86e13ac4309349f30b3435a9d337750fc82d,209480000,2184,
morph,withdraw_final,27706272,1790962588000,0x4fb3c737c6d57acf8d50ef2dab4af6375d2fe17002b3d7b98ceec3a2cd8365b3,,,,,,530060922190823426
morph,withdraw_submit,27706519,1790962720000,0x5c9d3a0425372a566a20cdf3a24650ac625fbce30f075409f79bc462d68c342f,,0x7c7f0d5933b79741f389664222146f18c21a889a,0xe7cd86e13ac4309349f30b3435a9d337750fc82d,9000000,,530060922190823426
morph,deposit,27706594,1790962852000,0xb8143dc5a5c369bf924b8986bd7029ac7d63cfccff7bc385c0cefd4c915f05c9,0x89b93b397c85ec0300ad9b04ddb5db13d6f2f812,0x89b93b397c85ec0300ad9b04ddb5db13d6f2f812,0xe7cd86e13ac4309349f30b3435a9d337750fc82d,2190000,2184,
morph,deposit,27706904,1790963401000,0x167fe3cec9d037570c4e265b90e1d752a334cd572423a991827cc66f05fa8cb5,0x802fac100eb059d0353637eeeadaf4c3a7a3c504,0x802fac100eb059d0353637eeeadaf4c3a7a3c504,0xe7cd86e13ac4309349f30b3435a9d337750fc82d,1350000,2184,
morph,deposit,27706950,1790963474000,0x219518ddb004c6e36deaddf9ceac4b7191443616610ec47ddbc8d8c858d4800b,0xeb754e75ce5251f75c72e1bd289324c474aba27e,0xeb754e75ce5251f75c72e1bd289324c474aba27e,0xe7cd86e13ac4309349f30b3435a9d337750fc82d,2350000,2184,
morph,withdraw_final,27707378,1790964553000,0xb51ba44c43d9075d73102b3308ea61fe9f9374dccbdfe5655c47ba10dbe50fa0,,,,,,530212732100673536
morph,withdraw_submit,27707624,1790964701000,0x77b27dca61c66e8e42645b8a747b8f7ae5127e4f5713f2f837100f02d966efb9,,0x6b42767b2eccc38d1e266373d828b9c27daeede1,0xe7cd86e13ac4309349f30b3435a9d337750fc82d,9410000,,530212732100673536
morph,withdraw_final,27708195,1790966022000,0x707c4799c52724aef1f6a39f24dc9ff23e49337ab651bd9c14f8f0c9215b28bf,,,,,,530325638205145088
morph,withdraw_submit,27708425,1790966140000,0x1caacd6faf822500e16535df35d01c264f1397dac4d439d5ad5693ed88a70b78,,0x71a8532314e17ad733b057a846643b77d2d2dc42,0xe7cd86e13ac4309349f30b3435a9d337750fc82d,349600000,,530325638205145088
morph,withdraw_final,27708845,1790966969000,0x92af8088142fcdf83961cc12a10257faf8b8c0c60be619dbbf8e1eb98d693000,,,,,,530398472252162048
morph,deposit,27709050,1790967018000,0xacca3b30261b901f3193cf5be9c9751f983b0c710238f741a2333730552a1fc7,0x1f48a265a566db3d7ce819fa0b97813485bf0b08,0x1f48a265a566db3d7ce819fa0b97813485bf0b08,0xe7cd86e13ac4309349f30b3435a9d337750fc82d,9840000,2184,
morph,withdraw_submit,27709106,1790967100000,0x5b7ff79959609ac02ccde289ad411a25b16533d6aa7caf8ee5885efbb93e596e,,0xfd70f624491af7d0def460c7054b1b9d4a1e2be0,0xe7cd86e13ac4309349f30b3435a9d337750fc82d,449730000,,530398472252162048
morph,deposit,27709440,1790967645000,0x1237541f72e8bf92baa4fa23fa8acffaf175cdec5bdd2ca382d39e22191aaae0,0x523675cd06d917805476d725ba3db9ac0231d663,0x523675cd06d917805476d725ba3db9ac0231d663,0xe7cd86e13ac4309349f30b3435a9d337750fc82d,33668705,2184,
morph,withdraw_final,27709865,1790968691000,0xe6be8c3e123cec311c592ca9f13c0a0229248b8ec25a13567a61c33ec98d3098,,,,,,530531779447095296
morph,withdraw_submit,27710144,1790968840000,0x7037c4c1111c986dc23191f5e0e79883b632cb69732211c2cc58345efc7efe69,,0x1f48a265a566db3d7ce819fa0b97813485bf0b08,0xe7cd86e13ac4309349f30b3435a9d337750fc82d,8840000,,530531779447095296
morph,deposit,27710904,1790970168000,0x2254c80342f7837420f5f5c593381103331436658ab68d418eaf0e9b71c2ddc2,0x88f12fca04478cc0d62921309fcd194bffb87e56,0x88f12fca04478cc0d62921309fcd194bffb87e56,0xe7cd86e13ac4309349f30b3435a9d337750fc82d,5470000,2184,
morph,withdraw_final,27712033,1790972336000,0x8272bddd0c571836880163969c8664aaaa7eba761c6c1ed4a313a775284e3d7b,,,,,,530813469184753664
morph,withdraw_submit,27712283,1790972500000,0x5cd2a7be7717e601e519f80f649268888383a02b4f504850cbe7db26212ef954,,0x03e239a84a93830040f8ec38f7e7700747c396eb,0xe7cd86e13ac4309349f30b3435a9d337750fc82d,12970000,,530813469184753664
morph,deposit,27712613,1790973094000,0x06816c98b979cdb77ee3640890e7e2a0deffdff5b9c0b55ec2364bedea5b17d9,0x8ae3b979566db36814cb8fbe1ba1aad0bf98101f,0x8ae3b979566db36814cb8fbe1ba1aad0bf98101f,0xe7cd86e13ac4309349f30b3435a9d337750fc82d,300000000,2184,
morph,deposit,27712646,1790973152000,0xf3d16164155a2916bd7ad2ef28a29a34e0833d4aa770128c537a5236f6e3d781,0xbffc9b47b5ac480a50cfcbcf53e0486f6d32cc5c,0xbffc9b47b5ac480a50cfcbcf53e0486f6d32cc5c,0xe7cd86e13ac4309349f30b3435a9d337750fc82d,100000000,2184,
morph,withdraw_final,27712954,1790973968000,0x05af9789b2a0f494c35ae8d9ec956568450043e5fa684b3c0209292b26848914,,,,,,530939346090459136
morph,withdraw_submit,27713219,1790974120000,0x1e09da78bf5936f7139642304774d49dab26f50cbdcb86ad1ed3f91e49380fdb,,0xbca7fb3f787c1c22dedfe83468c930e4a2303aa4,0xe7cd86e13ac4309349f30b3435a9d337750fc82d,109640000,,530939346090459136
morph,deposit,27713523,1790974646000,0xa498f641599ce8f588ab6d82e703b4dcde87e8f8d87ba84261bc59ff9fc3a609,0xf6b2f03e223a74d8a0933959cac7e1a84263168f,0xf6b2f03e223a74d8a0933959cac7e1a84263168f,0xe7cd86e13ac4309349f30b3435a9d337750fc82d,12360000,2184,
morph,deposit,27713730,1790975000000,0xd4c6cc676e59ad0931aada918c550b79fc4a3c5a35f4a262dfb44b30ab333364,0x80e0c6ca13198e58486cf1c0a979245d1519c743,0x80e0c6ca13198e58486cf1c0a979245d1519c743,0xe7cd86e13ac4309349f30b3435a9d337750fc82d,43880000,2184,
morph,deposit,27713958,1790975436000,0x56adb5a29db763f24d1bfce9bf67c2aa0cb7df89a66ea0007a12676208d6c741,0xf87e9d40fda53d85187a01dad4dc12459dcbbb25,0xf87e9d40fda53d85187a01dad4dc12459dcbbb25,0xe7cd86e13ac4309349f30b3435a9d337750fc82d,35900000,2184,
morph,withdraw_final,27715279,1790978142000,0xae685a2f2b388631f1d65d9c7015479acd08690b92aaf3e03f8517e67321a449,,,,,,531261734921437184
morph,withdraw_submit,27715527,1790978260000,0x3cff5c083280a592caa88b69996631c5c18e7b44762a4369ece396de8a008361,,0x8a8291d7ea4a9db271eed3f454f202fb487cb4a3,0xe7cd86e13ac4309349f30b3435a9d337750fc82d,257670000,,531261734921437184
morph,deposit,27716289,1790979670000,0xde038ab36a50050b12d57fdccd340d319742fe45616a54c729dbe0a051bdbf05,0x523675cd06d917805476d725ba3db9ac0231d663,0x523675cd06d917805476d725ba3db9ac0231d663,0xe7cd86e13ac4309349f30b3435a9d337750fc82d,32180000,2184,
morph,deposit,27716331,1790979745000,0x4c7b3e7b6e8f3f7903e18e52d2ad9b2ab608dacb35bf03347ce1fc3ec6243c05,0xbb48553d0c9470eb429ba35acd350c4c242ee902,0xbb48553d0c9470eb429ba35acd350c4c242ee902,0xe7cd86e13ac4309349f30b3435a9d337750fc82d,2000000,2184,
morph,withdraw_final,27716371,1790980110000,0xffd894a0f6ae90638037fc4a74bf7ce9b2f6179abc12723e81fdef4adc260748,,,,,,531413665090371584
morph,withdraw_final,27716549,1790980425000,0xe0a8ab657c67cd5a6e27b3e9f441b362ca180243bf2d720d95bfd623e4609465,,,,,,531437940258111488
morph,deposit,27716568,1790980158000,0xa2f5e2090f2cb5857b2119d0b94a5f4299d372a74f24e8d6e9fa588603317701,0x8ae3b979566db36814cb8fbe1ba1aad0bf98101f,0x8ae3b979566db36814cb8fbe1ba1aad0bf98101f,0xe7cd86e13ac4309349f30b3435a9d337750fc82d,2363920000,2184,
morph,withdraw_submit,27716612,1790980240000,0x6b541f880f12666793efafcd072e1f29c99619eb4759ca88d76f2dce304ae541,,0xbb48553d0c9470eb429ba35acd350c4c242ee902,0xe7cd86e13ac4309349f30b3435a9d337750fc82d,1000000,,531413665090371584
morph,deposit,27716700,1790980402000,0x22ece5dd61f7ad1dc1cd115b9916cd1f9be1a0f4d298da56c12a3c42fa8d743b,0xd55526535583f8088e5ca506841aee774e72b3aa,0xd55526535583f8088e5ca506841aee774e72b3aa,0xe7cd86e13ac4309349f30b3435a9d337750fc82d,1620000,2184,
morph,withdraw_submit,27716808,1790980600000,0xf6abb0ef2ce07a5da94925b9828d4a8f9ac6cdcd01e7ffecb68b13a596be0dea,,0x916817bd5c7064f53b364c0765873292bcd79bd5,0xe7cd86e13ac4309349f30b3435a9d337750fc82d,128020000,,531437940258111488
morph,deposit,27716926,1790980809000,0xd3ceca921fab24eaa112abf7bae788f54f19bdddbaee4dca164e02c05808dda5,0x916817bd5c7064f53b364c0765873292bcd79bd5,0x916817bd5c7064f53b364c0765873292bcd79bd5,0xe7cd86e13ac4309349f30b3435a9d337750fc82d,120000000,2184,
morph,deposit,27717031,1790981000000,0xddb44168ac7f6f37d4d84304e62f061e088a905fd5be69cb75cc911a64ea0d6a,0x916817bd5c7064f53b364c0765873292bcd79bd5,0x916817bd5c7064f53b364c0765873292bcd79bd5,0xe7cd86e13ac4309349f30b3435a9d337750fc82d,16000000000,2184,
morph,deposit,27717090,1790981106000,0x19343df73e2cfc6aa361b0a39b043126dc5983d5bfa2f12905bcaba9e1651af9,0x8a8291d7ea4a9db271eed3f454f202fb487cb4a3,0x8a8291d7ea4a9db271eed3f454f202fb487cb4a3,0xe7cd86e13ac4309349f30b3435a9d337750fc82d,228380000,2184,
morph,deposit,27717137,1790981193000,0x2822beb50e75c550c78b12a9e0128e01574fccac9419f30f57646788aaeec75f,0x8a8291d7ea4a9db271eed3f454f202fb487cb4a3,0x8a8291d7ea4a9db271eed3f454f202fb487cb4a3,0xe7cd86e13ac4309349f30b3435a9d337750fc82d,257670000,2184,
morph,deposit,27717686,1790982210000,0x17d5dac027f53adb7a38894a859e30af286145e231c9b3935e7f87f1adad3571,0x916817bd5c7064f53b364c0765873292bcd79bd5,0x916817bd5c7064f53b364c0765873292bcd79bd5,0xe7cd86e13ac4309349f30b3435a9d337750fc82d,1880000000,2184,
morph,withdraw_final,27719832,1790986501000,0x50c43209a65b5b59f03ea976d41935d80d89a4f34f5a2f44be13d666b86cd2d0,,,,,,531905894129074176
morph,withdraw_submit,27720082,1790986659000,0x3e7f4185c2029a973d88aee98858b42f77541b5b8617aca121c097bf19e2eae6,,0xa1bcc7313a0ac54a9f47ffda61a8cb8bae0f43fe,0xe7cd86e13ac4309349f30b3435a9d337750fc82d,3490000,,531905894129074176
morph,deposit,27721115,1790988538000,0xc548e61bde9f672f47694288d529a24bc8dbeb5d61d0ded1607eeea862ef34d2,0x439d5b4c757c385e0ef821af0af7ff45d6553d22,0x439d5b4c757c385e0ef821af0af7ff45d6553d22,0xe7cd86e13ac4309349f30b3435a9d337750fc82d,4000000,2184,
morph,deposit,27721219,1790988706000,0x3b1104125f6c4e0e3fac843d0cf6c364bb3365c7b9237a236e98301e39f3eadf,0x02c3fc30540051b2ce92369a07d047b5dcd0930a,0x02c3fc30540051b2ce92369a07d047b5dcd0930a,0xe7cd86e13ac4309349f30b3435a9d337750fc82d,16529858,2184,
morph,withdraw_final,27721656,1790989794000,0xbc6db2fa25da53ed8a0db95d543f176e735c52d21b2ceb51d29048234892bac2,,,,,,532160319397560320
morph,withdraw_submit,27721937,1790989960000,0x9720996a40e77fedbe5173d649251a1f413310472cd600d106102e1adf3fe0c8,,0xf87e9d40fda53d85187a01dad4dc12459dcbbb25,0xe7cd86e13ac4309349f30b3435a9d337750fc82d,44890000,,532160319397560320
morph,deposit,27721979,1790990031000,0x8e7312b93c184bafd72e5c0902bfeffd188dda69a38c469450df48bce8092297,0x5a0658d7683f91c0a08043e17fcea45b6646d053,0x5a0658d7683f91c0a08043e17fcea45b6646d053,0xe7cd86e13ac4309349f30b3435a9d337750fc82d,10000000,2184,
morph,withdraw_final,27722305,1790990905000,0x9167e446be968e1b2f0dbfb4d1bc887d7fe9b3aff342a2562743f5ca93700483,,,,,,532246064133046293
morph,withdraw_final,27722432,1790991138000,0x0b63333d27bf94f54dba30c03ce6b92f603915c73b3ee7e12c6f49902029675d,,,,,,532263982728216577
morph,withdraw_submit,27722540,1790991040000,0xb7678e756c69142c3992415e9d4e56348d4d9cea35062a0881c6ac3c94973f21,,0x8ae3b979566db36814cb8fbe1ba1aad0bf98101f,0xe7cd86e13ac4309349f30b3435a9d337750fc82d,1217580000,,532246064133046293
morph,withdraw_submit,27722668,1790991280000,0x4bd4eec6ec8e41e9b12aec814d02ce0e581d3b8e90d444356921e4dd630a8784,,0x916817bd5c7064f53b364c0765873292bcd79bd5,0xe7cd86e13ac4309349f30b3435a9d337750fc82d,8799000000,,532263982728216577
morph,deposit,27723185,1790992239000,0x9c343bb3ce576f7f37b1d0b4b9f80ca616e561306ca27f58f163d414b4ee4f03,0x916817bd5c7064f53b364c0765873292bcd79bd5,0x916817bd5c7064f53b364c0765873292bcd79bd5,0xe7cd86e13ac4309349f30b3435a9d337750fc82d,8000000000,2184,
morph,deposit,27723272,1790992404000,0x8c05a6a1c27730facab27de5efdd753d954ba6731f46ef4c332b4746abdb74e5,0x916817bd5c7064f53b364c0765873292bcd79bd5,0x916817bd5c7064f53b364c0765873292bcd79bd5,0xe7cd86e13ac4309349f30b3435a9d337750fc82d,840000000,2184,
morph,deposit,27723594,1790993000000,0x071e99ed78f090408dfbe62b2e86aed1e8bbbe75f7b5b46287df4ee10afdb002,0x4ae75a6065e8ae5d65b7b3160cfe2dae26f1969d,0x4ae75a6065e8ae5d65b7b3160cfe2dae26f1969d,0xe7cd86e13ac4309349f30b3435a9d337750fc82d,5640000,2184,
morph,deposit,27723944,1790993634000,0x4b21cfd876cb0cc7eda119c595006ab8d5d69552417ba28d4596681f65ec94b3,0x8ae3b979566db36814cb8fbe1ba1aad0bf98101f,0x8ae3b979566db36814cb8fbe1ba1aad0bf98101f,0xe7cd86e13ac4309349f30b3435a9d337750fc82d,450450000,2184,
morph,withdraw_final,27725346,1790996393000,0xf66f383664e1ad0003dab31e123292397bff9020fe1153cf44c621764f591915,,,,,,532667443353485312
morph,withdraw_submit,27725598,1790996559000,0x40cc573e5cb3195697d0d8d3c5dbf490ebc16eaf45d1cae7e4ee251680bfe364,,0xbc925462448fc42f7b66c9fefa00064802b6e23a,0xe7cd86e13ac4309349f30b3435a9d337750fc82d,500000000,,532667443353485312
morph,deposit,27726788,1790998798000,0x204104d92801bf7cbc6b103c2d9394a63823456b729f2075ca7eb747e47e1f8e,0x7dfafd6e477eebf5b0cdbaca63a2db87c8434b0f,0x7dfafd6e477eebf5b0cdbaca63a2db87c8434b0f,0xe7cd86e13ac4309349f30b3435a9d337750fc82d,233020000,2184,
morph,withdraw_final,27727259,1790999874000,0xf344f4c5c06084bcd43664ea67902a961b28d8a7a2a58ad75ad03730001eeddb,,,,,,532934186588176384
morph,withdraw_submit,27727509,1791000040000,0x2e891e2c6769b7c2e5df6c83ba97fc79e8ade1323782f3411980589ad9d8aa7c,,0x028616896009ed81111d5be075c73f46894e39f9,0xe7cd86e13ac4309349f30b3435a9d337750fc82d,17830000,,532934186588176384
morph,deposit,27727990,1791000934000,0x1823d692ea67c3aa29c20111f139fc3d3f513c3a7992df61a3426707301f9936,0xd654a55d874e5bffad3305640349f89852db84ed,0xd654a55d874e5bffad3305640349f89852db84ed,0xe7cd86e13ac4309349f30b3435a9d337750fc82d,1310000,2184,
morph,deposit,27728108,1791001148000,0x18bf1f7c5ce547d74dc4b5862303783e7b68aef21ffa6c88d1fac4255d03f691,0xd6d34a5e49af1b0c8b402a55d9d54ac53cee09e7,0xd6d34a5e49af1b0c8b402a55d9d54ac53cee09e7,0xe7cd86e13ac4309349f30b3435a9d337750fc82d,100000000,2184,
morph,deposit,27728215,1791001344000,0x464b6c3d2b6126d8bdf557784ae5a10ebd4cfb433c4d784e407b0230d729a88f,0xbb48553d0c9470eb429ba35acd350c4c242ee902,0xbb48553d0c9470eb429ba35acd350c4c242ee902,0xe7cd86e13ac4309349f30b3435a9d337750fc82d,2000000,2184,
morph,deposit,27728217,1791001347000,0x0b958c0caa888220c5c8bb47611222c85966f19e8b0502826dc481bdfef5162b,0xdada5b03cf189c364fb912d1130d2d2300ec9d48,0x5ba7be25e471dadffcb4effdcc0dd006408b83fe,0xe7cd86e13ac4309349f30b3435a9d337750fc82d,2000000,2184,
morph,withdraw_final,27728258,1791001724000,0xea798481dbd65017801ce7da64b185c512b952af41e28766c4919a60c30dd5bb,,,,,,533076143851438080
morph,deposit,27728279,1791001462000,0x39005cbe81be88dedd01feb52494f9d1efe25385e2a1368c93e1e7a2a5172ff9,0x9ff7c473882030c6f8ca70e13ba99941c1c82a6d,0x9ff7c473882030c6f8ca70e13ba99941c1c82a6d,0xe7cd86e13ac4309349f30b3435a9d337750fc82d,1610000,2184,
morph,deposit,27728290,1791001479000,0x06dfb882397fd57b8b44bc72f140afde1e13653f19b0f54a60b1fd0b4169f72b,0xdada5b03cf189c364fb912d1130d2d2300ec9d48,0x5ba7be25e471dadffcb4effdcc0dd006408b83fe,0xe7cd86e13ac4309349f30b3435a9d337750fc82d,1992841947,2184,
morph,deposit,27728293,1791001482000,0x4e00da7fcbeadd73307094682c623d79cb28fe7c84280def3d199d8098c92ffa,0x9ff7c473882030c6f8ca70e13ba99941c1c82a6d,0x9ff7c473882030c6f8ca70e13ba99941c1c82a6d,0xe7cd86e13ac4309349f30b3435a9d337750fc82d,7650000,2184,
morph,withdraw_submit,27728485,1791001840000,0x95419d13bdd69181e3c37c875c5c91f725787e4006b78aeeef472b09023ffae2,,0xbb48553d0c9470eb429ba35acd350c4c242ee902,0xe7cd86e13ac4309349f30b3435a9d337750fc82d,1000000,,533076143851438080
morph,withdraw_final,27728912,1791002863000,0xf0f8c0dcf12d70842a5f89823d19a96ed1e46349d89a73cf64000dda881f7fa1,,,,,,533164302371127322
morph,withdraw_submit,27729142,1791002980000,0x464f78d043590a2cf1625f78a3bd88e8e0b4b0329873fdfcb49cf7c99b1ab45e,,0xd6d34a5e49af1b0c8b402a55d9d54ac53cee09e7,0xe7cd86e13ac4309349f30b3435a9d337750fc82d,99000000,,533164302371127322
morph,deposit,27730394,1791005158000,0xb86c088ca16f63f46c06834030b16e30e4c060155206db752eec1a7056846de7,0xf6b2f03e223a74d8a0933959cac7e1a84263168f,0xf6b2f03e223a74d8a0933959cac7e1a84263168f,0xe7cd86e13ac4309349f30b3435a9d337750fc82d,25330000,2184,
morph,withdraw_final,27731074,1791006454000,0x2b36ad3591888ceff383023442e911b60b7ecc4f0a46b53f8fc5f88fad91d5a8,,,,,,533439386436501539
morph,withdraw_submit,27731361,1791006580000,0xabafeaaed65815c119c3f786532b09ff4876889038216bb33009cc5d4cde4a9b,,0xf6b2f03e223a74d8a0933959cac7e1a84263168f,0xe7cd86e13ac4309349f30b3435a9d337750fc82d,11080000,,533439386436501539
morph,withdraw_final,27731431,1791007001000,0xadba674ab4a6f52b2625ddfbde397e11aa4a3a332deb54c856e4d2b2b834e05d,,,,,,533481305317310529
morph,withdraw_submit,27731668,1791007119000,0xf9121cbca6d0f66b2eec6c5ddb1e15f2df58fe0092b71f010e66270d35dee18f,,0xf6b2f03e223a74d8a0933959cac7e1a84263168f,0xe7cd86e13ac4309349f30b3435a9d337750fc82d,24330000,,533481305317310529
morph,withdraw_final,27731780,1791007623000,0x3f1f5efa35722a9a839bde377eb8497fb4959e72f55726e5249a9e39d009a62d,,,,,,533528481229701123
morph,deposit,27731888,1791007508000,0x21358e8a497a4d6e160f79f275a4f779f5254082fd63f437565cdda63a96c90a,0x93673ab10f664b68ab5a1bc97d39f6633439d630,0x93673ab10f664b68ab5a1bc97d39f6633439d630,0xe7cd86e13ac4309349f30b3435a9d337750fc82d,2600000,2184,
morph,withdraw_submit,27732032,1791007780000,0x3a1218602b59f95285611759cb6d1d161386e7a24cb4f817cd70e5113adfe772,,0x9ff7c473882030c6f8ca70e13ba99941c1c82a6d,0xe7cd86e13ac4309349f30b3435a9d337750fc82d,7230000,,533528481229701123
morph,deposit,27732048,1791007806000,0xd79002a13ef153f031ab0041717703aa0f7ed7c252eb167cd043d11dd9a0e9c1,0xf1c0d38ef82387531298bfdf1b59a5c8af8a33e0,0x47fc36474238fa9779618180297d1e22891fe5cf,0xe7cd86e13ac4309349f30b3435a9d337750fc82d,10000000,2184,
morph,withdraw_final,27732501,1791008925000,0x941cd16199968f227cb43342511d7541238991e91cca2182f3eb4b782be457fa,,,,,,533628493842350080
morph,withdraw_submit,27732770,1791009100000,0x20367a515b651ffba6e89985fa222666de89236df6708a7488984fe438f3c2a3,,0x88f12fca04478cc0d62921309fcd194bffb87e56,0xe7cd86e13ac4309349f30b3435a9d337750fc82d,7350000,,533628493842350080
morph,deposit,27733049,1791009576000,0xe27fdbed53d151c6db9df4f870fe1402df3440609f44568cb5bc2cb3a70ae447,0x83f289e8028dede7abd500e3c44a3347e01b38d0,0x83f289e8028dede7abd500e3c44a3347e01b38d0,0xe7cd86e13ac4309349f30b3435a9d337750fc82d,1520000,2184,
morph,deposit,27733193,1791009820000,0xcfec0bc141e0bea5cc97afb59bb4af58bbc12689082f7a2c4128f9cd193ff572,0x88f12fca04478cc0d62921309fcd194bffb87e56,0x88f12fca04478cc0d62921309fcd194bffb87e56,0xe7cd86e13ac4309349f30b3435a9d337750fc82d,7350000,2184,
morph,withdraw_final,27733624,1791010890000,0x7791421b0f675332698bffd23a90dc04739ac94f7ea6f786a6722e809be42079,,,,,,533778963722403840
morph,withdraw_submit,27733862,1791011020000,0xa1ffe2149bfa6b1f683d43170237a405be4bde06553388f764e25b848bdfbaf3,,0x3c248a37189c79344b1f98fea844dfa28bc9eded,0xe7cd86e13ac4309349f30b3435a9d337750fc82d,5650000,,533778963722403840
morph,withdraw_final,27733941,1791011469000,0x12f7e3cec510ab13ae5a465eefebe38488d226cee990556e2c13067836782d85,,,,,,533823674340343820
morph,deposit,27734135,1791011526000,0x68ab50e1689f406631fee22ca2b40f6fe26af2de4238e72702a745ed2cb8d9fd,0x8b8af290c65c2b40699a2ef5f8b9f34264e205d0,0x8b8af290c65c2b40699a2ef5f8b9f34264e205d0,0xe7cd86e13ac4309349f30b3435a9d337750fc82d,1780000,2184,
morph,deposit,27734168,1791011584000,0xaf556101cb720450dc947039a066494ecb209dc1653d1bff4eb1b1b65acd8040,0x8b8af290c65c2b40699a2ef5f8b9f34264e205d0,0x8b8af290c65c2b40699a2ef5f8b9f34264e205d0,0xe7cd86e13ac4309349f30b3435a9d337750fc82d,1200000,2184,
morph,withdraw_submit,27734187,1791011620000,0x22f10782942f72ed39c6c760a348d07060f3e7ef35d4ad51fa408ecc3e386457,,0x8db910b9e0c2d33145a11ee3f95819a1b22e7a8f,0xe7cd86e13ac4309349f30b3435a9d337750fc82d,8910000,,533823674340343820
morph,withdraw_final,27734827,1791013114000,0x81a836287776d62a7847e4ee0cc6db0d29afa4effde35bfaed84e1bbf92a1f2a,,,,,,533949946378846248
morph,withdraw_submit,27735059,1791013240000,0x7c039e1a62e3a49d00b41009ab73f399eac8a47b717efe0ecc97d716e6abc554,,0xbc5a454f78d934addbad9abd9448fba91a717357,0xe7cd86e13ac4309349f30b3435a9d337750fc82d,5010000,,533949946378846248
morph,withdraw_final,27736067,1791015314000,0x4866b9d7393f695de6c7738ff77b5a9aa622bad6860560ee6dd8299979b31ed1,,,,,,534119786540433408
morph,withdraw_submit,27736305,1791015460000,0xb0f724133c3780299d62dcb538138148fef2dd5a2c1480a56267bfe4592fa13c,,0xe2ff94c0b30099b00375181b30355147d73bb339,0xe7cd86e13ac4309349f30b3435a9d337750fc82d,19000000,,534119786540433408
morph,deposit,27737021,1791016714000,0x9fdc701be923ae4fd9dbe59c7e450b6189c562a92664c11aaab4c28fd85d6e73,0x6cfea7342308bf971d7947d2249c03781c7d7237,0x6cfea7342308bf971d7947d2249c03781c7d7237,0xe7cd86e13ac4309349f30b3435a9d337750fc82d,10000000,2184,
morph,deposit,27737379,1791017356000,0x41ed47101a39b6b9e2f4cad526fe132e449a458312d8d07ef41d79da45ba7c31,0x363d561be4110b79daae2598578d7d0be373b793,0x363d561be4110b79daae2598578d7d0be373b793,0xe7cd86e13ac4309349f30b3435a9d337750fc82d,44199766,2184,
morph,deposit,27737454,1791017496000,0xa098e546b8642397be16c186eb8e34d817734fa7449acdee5b3095dc985f40e9,0x127005b6e5c6c8357a5567953dda007601210241,0x127005b6e5c6c8357a5567953dda007601210241,0xe7cd86e13ac4309349f30b3435a9d337750fc82d,92450000,2184,
morph,deposit,27738500,1791019344000,0x6c0cbfc9e5cc868b17ed6c8de926f7afe9555e18255712911da0d55f7a868cc3,0x583252710515fc297fdea0492f787685f90d6f17,0x583252710515fc297fdea0492f787685f90d6f17,0xe7cd86e13ac4309349f30b3435a9d337750fc82d,29020000,2184,
morph,withdraw_final,27739430,1791021351000,0xaf9054b53c2b9d261e0048a439179be57236300c5653c9399ce77df9b2c7631d,,,,,,534583325189210112
morph,deposit,27739686,1791021514000,0x5e7deda0eca5ad75f6e3e48477db22ff610c05b7e1de58597298ab0f4f4124df,0x04827b2fd166d9dfa41cc461f778ca8141b461b7,0x04827b2fd166d9dfa41cc461f778ca8141b461b7,0xe7cd86e13ac4309349f30b3435a9d337750fc82d,20000000,2184,
morph,withdraw_submit,27739690,1791021520000,0x7451d6287701b9b0fa096b4ed42b99d060f0ad72753c4609b483697bace6a6ea,,0x363d561be4110b79daae2598578d7d0be373b793,0xe7cd86e13ac4309349f30b3435a9d337750fc82d,44490000,,534583325189210112
morph,deposit,27739946,1791021982000,0x922a2e19ffb673422741836dfebdec36d8c23f5ce23815c7a92cb833ee099c8b,0xe243a7a95e65dde4531a4502e81e1bf6e7a6ad8e,0xe243a7a95e65dde4531a4502e81e1bf6e7a6ad8e,0xe7cd86e13ac4309349f30b3435a9d337750fc82d,359550000,2184,
morph,deposit,27740474,1791022945000,0x750031c6f0540c311d510c5de3ca41334f3cbb0136e425b10aee77a22f705f29,0xbb48553d0c9470eb429ba35acd350c4c242ee902,0xbb48553d0c9470eb429ba35acd350c4c242ee902,0xe7cd86e13ac4309349f30b3435a9d337750fc82d,2000000,2184,
morph,withdraw_final,27740514,1791023320000,0x7cb14fc69fc32bd90de2c58ae1692035265660028f8dd629ca50b3b3707806df,,,,,,534734533803638784
morph,deposit,27740535,1791023062000,0x39b4f2f62d8392e41ccc30a1b945410609ed092742c27573c45d299effc63f6c,0xdeb939310647a8d142b735575f635bfee2f52bed,0xdeb939310647a8d142b735575f635bfee2f52bed,0xe7cd86e13ac4309349f30b3435a9d337750fc82d,20000000,2184,
morph,deposit,27740637,1791023248000,0x0f1fccc1b49c83760257fa2546093feb70184c6e1e499fbd97452a9d9d650727,0xd498f099da9a6e9acb88acf6d5ded54682ae0858,0xd498f099da9a6e9acb88acf6d5ded54682ae0858,0xe7cd86e13ac4309349f30b3435a9d337750fc82d,33890000,2184,
morph,withdraw_submit,27740750,1791023440000,0x467bd672e56c75c3e22fc4f6c950ece0b0a42c8fc4c0a040f308af7165fd9bf9,,0xbb48553d0c9470eb429ba35acd350c4c242ee902,0xe7cd86e13ac4309349f30b3435a9d337750fc82d,1000000,,534734533803638784
morph,withdraw_final,27740834,1791023892000,0x77c3064e299cc16e7ad44e61f35b540686a8d357cc0cc411788ca07e42107332,,,,,,534778213637816320
morph,withdraw_submit,27741081,1791024039000,0xd709b94837335a0c896e5b15879e1b4889989f33c8bb3498ee6d76ee93a4a137,,0xe243a7a95e65dde4531a4502e81e1bf6e7a6ad8e,0xe7cd86e13ac4309349f30b3435a9d337750fc82d,267980000,,534778213637816320
morph,deposit,27741310,1791024458000,0x4b4a6866fa5bcfb8c82f738a38707dd3043fb77186eea392fe718144cd8962ad,0x4d29a9b395ff01e81077de68eab9afb9a024a7b0,0x4d29a9b395ff01e81077de68eab9afb9a024a7b0,0xe7cd86e13ac4309349f30b3435a9d337750fc82d,2650000,2184,
morph,deposit,27741656,1791025090000,0xc749a7e805e18f22fe247ddfbc69c35016949b1e5cef35ca5c328a305d281343,0x1106c295d6428ecac3eba7333bdcbc8b0eb571a3,0x1106c295d6428ecac3eba7333bdcbc8b0eb571a3,0xe7cd86e13ac4309349f30b3435a9d337750fc82d,8000000,2184,
morph,deposit,27743090,1791027784000,0xd14906ccb54d21058c5e156ca1f9c07520f4bfa6b08bdb03b798be05b895d743,0xaaaf9b9e6feb90230df0f04840fb92708234f710,0xaaaf9b9e6feb90230df0f04840fb92708234f710,0xe7cd86e13ac4309349f30b3435a9d337750fc82d,75190000,2184,
morph,withdraw_final,27743120,1791028139000,0xa3772dc499563c40091e79cb21d7e0f89d231ca68a122cbbfbe42944f1250493,,,,,,535104055622500352
morph,deposit,27743265,1791028108000,0x18e4c1ea43bd02676ade6424c915e2fcb3bd49272e742bc09662d171f40e42ab,0xaaaf9b9e6feb90230df0f04840fb92708234f710,0xaaaf9b9e6feb90230df0f04840fb92708234f710,0xe7cd86e13ac4309349f30b3435a9d337750fc82d,75190000,2184,
morph,withdraw_submit,27743370,1791028300000,0xbebd9c2f9829c656817733191233138e29b6d2eeb53f2863b445deb050986e4f,,0x916817bd5c7064f53b364c0765873292bcd79bd5,0xe7cd86e13ac4309349f30b3435a9d337750fc82d,887000000,,535104055622500352
morph,withdraw_final,27743439,1791028734000,0x145e320de43d85f50cb2a15561193ce49a6c6677edc27a5da1d0852d96aba6a9,,,,,,535150132023263232
morph,deposit,27743612,1791028752000,0x2332e70158731e3dd004d840a42f880ee7f64568c2323291757c67a3d69984bc,0xbc5c893deb0c67dd7cada472918b6888306eb688,0xbc5c893deb0c67dd7cada472918b6888306eb688,0xe7cd86e13ac4309349f30b3435a9d337750fc82d,7630000,2184,
morph,withdraw_submit,27743694,1791028899000,0x4d29b97e5b16d0f5be7674a4806213982fdbb8ab38e3e1521011b1f33f6fe08d,,0x1106c295d6428ecac3eba7333bdcbc8b0eb571a3,0xe7cd86e13ac4309349f30b3435a9d337750fc82d,7000000,,535150132023263232
morph,withdraw_final,27746194,1791033743000,0x6e0b11d8768f0583d04e2c4e33943c447db91a4c767278b89d5682183cdcd369,,,,,,535535510840410112
morph,withdraw_submit,27746443,1791033880000,0x89387e1023195c27c36fc78d6875df0b02f4c2a5de6d802ef746b62ff984b540,,0x206ad04babaf8615030f05e5c364d844a8ac7519,0xe7cd86e13ac4309349f30b3435a9d337750fc82d,10000000,,535535510840410112
morph,withdraw_final,27747387,1791035833000,0x0516a7aadfd8cc6479a083089a9b845714a50891d6804d2056c7550f5296503f,,,,,,535696082491932672
morph,withdraw_submit,27747628,1791035980000,0xd27c01d77819ac2b0b9705102d9a64bd834311a9f6a7e8fa9e52411944c9fa68,,0x439d5b4c757c385e0ef821af0af7ff45d6553d22,0xe7cd86e13ac4309349f30b3435a9d337750fc82d,3000000,,535696082491932672
morph,deposit,27747890,1791036466000,0xbb90752ad672981dd6d454137f953fe7a921799bb735e7807fc14721188e721a,0x104385b467ecb8395fb0c2fd2d651b9dd25d8f00,0x104385b467ecb8395fb0c2fd2d651b9dd25d8f00,0xe7cd86e13ac4309349f30b3435a9d337750fc82d,169980920,2184,
morph,deposit,27747953,1791036580000,0x4eee8e4a64831b1973fae0edd7ebf9361f30a01269c0f966eedb415bd827a51c,0x342850081ce7dfbd4eb9cf1a6856fc034df30336,0x342850081ce7dfbd4eb9cf1a6856fc034df30336,0xe7cd86e13ac4309349f30b3435a9d337750fc82d,60000000,2184,
morph,withdraw_final,27748615,1791038095000,0x9dd79df83f883c42dd3e10496983ca89310c43888c7a8bbb3e79ccd7a39850a1,,,,,,535869693676748800
morph,withdraw_submit,27748895,1791038260000,0x2aef962dee0d3ecdee250e3e475807a10843aa1bbf58a94f77cbe6dae35c3fc0,,0x342850081ce7dfbd4eb9cf1a6856fc034df30336,0xe7cd86e13ac4309349f30b3435a9d337750fc82d,59000000,,535869693676748800
morph,deposit,27749627,1791039558000,0xe9f80b8732f2cab39454f7b3d7c964dec54142743b2bda4e85fbec26a27b712f,0xcd5844d612a4e96643925571fadfa1be4a500a63,0xcd5844d612a4e96643925571fadfa1be4a500a63,0xe7cd86e13ac4309349f30b3435a9d337750fc82d,151300000,2184,
morph,deposit,27750277,1791040756000,0x2b9c94a133ce56f609a9c5eeca3d3298a6292801d70ab4c258be3a72e5272e54,0x104385b467ecb8395fb0c2fd2d651b9dd25d8f00,0x104385b467ecb8395fb0c2fd2d651b9dd25d8f00,0xe7cd86e13ac4309349f30b3435a9d337750fc82d,113971195,2184,
morph,deposit,27750660,1791041462000,0xab921c9973c4a840a4f6dc4423262a503c1d200b02c10eee9b32226afa6de160,0xd557e1d3f8b0395d4d5443e5ebc561d7e39136ce,0xd557e1d3f8b0395d4d5443e5ebc561d7e39136ce,0xe7cd86e13ac4309349f30b3435a9d337750fc82d,300000000,2184,
morph,withdraw_final,27751088,1791042568000,0xb6c1fe1708c179786bc92fc4294184d669864b7c052fb055da32fee23a9af330,,,,,,536214433496563712
morph,withdraw_final,27751149,1791042682000,0x1fbc336032f3f49b1a76ace22399976e655e3614e4a03c9346c4fc5d6126938c,,,,,,536223178049978368
morph,withdraw_final,27751210,1791042796000,0x5232690277c14b40e928c1fada12a5194e981fd99c33ea2b9b7e2499d64093b1,,,,,,536231845302370307
morph,withdraw_submit,27751317,1791042700000,0x402ec4e564b71a15302dea7cfb13bf90b406ceb220cbab420ebe92cb887aa74c,,0x104385b467ecb8395fb0c2fd2d651b9dd25d8f00,0xe7cd86e13ac4309349f30b3435a9d337750fc82d,135570000,,536214433496563712
morph,withdraw_submit,27751379,1791042820000,0xafcd042fbe7d6168b11f40acf47fa6cc747b9cd42c31bb222a8fdd08b8fb1ccd,,0x104385b467ecb8395fb0c2fd2d651b9dd25d8f00,0xe7cd86e13ac4309349f30b3435a9d337750fc82d,112970000,,536223178049978368
morph,withdraw_submit,27751442,1791042940000,0x1e072e8e5325c5c374d917c06db6e227cc92473588d249d70b87b8aaa4ad8e79,,0xa5332838dcdc05713da344c3ea1622d39c3ebf82,0xe7cd86e13ac4309349f30b3435a9d337750fc82d,4000000,,536231845302370307
morph,deposit,27751576,1791043198000,0xc6cfd94f3fd5f67b2cd515af497402bccb9ac279cf702c0718d2019e05f265aa,0x1d27ef6a9262c55bed82be3c2857c9da9e5e7547,0x1d27ef6a9262c55bed82be3c2857c9da9e5e7547,0xe7cd86e13ac4309349f30b3435a9d337750fc82d,10000000,2184,
morph,withdraw_final,27751677,1791043679000,0x105b7358b3e266f1ff22959fd5aa4a1fd725f2382f9af3ac3d4fb96d2f545a80,,,,,,536299576940822528
morph,withdraw_final,27751915,1791044112000,0x0a7b3c6bdeddfdec2e5814b0efe33a4ac2af6400e35d403c400e70d69e716dec,,,,,,536332940234194944
morph,withdraw_submit,27751931,1791043840000,0xbadb59b789cb23b57362851dabd3ce170cb9b2b6e89257b29ee1354d33a717e8,,0xcd5844d612a4e96643925571fadfa1be4a500a63,0xe7cd86e13ac4309349f30b3435a9d337750fc82d,90070000,,536299576940822528
morph,withdraw_submit,27752167,1791044259000,0x688b62ff3f7965ff86139c7bb669f22fcad20a039db60b803a140a82a2ba0a66,,0x4146ecfe7998fcb7ff40af8f7ab099f0ed6efc18,0xe7cd86e13ac4309349f30b3435a9d337750fc82d,51000000,,536332940234194944
morph,deposit,27752221,1791044358000,0x8de6ea9ae98317a0bc3a5a3095f70e0d58dc09bf2341bb2b16d8363fc59894cf,0x2969e3f8e42786c936a3ebefe2227cb441ea50f3,0x2969e3f8e42786c936a3ebefe2227cb441ea50f3,0xe7cd86e13ac4309349f30b3435a9d337750fc82d,1820000,2184,
morph,deposit,27752319,1791044544000,0xcfa02944c451e9135b1ab28538aee344a95d186fea70bd9e3735affe88f01fcb,0xbb48553d0c9470eb429ba35acd350c4c242ee902,0xbb48553d0c9470eb429ba35acd350c4c242ee902,0xe7cd86e13ac4309349f30b3435a9d337750fc82d,2000000,2184,
morph,withdraw_final,27752360,1791044917000,0xe8d1e43a9988159750f2f03effe35f2e55b1f037cff19bea7bac693c62df1401,,,,,,536394487123935232
morph,deposit,27752367,1791044630000,0x9e26c70b6ecac08ed2268c3b8fe984eb89c7efda9ba04610a9a94f8b933eb288,0xa3b354473ffff916fb56448483aa6ca012e1c153,0xa3b354473ffff916fb56448483aa6ca012e1c153,0xe7cd86e13ac4309349f30b3435a9d337750fc82d,150000000,2184,
morph,withdraw_final,27752533,1791045235000,0xcdfb30ffa1e3956116034104422b437a4c830c9336c6e8ec485322b1cd7f9844,,,,,,536419002809843712
morph,withdraw_submit,27752587,1791045040000,0x83e6f811aafd65a038c63550499f93b0f1bee1c9785d2d11bbd7d363578cca94,,0xbb48553d0c9470eb429ba35acd350c4c242ee902,0xe7cd86e13ac4309349f30b3435a9d337750fc82d,1000000,,536394487123935232
morph,withdraw_submit,27752783,1791045400000,0x718ee29d61cce1af7a2ea34b373ad37a7c4ed769d0e19f59ee1d17c543637a12,,0x4ae75a6065e8ae5d65b7b3160cfe2dae26f1969d,0xe7cd86e13ac4309349f30b3435a9d337750fc82d,1390000,,536419002809843712
morph,deposit,27753131,1791046014000,0x0fe28ff4eb659dd62b54345ef3ac76d33e3fd50f384ad79c3634bf9938293219,0x2969e3f8e42786c936a3ebefe2227cb441ea50f3,0x2969e3f8e42786c936a3ebefe2227cb441ea50f3,0xe7cd86e13ac4309349f30b3435a9d337750fc82d,19260000,2184,
morph,deposit,27753775,1791047206000,0x23da3441a7e6f8a59a755a53b0b218ffd7f7fa2d8d5e7d197cb15ae240f21dac,0x785d3475b3373c9af0aec66d9983f67e7bb33803,0x785d3475b3373c9af0aec66d9983f67e7bb33803,0xe7cd86e13ac4309349f30b3435a9d337750fc82d,31320271,2184,
morph,deposit,27754597,1791048760000,0x8d16171e204ce18db226eafd2c014caed6c2a101dd11c787d78d0cd4a1618c9a,0xafa667d8179aea1600a6c65ae3b833951d1e1777,0xafa667d8179aea1600a6c65ae3b833951d1e1777,0xe7cd86e13ac4309349f30b3435a9d337750fc82d,500000000,2184,
morph,deposit,27755103,1791049724000,0x5bfa85ccb5968d9293cda68255fb73ab4e6ccb9b16eb1dd4c20ebafccb00bf9c,0x0f2ed3fb8af228ff927d75d19be7b7aba4ee89d2,0x0f2ed3fb8af228ff927d75d19be7b7aba4ee89d2,0xe7cd86e13ac4309349f30b3435a9d337750fc82d,50000000,2184,
morph,deposit,27756227,1791051838000,0x447dd4c7f87f5cd2b4c8c44463d488fd41710665c0cd7cf874ef08408244e47b,0x3b4a84fd6ae40cf95850f65ebb47180c7acdd99e,0x3b4a84fd6ae40cf95850f65ebb47180c7acdd99e,0xe7cd86e13ac4309349f30b3435a9d337750fc82d,2000000000,2184,
morph,deposit,27757436,1791054110000,0x8784578355d5b05d09a2a0845aca82f5c99ab3f4a90c48731eb6c59ef84dc1b1,0xdde7f42ca35c6c05f6653aa6d0910d55272c4d24,0xdde7f42ca35c6c05f6653aa6d0910d55272c4d24,0xe7cd86e13ac4309349f30b3435a9d337750fc82d,2260000,2184,
morph,deposit,27759167,1791057314000,0x038571af6f9bd27f41b5ad5686f6cb3a7ee2ff5e1d823266382389b4902bac37,0xab82caa58c556043cf621be072b4c42b92ba33e3,0xab82caa58c556043cf621be072b4c42b92ba33e3,0xe7cd86e13ac4309349f30b3435a9d337750fc82d,1700000000,2184,
morph,deposit,27763776,1791066143000,0x27d8dd47e9efc534e12fca0289c929464117a942f7ef45708389184d2953c6bd,0xbb48553d0c9470eb429ba35acd350c4c242ee902,0xbb48553d0c9470eb429ba35acd350c4c242ee902,0xe7cd86e13ac4309349f30b3435a9d337750fc82d,2000000,2184,
morph,withdraw_final,27763815,1791066519000,0xd058883456ff9bb4deac2299338d905cd9f5aa19b598b8d5e19e3f040c6ed9f7,,,,,,538054809811419136
morph,withdraw_submit,27764032,1791066640000,0xc35f9640f8ddeefda80360dd8caeb475d95c417b760f2661c6c5d3f0c7b2920d,,0xbb48553d0c9470eb429ba35acd350c4c242ee902,0xe7cd86e13ac4309349f30b3435a9d337750fc82d,1000000,,538054809811419136
morph,deposit,27764557,1791067654000,0x6d62ade924f7510b94fadd563c4372fbbb770cab3f0ac17c4d622b219a84b741,0xc1b065bca9bf454b84a9633430a662128d650c11,0xc1b065bca9bf454b84a9633430a662128d650c11,0xe7cd86e13ac4309349f30b3435a9d337750fc82d,1280000,2184,
morph,deposit,27765175,1791068862000,0x5f0e99d2d1004b9570b919893afce5a460851b2f503ee01d3f27ac96e5ad6111,0x2a3ccf183ca751796b7a33a6e456971bd0663e88,0x2a3ccf183ca751796b7a33a6e456971bd0663e88,0xe7cd86e13ac4309349f30b3435a9d337750fc82d,33300000,2184,
morph,deposit,27765587,1791069653000,0x6a70351bea3a2c824baaa10cce3aab1162eb25f45f470e460e98d5ab583bc605,0x2a3ccf183ca751796b7a33a6e456971bd0663e88,0x2a3ccf183ca751796b7a33a6e456971bd0663e88,0xe7cd86e13ac4309349f30b3435a9d337750fc82d,20510000,2184,
morph,deposit,27768046,1791074402000,0x609f6fd6f63e8e70f87e273bb87d00c4cc2669ebaab76f12ef92fa0586238332,0xdc38dfec7398ff919798509f987ddc375cf0a836,0xdc38dfec7398ff919798509f987ddc375cf0a836,0xe7cd86e13ac4309349f30b3435a9d337750fc82d,126350000,2184,
morph,withdraw_final,27769763,1791077985000,0xe39f958c460dfd88c7d5ae6a771075e6f0ded56c387aea45e39ba4a065ff55b1,,,,,,538935948138774528
morph,deposit,27769807,1791077766000,0x13c84c83816ed05f981d2a63e67336a5665ff930fd7580be977b5d9d4dd2e6a8,0xbb2a95d08fb7ac54e24bb808ec94a2c90760ccd7,0xbb2a95d08fb7ac54e24bb808ec94a2c90760ccd7,0xe7cd86e13ac4309349f30b3435a9d337750fc82d,30000000,2184,
morph,withdraw_submit,27770014,1791078160000,0xc96fae050425ff2d02a9ba421ecf8303163c9c7f601bb0e86639d5b8e8401bcd,,0x5ba7be25e471dadffcb4effdcc0dd006408b83fe,0xe7cd86e13ac4309349f30b3435a9d337750fc82d,1999000000,,538935948138774528
morph,deposit,27772504,1791082876000,0x30aa66d4c63474ce32b02c9f6ee27122059633a7cc9438a6651b51635b8ef22b,0x8f4722b354c1e03b3bbd8c99060842cbec54a68f,0x8f4722b354c1e03b3bbd8c99060842cbec54a68f,0xe7cd86e13ac4309349f30b3435a9d337750fc82d,81765740,2184,
morph,deposit,27772802,1791083432000,0x3c96b88a9a99b8e70da129d87c24aa7a7ad315f7c2489188e6513c6b832fa2b6,0xcac7fcb86c23c6cb53d3475393f7910a1fcc2712,0xcac7fcb86c23c6cb53d3475393f7910a1fcc2712,0xe7cd86e13ac4309349f30b3435a9d337750fc82d,13670000,2184,
morph,withdraw_final,27772859,1791083838000,0x67f0eefe3a09a9659ace0a894519032db1aa7aaa3d4778f9ae4c4ced496d3474,,,,,,539385553884282880
morph,withdraw_submit,27773116,1791083980000,0xe8be8de9cae197cd646f2ee75c4064e1d0e67ba5c072f589442c072f64f8b7cc,,0x3355e917d1a7fcd7aeb464c0bc0bd802eb62b791,0xe7cd86e13ac4309349f30b3435a9d337750fc82d,10260000,,539385553884282880
morph,deposit,27774598,1791086472000,0xd7358bdffedec905847a37be70756e1605f9574cf95e54ff996e7de527aa5506,0xb0da0073a19511529ab62ab9b95970193a6a7f77,0xb0da0073a19511529ab62ab9b95970193a6a7f77,0xe7cd86e13ac4309349f30b3435a9d337750fc82d,1730000,2184,
morph,deposit,27775349,1791087743000,0x76680e25f56cef9d1d06443197fed5ffa9fe90b9e295dc38c922506145a1a692,0xbb48553d0c9470eb429ba35acd350c4c242ee902,0xbb48553d0c9470eb429ba35acd350c4c242ee902,0xe7cd86e13ac4309349f30b3435a9d337750fc82d,2000000,2184,
morph,withdraw_final,27775389,1791088109000,0xabc0f9839217618636e8bd3fda925f15db350e082f0ffe023a6f87815db0c07e,,,,,,539711662165327872
morph,withdraw_submit,27775630,1791088240000,0x4e9d25d8dd27e339969d1e82b0d7e52475c76b7dff7d51df81b33b7ebf174868,,0xbb48553d0c9470eb429ba35acd350c4c242ee902,0xe7cd86e13ac4309349f30b3435a9d337750fc82d,1000000,,539711662165327872
morph,withdraw_final,27777921,1791092393000,0xda84bf74928b15801800506e50fbf464ef3cb026d2739e1b2265dc40043bb61b,,,,,,540037864935653376
morph,withdraw_submit,27778193,1791092560000,0x23ac484bb7a62a4b87b4bdcc644c6566080d48f972b9071c956a4268f927abda,,0xab82caa58c556043cf621be072b4c42b92ba33e3,0xe7cd86e13ac4309349f30b3435a9d337750fc82d,694050000,,540037864935653376
morph,deposit,27779672,1791095128000,0x61f7922766ab3273ae5b2d4525d6e5f57c740fbca895267fa96d757026fd6896,0x028616896009ed81111d5be075c73f46894e39f9,0x028616896009ed81111d5be075c73f46894e39f9,0xe7cd86e13ac4309349f30b3435a9d337750fc82d,26530000,2184,
morph,deposit,27781081,1791097748000,0x724ede56343643c7aaa953f568f62b850edb2ec48e8364b54ddfe206bb7bce95,0xcc20eb61948205e8440c5d62594ca5e94496762d,0xcc20eb61948205e8440c5d62594ca5e94496762d,0xe7cd86e13ac4309349f30b3435a9d337750fc82d,147900000,2184,
morph,deposit,27781126,1791097830000,0x8645c40647b86f66b6788257d255407545a905f2439d12e8c59e10a1f22a4720,0x692297c734ac65c124daea6287991b38fb7cd48f,0x692297c734ac65c124daea6287991b38fb7cd48f,0xe7cd86e13ac4309349f30b3435a9d337750fc82d,3770000,2184,
morph,deposit,27781387,1791098328000,0x84793d739009972dd8fd41dcb3061f6f61566187539c4da417f22ed44726ada6,0x6d53b77f0fafecdaef83f122527267c99b84ae3f,0x6d53b77f0fafecdaef83f122527267c99b84ae3f,0xe7cd86e13ac4309349f30b3435a9d337750fc82d,20000000,2184,
morph,deposit,27781825,1791099147000,0x9019aa2ee34a93ed27e6aba59804ef9a0cdad7d4b88422c69428bbc13dd398f1,0xfde7e3d12ee376eb4ba82e29640c7522c53e78ca,0x93b9b809cc459a68098b2567a6e018fd9b4177b9,0xe7cd86e13ac4309349f30b3435a9d337750fc82d,49990000,2184,
morph,deposit,27782307,1791100051000,0x2340db1b377733aef5c7327ced2769835bc6a316699d65987a967df82cdfc22b,0x77985f4aae4648df4b18e83ffdfbf97c6fa24946,0x77985f4aae4648df4b18e83ffdfbf97c6fa24946,0xe7cd86e13ac4309349f30b3435a9d337750fc82d,2240000,2184,
morph,deposit,27782546,1791100476000,0xbcd9d02d63e2db4b49c2e8b02415abbf31f82b8dbb6267a968e210e14f35f41b,0xea3ac6d3bbe07598d85fd795e4626e7a4c3b7eb7,0xea3ac6d3bbe07598d85fd795e4626e7a4c3b7eb7,0xe7cd86e13ac4309349f30b3435a9d337750fc82d,498420000,2184,
morph,deposit,27782861,1791100994000,0x7dd6f1a220fa56384fa5d3c46cc7798e0faf46a94c64b4399b0c73bc674b93c8,0xab250fde4cd9aebdd9eb6deec8de18e2bef71336,0xab250fde4cd9aebdd9eb6deec8de18e2bef71336,0xe7cd86e13ac4309349f30b3435a9d337750fc82d,25000000,2184,
morph,withdraw_final,27783000,1791101550000,0xd168ee7adcd1909144b18f9bbf70bdf2a7907e7fb3085079e16321ba6e777122,,,,,,540741655456645120
morph,withdraw_submit,27783270,1791101680000,0xf063f3295f0c5e6390ebccb03e7aa7ff647b0ecda75c36add117a184a6d6d536,,0xa3b354473ffff916fb56448483aa6ca012e1c153,0xe7cd86e13ac4309349f30b3435a9d337750fc82d,137200000,,540741655456645120
morph,withdraw_final,27783377,1791102175000,0x599d6bd8fc52605f368b611df9887064bc5201eded9e55c35593cefb87dc6308,,,,,,540789767697072161
morph,deposit,27783435,1791101984000,0xf0282ab922aa7b4294059b43d119dd4e94521e65c3ee5e0b5ee00ad07fe58602,0x9781279e9c5a0177ce3d4a6ab851357b7939a573,0x9781279e9c5a0177ce3d4a6ab851357b7939a573,0xe7cd86e13ac4309349f30b3435a9d337750fc82d,1000000,2184,
morph,withdraw_submit,27783649,1791102340000,0x93f186cb38d3e4045131eac541037514b3bbd30d4c11c0b15c524da430287bcc,,0xea3ac6d3bbe07598d85fd795e4626e7a4c3b7eb7,0xe7cd86e13ac4309349f30b3435a9d337750fc82d,497420000,,540789767697072161
morph,withdraw_final,27784245,1791103699000,0xd2fe4842e0a4fd4af477da5e637bd80d9ca57e9b0725750aa2c4665fe35941c4,,,,,,540907501336395776
morph,withdraw_submit,27784499,1791103840000,0x62892c3abc68bf4a85df27edf65a75e818b5b7edd55f178a3b5cc81b61d8e47c,,0xab250fde4cd9aebdd9eb6deec8de18e2bef71336,0xe7cd86e13ac4309349f30b3435a9d337750fc82d,21060000,,540907501336395776
morph,deposit,27784568,1791103954000,0x6d378936d98cab5b4b60f95a86e15bf51199b3454a935af5deacb69b7003c6a7,0xb9581638bf8e8d416aa380c48927800f34cc49ff,0xb9581638bf8e8d416aa380c48927800f34cc49ff,0xe7cd86e13ac4309349f30b3435a9d337750fc82d,1800000,2184,
morph,deposit,27784656,1791104106000,0xb9cfdf00c6c19a1198fb7830378db21a6c009961c6323d264ee40f2377db3611,0x8ae3b979566db36814cb8fbe1ba1aad0bf98101f,0x8ae3b979566db36814cb8fbe1ba1aad0bf98101f,0xe7cd86e13ac4309349f30b3435a9d337750fc82d,2000000000,2184,
morph,withdraw_final,27785568,1791106034000,0x999f5c0d709784574e62171eb4b5a570ed974282f344be0b8ce1b3be79de11c5,,,,,,541087864197218317
morph,deposit,27785680,1791105940000,0xfb1fef96983db8192f60ef03e992a21da86b8a99fcf9fa957282f17125304260,0x662b23448620cb1e199f7ac59170c684f386a430,0x662b23448620cb1e199f7ac59170c684f386a430,0xe7cd86e13ac4309349f30b3435a9d337750fc82d,1100000,2184,
morph,deposit,27785771,1791106099000,0x1ecf84cdbb85c928bafc4b15c1025688c25d4b7e2d74a86b543405d4660438e5,0x6d53b77f0fafecdaef83f122527267c99b84ae3f,0x6d53b77f0fafecdaef83f122527267c99b84ae3f,0xe7cd86e13ac4309349f30b3435a9d337750fc82d,23400000,2184,
morph,withdraw_submit,27785818,1791106180000,0x15efe17b12f27060eb50fa946f2bf990ac72c63e017599f5e368fbc4837049e5,,0x8ae3b979566db36814cb8fbe1ba1aad0bf98101f,0xe7cd86e13ac4309349f30b3435a9d337750fc82d,579000000,,541087864197218317
morph,withdraw_final,27786149,1791107089000,0xd37dc60bc920d54ffcebcaffa67df912cad33c16f3f4222013bd74d1eba0219c,,,,,,541169623194664980
morph,withdraw_final,27786216,1791107209000,0x5c6fec813b9d240a2b9ca15afb3f3fb2237253f6cf6eacbe1a60cbd466e02b1f,,,,,,541178822993641472
morph,withdraw_submit,27786414,1791107260000,0x49ab255582853992c8170d90c4fe9c31c41d9d2e7c1aec5fe4af3058ad1e7b03,,0x8f4722b354c1e03b3bbd8c99060842cbec54a68f,0xe7cd86e13ac4309349f30b3435a9d337750fc82d,82480000,,541169623194664980
morph,withdraw_submit,27786481,1791107380000,0xcea3ea34a63dd59223398e5b57cff3ae9a70dbbe06e681f0b28b867ea306b1e0,,0x5ce293b804822df6933f46caae06a4a1753bb272,0xe7cd86e13ac4309349f30b3435a9d337750fc82d,11000000,,541178822993641472
morph,deposit,27786821,1791108004000,0xdd16c435800dac9579ae9b077cf2c9be5c178ce741916b3fd1579aab92ee33bd,0x62eab90d58b2d2a8b4492f2a409c812446820517,0x62eab90d58b2d2a8b4492f2a409c812446820517,0xe7cd86e13ac4309349f30b3435a9d337750fc82d,1000000000,2184,
morph,withdraw_final,27787196,1791108997000,0x1caf9d668305429b90da10027ec5780d28f14b0e73307450c616df16b35dc7a9,,,,,,541315712212271104
morph,withdraw_submit,27787421,1791109121000,0xf25f33ef09f5635b8a650fe8f3d4bd12b7c6d8fd61261520d76a1967324eca54,,0x8ae3b979566db36814cb8fbe1ba1aad0bf98101f,0xe7cd86e13ac4309349f30b3435a9d337750fc82d,599000000,,541315712212271104
morph,deposit,27787543,1791109343000,0x13830292913f2e8f0a34e388a553b19cedf033550d45e67d329b21208f45ca5d,0xbb48553d0c9470eb429ba35acd350c4c242ee902,0xbb48553d0c9470eb429ba35acd350c4c242ee902,0xe7cd86e13ac4309349f30b3435a9d337750fc82d,2000000,2184,
morph,withdraw_final,27787581,1791109715000,0xb5ceb1215e90b784fd1050401bdf042e710f0273bacfd096ef411ad1d1624480,,,,,,541370885341184000
morph,deposit,27787802,1791109810000,0x929444dd8e21c9e0aa93be001062f0c4ff79ef934bf74117ea20c15fd4abcdc9,0xc74fd1ee761cdb4999b13ea0add15bc01bd125cc,0xc74fd1ee761cdb4999b13ea0add15bc01bd125cc,0xe7cd86e13ac4309349f30b3435a9d337750fc82d,1000000,2184,
morph,withdraw_submit,27787817,1791109840000,0xd04e6ba9f6e30b7349b178d5893e945f53c752a062657dd63b9f8a6f22048c53,,0xbb48553d0c9470eb429ba35acd350c4c242ee902,0xe7cd86e13ac4309349f30b3435a9d337750fc82d,1000000,,541370885341184000
morph,deposit,27788077,1791110328000,0xc32a359ccad72db1e61cf0b868a94f10ed6ac880bbca98327d79b487d071f155,0xc74fd1ee761cdb4999b13ea0add15bc01bd125cc,0xc74fd1ee761cdb4999b13ea0add15bc01bd125cc,0xe7cd86e13ac4309349f30b3435a9d337750fc82d,2720000,2184,
morph,withdraw_final,27788464,1791111345000,0xabe53132844d2e5b50723d073beac6984da83634b87c0a2902237f40a0a7223a,,,,,,541496985572605952
morph,withdraw_final,27788533,1791111477000,0x1c5267858077366d78add083f8d9cb219a3f8dd081e87d3fa86e8c553861283c,,,,,,541507061595242503
morph,withdraw_submit,27788715,1791111521000,0x9b2c483d560b32c90ea242b4ef134dcd2987fd99351cb94825484ab0109128b6,,0x2a3ccf183ca751796b7a33a6e456971bd0663e88,0xe7cd86e13ac4309349f30b3435a9d337750fc82d,16110000,,541496985572605952
morph,withdraw_submit,27788779,1791111639000,0xfee0419c3e5970f94153fb59199a04e50ec59bb1c1a83dc4f88954428f7742a8,,0x8ae3b979566db36814cb8fbe1ba1aad0bf98101f,0xe7cd86e13ac4309349f30b3435a9d337750fc82d,649000000,,541507061595242503
morph,withdraw_final,27788885,1791112126000,0x683e2f239e528e222e993de76215593a66a2f9bd1395d6839a7bdda6457aea19,,,,,,541557218210742272
morph,withdraw_submit,27789138,1791112300000,0x30b376fdb9c773c5e1503706e7e5e304fda7cdc377a60647f545cc68d8db84b9,,0xc74fd1ee761cdb4999b13ea0add15bc01bd125cc,0xe7cd86e13ac4309349f30b3435a9d337750fc82d,4490000,,541557218210742272
morph,withdraw_final,27789157,1791112632000,0x8dfce0794e5348df8aa55746e6d93dd3fca8b08f0ba38f34ecbc78d6b0b7d12d,,,,,,541596233706242059
morph,withdraw_submit,27789393,1791112780000,0xc376204b867e2f981cbb0e1539627bd30796499e652e769632eef0a88efa53e8,,0x8ae3b979566db36814cb8fbe1ba1aad0bf98101f,0xe7cd86e13ac4309349f30b3435a9d337750fc82d,2642000000,,541596233706242059
morph,withdraw_final,27789477,1791113235000,0xa5414856c68ef3ec28753fb0d86b5f941d8064cd0af461d63641e91558f4391a,,,,,,541642791151730704
morph,deposit,27789502,1791112979000,0xafafdeccd2e7731d66b36e97b48303e4ae9d7a2c6c5af7c9b057e990090fdb24,0xc1b065bca9bf454b84a9633430a662128d650c11,0xc1b065bca9bf454b84a9633430a662128d650c11,0xe7cd86e13ac4309349f30b3435a9d337750fc82d,3110000,2184,
morph,withdraw_submit,27789714,1791113380000,0xfbcc0d5ccc6b2a3106992f18543a930517dcc0b8de291fd2bb2302337e45faf1,,0xfd322211780f7840f0a825ed0ade66a8211fbbbf,0xe7cd86e13ac4309349f30b3435a9d337750fc82d,13040000,,541642791151730704
morph,withdraw_final,27790444,1791115005000,0x673127dd33d9309c834d04b3cb8f8f217921c272e757856723ff8798e4e712f0,,,,,,541779843549757441
morph,withdraw_submit,27790706,1791115180000,0xfe932a87f78d33b295323c2073453a79ada29a358ff91c85835c7a13e8b80194,,0x4aa1cc8072aa1a1d0ac3ff04c68486714b2c6385,0xe7cd86e13ac4309349f30b3435a9d337750fc82d,72190000,,541779843549757441
morph,deposit,27791170,1791115952000,0x40050831ddb92477617ec9849337ab1c5d6a00d1e6d0ee715ac36af4f083bab5,0x046d1e15a3672f8c4a7661dcea362d33ffbcd799,0x046d1e15a3672f8c4a7661dcea362d33ffbcd799,0xe7cd86e13ac4309349f30b3435a9d337750fc82d,2000000,2184,
morph,deposit,27791206,1791116016000,0x0accf27387ab39cdf2005abf088e19bc9c444a68ad9e79072757fcf879eab2ab,0x60af0372197d6ad8a07552d628764e5d3b49066e,0x60af0372197d6ad8a07552d628764e5d3b49066e,0xe7cd86e13ac4309349f30b3435a9d337750fc82d,1360000,2184,
morph,deposit,27791966,1791117332000,0x5595606a318d10c27c386e23e97d7a78b35f85a1d8b48d59ff1c80b6b6fa6708,0x046d1e15a3672f8c4a7661dcea362d33ffbcd799,0x046d1e15a3672f8c4a7661dcea362d33ffbcd799,0xe7cd86e13ac4309349f30b3435a9d337750fc82d,1080000,2184,
morph,withdraw_final,27792312,1791118257000,0x31995c6f97cd1dc1241b099e082fa775cd751df5e890602ec8607ce1d520e5e8,,,,,,542030807066214400
morph,withdraw_final,27792471,1791118536000,0x0fe396660ee0918a06cda32e2cd32259efde0be0c1c80e1ccf36b2b3033b5579,,,,,,542052634102595585
morph,withdraw_final,27792545,1791118674000,0xb21f72a996a5705b01c7eb9a4984898a09f30d87b2ed647ea3b30d83b2292077,,,,,,542063302809747488
morph,withdraw_final,27792557,1791118695000,0x348db8ddc01e117e46f5138847c57f83c5101ab70531202ed01577443af6c4db,,,,,,542064883332546560
morph,withdraw_submit,27792571,1791118420000,0x6b8d5a15e7c709660c11d4740bccf7e975a2c81fb471e4c43de3321f49b752db,,0x6ce33193dee9c5979ede0c24f77e8afcec9bd6ea,0xe7cd86e13ac4309349f30b3435a9d337750fc82d,49000000,,542030807066214400
morph,withdraw_submit,27792707,1791118660000,0xc1abf3a661f5e4bcf34a6e0e3fcd7f45173c51f5ec6189b3821ae0c8c8b2450a,,0x916817bd5c7064f53b364c0765873292bcd79bd5,0xe7cd86e13ac4309349f30b3435a9d337750fc82d,2099000000,,542052634102595585
morph,deposit,27792805,1791118832000,0x3332e9055d087befbf1b8e34b07a0b2c0fe9473a64dfbbed373d35d26a67eda0,0xecc0284e1b2db85bab7b44b72edf706fc003e4f2,0xecc0284e1b2db85bab7b44b72edf706fc003e4f2,0xe7cd86e13ac4309349f30b3435a9d337750fc82d,5000000,2184,
morph,withdraw_submit,27792810,1791118839000,0x86e8e1b691062981fec9b24b4ba28bb8a4cf2e42403c5109ea1a223b830e4a02,,0xa092234b204b0c25f543e7665c4376adea0d3fe7,0xe7cd86e13ac4309349f30b3435a9d337750fc82d,2260000,,542063302809747488
morph,withdraw_submit,27792810,1791118839000,0x86e8e1b691062981fec9b24b4ba28bb8a4cf2e42403c5109ea1a223b830e4a02,,0xc1b065bca9bf454b84a9633430a662128d650c11,0xe7cd86e13ac4309349f30b3435a9d337750fc82d,4850000,,542064883332546560
morph,withdraw_final,27793991,1791121255000,0x856a4a55d25c630e2c86bcd5da46728c99e40c733546f14c6d4db127fed3328d,,,,,,542262546325831680
morph,withdraw_final,27794008,1791121286000,0x7bd4bde64b46b64cfbb3afcda7a861b095dfe1e61668082ba0f6009d1e35b8a7,,,,,,542264857005654016
morph,deposit,27794086,1791121134000,0xb7c643d96b0b48d1560196d0073d55667f2b7725a285c60948bc16b4e4cb05e4,0xdeadb4def79147972dcfca2aa3ee86ecf28324d6,0xdeadb4def79147972dcfca2aa3ee86ecf28324d6,0xe7cd86e13ac4309349f30b3435a9d337750fc82d,1000000,2184,
morph,withdraw_submit,27794242,1791121420000,0x0dc4676bbe4d39f4d4b4677c6709c4448ff4f9db4fd50e95a1367ed583eaa130,,0x80e0c6ca13198e58486cf1c0a979245d1519c743,0xe7cd86e13ac4309349f30b3435a9d337750fc82d,16360000,,542262546325831680
morph,withdraw_submit,27794242,1791121420000,0x0dc4676bbe4d39f4d4b4677c6709c4448ff4f9db4fd50e95a1367ed583eaa130,,0xd498f099da9a6e9acb88acf6d5ded54682ae0858,0xe7cd86e13ac4309349f30b3435a9d337750fc82d,12500000,,542264857005654016
morph,deposit,27795273,1791123226000,0x3058872b893facea9d3d3294eafd79f063789726a291a3f04c04495a3998cf37,0xf87e9d40fda53d85187a01dad4dc12459dcbbb25,0xf87e9d40fda53d85187a01dad4dc12459dcbbb25,0xe7cd86e13ac4309349f30b3435a9d337750fc82d,50782641,2184,
morph,deposit,27797397,1791127001000,0x68297ba177b5add137a0437d444d7831ad46332b4913d087e1392a334ce46020,0x9b7239bf027421804d267294e984736f0877b221,0x9b7239bf027421804d267294e984736f0877b221,0xe7cd86e13ac4309349f30b3435a9d337750fc82d,19840000,2184,
morph,deposit,27797760,1791127612000,0xb623d0053e9a4039f375f0e02a7798acc57b6934cd15baf6ef43d2a4ce31c890,0x0baa9ee845430fd918ac9bc079a30637f5e63cae,0x0baa9ee845430fd918ac9bc079a30637f5e63cae,0xe7cd86e13ac4309349f30b3435a9d337750fc82d,5040000,2184,
morph,deposit,27799481,1791130764000,0x7e609bd8c0cda4f8acacc1533d375450ff36a94c6fe1f55f7ef0a36f3d81f947,0x1a7fd8985d6fb366b845af62746345b9632f3706,0x1a7fd8985d6fb366b845af62746345b9632f3706,0xe7cd86e13ac4309349f30b3435a9d337750fc82d,99590000,2184,
morph,deposit,27799582,1791130944000,0x6449d139542f2623bd38057d592269fdc28ebf83f6b99b85163184c760723f90,0xbb48553d0c9470eb429ba35acd350c4c242ee902,0xbb48553d0c9470eb429ba35acd350c4c242ee902,0xe7cd86e13ac4309349f30b3435a9d337750fc82d,2000000,2184,
morph,withdraw_final,27799627,1791131319000,0x8307a688ba9bf601597dee067631170dde7749b2dd1e401644c98709e0f44678,,,,,,543037212392947712
morph,withdraw_final,27799639,1791131343000,0xaabc3769ed21e5d628a1161b10d2dd9de5263bae9b9e72f8e5af36f88a269317,,,,,,543039351290855424
morph,withdraw_submit,27799854,1791131440000,0x9ec7dc385a2197ec434b42a682707ea8f72efa397933452aed457bbd05ded781,,0xbb48553d0c9470eb429ba35acd350c4c242ee902,0xe7cd86e13ac4309349f30b3435a9d337750fc82d,1000000,,543037212392947712
morph,withdraw_submit,27799889,1791131500000,0x77734c3f7c45dba9d818bae9dfd40a4f07ebc2a6a87257b2dd9d66640ea1f4b8,,0xb0ea4803b156f9b6c094db5cc277f618579192db,0xe7cd86e13ac4309349f30b3435a9d337750fc82d,14220000,,543039351290855424
morph,withdraw_final,27800679,1791133248000,0x799c82fd16bb683cb269f3889cc501565d8df6e0244bccecbbfec569477858d9,,,,,,543185929943121920
morph,withdraw_submit,27800941,1791133420000,0xf2edb6fca2ea72fcdce7baac90a431af426ea1fe71d2d74a286a6471a0b8b061,,0xf87e9d40fda53d85187a01dad4dc12459dcbbb25,0xe7cd86e13ac4309349f30b3435a9d337750fc82d,78690000,,543185929943121920
morph,deposit,27801140,1791133786000,0x7034827b8c28a35176653ff6d2a19946d700586e5df3be94ee43625999c60d8b,0x349c7eb20d9d70a2aea4bbd0f8325ed6e6ce9c6d,0x349c7eb20d9d70a2aea4bbd0f8325ed6e6ce9c6d,0xe7cd86e13ac4309349f30b3435a9d337750fc82d,1106025895,2184,
morph,deposit,27802407,1791136188000,0x128108ef2ab14db63ff91e84469fe7ee16127cbe345532eecd100ec1f81229ce,0x206ad04babaf8615030f05e5c364d844a8ac7519,0x206ad04babaf8615030f05e5c364d844a8ac7519,0xe7cd86e13ac4309349f30b3435a9d337750fc82d,5770000,2184,
morph,deposit,27802557,1791136476000,0x4f19f7e35f679701720bdd987b5f1cd3fdef8092308e1735fc670dc3ce268009,0x206ad04babaf8615030f05e5c364d844a8ac7519,0x206ad04babaf8615030f05e5c364d844a8ac7519,0xe7cd86e13ac4309349f30b3435a9d337750fc82d,19000000,2184,
morph,withdraw_final,27803233,1791138079000,0x4b459bafdbc2c157fc6d4d7cd4261dc1a3c8c688722c721ac9365741bf458f75,,,,,,543557006527561728
morph,withdraw_final,27803276,1791138161000,0xd111478a2669d2a7b5da3321feba69b4a5e4353807fe52488547ab817812d740,,,,,,543563345903484928
morph,withdraw_submit,27803463,1791138220000,0xb060a12acfb449382035e0db94a9bb358d4452f84461ea308887c7e7df61cdab,,0x916817bd5c7064f53b364c0765873292bcd79bd5,0xe7cd86e13ac4309349f30b3435a9d337750fc82d,3599000000,,543557006527561728
morph,withdraw_submit,27803493,1791138280000,0x0d7e82cc9f159c2415eaa3633f6bedc698472ec90307ac256643f17118f0c4d6,,0xdc38dfec7398ff919798509f987ddc375cf0a836,0xe7cd86e13ac4309349f30b3435a9d337750fc82d,161210000,,543563345903484928
morph,deposit,27803834,1791138939000,0xc276daba4a8c004d9562c62fe22c0acd9b076ea3975a7f5deb1662bc511a6687,0x916817bd5c7064f53b364c0765873292bcd79bd5,0x916817bd5c7064f53b364c0765873292bcd79bd5,0xe7cd86e13ac4309349f30b3435a9d337750fc82d,3600000000,2184,
morph,deposit,27803922,1791139114000,0x5ad97d8818de0ae34ba2ca4b803b662c6a2d9392e8b59a21bb11063a3a5c003d,0x916817bd5c7064f53b364c0765873292bcd79bd5,0x916817bd5c7064f53b364c0765873292bcd79bd5,0xe7cd86e13ac4309349f30b3435a9d337750fc82d,2956000000,2184,
morph,withdraw_final,27804485,1791140510000,0xc9b0717d1d03a64bc68f6fd7dc26ad7c060094b33961407a74076144b8fd62d8,,,,,,543744249921798145
morph,withdraw_final,27804581,1791140695000,0x03fb22845d8722269f977764e994083227321456e375de45e864c5baf6461f9b,,,,,,543758449083678720
morph,withdraw_submit,27804733,1791140680000,0x905ab6396ba370273eb3ad999492e69c687b81eb24c3c3c483265ffcbb58b8df,,0x916817bd5c7064f53b364c0765873292bcd79bd5,0xe7cd86e13ac4309349f30b3435a9d337750fc82d,16991530000,,543744249921798145
morph,withdraw_submit,27804827,1791140860000,0x198da22a96b82c454d84d967881aeec472a0973bad6c6ed49b071c8bd198673f,,0x349c7eb20d9d70a2aea4bbd0f8325ed6e6ce9c6d,0xe7cd86e13ac4309349f30b3435a9d337750fc82d,1105020000,,543758449083678720
morph,deposit,27804908,1791141006000,0x5f54ecfb092e32cda89b45c861e2c3a5ff551050a7c942d948c666079246aa90,0xeb5bf4e89ae3369f0812f5aa1344f5eff37d91ee,0xeb5bf4e89ae3369f0812f5aa1344f5eff37d91ee,0xe7cd86e13ac4309349f30b3435a9d337750fc82d,2930000,2184,
morph,withdraw_final,27804991,1791141464000,0xa2fb3c128a4f8233f14ccdeb8e8e4c56ee8745e0f8226d6fef66082451281e05,,,,,,543817376034979841
morph,withdraw_submit,27805239,1791141640000,0x04ebd226e53dee6e48844afac44b7e0ce929d19c9a88c5ea95b466dbaa5dfd2e,,0x916817bd5c7064f53b364c0765873292bcd79bd5,0xe7cd86e13ac4309349f30b3435a9d337750fc82d,6555000000,,543817376034979841
morph,deposit,27807710,1791146292000,0x55939baacac77d82c03e9ff89443fced91185ff74959820f9e17a7b02047351e,0x42e391c72551f311efd8cf202842bb0d79fa30c9,0x42e391c72551f311efd8cf202842bb0d79fa30c9,0xe7cd86e13ac4309349f30b3435a9d337750fc82d,9500000,2184,
morph,withdraw_final,27809234,1791149520000,0x24aef7743e322e2c2621415b3a013200c9e7b454cc85a2f6efdb4452c6033916,,,,,,544437964453707776
morph,withdraw_submit,27809476,1791149679000,0x5961e02132937a68ea1d3969784e176c15697703ff959d8d4e9eabc6cf9e359f,,0xd557e1d3f8b0395d4d5443e5ebc561d7e39136ce,0xe7cd86e13ac4309349f30b3435a9d337750fc82d,120330000,,544437964453707776
morph,deposit,27810743,1791152002000,0xcc72c1e7d4a53e69d13d32e33df80fa629429a3259f046f91ab68982104474a7,0x44fd0ef0ca49a7250fd96aa06f73517bf067bccd,0x44fd0ef0ca49a7250fd96aa06f73517bf067bccd,0xe7cd86e13ac4309349f30b3435a9d337750fc82d,16900000000,2184,
morph,deposit,27810823,1791152144000,0xee9a83584ec41d0392cf5824510a57a1b71a8e2e8300a839ab07bedc154290ff,0x44fd0ef0ca49a7250fd96aa06f73517bf067bccd,0x44fd0ef0ca49a7250fd96aa06f73517bf067bccd,0xe7cd86e13ac4309349f30b3435a9d337750fc82d,6600000000,2184,
morph,deposit,27811052,1791152543000,0xd3477aaa9c38677301beda277c31ffc308c3b073ae465b69dff1f4335e232b9f,0xbb48553d0c9470eb429ba35acd350c4c242ee902,0xbb48553d0c9470eb429ba35acd350c4c242ee902,0xe7cd86e13ac4309349f30b3435a9d337750fc82d,2000000,2184,
morph,withdraw_final,27811098,1791152912000,0x47cb69034918a2b83c3383a0454008c7469eb38e16e6712149879097821d9d76,,,,,,544699313196892162
morph,withdraw_submit,27811363,1791153040000,0x94af93f7cea2688267c29583c7a631fd17977bd5ffcbfa15aa26d2b7a6840ba1,,0xbb48553d0c9470eb429ba35acd350c4c242ee902,0xe7cd86e13ac4309349f30b3435a9d337750fc82d,1000000,,544699313196892162
morph,deposit,27812996,1791156096000,0x02806dd2bf42fe19dad5f6cbf68fe35f649aaff7977b146b78fc9487cb07c74b,0xc1b065bca9bf454b84a9633430a662128d650c11,0xc1b065bca9bf454b84a9633430a662128d650c11,0xe7cd86e13ac4309349f30b3435a9d337750fc82d,2040000,2184,
morph,withdraw_final,27817402,1791164398000,0x488c406233f9e975a6186a48fd29fc23efe40fd8153dcf70c25891e394cadd92,,,,,,545587134472388608
morph,withdraw_submit,27817661,1791164560000,0xef53fc7506b8a247cf2f7e606aedb7b3dd737622eca8c15dc260f038ba253df4,,0xa957ddcaa8340502e6ca2576f654d41de7c9bd21,0xe7cd86e13ac4309349f30b3435a9d337750fc82d,36150610000,,545587134472388608
morph,deposit,27820683,1791169938000,0xf82d9cb722a21af520df824faa19c962e11e717a890fbadbe0974eb4bdd3e974,0x15c20d90051e0bf8a11903c554d2759ce609c9f1,0x15c20d90051e0bf8a11903c554d2759ce609c9f1,0xe7cd86e13ac4309349f30b3435a9d337750fc82d,47090000,2184,
morph,deposit,27820911,1791170344000,0x48a98bb18fb54e6feffc8f5e858c5ee3c0f903610759f8bb8002db4f5b4d98f5,0x206ad04babaf8615030f05e5c364d844a8ac7519,0x206ad04babaf8615030f05e5c364d844a8ac7519,0xe7cd86e13ac4309349f30b3435a9d337750fc82d,13270000,2184,
morph,deposit,27821830,1791171954000,0xef47037f7672d4354ca90409ea0ca5f104e864e8ac9f0a19d87d704d2a18bf76,0x04827b2fd166d9dfa41cc461f778ca8141b461b7,0x04827b2fd166d9dfa41cc461f778ca8141b461b7,0xe7cd86e13ac4309349f30b3435a9d337750fc82d,10000000,2184,
morph,withdraw_final,27822264,1791173046000,0x9d01ecf78362b9ee35896e19bc7e6860615313bbe8d6fa5794b5ee9ace193e44,,,,,,546256908852396032
morph,withdraw_final,27822278,1791173070000,0x19179eb1d64968e84aa99d73658da821c1ed12b9b05837f364666035ce614639,,,,,,546258704169697281
morph,withdraw_submit,27822508,1791173200000,0x6b628fee35f2773922935b445547f6736680a53aa175450a19d394853c4d2454,,0x15c20d90051e0bf8a11903c554d2759ce609c9f1,0xe7cd86e13ac4309349f30b3435a9d337750fc82d,46090000,,546256908852396032
morph,withdraw_submit,27822508,1791173200000,0x6b628fee35f2773922935b445547f6736680a53aa175450a19d394853c4d2454,,0xeb5bf4e89ae3369f0812f5aa1344f5eff37d91ee,0xe7cd86e13ac4309349f30b3435a9d337750fc82d,4590000,,546258704169697281
morph,deposit,27822861,1791173854000,0x2384a4b4fef16e7e9da392a29554a504598c12263661f94d9fda4c5d826834f1,0x04827b2fd166d9dfa41cc461f778ca8141b461b7,0x04827b2fd166d9dfa41cc461f778ca8141b461b7,0xe7cd86e13ac4309349f30b3435a9d337750fc82d,10000000,2184,
morph,deposit,27823000,1791174098000,0xab41dfd273397166c81b8021bb42d3d06713e10b782deb2b6d00a24e72372456,0x04827b2fd166d9dfa41cc461f778ca8141b461b7,0x04827b2fd166d9dfa41cc461f778ca8141b461b7,0xe7cd86e13ac4309349f30b3435a9d337750fc82d,10000000,2184,
morph,deposit,27823026,1791174143000,0x6fcc9af3a13ef2e7239a388b578907a25d89ebb166eed3707ae70715318a6812,0xbb48553d0c9470eb429ba35acd350c4c242ee902,0xbb48553d0c9470eb429ba35acd350c4c242ee902,0xe7cd86e13ac4309349f30b3435a9d337750fc82d,2000000,2184,
morph,withdraw_final,27823067,1791174513000,0x6775a2e0228538a7c026d0d0418f3a9f29c751e368dec5bc48a2137abea85fe9,,,,,,546370115604578304
morph,withdraw_submit,27823309,1791174640000,0xe0db41f00b3ca840bd210da5443e576da03d7d436b83a6591d6d5f9ec66f235a,,0xbb48553d0c9470eb429ba35acd350c4c242ee902,0xe7cd86e13ac4309349f30b3435a9d337750fc82d,1000000,,546370115604578304
morph,deposit,27823453,1791174874000,0x71748e72568ed04ede3eb9fb3f1f8892f0aa81617a07ca1cc75044498046b7dd,0x6ce33193dee9c5979ede0c24f77e8afcec9bd6ea,0x6ce33193dee9c5979ede0c24f77e8afcec9bd6ea,0xe7cd86e13ac4309349f30b3435a9d337750fc82d,2210000,2184,
morph,deposit,27824027,1791175933000,0x4ef77dde19b4623717e78f04cd85490cd608f84a364d3f4661c28b1a5c8a44da,0x9e00d74b0b9ff55f8d074f587aa7681fbea5f51f,0x9e00d74b0b9ff55f8d074f587aa7681fbea5f51f,0xe7cd86e13ac4309349f30b3435a9d337750fc82d,10640000,2184,
morph,deposit,27824132,1791176120000,0x1ea6616b76a169dfdf5b8828ee673ff3b688e814ddc4864fc3fb8e5ec84f0563,0xf25b939f3e753769970dd3fcfe2d10e397cb6f13,0xf25b939f3e753769970dd3fcfe2d10e397cb6f13,0xe7cd86e13ac4309349f30b3435a9d337750fc82d,1000000,2184,
morph,deposit,27824552,1791176872000,0xf121d31c7bcb6e27cc21bec73c190901eb37c9b9604f61b6b87da49adf41bec1,0x206ad04babaf8615030f05e5c364d844a8ac7519,0x206ad04babaf8615030f05e5c364d844a8ac7519,0xe7cd86e13ac4309349f30b3435a9d337750fc82d,23000000,2184,
morph,withdraw_final,27824801,1791177646000,0xeecad3728abba040da09190f17decefef6999c4166ad2c9b96495ed2afe3fea7,,,,,,546612738302935040
morph,deposit,27824933,1791177584000,0x0312c90ebbc4ca02082dd48a8b6662c73e45c2c356c60d8f64f63610b166769b,0x32f2a32a2da0c14e497f21d6d79386a057edf411,0x32f2a32a2da0c14e497f21d6d79386a057edf411,0xe7cd86e13ac4309349f30b3435a9d337750fc82d,14340000,2184,
morph,withdraw_submit,27825061,1791177820000,0x3be9ae5e429bf6cd11c0907431a23a90573031477205d5f222f04fc4e51f568b,,0xd84a3c8e9bec42ec0d158823b98efa815cffaf61,0xe7cd86e13ac4309349f30b3435a9d337750fc82d,10830000,,546612738302935040
morph,deposit,27825198,1791178058000,0x263c55ba4a0cfd56ac774eb8a79d6dce4ea81d9104223474e9b4adccd82ca08b,0xd557e1d3f8b0395d4d5443e5ebc561d7e39136ce,0xd557e1d3f8b0395d4d5443e5ebc561d7e39136ce,0xe7cd86e13ac4309349f30b3435a9d337750fc82d,227990000,2184,
morph,deposit,27826615,1791180596000,0x67c79cc670a3886d0875b6f7115592bbbf0c55cd563998c80a95dc3f1f04a1b7,0x0e445ef0825802ec39ee2022feb9039034e5440e,0x0e445ef0825802ec39ee2022feb9039034e5440e,0xe7cd86e13ac4309349f30b3435a9d337750fc82d,14200000,2184,
morph,deposit,27827778,1791182588000,0xa28600920947095702f33704348d2dc3cee181a3abf6d916a0854538f2025501,0x662b23448620cb1e199f7ac59170c684f386a430,0x662b23448620cb1e199f7ac59170c684f386a430,0xe7cd86e13ac4309349f30b3435a9d337750fc82d,23400000,2184,
morph,deposit,27828789,1791184318000,0x2f3b929bfde28adb4cef10cd236d80b2aea34d8652eea20522a9e6a01f27ede5,0xea2fa02a19e8745fcd494816751788136eeec591,0xea2fa02a19e8745fcd494816751788136eeec591,0xe7cd86e13ac4309349f30b3435a9d337750fc82d,500000000,2184,
morph,withdraw_final,27828981,1791184952000,0x5c0ed0cc93ac66812b4ca978f2a00a62e7fc1d81d1f74f4a93dc583f59df769e,,,,,,547177621004222464
morph,withdraw_submit,27829240,1791185080000,0x60a91bfe57de6b35693015f836a7d8e1c2d9510f03b6971c030cadba49ad9fba,,0xeb820a2f7edf7a6e13a31c4b9e3c0f736b2939cc,0xe7cd86e13ac4309349f30b3435a9d337750fc82d,207370000,,547177621004222464
morph,deposit,27829267,1791185128000,0xe0927eb13e1b8c24aea7fa7da8d9ea48d9f24f5b4bbad16fc7aebf7b792d904a,0x206ad04babaf8615030f05e5c364d844a8ac7519,0x206ad04babaf8615030f05e5c364d844a8ac7519,0xe7cd86e13ac4309349f30b3435a9d337750fc82d,5710000,2184,
morph,deposit,27829559,1791185646000,0x3ea9e5d501855432d06fde84c3b02b40d7d5d58d432079ec33847a32bdae19bc,0x7b32eb280b3bcd0d667a4bc4841b570ec7f8f151,0x7b32eb280b3bcd0d667a4bc4841b570ec7f8f151,0xe7cd86e13ac4309349f30b3435a9d337750fc82d,5000000000,2184,
morph,deposit,27829706,1791185912000,0xb57af674dc54d58d6483c264ddae6a161bd9c430997563802cb8a42a22f838fc,0x0b74ad19be45c594798f2ea7de1d1e569ed6093e,0x0b74ad19be45c594798f2ea7de1d1e569ed6093e,0xe7cd86e13ac4309349f30b3435a9d337750fc82d,310000000,2184,
morph,deposit,27831864,1791189601000,0xe87c7f7b643ce92850ab4f764d1d89ab8bebf874117656c398012ac375700911,0x80ffd626b3d779a41d9ce0f6303712f771da18f3,0x80ffd626b3d779a41d9ce0f6303712f771da18f3,0xe7cd86e13ac4309349f30b3435a9d337750fc82d,25260000,2184,
morph,deposit,27832025,1791189866000,0x07870dc1f346b72cb7387ab5d4c05f6f5272b2a11df8dd891ba584647d0216ab,0x8ce8c1b05cc29b95fb488ae6df3ba132eea37280,0x8ce8c1b05cc29b95fb488ae6df3ba132eea37280,0xe7cd86e13ac4309349f30b3435a9d337750fc82d,7990000,2184,
morph,deposit,27832282,1791190280000,0xc246bc622f205c00922248e78aeed4d2f67dc850aae19531ea117ee24ae319c1,0x089c2686c978d6462f4277d7b1032438a194b5bc,0x089c2686c978d6462f4277d7b1032438a194b5bc,0xe7cd86e13ac4309349f30b3435a9d337750fc82d,110630000,2184,
morph,deposit,27832411,1791190501000,0x1f628d9dd89d83a6a88c59c2622d682fd0ded2e379e31a8523096f2c8e8283b0,0x8f3bf651e85332538a5e9a24b3c2f11328757ca7,0x8f3bf651e85332538a5e9a24b3c2f11328757ca7,0xe7cd86e13ac4309349f30b3435a9d337750fc82d,4570000,2184,
morph,deposit,27832552,1791190754000,0x03a6bd0bd193c70628ad2dd181d900e3568c5f9928a6f8384a0bc37d6940640e,0x738e98d509930b0fd12c97c25b9b3afde79a5a5c,0x738e98d509930b0fd12c97c25b9b3afde79a5a5c,0xe7cd86e13ac4309349f30b3435a9d337750fc82d,1000000000,2184,
morph,withdraw_final,27832598,1791191141000,0x6dcb8ab801f9cb31777d967929927ff12b2f95ceb14d76d48bdeec09fbf9e43f,,,,,,547656561388945408
morph,withdraw_submit,27832826,1791191259000,0x11f59f3acb3710d80165d9e5489c3829cc2aa0219108a6004d56484ae1926fda,,0x6ce33193dee9c5979ede0c24f77e8afcec9bd6ea,0xe7cd86e13ac4309349f30b3435a9d337750fc82d,2000000,,547656561388945408
morph,deposit,27833145,1791191836000,0x4907d2d43217488eede04154e50dc24e7ad82d8f1a89113f79d54b9532baa34d,0x9e00d74b0b9ff55f8d074f587aa7681fbea5f51f,0x9e00d74b0b9ff55f8d074f587aa7681fbea5f51f,0xe7cd86e13ac4309349f30b3435a9d337750fc82d,28210000,2184,
morph,withdraw_final,27833172,1791192185000,0x3ef5432c59cb599053df390f550fc1b7d270cb256a31f0f0193092775ec14ed0,,,,,,547737341142237184
morph,withdraw_submit,27833419,1791192340000,0x16e3070190502ef83028f550b59e7fe7c5f8acd1df3e88ea0b75b252ff999f5b,,0x089c2686c978d6462f4277d7b1032438a194b5bc,0xe7cd86e13ac4309349f30b3435a9d337750fc82d,109630000,,547737341142237184
morph,deposit,27833553,1791192584000,0xe69a3f41560ac579311cdf6dbf9ff94d4b62e47b364f48454fa5f79df52831f5,0x9e399323d7242d3e31c4be64e778bd59ae2bbc26,0x9e399323d7242d3e31c4be64e778bd59ae2bbc26,0xe7cd86e13ac4309349f30b3435a9d337750fc82d,44780000,2184,
morph,deposit,27834453,1791194170000,0x1030f65d0c59143f2e9df1fd20166d84be70d905a05804f0f8da8806976672c0,0xfe3fd939b65e2cddbaade0e42af971c402663421,0xfe3fd939b65e2cddbaade0e42af971c402663421,0xe7cd86e13ac4309349f30b3435a9d337750fc82d,4520000,2184,
morph,deposit,27835329,1791195745000,0x1f8db997a38183452db4fe34e929b87e3522ab5361d7c7c06e321795927403e5,0xbb48553d0c9470eb429ba35acd350c4c242ee902,0xbb48553d0c9470eb429ba35acd350c4c242ee902,0xe7cd86e13ac4309349f30b3435a9d337750fc82d,2000000,2184,
morph,withdraw_final,27835366,1791196107000,0x0731dcc3010212cbe369033024c9f5ce400cc4faac984e0e7d2f0baa55c49012,,,,,,548040376846385152
morph,withdraw_final,27835466,1791196289000,0xaad054e2275f855814f47e52627dd9e44432b12b544ca75ddd523951191c6cf9,,,,,,548054206662049809
morph,withdraw_submit,27835616,1791196240000,0xf1e64bb3c4b18d71f4a76e8953f72c0fa0e6cc4b3b59e9ca4cd5027bda3c390d,,0xbb48553d0c9470eb429ba35acd350c4c242ee902,0xe7cd86e13ac4309349f30b3435a9d337750fc82d,1000000,,548040376846385152
morph,withdraw_submit,27835718,1791196420000,0x9b94e17da30b9e63b883113a47f3b1d96de35877e184bfd8dd7690563edb844b,,0x8f3bf651e85332538a5e9a24b3c2f11328757ca7,0xe7cd86e13ac4309349f30b3435a9d337750fc82d,2340000,,548054206662049809
morph,deposit,27836013,1791196966000,0x69e9244dfbe9776263276b21245ba65ed95cc299259fc4741b79aeefa0be47dd,0xeb4b27e8164311a66bb23b6aa1fc5d7c00534c87,0xeb4b27e8164311a66bb23b6aa1fc5d7c00534c87,0xe7cd86e13ac4309349f30b3435a9d337750fc82d,21987146,2184,
morph,deposit,27837135,1791198944000,0x788a5ce5a0b861bf83c0e6bcc58888c13d4e83e8055bee10425f68a481a29565,0x9fa2288e8e3405d1b4c4217c1eacc99cb4f6a6fb,0x9fa2288e8e3405d1b4c4217c1eacc99cb4f6a6fb,0xe7cd86e13ac4309349f30b3435a9d337750fc82d,51840000,2184,
morph,deposit,27838746,1791201828000,0xd01c090b0415244e2901d4e97c0c6bbab01b269d1750f073ae2766a47ac40f48,0x68f3f7071b8ff45b19bb9fbcbb208e0994363d84,0x68f3f7071b8ff45b19bb9fbcbb208e0994363d84,0xe7cd86e13ac4309349f30b3435a9d337750fc82d,2830000,2184,
morph,deposit,27840183,1791204460000,0x07bee7950b19415de38a8a0d0ba68be984956754687da459d404d9dcb297f8ae,0x04827b2fd166d9dfa41cc461f778ca8141b461b7,0x04827b2fd166d9dfa41cc461f778ca8141b461b7,0xe7cd86e13ac4309349f30b3435a9d337750fc82d,10000000,2184,
morph,deposit,27840883,1791205708000,0xabeff937313d300167445cc1abc92802a07fe2b10b00abe6612c5aeee9b99f3e,0xb4db53b56e241aa757ef87a84fb873c94b633a58,0xb4db53b56e241aa757ef87a84fb873c94b633a58,0xe7cd86e13ac4309349f30b3435a9d337750fc82d,3270000,2184,
morph,deposit,27840963,1791205846000,0x179c0b7d6d908cbd2e8db84028b8eadeeee4b8c7229ca611c4ba9cdc2bbb7208,0xf87e9d40fda53d85187a01dad4dc12459dcbbb25,0xf87e9d40fda53d85187a01dad4dc12459dcbbb25,0xe7cd86e13ac4309349f30b3435a9d337750fc82d,87770770,2184,
morph,deposit,27841523,1791206806000,0xc79563ad0da25d9a119cc9972c56e83c26ad2d8452b7d99a81b2bff79edf1414,0x692297c734ac65c124daea6287991b38fb7cd48f,0x692297c734ac65c124daea6287991b38fb7cd48f,0xe7cd86e13ac4309349f30b3435a9d337750fc82d,9968215,2184,
morph,deposit,27841962,1791207524000,0x8ab0e73e6f361bb05457b8742684a17b1c4b1f81a37b43f370d6475b8fc1e3d9,0x1b8943ab5bbae9cd0dcea3ac8bce37a91c3c938c,0x1b8943ab5bbae9cd0dcea3ac8bce37a91c3c938c,0xe7cd86e13ac4309349f30b3435a9d337750fc82d,34000000,2184,
morph,withdraw_final,27842421,1791208566000,0x4346e2e045a697a02ee4ad5897aaae701fba115a46d7657c854aa03e34af9efc,,,,,,549001762338504704
morph,deposit,27842435,1791208286000,0x60d95afd1c47c4d370ead29997bb4a197b75f83965a68ab3a6d6ab3ffca1d190,0x950e71a91b4b5dacbb447e7e746966500e2cc3fb,0x950e71a91b4b5dacbb447e7e746966500e2cc3fb,0xe7cd86e13ac4309349f30b3435a9d337750fc82d,41240000,2184,
morph,deposit,27842649,1791208622000,0x9ffb9d64799d82dde7d475aae939d5768c7cb6de13e17942356fff58d74a5a57,0xa987edf55795b7d70121c59291cc057e0104849a,0xa987edf55795b7d70121c59291cc057e0104849a,0xe7cd86e13ac4309349f30b3435a9d337750fc82d,1240000,2184,
morph,withdraw_submit,27842706,1791208719000,0xfd5382a180d53eb413212f475631e48c971914a601ebbc6b0f530e458b193a22,,0xf87e9d40fda53d85187a01dad4dc12459dcbbb25,0xe7cd86e13ac4309349f30b3435a9d337750fc82d,84410000,,549001762338504704
morph,deposit,27842724,1791208752000,0x4a9b7b44fda97543103b90dbdd0217e6f01631e1279d98ce646c95e7984dbc01,0x099f8a78e394f57ad6443bad4b1ea6bc941614fc,0x099f8a78e394f57ad6443bad4b1ea6bc941614fc,0xe7cd86e13ac4309349f30b3435a9d337750fc82d,29820000,2184,
morph,deposit,27842819,1791208906000,0x64642b7b536c70e275567b9d4f53c7ba137cfbe92799c2ab708fca7de6c03b8d,0x44fd0ef0ca49a7250fd96aa06f73517bf067bccd,0x44fd0ef0ca49a7250fd96aa06f73517bf067bccd,0xe7cd86e13ac4309349f30b3435a9d337750fc82d,4980000000,2184,
morph,deposit,27842838,1791208932000,0x5e4c767d8b5bc8e43fc6d0b4bcce2bc741e6b62b57cd444201c43702b377b562,0x6ce33193dee9c5979ede0c24f77e8afcec9bd6ea,0x6ce33193dee9c5979ede0c24f77e8afcec9bd6ea,0xe7cd86e13ac4309349f30b3435a9d337750fc82d,43850000,2184,
morph,withdraw_final,27842874,1791209290000,0x943155becee32d7f59c616e411a0f6a42d663c5b092757bba3e08265325b46cc,,,,,,549057373579247617
morph,withdraw_final,27843079,1791209615000,0xab624546813a818c72187701190a47659c815356c803000d3376c4dff9d0d700,,,,,,549082688116490240
morph,withdraw_submit,27843153,1791209440000,0x8a40812df4499196725768ad71e7367e2ce8805f11825b0e4d610919f20ea52f,,0x1a7fd8985d6fb366b845af62746345b9632f3706,0xe7cd86e13ac4309349f30b3435a9d337750fc82d,9000000,,549057373579247617
morph,withdraw_submit,27843312,1791209740000,0xb697bd19358d82834c4f79f31b3908e3245fdee5835a349f14641d5902096f3f,,0xd557e1d3f8b0395d4d5443e5ebc561d7e39136ce,0xe7cd86e13ac4309349f30b3435a9d337750fc82d,115380000,,549082688116490240
morph,withdraw_final,27843445,1791210246000,0x5ea64da099f95284e37240d412b2085f06f14762d224f357291fd09a5ac78329,,,,,,549131178284679175
morph,withdraw_final,27843489,1791210318000,0x9bfc565c54a05dbebba7a93292fcc841d934f08bc5d10e525306fd6886572b5d,,,,,,549136770319515650
morph,deposit,27843607,1791210198000,0x04450ade1a1d2293ec5d8cab6c6a58c01c5fee1e673dd460917477e28de342d4,0x71a8532314e17ad733b057a846643b77d2d2dc42,0x71a8532314e17ad733b057a846643b77d2d2dc42,0xe7cd86e13ac4309349f30b3435a9d337750fc82d,196400000,2184,
morph,withdraw_submit,27843723,1791210400000,0xcccf884ac326c025c33c589c61d3b8877139496dbc5d7df94331d8d1465dda56,,0x950e71a91b4b5dacbb447e7e746966500e2cc3fb,0xe7cd86e13ac4309349f30b3435a9d337750fc82d,39890000,,549131178284679175
morph,withdraw_submit,27843756,1791210460000,0xc0341242d4536ffb76d58e67dfc200b4bbc55a629ceabaf220ad6346793a7413,,0xb4db53b56e241aa757ef87a84fb873c94b633a58,0xe7cd86e13ac4309349f30b3435a9d337750fc82d,1940000,,549136770319515650
morph,withdraw_final,27843966,1791211102000,0x5b524a1d05d766a45495792f0e00fe13d408f892bafcf91e516fddada2ed7519,,,,,,549197664391004161
morph,withdraw_final,27844171,1791211404000,0xa0da2285bd3d84565f651e1faec7f209329b4430217e3151ad9d8b9e982e8a9c,,,,,,549220822858858510
morph,deposit,27844250,1791211236000,0x88278b5395407e99ba4cd777ddd05fe9f82d5700e94095e3d36bf373f4ee66ad,0x04827b2fd166d9dfa41cc461f778ca8141b461b7,0x04827b2fd166d9dfa41cc461f778ca8141b461b7,0xe7cd86e13ac4309349f30b3435a9d337750fc82d,10000000,2184,
morph,withdraw_submit,27844253,1791211240000,0xd41daad76f7377b05180c8e06aa20566d6812129dc8c4ae06f6f1b5b244c2921,,0x0baa9ee845430fd918ac9bc079a30637f5e63cae,0xe7cd86e13ac4309349f30b3435a9d337750fc82d,9430000,,549197664391004161
morph,withdraw_final,27844335,1791211679000,0x10679c09fdbe933d35fed924ce204ecc9ec88f50d99bd5539f65c980db9b580e,,,,,,549242228946501632
morph,withdraw_submit,27844433,1791211540000,0x500b5ebbdb99f03c39a87c1915fb96a9c7f87128db33fe3a4575b1eba002190e,,0xa646f193e7a50607aa858ad140a4f6600f379015,0xe7cd86e13ac4309349f30b3435a9d337750fc82d,109678837,,549220822858858510
morph,withdraw_final,27844478,1791211922000,0x144323811c491d195edbdf5d548416d9d551163151e4dd94444a9174876e8824,,,,,,549260937828237312
morph,withdraw_submit,27844608,1791211840000,0x5b338a1dcda4741fad622e8b28f4917b960c3300207ac404f250136424f70652,,0x4146ecfe7998fcb7ff40af8f7ab099f0ed6efc18,0xe7cd86e13ac4309349f30b3435a9d337750fc82d,8110000,,549242228946501632
morph,withdraw_submit,27844752,1791212080000,0xbd49301d062adff0947f3608ac4ca2e961eb856a589c49739d1b0b25949f23ef,,0x9b7239bf027421804d267294e984736f0877b221,0xe7cd86e13ac4309349f30b3435a9d337750fc82d,28790000,,549260937828237312
morph,deposit,27844766,1791212108000,0x7af06a2930a01e68105c056f20e46229d14fb6dd2b7661b7d323e4d122444478,0x62eab90d58b2d2a8b4492f2a409c812446820517,0x62eab90d58b2d2a8b4492f2a409c812446820517,0xe7cd86e13ac4309349f30b3435a9d337750fc82d,500000000,2184,
morph,withdraw_final,27845204,1791213156000,0x2bc771522d24ee0d8a8e888dafc6e9ea597666ba04a763cd6c3ca36c0f762755,,,,,,549356303298854913
morph,withdraw_final,27845222,1791213190000,0x0926ab6b92f8edcf764f8c416023a6d9a629250af95bc1a3bf9370e21036a23e,,,,,,549359000525733888
morph,withdraw_submit,27845435,1791213280000,0xc84fec9bbdd0d9c79d47e7148f4ee7f75e2ef67060dfbb0018d61fae996c0863,,0x44fd0ef0ca49a7250fd96aa06f73517bf067bccd,0xe7cd86e13ac4309349f30b3435a9d337750fc82d,34275380000,,549356303298854913
morph,withdraw_submit,27845468,1791213340000,0xf2476daaa4057ee290a7006f6318b9d8dd2d9317923d21396b46518593c40e20,,0x71a8532314e17ad733b057a846643b77d2d2dc42,0xe7cd86e13ac4309349f30b3435a9d337750fc82d,23220000,,549359000525733888
morph,withdraw_final,27845499,1791213693000,0x247529737f41a2f95bb59f1c3f614088b71edc9c4f1ebeeb027715388eea8541,,,,,,549398058979295259
morph,withdraw_submit,27845742,1791213820000,0x7b4bbb5801aa072d05aeb3c0fb8c8c4d3e6309e176d8ff99d7e8564275dd8481,,0x6cfea7342308bf971d7947d2249c03781c7d7237,0xe7cd86e13ac4309349f30b3435a9d337750fc82d,34540000,,549398058979295259
morph,deposit,27845999,1791214268000,0x2a23b8db97ed7b4a27715d0b50f1057f7b82f3eb2c04c882bf0fade2fd2cf408,0xd6dac8fefc5a0af8c54104752b2890d02683fefe,0xd6dac8fefc5a0af8c54104752b2890d02683fefe,0xe7cd86e13ac4309349f30b3435a9d337750fc82d,1830000,2184,
morph,deposit,27846146,1791214516000,0x41c1163b8889a00b67c619b0920b788b82b6b9849893af110e7685723fafb47a,0x9f9043bca44afa755f795be326c18a916c458991,0x9f9043bca44afa755f795be326c18a916c458991,0xe7cd86e13ac4309349f30b3435a9d337750fc82d,2999952310,2184,
morph,deposit,27847770,1791217343000,0xd528e3d71c38c8173508529d556ac2cfa7c3ec610e34b3fda7eaec819e13cbf6,0xbb48553d0c9470eb429ba35acd350c4c242ee902,0xbb48553d0c9470eb429ba35acd350c4c242ee902,0xe7cd86e13ac4309349f30b3435a9d337750fc82d,2000000,2184,
morph,withdraw_final,27847813,1791217703000,0x356a1847272698c4f5d3686d9d14bf6eaa1bc4e9f2ef3f617d7b628f2c63b625,,,,,,549708035338010625
morph,deposit,27847826,1791217425000,0x459e4ace1981e0fee3af118587dd89406a0d0b62fd739ba57f36ed04b790be1b,0xf87e9d40fda53d85187a01dad4dc12459dcbbb25,0xf87e9d40fda53d85187a01dad4dc12459dcbbb25,0xe7cd86e13ac4309349f30b3435a9d337750fc82d,67979589,2184,
morph,withdraw_submit,27848055,1791217840000,0x8dca4d9169ab87fe93789b34b7941653438d0b5f5acc59624562ae9668804446,,0xbb48553d0c9470eb429ba35acd350c4c242ee902,0xe7cd86e13ac4309349f30b3435a9d337750fc82d,1000000,,549708035338010625
morph,withdraw_final,27848278,1791218547000,0x83edb87f4bd4a0a66876ed07668e7883449f2dbe6bec93018c3e96ea9c53ae5c,,,,,,549773456292446208
morph,withdraw_submit,27848513,1791218680000,0x862016b86cdec57f427b444f3116d908e4171cb4693258f66780d1158a08d3fe,,0xf87e9d40fda53d85187a01dad4dc12459dcbbb25,0xe7cd86e13ac4309349f30b3435a9d337750fc82d,24460000,,549773456292446208
morph,deposit,27848620,1791218874000,0x686e5da25c42627f303657777e4e228aec23d2481f40edf15ce14ab8e8699612,0xf87e9d40fda53d85187a01dad4dc12459dcbbb25,0xf87e9d40fda53d85187a01dad4dc12459dcbbb25,0xe7cd86e13ac4309349f30b3435a9d337750fc82d,24420000,2184,
morph,deposit,27848936,1791219432000,0xc9cabaa91c906a68b30d320cdb0e8e78da8118e6e17468449ca8e6c1cd4f1341,0x3239dd7454bb986b9dfdbc656b8447f60742257c,0x3239dd7454bb986b9dfdbc656b8447f60742257c,0xe7cd86e13ac4309349f30b3435a9d337750fc82d,5170000,2184,
morph,withdraw_final,27849982,1791221676000,0xdaca5c2e073dee7f9b7a85ef8ad69dc6c2f41f3046364d8b6d127874393b084c,,,,,,550015701033680896
morph,withdraw_submit,27850213,1791221800000,0xe55a84d7e0276e1915c137429a988675a22a793f855ccabed192bd6b270215d0,,0x3239dd7454bb986b9dfdbc656b8447f60742257c,0xe7cd86e13ac4309349f30b3435a9d337750fc82d,4050000,,550015701033680896
morph,withdraw_final,27850939,1791223438000,0xfcbff0be555b41ce20d84eeaea7067bcce7720deb2d47ec542671b66a038a3c5,,,,,,550151928814764032
morph,withdraw_submit,27851198,1791223600000,0xce4936f95f753227219d4b61e7523e5bae6d9efbef0f01cc6031a97176292753,,0x421a0b576d126e1eb31f16e8621d62dc0b1e1fc6,0xe7cd86e13ac4309349f30b3435a9d337750fc82d,6000000,,550151928814764032
morph,deposit,27851379,1791223944000,0xde7c584cbb2d8ad6dff21b5c92dac4dcaadd843f26e9c6e71877ecef3ebcf8a1,0x234fb47e7f616bc141eaa79d755628cc7eea60bb,0x234fb47e7f616bc141eaa79d755628cc7eea60bb,0xe7cd86e13ac4309349f30b3435a9d337750fc82d,1900000,2184,
morph,deposit,27851668,1791224492000,0x6c7a499548c3c38e6ed218973a9b7b08833d72e008388619e03737fe5d192765,0xe182c879017220e6ddeb3cf7f27580a4a653c872,0xe182c879017220e6ddeb3cf7f27580a4a653c872,0xe7cd86e13ac4309349f30b3435a9d337750fc82d,26480000,2184,
morph,deposit,27852679,1791226442000,0x2a05a5ba5b4091602247d368738c15119cac8ca84fd6fe50b6d957492cd4ff6a,0x523b93905c0b7bde324f138b0b087606892933f6,0x523b93905c0b7bde324f138b0b087606892933f6,0xe7cd86e13ac4309349f30b3435a9d337750fc82d,99660000,2184,
morph,withdraw_final,27854409,1791230008000,0xd525ced02e7de93daaf5b08481480389e111fb22440de880f23d9733f4761a3c,,,,,,550660667670003712
morph,deposit,27854555,1791229966000,0xc40062be8e42d5e9da43a5bac780873625b260c69feb33c5141a70a831fd4f84,0x9e00d74b0b9ff55f8d074f587aa7681fbea5f51f,0x9e00d74b0b9ff55f8d074f587aa7681fbea5f51f,0xe7cd86e13ac4309349f30b3435a9d337750fc82d,43910000,2184,
morph,withdraw_submit,27854655,1791230140000,0x17ebfdb1c42fa1b69b0f5df58dd28fc51ac98266f8d3af28e8a72a86df5a6271,,0x206ad04babaf8615030f05e5c364d844a8ac7519,0xe7cd86e13ac4309349f30b3435a9d337750fc82d,39000000,,550660667670003712
morph,withdraw_final,27855010,1791231085000,0x3e09d48d84096101c446b63ce8bb2d10e2e490ee619d18470074c7205c4ace95,,,,,,550743861203304450
morph,deposit,27855034,1791230830000,0xb03f890fe3aa67a5e329021b36e1f84a06e1f58e445b06a6f69f17292d40e145,0x29d5b75980bb9b56df3f36c5b59324d8067c46c3,0x29d5b75980bb9b56df3f36c5b59324d8067c46c3,0xe7cd86e13ac4309349f30b3435a9d337750fc82d,38580000,2184,
morph,withdraw_submit,27855245,1791231220000,0xbf29ea8231b2d1712374edb1b68b6b7c1e6857c757c8cfc1ffe457a7279b1a57,,0xf87e9d40fda53d85187a01dad4dc12459dcbbb25,0xe7cd86e13ac4309349f30b3435a9d337750fc82d,114090000,,550743861203304450
morph,deposit,27855448,1791231594000,0x6dcfcfa9f8518e62ce7ddfcdbd8cdbd766f6dbbe733be7f4c9be050c17d45b25,0xdcd15510fc7c5b766082831e6a7ebf3dbad20890,0xdcd15510fc7c5b766082831e6a7ebf3dbad20890,0xe7cd86e13ac4309349f30b3435a9d337750fc82d,8830000,2184,
morph,deposit,27857525,1791235426000,0x01575a1903d5c9d8f1504a0f309773c3fbeb1c2464308882c495246254cf2e1d,0x104385b467ecb8395fb0c2fd2d651b9dd25d8f00,0x104385b467ecb8395fb0c2fd2d651b9dd25d8f00,0xe7cd86e13ac4309349f30b3435a9d337750fc82d,69910931,2184,
morph,withdraw_final,27857561,1791235791000,0xcd557c84952a812d1b0f43725253be935fbd5d27ff7bdfc454b62491129748df,,,,,,551107507477544960
morph,withdraw_submit,27857808,1791235959000,0xf9848cabe8e9d7038d14a460d752240489a23f8a8525058a360e0ce016b2d2de,,0xfe3fd939b65e2cddbaade0e42af971c402663421,0xe7cd86e13ac4309349f30b3435a9d337750fc82d,1000000,,551107507477544960
morph,withdraw_final,27858697,1791237951000,0x6e28aa3086c5c9c28855f8d3d17db352087d45dc0671e844895b29a1ff97af96,,,,,,551274160811147264
morph,withdraw_submit,27858974,1791238120000,0x2fddfd3eb316eddd106f5c6ae68a998590bee668c9da31043c1dea893d987a3f,,0x1b8943ab5bbae9cd0dcea3ac8bce37a91c3c938c,0xe7cd86e13ac4309349f30b3435a9d337750fc82d,33000000,,551274160811147264
morph,deposit,27859417,1791238943000,0x11c566d8aec4aa436f4d53769ae993d194840081a6552dc3339a560a7d40ac35,0xbb48553d0c9470eb429ba35acd350c4c242ee902,0xbb48553d0c9470eb429ba35acd350c4c242ee902,0xe7cd86e13ac4309349f30b3435a9d337750fc82d,2000000,2184,
morph,withdraw_final,27859458,1791239320000,0x4a9b9eb6ae2d61793e042022fcb05717225ae02d389bf50df3e1b8eed442aea6,,,,,,551379593659940864
morph,deposit,27859516,1791239128000,0x5f016cc9089626de9e945232e45546086149c039cbd348629846861575170e8e,0xe332ed744e242ec425c1b465a84956dee66fd6c1,0xe332ed744e242ec425c1b465a84956dee66fd6c1,0xe7cd86e13ac4309349f30b3435a9d337750fc82d,3070000,2184,
morph,withdraw_submit,27859680,1791239440000,0xe00d9eb31fc4da078f4ba41a948746387f7e395afaf64edb670e868378fc872b,,0xbb48553d0c9470eb429ba35acd350c4c242ee902,0xe7cd86e13ac4309349f30b3435a9d337750fc82d,1000000,,551379593659940864
morph,deposit,27859735,1791239514000,0xf44728f724198c6653044e7ba09379fde41e03192af7f3fa50f8c9775ed980f3,0x0a187c4f7ce634f5eb64f1aca5826cb38220ceac,0x0a187c4f7ce634f5eb64f1aca5826cb38220ceac,0xe7cd86e13ac4309349f30b3435a9d337750fc82d,8080000,2184,
morph,deposit,27859943,1791239908000,0x7e960894e8410f8e2fa426c8dbeebfb3ec4bc9ce5b143ff8c8be4a6a8a1067b2,0xa9ff8864cff867577fa43a8d2f46bf70a40ccf98,0xa9ff8864cff867577fa43a8d2f46bf70a40ccf98,0xe7cd86e13ac4309349f30b3435a9d337750fc82d,3480000,2184,
morph,deposit,27860457,1791240896000,0x634704bfccdedc5150082085c54328dba1036954146aa5f5f149d99aaafa3020,0x04827b2fd166d9dfa41cc461f778ca8141b461b7,0x04827b2fd166d9dfa41cc461f778ca8141b461b7,0xe7cd86e13ac4309349f30b3435a9d337750fc82d,17000000,2184,
morph,deposit,27860566,1791241106000,0xcff550f413d07f4fbd4676b999e174a2c522f6f89cc022ff706c7e8e1a392cf5,0x98a72557428fe58bf04e323969178af4374886fe,0x98a72557428fe58bf04e323969178af4374886fe,0xe7cd86e13ac4309349f30b3435a9d337750fc82d,4920000,2184,
morph,deposit,27861212,1791242342000,0x6d8dbe3c7dc76ff0e35925ad7490ea3bbe9bae13cc6cece6a7f68fe298d589f2,0x98a72557428fe58bf04e323969178af4374886fe,0x98a72557428fe58bf04e323969178af4374886fe,0xe7cd86e13ac4309349f30b3435a9d337750fc82d,2000000,2184,
morph,deposit,27861229,1791242370000,0x46793c20d7d64453ee385484475909e0cc6d61d9b54308800793b8b23b6870d7,0x6ab8fdbb99b202a9c26956a88c0d3bd271382fef,0x6ab8fdbb99b202a9c26956a88c0d3bd271382fef,0xe7cd86e13ac4309349f30b3435a9d337750fc82d,3790000,2184,
morph,deposit,27861730,1791243346000,0x3038bc11c8d3d12bf963b7b3c4bed1052d316487fd90edc0c57e81c52a1bc173,0xf87e9d40fda53d85187a01dad4dc12459dcbbb25,0xf87e9d40fda53d85187a01dad4dc12459dcbbb25,0xe7cd86e13ac4309349f30b3435a9d337750fc82d,99396898,2184,
morph,withdraw_final,27861771,1791243728000,0x00d8134b228a0ee5a9e5aca048986b60ef3b8016b4654fa76137a8b7ed10c59f,,,,,,551719231075385344
morph,withdraw_submit,27862005,1791243879000,0x4ed40b8ad096de2868ed2c94631db84366251e18331de237617e2f1322bfaa1b,,0x104385b467ecb8395fb0c2fd2d651b9dd25d8f00,0xe7cd86e13ac4309349f30b3435a9d337750fc82d,60430000,,551719231075385344
morph,withdraw_final,27862499,1791245125000,0xeb91a9df021a904bbf110ab93de3b39cb267d32ecbfe1d9376a533faab5ae165,,,,,,551826854391054336
morph,deposit,27862590,1791244994000,0xe68b8e2baba285e133e5e4fb424b6059ed2caeebd5fee92efeeb5e24b5dea677,0x98a72557428fe58bf04e323969178af4374886fe,0x98a72557428fe58bf04e323969178af4374886fe,0xe7cd86e13ac4309349f30b3435a9d337750fc82d,3160000,2184,
morph,withdraw_submit,27862727,1791245260000,0xfc85b6011ce724494f5415bbbfde7e57228eee23495efd71f70ea59d30bc38e2,,0x98a72557428fe58bf04e323969178af4374886fe,0xe7cd86e13ac4309349f30b3435a9d337750fc82d,1420000,,551826854391054336
morph,deposit,27863414,1791246556000,0xbca7a9884cbace8d396b09bb15ad6dc2e2b0bc1b5c01de9ad261495acc78d46d,0xc49cac2211d6ae6e038563023d89ee82f7b7faef,0xc49cac2211d6ae6e038563023d89ee82f7b7faef,0xe7cd86e13ac4309349f30b3435a9d337750fc82d,50000000,2184,
morph,deposit,27863483,1791246688000,0xa258be371f38df2f94c033b84d6fb3e1d53052752f9d14bcf039383ff0f2de8b,0x98a72557428fe58bf04e323969178af4374886fe,0x98a72557428fe58bf04e323969178af4374886fe,0xe7cd86e13ac4309349f30b3435a9d337750fc82d,3270000,2184,
morph,deposit,27863768,1791247236000,0xf668a68b825b6b1d88326c9ebea1596f71dd5e25880b8688a204b06d12f0c00c,0xb9581638bf8e8d416aa380c48927800f34cc49ff,0xb9581638bf8e8d416aa380c48927800f34cc49ff,0xe7cd86e13ac4309349f30b3435a9d337750fc82d,1650000,2184,
morph,deposit,27863788,1791247270000,0x02380d797748d52ec4ed38bcc1224aeadfc1e08a4c858d988c2ec558d37bcb9d,0x8066a3cad8c5ef0c3ad6f333b9fdc643252c0057,0x8066a3cad8c5ef0c3ad6f333b9fdc643252c0057,0xe7cd86e13ac4309349f30b3435a9d337750fc82d,1018000000,2184,
morph,deposit,27863788,1791247270000,0xd42e8e3a80b5e020030658b3e8f21dd09e85f471aa4ef43421f399e463db1545,0x98a72557428fe58bf04e323969178af4374886fe,0x98a72557428fe58bf04e323969178af4374886fe,0xe7cd86e13ac4309349f30b3435a9d337750fc82d,1960000,2184,
morph,deposit,27864582,1791248669000,0xad9a4ea38ccd1402ba74e94dc12693117b0a5e442ebfb99249278539605802b1,0x98a72557428fe58bf04e323969178af4374886fe,0x98a72557428fe58bf04e323969178af4374886fe,0xe7cd86e13ac4309349f30b3435a9d337750fc82d,2000000,2184,
morph,withdraw_final,27864598,1791248998000,0x0d62af3437dc430e50a84125aca772479cef84a4cb56b9a7883023680150a19e,,,,,,552126394000211968
morph,withdraw_submit,27864841,1791249160000,0xbb1f5788a27dcaf187834976c81b16bb515519ceb70d9a9bfcdfbc57127bb6d6,,0x98a72557428fe58bf04e323969178af4374886fe,0xe7cd86e13ac4309349f30b3435a9d337750fc82d,5430000,,552126394000211968
morph,deposit,27866058,1791251448000,0x7389e173b6a1ff9c1ccce3660c110829f617e139c0881a97cbc92b155f7c4480,0x98a72557428fe58bf04e323969178af4374886fe,0x98a72557428fe58bf04e323969178af4374886fe,0xe7cd86e13ac4309349f30b3435a9d337750fc82d,2050000,2184,
morph,withdraw_final,27866946,1791253417000,0xee7f7a97711410a20141fb63e55575bcf9eac5c28853f65b1f2dab116a4907a6,,,,,,552467955565199361
morph,withdraw_submit,27867178,1791253540000,0x55cbbbbd39d50ac21608cb5211632a06ccaeadaaaee74156f7e844f60e734de8,,0xf87e9d40fda53d85187a01dad4dc12459dcbbb25,0xe7cd86e13ac4309349f30b3435a9d337750fc82d,36820000,,552467955565199361
morph,deposit,27867321,1791253802000,0x65102a206510cc54a8725fa0e14fe6b2ad37bd897a8696e3a45da6c214241ea5,0x73ecc9fad808af5fe5de4f3cc81f19e9274e4987,0x73ecc9fad808af5fe5de4f3cc81f19e9274e4987,0xe7cd86e13ac4309349f30b3435a9d337750fc82d,2570000,2184,
morph,deposit,27868820,1791256606000,0x08a8068a15368856315732707abb2c2ae9656c63f9b9abf1903f5cb73d50217f,0xf87e9d40fda53d85187a01dad4dc12459dcbbb25,0xf87e9d40fda53d85187a01dad4dc12459dcbbb25,0xe7cd86e13ac4309349f30b3435a9d337750fc82d,32983009,2184,
morph,deposit,27870937,1791260543000,0xc9311cc65b7028fbf703f4bc300bcd080a6e2819197a15c2859504c59fddee4d,0xbb48553d0c9470eb429ba35acd350c4c242ee902,0xbb48553d0c9470eb429ba35acd350c4c242ee902,0xe7cd86e13ac4309349f30b3435a9d337750fc82d,2000000,2184,
morph,withdraw_final,27870977,1791260911000,0x0a1fcd18ac3557915e558ef1ac7492b2de325269421f81ef5680b46e36f14072,,,,,,553048154094698498
morph,withdraw_submit,27871210,1791261040000,0xbb89b536814e16e28f40039a17c6b5d11367980d42b6ab178e82a54c4dff469d,,0xbb48553d0c9470eb429ba35acd350c4c242ee902,0xe7cd86e13ac4309349f30b3435a9d337750fc82d,1000000,,553048154094698498
morph,withdraw_final,27871342,1791261536000,0xeaf67ade83c24c005500018b2d494a01a891eec6a75cc7d7f7c46f8358c92ffe,,,,,,553096300699058184
morph,withdraw_submit,27871638,1791261700000,0xa79d2c68966a62a3807fcf7506b033591084660dfaafde38d7433f8666dba738,,0x73ecc9fad808af5fe5de4f3cc81f19e9274e4987,0xe7cd86e13ac4309349f30b3435a9d337750fc82d,1570000,,553096300699058184
morph,deposit,27871797,1791261985000,0x0ff5514e71ccc7d7c46ce5b44c9c64b073a6b9518d081b079907c4f53ba5489e,0x44fd0ef0ca49a7250fd96aa06f73517bf067bccd,0x44fd0ef0ca49a7250fd96aa06f73517bf067bccd,0xe7cd86e13ac4309349f30b3435a9d337750fc82d,34275000000,2184,
morph,deposit,27872294,1791262784000,0x329330bb6db9e9e7ab4a038e4b6371939387707778e015cebc175c181172f562,0x10c3477fb0b7dd29a4fab7f229e3f669ce9ca7de,0x10c3477fb0b7dd29a4fab7f229e3f669ce9ca7de,0xe7cd86e13ac4309349f30b3435a9d337750fc82d,23620000,2184,
morph,withdraw_final,27873101,1791264535000,0x661df9a93ea5686f777054ded53c5fc24274527b7f48ce0cb445244df65cc4b7,,,,,,553328134426984448
morph,withdraw_submit,27873354,1791264700000,0x88fccff44294b887a5120b2f198727406a7f3b716ab80adc52ad6557c5a2ed79,,0x80ffd626b3d779a41d9ce0f6303712f771da18f3,0xe7cd86e13ac4309349f30b3435a9d337750fc82d,2050000,,553328134426984448
morph,withdraw_final,27873498,1791265256000,0x2b7e6c0e7e3e8d96e6f65733d8d19021c12c2d42fe51814cc14557a09258feb8,,,,,,553383883115069440
morph,withdraw_submit,27873748,1791265421000,0xd30bb7ee1b4fa24be2aff6767c35e8c55e01f4501db419ad3ee0cd67c4a538c2,,0x10c3477fb0b7dd29a4fab7f229e3f669ce9ca7de,0xe7cd86e13ac4309349f30b3435a9d337750fc82d,22620000,,553383883115069440
morph,deposit,27874704,1791267166000,0x85138ee61bd45072a5cc54c981aebe4daca9749c2edb9e74de3a13f6489c4f25,0x5b9c2741f3d5acb48ab863f077c95a21ea55d442,0x5b9c2741f3d5acb48ab863f077c95a21ea55d442,0xe7cd86e13ac4309349f30b3435a9d337750fc82d,11474492,2184,
morph,withdraw_final,27874797,1791267630000,0xd1603f59c8043bc8641eb9ac3b87fb3bfb0b9e9f572bbe394dda057f2b899fa8,,,,,,553567321151504384
morph,withdraw_submit,27875034,1791267760000,0xf580b282dff3a12acd03c0b0c5818bdb7d8678b83ad1c9f445330d598966407b,,0x6ce33193dee9c5979ede0c24f77e8afcec9bd6ea,0xe7cd86e13ac4309349f30b3435a9d337750fc82d,1000000,,553567321151504384
morph,withdraw_final,27875185,1791268300000,0xf86c1c8b2d8758e3a27325ffa25fecc4530e61439e28d4ea5ca401ed965626d6,,,,,,553619273075916800
morph,withdraw_final,27875209,1791268336000,0xe1a80197568f2c03d9ad3eecf9662d368adc1dc682122c38cbecc4c0ae2db560,,,,,,553622004687699968
morph,withdraw_submit,27875416,1791268420000,0xaee53c006053d5fdcefe7a71a15eb1bdcbb394f9b12262f0e1a37921a31f02e9,,0x6ce33193dee9c5979ede0c24f77e8afcec9bd6ea,0xe7cd86e13ac4309349f30b3435a9d337750fc82d,2000000,,553619273075916800
morph,withdraw_submit,27875449,1791268478000,0xcb9094e369085bcc0e0991fff77276c838a1bff00923a50e5828894e821a06a9,,0x44fd0ef0ca49a7250fd96aa06f73517bf067bccd,0xe7cd86e13ac4309349f30b3435a9d337750fc82d,12099000000,,553622004687699968
morph,deposit,27875496,1791268564000,0x0889f8cacdf9fcc3bf36d9cc6dd31823aa55ce129a1b5b802b0f549e7d05d42c,0x98f5a81c4be3b854c70d3ed3a23df4067ca19155,0x98f5a81c4be3b854c70d3ed3a23df4067ca19155,0xe7cd86e13ac4309349f30b3435a9d337750fc82d,32697350000,2184,
morph,withdraw_final,27875607,1791269063000,0x4287384a68aded014335efc0e98e6586d6e059bcf11f2a4cf85642f966f9d3b3,,,,,,553678346077077539
morph,withdraw_submit,27875839,1791269200000,0x8fed9dfc54eed1842a18f7a1c915acc356bf9149e8f97dda7ca251eb4cfab165,,0xb9581638bf8e8d416aa380c48927800f34cc49ff,0xe7cd86e13ac4309349f30b3435a9d337750fc82d,2450000,,553678346077077539
morph,deposit,27875955,1791269416000,0x01ef163fbb52613b08212f4a516cd155aca96e077df389fe36e1aeea546e0850,0x3bbaeb9b8e4dde06306ac5bec5e4644408ec1775,0x3bbaeb9b8e4dde06306ac5bec5e4644408ec1775,0xe7cd86e13ac4309349f30b3435a9d337750fc82d,9999977184,2184,
morph,deposit,27876243,1791269957000,0xf73a818b10ab79f60bad66a3136a52cb25ea9e8eaf2c0fd81629429dd7a05a34,0x3bbaeb9b8e4dde06306ac5bec5e4644408ec1775,0x3bbaeb9b8e4dde06306ac5bec5e4644408ec1775,0xe7cd86e13ac4309349f30b3435a9d337750fc82d,2999978889,2184,
morph,deposit,27876497,1791270405000,0x69f80b4e416e6a41c8ece8f1db55be0db16096f6c1cf1527c3ee365d7caaee22,0x3bbaeb9b8e4dde06306ac5bec5e4644408ec1775,0x3bbaeb9b8e4dde06306ac5bec5e4644408ec1775,0xe7cd86e13ac4309349f30b3435a9d337750fc82d,12999976359,2184,
morph,deposit,27879584,1791275936000,0x6e129de31256224811c2bc18c0530b712fca62d1df2372b63bff41bf363abf96,0x232fec2b2bf3747469f0a31c2733e0c154c7d50e,0x232fec2b2bf3747469f0a31c2733e0c154c7d50e,0xe7cd86e13ac4309349f30b3435a9d337750fc82d,62710000,2184,
morph,withdraw_final,27880051,1791277090000,0xaecb6e64e3379bd7da14e54d775aa3d5efe74a38b854326664b8a942cedc664c,,,,,,554299372557303808
morph,withdraw_submit,27880293,1791277240000,0xf6c658de0e5a5eb905f54ce49f4bfce2941238e4d3728a9b7f08e24368b3919a,,0x5b9c2741f3d5acb48ab863f077c95a21ea55d442,0xe7cd86e13ac4309349f30b3435a9d337750fc82d,10470000,,554299372557303808
morph,deposit,27880440,1791277492000,0x4e3af23c267150aa78ecff7af61b9a2307a5007352c0f41e1fc96ec943bbb9d9,0x1ead895ab693157969098c6db209d3f56f5ccafd,0x1ead895ab693157969098c6db209d3f56f5ccafd,0xe7cd86e13ac4309349f30b3435a9d337750fc82d,5000000,2184,
morph,deposit,27880765,1791278086000,0x06250ad8d3272008fe33ec0d123d5684e94920f3a510f8031b3334b3613c305d,0xafa667d8179aea1600a6c65ae3b833951d1e1777,0xafa667d8179aea1600a6c65ae3b833951d1e1777,0xe7cd86e13ac4309349f30b3435a9d337750fc82d,200000000,2184,
morph,deposit,27881677,1791279616000,0x3d0d54912dd47f4eeba93a031d92833e588bd29f2c154fc090bc3299a81e1c7c,0x8066a3cad8c5ef0c3ad6f333b9fdc643252c0057,0x8066a3cad8c5ef0c3ad6f333b9fdc643252c0057,0xe7cd86e13ac4309349f30b3435a9d337750fc82d,2000000000,2184,
morph,deposit,27882660,1791281320000,0xe11b5ff4deaba340d54310e12d2e419ce5b84756bb7bab71475ceb5db293e0fa,0x00e8a95c9a4502292f568b640c457d5c8afb454d,0x00e8a95c9a4502292f568b640c457d5c8afb454d,0xe7cd86e13ac4309349f30b3435a9d337750fc82d,14790000,2184,
morph,deposit,27883130,1791282143000,0xbb79aa72db36fdf656d0675b37817029c9b5800dc4dd3d7ccfcd9c6b72746de6,0xbb48553d0c9470eb429ba35acd350c4c242ee902,0xbb48553d0c9470eb429ba35acd350c4c242ee902,0xe7cd86e13ac4309349f30b3435a9d337750fc82d,2000000,2184,
morph,deposit,27883133,1791282146000,0x9b161744ab0cab70ad7c84aa0ff310e8df753a9ab70c95f1cbafd0736e19e55f,0x63f59561504073fd088f7700976e7b78f4696b7d,0x63f59561504073fd088f7700976e7b78f4696b7d,0xe7cd86e13ac4309349f30b3435a9d337750fc82d,1880000,2184,
morph,withdraw_final,27883170,1791282518000,0xf5dd8b1057bb8503c8c4cdbc961ebad511ba137bbe02a22d8d5f64a3f90b29dd,,,,,,554719317279637504
morph,withdraw_submit,27883409,1791282639000,0xaf1dc640daeb26b3e830773a88de3e0358b8f9f986a3d84fad345ecb00053657,,0xbb48553d0c9470eb429ba35acd350c4c242ee902,0xe7cd86e13ac4309349f30b3435a9d337750fc82d,1000000,,554719317279637504
morph,withdraw_final,27883965,1791283967000,0x934a1e2d4b7da7240ad9fcc888f0946e50a72add09893168d8f606368afbccca,,,,,,554831965694459904
morph,withdraw_final,27883982,1791283997000,0x85ed1ea113e0f9f46103fadca06f1e083726369892d4393884290289a45bcef7,,,,,,554834250617061376
morph,withdraw_submit,27884228,1791284140000,0xe686bb71d13e620e48921123f2dcbf1de82414a73cb1fb2f74acc22e2cb8c5ab,,0x1ead895ab693157969098c6db209d3f56f5ccafd,0xe7cd86e13ac4309349f30b3435a9d337750fc82d,4030000,,554831965694459904
morph,withdraw_submit,27884228,1791284140000,0xe686bb71d13e620e48921123f2dcbf1de82414a73cb1fb2f74acc22e2cb8c5ab,,0x00e8a95c9a4502292f568b640c457d5c8afb454d,0xe7cd86e13ac4309349f30b3435a9d337750fc82d,13790000,,554834250617061376
morph,deposit,27885403,1791286160000,0x401b0282224a38237bb27623e2e6866b45b9efd61e3bc1f1935e54436a0e6eef,0xa21c9485f47eedf19aa3c95590cc7d23cf81e53b,0xa21c9485f47eedf19aa3c95590cc7d23cf81e53b,0xe7cd86e13ac4309349f30b3435a9d337750fc82d,10950000,2184,
morph,deposit,27886778,1791288514000,0xd7711bf912e637e29022c5954890d19096720384e6a1f015186cd61bae1833d3,0x581d1451fbeef82ab03e707bb379f06b9fc3bc8a,0x581d1451fbeef82ab03e707bb379f06b9fc3bc8a,0xe7cd86e13ac4309349f30b3435a9d337750fc82d,10000000,2184,
morph,withdraw_final,27887286,1791289728000,0x77c82b48075fcef38ddfefc97b37cbd25cf981fd83d06c9a78e2f9db69d221e9,,,,,,555277267903709184
morph,withdraw_submit,27887549,1791289900000,0x1331c6894911aace27ce1dde0ab01a5459eafd124d20e62d1b95912e5a2754c1,,0xf87e9d40fda53d85187a01dad4dc12459dcbbb25,0xe7cd86e13ac4309349f30b3435a9d337750fc82d,13080000,,555277267903709184
morph,withdraw_final,27887700,1791290476000,0x8c8c0fc7d1fa2ad362abe59f997e108d9f033e4e199d0dc8e68485b5adf68e9f,,,,,,555335095351771157
morph,deposit,27887791,1791290331000,0xcb82d1bab65c1153341965971882356931d92dc1f31ab66e1cf7029dbfb4daf3,0xf87e9d40fda53d85187a01dad4dc12459dcbbb25,0xf87e9d40fda53d85187a01dad4dc12459dcbbb25,0xe7cd86e13ac4309349f30b3435a9d337750fc82d,13070000,2184,
morph,withdraw_submit,27887956,1791290620000,0x79ba1e5fcba4bbc8026f7d8510f6828b84e9dd04192dc3dee4d3f19df3b77876,,0xe933dce971e8e24776e3d53c37598bb6121f8537,0xe7cd86e13ac4309349f30b3435a9d337750fc82d,9080000,,555335095351771157
morph,withdraw_final,27888553,1791291970000,0x5dcb0fd5100c6518ba0f85f961caa525e6e521843ced1540dfc66fc7264d6b40,,,,,,555450432382566400
morph,deposit,27888572,1791291706000,0xdcf268e0d69591c25786483ca9ff9025d4d3cad2e970578405e1d02b7abf38cc,0xdfb06c7a6f74623aaf027f04c758201adad85edd,0xdfb06c7a6f74623aaf027f04c758201adad85edd,0xe7cd86e13ac4309349f30b3435a9d337750fc82d,509976865,2184,
morph,deposit,27888726,1791291964000,0xc50f5777a368e6901a22b14a92118d25706c265222526ab55006bdad01fba9f0,0xadebf11eb3376159a410cff2225721572a1f44ca,0xadebf11eb3376159a410cff2225721572a1f44ca,0xe7cd86e13ac4309349f30b3435a9d337750fc82d,18670000,2184,
morph,withdraw_submit,27888823,1791292120000,0xdd24625be4b0919dce15ae88072826ae6b64c00af02a82f1233d4ab832380915,,0x581d1451fbeef82ab03e707bb379f06b9fc3bc8a,0xe7cd86e13ac4309349f30b3435a9d337750fc82d,6130000,,555450432382566400
morph,deposit,27889229,1791292806000,0x38267a90d6f4e0c487235bdaa21976149277c6d40ff007f4262345117fdcbcd1,0x04827b2fd166d9dfa41cc461f778ca8141b461b7,0x04827b2fd166d9dfa41cc461f778ca8141b461b7,0xe7cd86e13ac4309349f30b3435a9d337750fc82d,20000000,2184,
morph,deposit,27889422,1791293135000,0x7e8189501a64f34d886a34f6cece04b45f3b030278724bca6133737aa022a48c,0x581d1451fbeef82ab03e707bb379f06b9fc3bc8a,0x581d1451fbeef82ab03e707bb379f06b9fc3bc8a,0xe7cd86e13ac4309349f30b3435a9d337750fc82d,6110000,2184,
morph,deposit,27890018,1791294094000,0x38babc73a57e0c65e97eadb05d478d8c7721d4b93bca2130a558f68d1b179621,0x267d18c58dc6acbe0a2baf710e51f454cd8c0693,0x267d18c58dc6acbe0a2baf710e51f454cd8c0693,0xe7cd86e13ac4309349f30b3435a9d337750fc82d,303000000,2184,
morph,withdraw_final,27890239,1791294768000,0xf5acbb35b6162819c03b08092906dc335cd1cfed15c060ac9b08ab9b144a30af,,,,,,555666366179311766
morph,withdraw_final,27890319,1791294913000,0x35d56bfffca5d17e6171c54a6936cadd20b446d717c932c5ff8f6fb0b158b49b,,,,,,555678100008992768
morph,withdraw_final,27890358,1791294977000,0x0babc59cf7a8318b6cf1b1700274b40042a1e47663dc2dfc6ffa54bc51c8b61e,,,,,,555682738590449664
morph,withdraw_submit,27890511,1791294940000,0x41fe3be4ff57224869396c227ea40571a033df62d3f73f35a0cfaca430afae3c,,0xeb4b27e8164311a66bb23b6aa1fc5d7c00534c87,0xe7cd86e13ac4309349f30b3435a9d337750fc82d,6530000,,555666366179311766
morph,deposit,27890565,1791295038000,0x21cef595892d523b38a0a1cb9ef259c27280d40c3067d5f329d98a5168b87b2a,0x267d18c58dc6acbe0a2baf710e51f454cd8c0693,0x267d18c58dc6acbe0a2baf710e51f454cd8c0693,0xe7cd86e13ac4309349f30b3435a9d337750fc82d,94680000,2184,
morph,withdraw_submit,27890581,1791295060000,0xcf933526ff6b3bab28658100f55ff84cd944eeb1f9391784c784bac33b4efc5b,,0x581d1451fbeef82ab03e707bb379f06b9fc3bc8a,0xe7cd86e13ac4309349f30b3435a9d337750fc82d,4940000,,555678100008992768
morph,deposit,27890621,1791295104000,0x2e5066f50b98fecfb8ad449a29387d20b7cf9dcd47832aedc6db7a88a4d5058b,0x80ffd626b3d779a41d9ce0f6303712f771da18f3,0x80ffd626b3d779a41d9ce0f6303712f771da18f3,0xe7cd86e13ac4309349f30b3435a9d337750fc82d,21430000,2184,
morph,withdraw_submit,27890630,1791295120000,0xd267c7d8a9b7d8a530449bb12625f9724422588f709c5a64b7d7539b1daa00a9,,0x1a7fd8985d6fb366b845af62746345b9632f3706,0xe7cd86e13ac4309349f30b3435a9d337750fc82d,84350000,,555682738590449664
morph,deposit,27890722,1791295274000,0x6905a15d1aeaec4b528eafd25cb15694630a7cb707ab7afae66ee767e2c5c65a,0x7fa4d13fcc523d0b069d46fd1ef2087feac1ebe9,0x7fa4d13fcc523d0b069d46fd1ef2087feac1ebe9,0xe7cd86e13ac4309349f30b3435a9d337750fc82d,5080000,2184,
morph,deposit,27890842,1791295464000,0x5e39ab4b1601296ffbcaeebff4931700c15068a42eadf4100bdfbf705b36f6f6,0xdbe93a674c8ded73148bfeea6c84427d3408ed29,0xdbe93a674c8ded73148bfeea6c84427d3408ed29,0xe7cd86e13ac4309349f30b3435a9d337750fc82d,47000000,2184,
morph,deposit,27892806,1791298782000,0x6c16132c60269c238cc92bac9924724feca2a5fea2dba66fd56e941720b7ffc5,0x77f7822d8dca53e0b7cf78a9291b270e3dab9820,0x77f7822d8dca53e0b7cf78a9291b270e3dab9820,0xe7cd86e13ac4309349f30b3435a9d337750fc82d,1070000,2184,
morph,deposit,27893192,1791299426000,0x4569a21b96cce31adb73685475efdeca77c75ce49e985b33c6582805f80bb815,0x521f0a0b56ce81e6696b8b1271c1cc443800983e,0x521f0a0b56ce81e6696b8b1271c1cc443800983e,0xe7cd86e13ac4309349f30b3435a9d337750fc82d,1970000,2184,
morph,deposit,27893506,1791299978000,0xe8f06a946c4570266f62453ee4097da23880880f27b3895f46b2f02533e56219,0x6ea2cfd4db1597a01aaabcd9682a7411ec20874a,0x6ea2cfd4db1597a01aaabcd9682a7411ec20874a,0xe7cd86e13ac4309349f30b3435a9d337750fc82d,2098000000,2184,
morph,withdraw_final,27893594,1791300436000,0xf62f5621990804c7f9beb7645109762ffce2c0586a73638d6dc27c8cc39cc84a,,,,,,556103954623102978
morph,withdraw_submit,27893846,1791300580000,0x866dfc169cfdae0bc347a1e2ab693cbb16a81782d4de64e19ea3166de3a892db,,0xa405d4e4022ba4a48584720f3a1da344dd55cf6e,0xe7cd86e13ac4309349f30b3435a9d337750fc82d,53610000,,556103954623102978
morph,deposit,27893865,1791300612000,0xdb1d2190a504223859cec988244677d5220f34bab887993f589280960d24433c,0xd625d9edaffc8c293d519283c83725ecfa6aeb45,0xd625d9edaffc8c293d519283c83725ecfa6aeb45,0xe7cd86e13ac4309349f30b3435a9d337750fc82d,1790000,2184,
morph,deposit,27894558,1791301862000,0xd1a51dace9522abae7191491de8293f456e1b66c0be13a4ad87aeae583571e48,0xb4b83e5814f7b70745a7b60620af5a7db752f90a,0xb4b83e5814f7b70745a7b60620af5a7db752f90a,0xe7cd86e13ac4309349f30b3435a9d337750fc82d,5100000,2184,
morph,deposit,27895297,1791303168000,0x96254e5dd710c10eb1cf5b5e96a1d2ac4a99b9c7002a15cf445a3688fc891aa6,0x7eff6b4af2d8a3a7016bb8cc66dcfdc1d3de954a,0x7eff6b4af2d8a3a7016bb8cc66dcfdc1d3de954a,0xe7cd86e13ac4309349f30b3435a9d337750fc82d,2490000,2184,
morph,deposit,27895535,1791303604000,0xf26597a9b230924579cb39066274c158cafa708088ec4adf8c13cfe342b1b81b,0x04827b2fd166d9dfa41cc461f778ca8141b461b7,0x04827b2fd166d9dfa41cc461f778ca8141b461b7,0xe7cd86e13ac4309349f30b3435a9d337750fc82d,10000000,2184,
morph,deposit,27895613,1791303743000,0x9fcd5e975bd392f3109b3abf1393dc573cebd58f19123f078425fc42a6085878,0xbb48553d0c9470eb429ba35acd350c4c242ee902,0xbb48553d0c9470eb429ba35acd350c4c242ee902,0xe7cd86e13ac4309349f30b3435a9d337750fc82d,2000000,2184,
morph,withdraw_final,27895652,1791304114000,0x56337ad06bc34b0628b31e7ebc833a39009f17680bb6df1abf2f9841d522301d,,,,,,556388324390993920
morph,withdraw_submit,27895882,1791304240000,0xd29cd9ef5a846b246cb8d577a53b3241a64125ac78fbbbc71b506ca76be5a0aa,,0xbb48553d0c9470eb429ba35acd350c4c242ee902,0xe7cd86e13ac4309349f30b3435a9d337750fc82d,1000000,,556388324390993920
morph,deposit,27896043,1791304546000,0x2a5b35302029b8d3c6f0e0d6910523dbc675f9993508b7f2679a289debed0e78,0xa513992ada7f09c3a5fe59c3730a9870947ba741,0xa513992ada7f09c3a5fe59c3730a9870947ba741,0xe7cd86e13ac4309349f30b3435a9d337750fc82d,20000000,2184,
morph,deposit,27896252,1791304942000,0xc54dac5bbe11655ae93248b09cbf9025eea221878f97a0e45f49674cf388f6ac,0x80e4f35c958ae8005392f48a933c48a8908eb9b1,0x80e4f35c958ae8005392f48a933c48a8908eb9b1,0xe7cd86e13ac4309349f30b3435a9d337750fc82d,3040000,2184,
morph,deposit,27897038,1791306418000,0x305ce4cb25ec92421a37927e45c7e507c007c7fecc37cd1f88993fae7c2d2564,0x77f7822d8dca53e0b7cf78a9291b270e3dab9820,0x77f7822d8dca53e0b7cf78a9291b270e3dab9820,0xe7cd86e13ac4309349f30b3435a9d337750fc82d,2280000,2184,
morph,withdraw_final,27898391,1791309155000,0x3d16c3d714786411af8bce0dfe6ec8103c41f891f22ca776dd950f04e43a8613,,,,,,556778341777014784
morph,deposit,27898508,1791309076000,0x13d953a59f257b9ddbf7cf9d4147dc6962ae4283626ca49c1134ab68290de4db,0x05270c815370f93370893490598b923324a8ca84,0x05270c815370f93370893490598b923324a8ca84,0xe7cd86e13ac4309349f30b3435a9d337750fc82d,3000000,2184,
morph,withdraw_submit,27898622,1791309280000,0x4b14e7714bb539ff0e8e93e5e6ec70f2cd0dd7ddb8f55c206eaf5a9cace320cd,,0x80e4f35c958ae8005392f48a933c48a8908eb9b1,0xe7cd86e13ac4309349f30b3435a9d337750fc82d,1610000,,556778341777014784
morph,withdraw_final,27900393,1791312795000,0xac673df16cb2e542418a0af932648280dc06f53823753df1f5a59cb16f5fbbb5,,,,,,557060005757452322
morph,withdraw_submit,27900636,1791312940000,0x80562fa0d85c835dcbd5b31d3a6986de23c447124e22ad5584cd4e4be7d47293,,0x8066a3cad8c5ef0c3ad6f333b9fdc643252c0057,0xe7cd86e13ac4309349f30b3435a9d337750fc82d,1799000000,,557060005757452322
morph,deposit,27900736,1791313133000,0x3c62b0b02bad1575a8017a4e43d38cdd5faefd3f03118d936bf75f39e3aedf37,0x8066a3cad8c5ef0c3ad6f333b9fdc643252c0057,0x8066a3cad8c5ef0c3ad6f333b9fdc643252c0057,0xe7cd86e13ac4309349f30b3435a9d337750fc82d,1780000000,2184,
morph,withdraw_final,27901111,1791314126000,0x60421b3f5b24235494d406b748daf12ad0de0fc722e7c419593697947f6d499f,,,,,,557162681220464640
morph,withdraw_submit,27901342,1791314260000,0x3afd6f9eed83245c0f52e7347601ff6be011aeab3d094338a0badfc5dbceca15,,0xa513992ada7f09c3a5fe59c3730a9870947ba741,0xe7cd86e13ac4309349f30b3435a9d337750fc82d,18710000,,557162681220464640
morph,deposit,27902075,1791315588000,0x05e09fcf70eec35e78036df31483074cce7a58d18e294a5c3bad0c8986fc01d7,0x5d7b75c98a9707b4e5ce1bcb840c8bfe5973afdb,0x5d7b75c98a9707b4e5ce1bcb840c8bfe5973afdb,0xe7cd86e13ac4309349f30b3435a9d337750fc82d,5000000,2184,
morph,deposit,27902850,1791317058000,0x3b735ea7594b030c3b1c6f10c1a9175691743d5acb0eea0cdd07b156cbb96fee,0xab9d5a606586c9ba45b9917051170a813b30326e,0xab9d5a606586c9ba45b9917051170a813b30326e,0xe7cd86e13ac4309349f30b3435a9d337750fc82d,13000000,2184,
morph,withdraw_final,27903182,1791317990000,0x5cf57a496aa6b840fd7e1dad4b6fba66c0391a7ed18d61bbea6df2b526bbb0b7,,,,,,557461756981542912
morph,withdraw_submit,27903432,1791318160000,0xf28ca40f8b86634e9995b9290aa49dc9e9d318e8f4dce72d685cd7ef72828aca,,0x5d7b75c98a9707b4e5ce1bcb840c8bfe5973afdb,0xe7cd86e13ac4309349f30b3435a9d337750fc82d,4000000,,557461756981542912
morph,withdraw_final,27903934,1791319427000,0x03be4ee38731f7b124f2f55bdec0442512d8ff91b2907142ca2cdadea1ae7c2c,,,,,,557572764702081024
morph,withdraw_submit,27904182,1791319600000,0x74de1be83d9afb186775895c6aac0a7a8df28774a068df40883671cdca2422c8,,0x7eff6b4af2d8a3a7016bb8cc66dcfdc1d3de954a,0xe7cd86e13ac4309349f30b3435a9d337750fc82d,1420000,,557572764702081024
morph,deposit,27905465,1791322082000,0x1a2f1b5febfe3d5e234bdcf42af055135fb2347a51e1592d6ccc91e3ee263174,0x62eab90d58b2d2a8b4492f2a409c812446820517,0x62eab90d58b2d2a8b4492f2a409c812446820517,0xe7cd86e13ac4309349f30b3435a9d337750fc82d,1000000000,2184,
morph,withdraw_final,27905958,1791323307000,0x2836e9c5a510fb9f14a2387cd6c57172df56b71677396149df728a88a7016615,,,,,,557872115345260544
morph,withdraw_submit,27906186,1791323440000,0x56ed3e4a806311f32f75155ef49132d5c7cc03b0ef6fcd7bd98ed1ff7b556a89,,0x98f5a81c4be3b854c70d3ed3a23df4067ca19155,0xe7cd86e13ac4309349f30b3435a9d337750fc82d,4999000000,,557872115345260544
morph,withdraw_final,27906300,1791323956000,0x611b7a8d7e0c5ffb0f1955ffbf2e7a00217532df9b9c843eca4e9b2b1ebedb89,,,,,,557921550418837504
morph,withdraw_submit,27906531,1791324100000,0xdc14ab300b05d096a7d69201f72d8e34e0d67d4e7436945e94ef95f1d211210f,,0x98f5a81c4be3b854c70d3ed3a23df4067ca19155,0xe7cd86e13ac4309349f30b3435a9d337750fc82d,12610030000,,557921550418837504
morph,deposit,27907234,1791325343000,0x141b3595d255e9ad4b73f93d5dad307a2d574762d94f974d6c4d11cfca231ffe,0xbb48553d0c9470eb429ba35acd350c4c242ee902,0xbb48553d0c9470eb429ba35acd350c4c242ee902,0xe7cd86e13ac4309349f30b3435a9d337750fc82d,2000000,2184,
morph,withdraw_final,27907271,1791325714000,0x73e62fe6843733b4f280cc34a6d61dc17be5a7982083e19417cd54287e430c39,,,,,,558057108164050945
morph,withdraw_submit,27907493,1791325840000,0x6145941625592271020246d9434dce258f9792d987f6aa9254163f9fc8d9ff5b,,0xbb48553d0c9470eb429ba35acd350c4c242ee902,0xe7cd86e13ac4309349f30b3435a9d337750fc82d,1000000,,558057108164050945
morph,deposit,27907508,1791325868000,0xa98446aaff30319df9aaa9517897aebd075bd96b891dcc9ee675a772a791d645,0x04827b2fd166d9dfa41cc461f778ca8141b461b7,0x04827b2fd166d9dfa41cc461f778ca8141b461b7,0xe7cd86e13ac4309349f30b3435a9d337750fc82d,10000000,2184,
morph,deposit,27908814,1791328390000,0xc3dbaf9f125c2a349efca13d4d87bf81279df9519e94c8aaf6ab4c0c628a0e44,0xc15eccf211ef012176e8f7981a44726d89cd7dd1,0xc15eccf211ef012176e8f7981a44726d89cd7dd1,0xe7cd86e13ac4309349f30b3435a9d337750fc82d,1110000,2184,
morph,deposit,27908915,1791328584000,0xe8322317004df8951317b1f60fe71eb9cd94beaa955d5a8722615492b00d2e53,0x75bd6724cde18488c021f79378e9824199b5fe25,0x75bd6724cde18488c021f79378e9824199b5fe25,0xe7cd86e13ac4309349f30b3435a9d337750fc82d,10000000,2184,
morph,withdraw_final,27909036,1791329109000,0xa1aec4a1bd0d4188b6aef1cc5cabc01490f7d1d9c624bbc62c642e984a258d4c,,,,,,558318602944512000
morph,withdraw_submit,27909276,1791329260000,0x75598f8d94a548ba847b5d6fd16a549f729405ebd44f7add943ba70939f46ec4,,0x00ad278490a899d9e530a1bae2a3956b1abe4568,0xe7cd86e13ac4309349f30b3435a9d337750fc82d,9000000,,558318602944512000
morph,deposit,27909284,1791329274000,0x3b7d2ac5207e66ddf5eada3d8ada3fddfc5784c66562331f44c98237bcfd09f0,0x75bd6724cde18488c021f79378e9824199b5fe25,0x75bd6724cde18488c021f79378e9824199b5fe25,0xe7cd86e13ac4309349f30b3435a9d337750fc82d,9680000,2184,
morph,deposit,27911251,1791333014000,0x47de0678adcb94a3050652af618b8a18dc21b4901a509efa766eed7decd59d96,0x80ffd626b3d779a41d9ce0f6303712f771da18f3,0x80ffd626b3d779a41d9ce0f6303712f771da18f3,0xe7cd86e13ac4309349f30b3435a9d337750fc82d,39920000,2184,
morph,deposit,27911415,1791333324000,0xdb8366da544298621442ebbf98a2e945dc41a12c38b6915ad8878afd20d38ef4,0x6c1ee37629bd75c1ac7d26d56f1c6ee9ad5ee4b4,0x6c1ee37629bd75c1ac7d26d56f1c6ee9ad5ee4b4,0xe7cd86e13ac4309349f30b3435a9d337750fc82d,21000000,2184,
morph,deposit,27915016,1791339168000,0x4d901200efe9e477174bd0fd48c89c7f3883ec50e352a878ef6809b2912e516f,0xe0ed3b6d5873a92b58cadb4c621c7b0bf73a9e7d,0xe0ed3b6d5873a92b58cadb4c621c7b0bf73a9e7d,0xe7cd86e13ac4309349f30b3435a9d337750fc82d,8390000,2184,
morph,withdraw_final,27915017,1791339470000,0xebe2d02fed55763aeb3d7aa9e92611122eee84ade1f1b212d12d8926af4c0f29,,,,,,559118154068918273
morph,withdraw_final,27915160,1791339688000,0x7ce7cefc8e558b4ce6f1f89a8a56d9ead4a24c639e1a696b4cc388b795bcee84,,,,,,559135076235870209
morph,deposit,27915265,1791339556000,0x3d3b63112dc8facf044f365a90d337b599cc45c5729783199a554bf5ec771df4,0x8080fb336a664153d814af9d389a35934e87466d,0x8080fb336a664153d814af9d389a35934e87466d,0xe7cd86e13ac4309349f30b3435a9d337750fc82d,30000000,2184,
morph,withdraw_submit,27915313,1791339640000,0xbd951a31cd28a5988a958d444eaea3833c00af2f29fbb60eca1fb07f9252d0ab,,0x8a8291d7ea4a9db271eed3f454f202fb487cb4a3,0xe7cd86e13ac4309349f30b3435a9d337750fc82d,430830000,,559118154068918273
morph,withdraw_submit,27915442,1791339820000,0xafcb374cb44af92230a024eb9248971e280e643e5ac8b0c5d2ddd319bf826738,,0x02c3fc30540051b2ce92369a07d047b5dcd0930a,0xe7cd86e13ac4309349f30b3435a9d337750fc82d,20470000,,559135076235870209
morph,withdraw_final,27915761,1791340690000,0x013a884d7701ff53041582672018de3493efa29a8dba9df234a9f247110752d9,,,,,,559212488743190528
morph,deposit,27915817,1791340496000,0x8e0abbbfb997a3902049b4f83a0187b2e267e33920465ae6a00edce37da64c8b,0xcf962deb8124f78b2754163189f870c3c4df9cd6,0xcf962deb8124f78b2754163189f870c3c4df9cd6,0xe7cd86e13ac4309349f30b3435a9d337750fc82d,87690000,2184,
morph,deposit,27915844,1791340539000,0xc9099760bf843acce666587312d4ac903bdba7cbb55d9131ac94df9d3d4e118e,0x80e4f35c958ae8005392f48a933c48a8908eb9b1,0x80e4f35c958ae8005392f48a933c48a8908eb9b1,0xe7cd86e13ac4309349f30b3435a9d337750fc82d,1590000,2184,
morph,withdraw_final,27915875,1791340893000,0x181de5403eadcef978448d89995ac3754477c7f0ba9b01148a8fd54d4406130c,,,,,,559228208327688231
morph,withdraw_submit,27916016,1791340840000,0x85c433f3bcdd78f1ccb44ce747e1b1d15e6ca89998ee9171f6a1c5a7ddad0445,,0x0b74ad19be45c594798f2ea7de1d1e569ed6093e,0xe7cd86e13ac4309349f30b3435a9d337750fc82d,35290000,,559212488743190528
morph,withdraw_submit,27916114,1791341020000,0x2c21f64b7b2762880fc7a82d29195767eaa65dabffa7b1ab87fc21252d91c7c9,,0xc49cac2211d6ae6e038563023d89ee82f7b7faef,0xe7cd86e13ac4309349f30b3435a9d337750fc82d,104590000,,559228208327688231
morph,deposit,27916221,1791341213000,0xeb579ce91a4b617df57478b3c196158f8e5642ffec811e60118d57d73ac0b103,0xfab3eef2c6bf8659f4c55773188ea484a0ead073,0xfab3eef2c6bf8659f4c55773188ea484a0ead073,0xe7cd86e13ac4309349f30b3435a9d337750fc82d,29970000,2184,
morph,deposit,27916904,1791342394000,0x94cd812fa5ccb1cabea51f5d837f1f5478077d14e5816271fa61c1656ab0eff4,0x028616896009ed81111d5be075c73f46894e39f9,0x028616896009ed81111d5be075c73f46894e39f9,0xe7cd86e13ac4309349f30b3435a9d337750fc82d,30000000,2184,
morph,withdraw_final,27917332,1791343485000,0x491ee4b08e3dbd9f741309a5294110f7f2d798c4128f2f3ee6aca63fc5d5782b,,,,,,559428826245890050
morph,withdraw_submit,27917614,1791343660000,0x4434c3360f4c85561dffb16c6f3ec0e54e5b7b3482fbfc6112783b59d5febda0,,0xab9d5a606586c9ba45b9917051170a813b30326e,0xe7cd86e13ac4309349f30b3435a9d337750fc82d,7000000,,559428826245890050
morph,deposit,27918301,1791344922000,0xf4864d4adb1784f5daa98c8c339910bc7d76c0de5be51ed476f7d21e205bfe7f,0x17a91124f3abb80330ea552f4ef46f4137ea2302,0x17a91124f3abb80330ea552f4ef46f4137ea2302,0xe7cd86e13ac4309349f30b3435a9d337750fc82d,4350000,2184,
morph,deposit,27919393,1791346943000,0xd7939eb487b55266330c39d4cc91d1ba62f182969464aaaacea4f07363e6d545,0xbb48553d0c9470eb429ba35acd350c4c242ee902,0xbb48553d0c9470eb429ba35acd350c4c242ee902,0xe7cd86e13ac4309349f30b3435a9d337750fc82d,2000000,2184,
morph,withdraw_final,27919436,1791347321000,0x2da9dfdb50bf5d64974be82ac5dc6dc4e3979d020fc49640f7e5b46ecf929617,,,,,,559725445260509184
morph,withdraw_submit,27919657,1791347439000,0xa0041f5342ce4541ad97f4196d96532442bd33d71199424cff7ead6fa3e7ebf9,,0xbb48553d0c9470eb429ba35acd350c4c242ee902,0xe7cd86e13ac4309349f30b3435a9d337750fc82d,1000000,,559725445260509184
morph,deposit,27920664,1791349276000,0x02461eca5a900daf77877dd93ed5c36227b2ef44bfd3086391b3e9b4d02be584,0x44fd0ef0ca49a7250fd96aa06f73517bf067bccd,0x44fd0ef0ca49a7250fd96aa06f73517bf067bccd,0xe7cd86e13ac4309349f30b3435a9d337750fc82d,6000000000,2184,
morph,withdraw_final,27920801,1791349815000,0xb28bc814ac1789199f1079185e40f8fe85aab8b71748f9759a8d319773af3987,,,,,,559918839043719168
morph,withdraw_submit,27921077,1791349960000,0x101d706c415aeea9f6de98a9d727475d73ca6ee8ef4cb246072cf6aa9f42bdc1,,0x7fa4d13fcc523d0b069d46fd1ef2087feac1ebe9,0xe7cd86e13ac4309349f30b3435a9d337750fc82d,4080000,,559918839043719168
morph,deposit,27921790,1791351244000,0x0e047d788ed0c8667632073687f4395e0a2e24ccdbf71ded05f9291e05969e6c,0x98f5a81c4be3b854c70d3ed3a23df4067ca19155,0x98f5a81c4be3b854c70d3ed3a23df4067ca19155,0xe7cd86e13ac4309349f30b3435a9d337750fc82d,30000000000,2184,
morph,deposit,27922925,1791353410000,0x477b765df2d7ffe56975caef9e294772a312e83811daa4316abb36f065c9f5c9,0x8066a3cad8c5ef0c3ad6f333b9fdc643252c0057,0x8066a3cad8c5ef0c3ad6f333b9fdc643252c0057,0xe7cd86e13ac4309349f30b3435a9d337750fc82d,18000000,2184,
morph,deposit,27924752,1791356696000,0xec36dd9c0e8f7da06b319483c5e521c68a74eeea0a8fbdb5ca5b735016de008c,0xf7a252359dae3ffd14f2f132d8ae966c71080620,0xf7a252359dae3ffd14f2f132d8ae966c71080620,0xe7cd86e13ac4309349f30b3435a9d337750fc82d,10000000,2184,
morph,deposit,27926760,1791360326000,0x6e279e149bbcff54335761d2b918ab4cc4b9a6dc84645ee0b367ec09bb02d966,0xd85c9803045f61da54769f803df3723607beca52,0xd85c9803045f61da54769f803df3723607beca52,0xe7cd86e13ac4309349f30b3435a9d337750fc82d,8430000,2184,
morph,withdraw_final,27927263,1791361536000,0x261f17398256ceb5e104aecf765c47c92f4d93c5f19bcaae203d852fb3f79036,,,,,,560825489472618496
morph,withdraw_submit,27927489,1791361660000,0x9802c78c0af562e98a40c3b750e450db6babd70862061e3c1c2c8c7eafadd791,,0x51ca6e7fcf1a70ea4cbabea1e18510223b3de294,0xe7cd86e13ac4309349f30b3435a9d337750fc82d,59630000,,560825489472618496
morph,deposit,27927702,1791362062000,0x9abd9155a50d8070f660d442089261cafd5ba88e063d2c038f6408fb5c8cd062,0xe7f33d7fc656226f5f586fec3e97b4fb8fe03dde,0xe7f33d7fc656226f5f586fec3e97b4fb8fe03dde,0xe7cd86e13ac4309349f30b3435a9d337750fc82d,3680000,2184,
morph,withdraw_final,27928331,1791363518000,0x2c3f07ef8267dd7a5f8b2322b1b39a123a6b2a740ad7f8ac6bbe15dac28a052f,,,,,,560978965825585152
morph,withdraw_submit,27928559,1791363639000,0xb23b5eba963be584cf79627688886fc90dfcad2b911fef96ed3ef4ca921bda4e,,0xd85c9803045f61da54769f803df3723607beca52,0xe7cd86e13ac4309349f30b3435a9d337750fc82d,7160000,,560978965825585152
morph,deposit,27929169,1791364764000,0x714bc8954a6df4d82b4d48d56478d8ac19779c47a3f6a862b395559d4b5c8e4a,0x3ecdb2ee66e015dad916f4f347cb64bbf15691ab,0x3ecdb2ee66e015dad916f4f347cb64bbf15691ab,0xe7cd86e13ac4309349f30b3435a9d337750fc82d,1000000,2184,
morph,deposit,27929323,1791365042000,0x0f40a68f705f2d6583b3df5210b541d812f0d277d753eda3da292dfe658f2403,0x04827b2fd166d9dfa41cc461f778ca8141b461b7,0x04827b2fd166d9dfa41cc461f778ca8141b461b7,0xe7cd86e13ac4309349f30b3435a9d337750fc82d,10000000,2184,
morph,deposit,27930001,1791366224000,0x3e6801c952bfd79ad93337a91ba3dc2d43a654f5debeb7bddbae4ff8d374444d,0x26c71dba7b86218dba9a51803768ffc374f0c9d8,0x26c71dba7b86218dba9a51803768ffc374f0c9d8,0xe7cd86e13ac4309349f30b3435a9d337750fc82d,4530000,2184,
morph,deposit,27930332,1791366834000,0x7a73c3d8cb8e3ac28c5a7869aeb073e5eb2c9ab34030c641d2394769ee3f9b7b,0xeadf9bc10f8839b53634a4b2c086d8ba26fdcf0f,0xeadf9bc10f8839b53634a4b2c086d8ba26fdcf0f,0xe7cd86e13ac4309349f30b3435a9d337750fc82d,45000000,2184,
morph,deposit,27930985,1791367930000,0x130d8cac2265da538a11ada71a4a4b8e00d77d06ffe74defc33413ec4d18d70b,0xc8877c8f9808681115e5f660c798342817fd3b29,0xc8877c8f9808681115e5f660c798342817fd3b29,0xe7cd86e13ac4309349f30b3435a9d337750fc82d,43990000,2184,
morph,deposit,27930989,1791367936000,0x81c09fcdb9a7c42a5ff56b33216986a633f695fb33a0e70452bc81f5c03d9773,0x6ce33193dee9c5979ede0c24f77e8afcec9bd6ea,0x6ce33193dee9c5979ede0c24f77e8afcec9bd6ea,0xe7cd86e13ac4309349f30b3435a9d337750fc82d,18020000,2184,
morph,withdraw_final,27931201,1791368624000,0xf122fb36d12ee2b521aad89d49a5d175a4f29943533378eafaec9e55dad154b8,,,,,,561372144307535872
morph,deposit,27931322,1791368543000,0x71876eb432e723c06975ea99761d00aef010c3a4c36944563446e6b364e36cac,0xbb48553d0c9470eb429ba35acd350c4c242ee902,0xbb48553d0c9470eb429ba35acd350c4c242ee902,0xe7cd86e13ac4309349f30b3435a9d337750fc82d,2000000,2184,
morph,withdraw_final,27931362,1791368914000,0x37ce4f29ac67d297d284295a621940fb8889d461864978066aa11499f4b1cac6,,,,,,561394460961800192
morph,withdraw_submit,27931465,1791368800000,0x39ed446c41758db3a31d560522d6d0c125005d0c4e38bc0cd0a1fc4a00ac51ea,,0xdbe93a674c8ded73148bfeea6c84427d3408ed29,0xe7cd86e13ac4309349f30b3435a9d337750fc82d,46000000,,561372144307535872
morph,withdraw_submit,27931591,1791369040000,0x97d45924407c753c9f6cbb4e24361a22a59ddc1e7337f0e458dd9931bd6f5f6c,,0xbb48553d0c9470eb429ba35acd350c4c242ee902,0xe7cd86e13ac4309349f30b3435a9d337750fc82d,1000000,,561394460961800192
morph,withdraw_final,27931651,1791369431000,0xca3ebbb43c2b2c0278368606c4f896ee25408efa51586e909ffa33887e2f5978,,,,,,561434386990366721
morph,withdraw_submit,27931921,1791369580000,0x47620a4f3aeaa6e0c7e6088e82e6e81cd6543ed7a55749c6611974b8baa3dd36,,0x44fd0ef0ca49a7250fd96aa06f73517bf067bccd,0xe7cd86e13ac4309349f30b3435a9d337750fc82d,6387000000,,561434386990366721
morph,deposit,27934539,1791374355000,0x4820f3d83799b6de270c2f5c3d22382b0b929aaaac38619c1e8080f7356f1fa0,0x3b12e378b77b74a03a5ca6fa7627bc3e17811758,0x3b12e378b77b74a03a5ca6fa7627bc3e17811758,0xe7cd86e13ac4309349f30b3435a9d337750fc82d,18426768,2184,
morph,deposit,27935110,1791375378000,0x385c2cc5e12432cc30982e1d6dafa5a359f64bdb4e6cd6f2f0a9403ca148a77c,0xb4b83e5814f7b70745a7b60620af5a7db752f90a,0xb4b83e5814f7b70745a7b60620af5a7db752f90a,0xe7cd86e13ac4309349f30b3435a9d337750fc82d,4060000,2184,
morph,withdraw_final,27935694,1791376741000,0x38980198dee51478d82d14f77d37ec64fcab061f7d298dff47e0a3ef0f22f12b,,,,,,561999329787641856
morph,withdraw_submit,27935954,1791376900000,0xd2c9203d9b982131f428725054a4022703c979593f5c5a1e5d51bb7906adc47b,,0x3b12e378b77b74a03a5ca6fa7627bc3e17811758,0xe7cd86e13ac4309349f30b3435a9d337750fc82d,17420000,,561999329787641856
morph,deposit,27937864,1791380230000,0xc56ad9222ae15ba2c5403a362a276d92615fc1f614f25b443bff49b0fb05eec1,0xe3fc1cda2bfda2b3c754e4743c7150cceb3a9186,0xe3fc1cda2bfda2b3c754e4743c7150cceb3a9186,0xe7cd86e13ac4309349f30b3435a9d337750fc82d,2130000,2184,
morph,deposit,27938042,1791380504000,0x2f9e91ef08792bd4c3d05af41560a4c44edb3c518e35bef4d1612312dd7738ad,0x206ad04babaf8615030f05e5c364d844a8ac7519,0x206ad04babaf8615030f05e5c364d844a8ac7519,0xe7cd86e13ac4309349f30b3435a9d337750fc82d,53260000,2184,
morph,withdraw_final,27938242,1791381145000,0x2f6bdef2c4c89adef527744ecc7e7a99dc457f0f5b4331cc458c60cbc8283644,,,,,,562337670135545860
morph,withdraw_submit,27938539,1791381280000,0xfe069c3d3f745758616938c7331b0f7d8d9e6066a98af1919f7534f81e73604a,,0x028616896009ed81111d5be075c73f46894e39f9,0xe7cd86e13ac4309349f30b3435a9d337750fc82d,41420000,,562337670135545860
morph,deposit,27939269,1791382512000,0x5f819fdc64a8b63fbbe302c5a929e1170ee628d45545d5273f8cc7f7128ae63a,0x310238d5cf12368fecf1196c8fe1ee1bb8a91276,0x310238d5cf12368fecf1196c8fe1ee1bb8a91276,0xe7cd86e13ac4309349f30b3435a9d337750fc82d,75520000,2184,
morph,deposit,27939470,1791382870000,0x3ee414819a23639db23eab950ae2011066e92d26f21358fea2dbfd078d5ae835,0x50daf5de19ecd21fbb100fa33e023d581827a52c,0x50daf5de19ecd21fbb100fa33e023d581827a52c,0xe7cd86e13ac4309349f30b3435a9d337750fc82d,75830000,2184,
morph,deposit,27940218,1791384174000,0x63bb354b8f3d5e62d3ebca4b96d272233894307e158af22fcfa17c3d11968350,0x692297c734ac65c124daea6287991b38fb7cd48f,0x692297c734ac65c124daea6287991b38fb7cd48f,0xe7cd86e13ac4309349f30b3435a9d337750fc82d,2650000,2184,
morph,deposit,27940874,1791385360000,0x1478acd7212474ba764cbabc5ae05345fb461d32d08df2661a438568ca9e54a8,0x196ee331fdc6f9c622bc27669fe095fc506be0ca,0x196ee331fdc6f9c622bc27669fe095fc506be0ca,0xe7cd86e13ac4309349f30b3435a9d337750fc82d,53350000,2184,
morph,deposit,27941717,1791386872000,0x4fda371dcede2e2908d1133afc141fe567da31748edd2c48937113a42718aa0b,0xad0333fb83193a809ff8a2567d555b9be3a06d36,0xad0333fb83193a809ff8a2567d555b9be3a06d36,0xe7cd86e13ac4309349f30b3435a9d337750fc82d,4450000,2184,
morph,deposit,27941892,1791387164000,0x34bb3e0d9b112b9515c2a667101d2d81ee5f2d987ec9e286805f04d6fc97eb23,0xc8877c8f9808681115e5f660c798342817fd3b29,0xc8877c8f9808681115e5f660c798342817fd3b29,0xe7cd86e13ac4309349f30b3435a9d337750fc82d,7190000,2184,
morph,deposit,27942017,1791387378000,0x99d0de85521dd95b50572c38f4827917e7d79705d686e90a739de4b5a18623ce,0xe37e26c2c8c30ca50abe620fd0b09e271de1a796,0xe37e26c2c8c30ca50abe620fd0b09e271de1a796,0xe7cd86e13ac4309349f30b3435a9d337750fc82d,19530000,2184,
morph,withdraw_final,27942404,1791388387000,0x5d7ca4e8e1e5318b67d18dbfcaea1e11010324a603be247486bb825a55e6dc1e,,,,,,562894993698586624
morph,withdraw_submit,27942646,1791388540000,0x2e6cfbe96325c63502829faf7a9e55109c6a1fb448153e9c4b97b9b07cf7ee56,,0x854bdabb3f06534eb62502543c80561fcf52208d,0xe7cd86e13ac4309349f30b3435a9d337750fc82d,60410000,,562894993698586624
morph,withdraw_final,27942765,1791389056000,0x1595989b705dd0496fe339e53e17add3d19fd5211bec3777dd2719b2663951a2,,,,,,562946687929155584
morph,deposit,27942943,1791389042000,0x221cdadfe42981552ab50bcebf0869f6ca6f5b759d4993ee85f9995c82613e10,0x6f584bcb675753850aae7dae5f9bd4c814d5621a,0x6f584bcb675753850aae7dae5f9bd4c814d5621a,0xe7cd86e13ac4309349f30b3435a9d337750fc82d,5000000,2184,
morph,withdraw_submit,27943041,1791389200000,0x12c322f731150f712f5f0d7b737c5f1c6f1409871ec25c9dabdeadf5d52bf9c0,,0xad0333fb83193a809ff8a2567d555b9be3a06d36,0xe7cd86e13ac4309349f30b3435a9d337750fc82d,3450000,,562946687929155584
morph,deposit,27943179,1791389448000,0xc0d6f9530c681304e33e2db607b739e3abf38b0daa32e2aa036594b4d0d39bcf,0xfb4270a128ded6ebcec558692092ef6045d603ac,0xfb4270a128ded6ebcec558692092ef6045d603ac,0xe7cd86e13ac4309349f30b3435a9d337750fc82d,29520000,2184,
morph,deposit,27943564,1791390143000,0x675769ff5032d35f8d4db1a0dacc78c45582eda547eb95e34c4f9762365a981b,0xbb48553d0c9470eb429ba35acd350c4c242ee902,0xbb48553d0c9470eb429ba35acd350c4c242ee902,0xe7cd86e13ac4309349f30b3435a9d337750fc82d,2000000,2184,
morph,deposit,27943599,1791390208000,0x38cc03cdc149ad8f0bcac36f08267f3a261b3e7b282e20084b2cecf80c543597,0x6f584bcb675753850aae7dae5f9bd4c814d5621a,0x6f584bcb675753850aae7dae5f9bd4c814d5621a,0xe7cd86e13ac4309349f30b3435a9d337750fc82d,3000000,2184,
morph,withdraw_final,27943607,1791390522000,0xd3529d78f5fa82ce3e461450a7d1bcd7d7e3a182f2398d42e4bcbb600af983ba,,,,,,563059035666907136
morph,withdraw_submit,27943838,1791390640000,0x7fd798e529df96c17622d06fc7231aa60a0671bf14d59f83853afc960a8d92f8,,0xbb48553d0c9470eb429ba35acd350c4c242ee902,0xe7cd86e13ac4309349f30b3435a9d337750fc82d,1000000,,563059035666907136
morph,deposit,27944129,1791391154000,0xf5d55f16a1bcb24a8d884e2e7d043dbed1dbdc60f13c2b1d77ebff401f0b0a53,0x81cc919b670fa212e0fe30d1cb3bec810a076968,0x81cc919b670fa212e0fe30d1cb3bec810a076968,0xe7cd86e13ac4309349f30b3435a9d337750fc82d,3930000,2184,
morph,deposit,27944665,1791392070000,0xcc9a7b2a61f05ae04b5878ac54cfca0061fd61412ab44e4a9dee6d5d0048fdc0,0x884ebdf4430ffa9c4703f332dffad05991804ba1,0x884ebdf4430ffa9c4703f332dffad05991804ba1,0xe7cd86e13ac4309349f30b3435a9d337750fc82d,54240000,2184,
morph,deposit,27945246,1791393142000,0xc4be9614e99f66ad24a1e89b850dd0c370211993db5771e42249eb8f2b7dacd7,0xb263bd19c93ec8168543e8b2f726840322745abc,0xb263bd19c93ec8168543e8b2f726840322745abc,0xe7cd86e13ac4309349f30b3435a9d337750fc82d,44560000,2184,
morph,deposit,27945375,1791393378000,0x770b43c40384da116a8658b4dc63e741cdd049028acf7430d1793e428c678aa0,0x1a413133d705c2ed305620fa85306d690719b130,0x1a413133d705c2ed305620fa85306d690719b130,0xe7cd86e13ac4309349f30b3435a9d337750fc82d,1930000,2184,
morph,deposit,27946172,1791394786000,0xdbc4b8e78d5de2aeccb7b6416bea01cc5413eabb961ff523293dc8c293f6baec,0x04827b2fd166d9dfa41cc461f778ca8141b461b7,0x04827b2fd166d9dfa41cc461f778ca8141b461b7,0xe7cd86e13ac4309349f30b3435a9d337750fc82d,15000000,2184,
morph,deposit,27946391,1791395104000,0x9663a0b17f70e58386fafee5ba123f45825bf0d6cf07db8752c686c9ce5d8257,0x8f98c5ef665c20c72527d4f6c6b07a65e0ab9985,0x8f98c5ef665c20c72527d4f6c6b07a65e0ab9985,0xe7cd86e13ac4309349f30b3435a9d337750fc82d,10000000,2184,
morph,deposit,27946834,1791395898000,0xb3eb5e715ea91c77bb031a454c0ad62219ad141bfaa0d1799a904c7a4ea65791,0x04827b2fd166d9dfa41cc461f778ca8141b461b7,0x04827b2fd166d9dfa41cc461f778ca8141b461b7,0xe7cd86e13ac4309349f30b3435a9d337750fc82d,10000000,2184,
morph,withdraw_final,27946843,1791396215000,0x925d3315f6a4254030ccfcfa6f762faaed687dfce0006dfa98bb7d8e5cb9d3d7,,,,,,563496976293822464
morph,withdraw_submit,27947100,1791396340000,0xc884cc9ddd70f89cbdd84dcabbeaf630ff6ad65596c70aee88efdcf2c796f3a8,,0x171405fb9d444d2af5dfaa8d23b3bbdb0f5c6558,0xe7cd86e13ac4309349f30b3435a9d337750fc82d,31570000,,563496976293822464
morph,withdraw_final,27947760,1791397854000,0x11fa7079383a596ff05f472a277735077809d4b7cbb07682bbb254b7b460a265,,,,,,563623325641736192
morph,withdraw_submit,27948013,1791398019000,0x103a604f18e4d7e300d54e1d5fcb94554f131b60a55ff5756fd3719e6c26b3d5,,0x81cc919b670fa212e0fe30d1cb3bec810a076968,0xe7cd86e13ac4309349f30b3435a9d337750fc82d,2930000,,563623325641736192
morph,withdraw_final,27948820,1791399816000,0x6c32509952f43e42c398e10f90984043dfdfd44b3868893d824f933a9baec2b6,,,,,,563775307375443968
morph,withdraw_submit,27949042,1791399940000,0x6014574bae7f32517b8991edc8e1e8a7075f376f7495e3571cfb2dc78ff0bf56,,0xe6a0dd4d970e03d82767140a80778abc2f26c5bd,0xe7cd86e13ac4309349f30b3435a9d337750fc82d,13000000,,563775307375443968
morph,deposit,27950467,1791402590000,0xb28eeca50dd4d0ee9abf3db3ac28debfc86acc88822945527375b539d24e3765,0x6f584bcb675753850aae7dae5f9bd4c814d5621a,0x6f584bcb675753850aae7dae5f9bd4c814d5621a,0xe7cd86e13ac4309349f30b3435a9d337750fc82d,3000000,2184,
morph,deposit,27952410,1791406134000,0x849c994b1b8be9bd23f7f21f91bfee65567b617193311e188c8977217789055a,0xeb5bf4e89ae3369f0812f5aa1344f5eff37d91ee,0xeb5bf4e89ae3369f0812f5aa1344f5eff37d91ee,0xe7cd86e13ac4309349f30b3435a9d337750fc82d,1930000,2184,
morph,withdraw_final,27952784,1791407122000,0xfc977cb1159f6a3a4dac0ce739abcd6a89e009ad466bcf8ba9f64cd264bc0ae3,,,,,,564339717609357312
morph,withdraw_submit,27953015,1791407260000,0x1f9d08c6d3f209020cf10cb618f0f71fba198aec7e4e1c832229e2f0bce7a6b9,,0xa21c9485f47eedf19aa3c95590cc7d23cf81e53b,0xe7cd86e13ac4309349f30b3435a9d337750fc82d,1000000,,564339717609357312
morph,deposit,27953590,1791408376000,0x3a3da300dc93e946a9edcd712867edd681ef0c901b2b223f699118e8168fe46c,0x3bbaeb9b8e4dde06306ac5bec5e4644408ec1775,0x3bbaeb9b8e4dde06306ac5bec5e4644408ec1775,0xe7cd86e13ac4309349f30b3435a9d337750fc82d,50000000,2184,
morph,deposit,27955373,1791411743000,0x94ad72fec63b7a9e4a9ba6d3c2647eec0041771d4e26245a4d17c4f01f08fa48,0xbb48553d0c9470eb429ba35acd350c4c242ee902,0xbb48553d0c9470eb429ba35acd350c4c242ee902,0xe7cd86e13ac4309349f30b3435a9d337750fc82d,2000000,2184,
morph,withdraw_final,27955414,1791412120000,0x8a0cded85f0ca349ac03536f565d210afb7a9aba77f40b5d453110325e07f3df,,,,,,564726256071868416
morph,withdraw_submit,27955637,1791412240000,0xb00176b29f257ca7fc0a2c2f79b1a1710889f918647e53b4354f1c9472aafb4f,,0xbb48553d0c9470eb429ba35acd350c4c242ee902,0xe7cd86e13ac4309349f30b3435a9d337750fc82d,1000000,,564726256071868416
morph,withdraw_final,27956822,1791414754000,0x844280623a966d69f6cabd3c36e8cc31839bd8d37065bb204c98229890b9c578,,,,,,564929665735589888
morph,withdraw_submit,27957047,1791414880000,0x14ff98a0f1ebd51bf065d1c3b9e246122d8f3764ee9307af259c5c86eb480a76,,0x98f5a81c4be3b854c70d3ed3a23df4067ca19155,0xe7cd86e13ac4309349f30b3435a9d337750fc82d,14999000000,,564929665735589888
morph,deposit,27958670,1791417890000,0xb6ada9566f9a5ec877f38d1b5fcfe102a9710aa5aca894f0ca4e41ea3b6e9860,0x98f5a81c4be3b854c70d3ed3a23df4067ca19155,0x98f5a81c4be3b854c70d3ed3a23df4067ca19155,0xe7cd86e13ac4309349f30b3435a9d337750fc82d,10000000000,2184,
morph,withdraw_final,27959360,1791419434000,0xa6c1fc7c2ed685cfc62f964236b87360f98a5fdeb767e7d88072cfe44573ab4d,,,,,,565291112982380544
morph,withdraw_submit,27959583,1791419560000,0x71b881a4b2b2dab1e9a4b2d14335bcebc38abef6aa573af02197299e57cc44c7,,0xa9ff8864cff867577fa43a8d2f46bf70a40ccf98,0xe7cd86e13ac4309349f30b3435a9d337750fc82d,2480000,,565291112982380544
morph,deposit,27960180,1791420700000,0x9b66bde71ae241a69a66177d16dd350d606782b6db5fc077627326fa53291eaf,0x98f5a81c4be3b854c70d3ed3a23df4067ca19155,0x98f5a81c4be3b854c70d3ed3a23df4067ca19155,0xe7cd86e13ac4309349f30b3435a9d337750fc82d,10000000000,2184,
morph,deposit,27960609,1791421487000,0x7318167ecbe96449562a4cb69938dc18d6a305d1d1369913cb86535a80d89712,0xa9ff8864cff867577fa43a8d2f46bf70a40ccf98,0xa9ff8864cff867577fa43a8d2f46bf70a40ccf98,0xe7cd86e13ac4309349f30b3435a9d337750fc82d,2480000,2184,
morph,deposit,27967202,1791433344000,0x8ac115b90ffe67e9b62f7d4aa27d7730060a976d15eb6faf31fe7ca8e511f817,0xbb48553d0c9470eb429ba35acd350c4c242ee902,0xbb48553d0c9470eb429ba35acd350c4c242ee902,0xe7cd86e13ac4309349f30b3435a9d337750fc82d,2000000,2184,
morph,withdraw_final,27967203,1791433646000,0x9e034ff020ed14e9658653821eab1192c0470a8ec63a177ba72dc44fe814c948,,,,,,566389172932182020
morph,withdraw_final,27967247,1791433715000,0xc6381ea1affecf4848e421b57b7eaa4b8338954e87b0710dab4ecdccdc2db9d6,,,,,,566394610348195840
morph,withdraw_submit,27967481,1791433780000,0xe79fb4d0a50e6e14df7a9db3250af153ad5a6de8007b13f1598118a4060a0a63,,0x98f5a81c4be3b854c70d3ed3a23df4067ca19155,0xe7cd86e13ac4309349f30b3435a9d337750fc82d,9999000000,,566389172932182020
morph,withdraw_submit,27967514,1791433840000,0x40c43de7b5b7aa5feec9a965c5c7e740dabb6272a593be686b313606069b34ef,,0xbb48553d0c9470eb429ba35acd350c4c242ee902,0xe7cd86e13ac4309349f30b3435a9d337750fc82d,1000000,,566394610348195840
morph,deposit,27968399,1791435334000,0xdabe596e9a7e06292cd99f1d42f28b2372e69f3e300346ea0cce1d40f074fd4a,0x6ce33193dee9c5979ede0c24f77e8afcec9bd6ea,0x6ce33193dee9c5979ede0c24f77e8afcec9bd6ea,0xe7cd86e13ac4309349f30b3435a9d337750fc82d,50000000,2184,
morph,deposit,27969689,1791437678000,0xe17fd48a88ef19b5967f28b8a84a0808557ba3e018c634e6e905cedfe3da4afa,0x98f5a81c4be3b854c70d3ed3a23df4067ca19155,0x98f5a81c4be3b854c70d3ed3a23df4067ca19155,0xe7cd86e13ac4309349f30b3435a9d337750fc82d,10000000000,2184,
morph,deposit,27970387,1791438952000,0xf624f4047c6bbae80467b123f3be5b8d16753e1adb39f747dc1855ce1d234cca,0x267d18c58dc6acbe0a2baf710e51f454cd8c0693,0x267d18c58dc6acbe0a2baf710e51f454cd8c0693,0xe7cd86e13ac4309349f30b3435a9d337750fc82d,197940000,2184,
morph,deposit,27971750,1791441170000,0x5264dfa8aa3eb1daa1289b339603055a2b3de01c1e7889fbfee5d51dc5ef3cdb,0x692297c734ac65c124daea6287991b38fb7cd48f,0x692297c734ac65c124daea6287991b38fb7cd48f,0xe7cd86e13ac4309349f30b3435a9d337750fc82d,3450000,2184,
morph,deposit,27972760,1791442816000,0x870377eb3f42ec4e9cc4997db36286fda4a39f5a1961865e357a6e5ad09a66cd,0x622bf563c7de2ae8d842b0cd020a42508420f6e3,0x622bf563c7de2ae8d842b0cd020a42508420f6e3,0xe7cd86e13ac4309349f30b3435a9d337750fc82d,8000000,2184,
morph,deposit,27973492,1791444082000,0x989ffe3e036d2cc18f23b2f69edfb90f4db643ee85e92ee98547d8c638ec9a1a,0xafa667d8179aea1600a6c65ae3b833951d1e1777,0xafa667d8179aea1600a6c65ae3b833951d1e1777,0xe7cd86e13ac4309349f30b3435a9d337750fc82d,300000000,2184,
morph,deposit,27974234,1791445175000,0xc1e96a896972e71c636a1ca988035c72f9eaf60a41fce9c93122e849b25f2f9c,0x0d245a9633ce90b59f92eed7feea760f6f203868,0x0d245a9633ce90b59f92eed7feea760f6f203868,0xe7cd86e13ac4309349f30b3435a9d337750fc82d,5810000,2184,
morph,deposit,27975052,1791446607000,0x935591b5511bb48ba3c373cbab7e0b6499f0c588b8500739ab6d18c4aaaf2df2,0x2c51b820d85e709b3eae24fdcfce7aab75eb6929,0x2c51b820d85e709b3eae24fdcfce7aab75eb6929,0xe7cd86e13ac4309349f30b3435a9d337750fc82d,19900000000,2184,
morph,withdraw_final,27975103,1791446992000,0xeba1d8b85512288a4f8cb47e6b374d96217bd8a3ef668c8bc1e3a6e83e90cdf2,,,,,,567420884185251840
morph,deposit,27975139,1791446746000,0x6ad74f61da6666cd477208cdf9ac026ba0f9f58f5c648cc782397414d8721531,0x80ffd626b3d779a41d9ce0f6303712f771da18f3,0x80ffd626b3d779a41d9ce0f6303712f771da18f3,0xe7cd86e13ac4309349f30b3435a9d337750fc82d,35140000,2184,
morph,withdraw_submit,27975370,1791447160000,0xb0e2b04a1d8b61f4ea75b160b64951fbdbe789c303aa819faba76a9452f8c9b1,,0xab945cb40848b527254c89497b3529a2ce6f2cb8,0xe7cd86e13ac4309349f30b3435a9d337750fc82d,7260000,,567420884185251840
morph,deposit,27976001,1791448295000,0xbd615266cd05c216c49e4e614f00f3ebe26afdb753ac418d65b627fed064c312,0x8066a3cad8c5ef0c3ad6f333b9fdc643252c0057,0x8066a3cad8c5ef0c3ad6f333b9fdc643252c0057,0xe7cd86e13ac4309349f30b3435a9d337750fc82d,11960000000,2184,
morph,deposit,27976872,1791449803000,0x5654b59113228b0e14d3a3fba529de2dee8778a2dbd6caccbe0ba92ed398e451,0xdaf62f9e006ecc5247f307bd2aa5b36a3f164516,0xdaf62f9e006ecc5247f307bd2aa5b36a3f164516,0xe7cd86e13ac4309349f30b3435a9d337750fc82d,13290000,2184,
morph,withdraw_final,27977544,1791451287000,0x941b6aab47827607799bf1dff499d3db99c2df6c9e499e96db4a2ce0711a55f0,,,,,,567752833617625088
morph,withdraw_submit,27977806,1791451420000,0x6f4ab8d14505ee4bd8b3c06e9f82da05c5d9abd1e6c847e3f51e5aa7f053985e,,0x662b23448620cb1e199f7ac59170c684f386a430,0xe7cd86e13ac4309349f30b3435a9d337750fc82d,2000000,,567752833617625088
morph,withdraw_final,27977865,1791451825000,0xee74886d4004ea41008be161c10bbfb00009def0dbc6ba3b89f8f06ed111568b,,,,,,567794426080919552
morph,withdraw_submit,27978126,1791451959000,0x5d9742c9eb97108c98d808dc318fe6aa07a357bad6d856eb63c70d8a09b05f51,,0x26c71dba7b86218dba9a51803768ffc374f0c9d8,0xe7cd86e13ac4309349f30b3435a9d337750fc82d,2200000,,567794426080919552
morph,deposit,27978149,1791451996000,0x770b686176e1af9c9b1b402fd9197334e2aa529c7f34b09ae873589f147f120a,0x73917bbe4abc452c57d95e143c0f4cd0edceb06c,0x73917bbe4abc452c57d95e143c0f4cd0edceb06c,0xe7cd86e13ac4309349f30b3435a9d337750fc82d,10000000,2184,
morph,withdraw_final,27978715,1791453282000,0x8e37e201426529c01227fb2b8f88a720289936263f370f18b2a0d77dab1c43a4,,,,,,567906644990623744
morph,withdraw_final,27978843,1791453500000,0x8c0390eed6c97c4eb49c553da5e077543c2cadf883cb5cbc263d352346f0541b,,,,,,567922974481448966
morph,withdraw_submit,27978952,1791453400000,0x0a2663cee0e26251bfc7d73dc0cb7bd2c3451cd492286f8372e1ad0bc1e27909,,0xc8877c8f9808681115e5f660c798342817fd3b29,0xe7cd86e13ac4309349f30b3435a9d337750fc82d,2740000,,567906644990623744
morph,withdraw_submit,27979080,1791453640000,0x0f947f8e2fcab7111cdd5a996729f9d7ce0590a72639b33c934430d1c104d90e,,0x8066a3cad8c5ef0c3ad6f333b9fdc643252c0057,0xe7cd86e13ac4309349f30b3435a9d337750fc82d,4330000000,,567922974481448966
morph,deposit,27979807,1791454943000,0x3eabbe3d8933f8ead0fc6b454e97ed0e778c46985f84eafe405301d04cab9fd1,0xbb48553d0c9470eb429ba35acd350c4c242ee902,0xbb48553d0c9470eb429ba35acd350c4c242ee902,0xe7cd86e13ac4309349f30b3435a9d337750fc82d,2000000,2184,
morph,withdraw_final,27979849,1791455320000,0x13412cc6539d55f7c9e8cc00cee3f305ffe29958d8adadf73681b85e258bc92f,,,,,,568064278884515840
morph,withdraw_submit,27980086,1791455439000,0x410105ec542b3df4f144994146cfa0efa3f4dee0446d0263fe5a6588d1dfa16c,,0xbb48553d0c9470eb429ba35acd350c4c242ee902,0xe7cd86e13ac4309349f30b3435a9d337750fc82d,1000000,,568064278884515840
morph,deposit,27981057,1791457062000,0x38c2b03413f72a2bd62dcff793ce2519e212229299ec993971a645c2d70d38bf,0xafa667d8179aea1600a6c65ae3b833951d1e1777,0xafa667d8179aea1600a6c65ae3b833951d1e1777,0xe7cd86e13ac4309349f30b3435a9d337750fc82d,739000000,2184,
morph,deposit,27982635,1791459692000,0xc6f0be6e894661ba400b1dda6e9df19ba1c258c9fd58e547126eb6ce4b5bf0c1,0x63f59561504073fd088f7700976e7b78f4696b7d,0x63f59561504073fd088f7700976e7b78f4696b7d,0xe7cd86e13ac4309349f30b3435a9d337750fc82d,1000000,2184,
morph,deposit,27982917,1791460196000,0x4dcae9928a95739570fc1b87a943a40536140cc40680591c8b97c95432dc42ea,0x58216e0993c506d1702354afcd133754da468e2c,0x58216e0993c506d1702354afcd133754da468e2c,0xe7cd86e13ac4309349f30b3435a9d337750fc82d,273140000,2184,
morph,deposit,27983267,1791460834000,0x4886dfa2b13f57c1f1ae6968482d321f13f607bd7ec652e6bbb772159d7296f8,0xb4b83e5814f7b70745a7b60620af5a7db752f90a,0xb4b83e5814f7b70745a7b60620af5a7db752f90a,0xe7cd86e13ac4309349f30b3435a9d337750fc82d,4560000,2184,
morph,deposit,27983588,1791461365000,0xf1935cfd21382c9d2cb4f6eeaa704bc8c3ec79f3fbbab92bdd66b0a8e2480fd3,0xd1508e3bc9ee2710105c55e4bf63be1cd8432790,0xd1508e3bc9ee2710105c55e4bf63be1cd8432790,0xe7cd86e13ac4309349f30b3435a9d337750fc82d,29823650000,2184,
morph,deposit,27984645,1791463248000,0x8589964d7108f28fd23fefa42fcf3e1c92e9b7f1e373f782147f90c4e24b515b,0xea8f728fe17d007eeef6880e92055a53e8171dd2,0xea8f728fe17d007eeef6880e92055a53e8171dd2,0xe7cd86e13ac4309349f30b3435a9d337750fc82d,10000000,2184,
morph,deposit,27985087,1791463972000,0x1b6fc48a23516638edcdc37dbed2738cb22a457312bf2928d9557f649212c8a9,0xafa667d8179aea1600a6c65ae3b833951d1e1777,0xafa667d8179aea1600a6c65ae3b833951d1e1777,0xe7cd86e13ac4309349f30b3435a9d337750fc82d,597000000,2184,
morph,deposit,27985347,1791464410000,0x742feb9e2b2fcb31d243da5966aecfecfc1b71ac12a5559bc6dec95df26d02ab,0xea8f728fe17d007eeef6880e92055a53e8171dd2,0xea8f728fe17d007eeef6880e92055a53e8171dd2,0xe7cd86e13ac4309349f30b3435a9d337750fc82d,1000000,2184,
morph,deposit,27985529,1791464718000,0x69ceefb8300262ca0655696424fba0480920e1aed452db59da2fc9dad93d5788,0x891172a888c1cd9b65eae4d8e92b48789616b289,0x891172a888c1cd9b65eae4d8e92b48789616b289,0xe7cd86e13ac4309349f30b3435a9d337750fc82d,85330000,2184,
morph,withdraw_final,27986281,1791466326000,0x002cab775aec444a65eaa6d2948067cfe56bb854a347bcd984941fa08d5b64e6,,,,,,568912947246530560
morph,withdraw_final,27986419,1791466566000,0x409a62da2300f3d6cb16f301c51150f2a7dbfaf0091578042e1999d77989dbc6,,,,,,568931252392951808
morph,withdraw_submit,27986556,1791466480000,0xd6b5c6a5bd44d270639cfa24fabea15b88b7cee3af3457a65a0bdc278851b056,,0x29d5b75980bb9b56df3f36c5b59324d8067c46c3,0xe7cd86e13ac4309349f30b3435a9d337750fc82d,16000000,,568912947246530560
morph,deposit,27986636,1791466612000,0x8dd22156f44d813c974a745bc8a18014b49b7b9734d6ba528e05cbcf72ece90c,0x04827b2fd166d9dfa41cc461f778ca8141b461b7,0x04827b2fd166d9dfa41cc461f778ca8141b461b7,0xe7cd86e13ac4309349f30b3435a9d337750fc82d,7000000,2184,
morph,withdraw_submit,27986703,1791466720000,0x66121608402abc0c7320fd7db2f38ac6a105ae0090053bc2f250ee4e20d59e84,,0xea8f728fe17d007eeef6880e92055a53e8171dd2,0xe7cd86e13ac4309349f30b3435a9d337750fc82d,9000000,,568931252392951808
morph,deposit,27986763,1791466804000,0x40674a0206d56ac171bdb5737af9e8ab8f674c88032dc83612444a596896ed01,0x7be9322622743da625c5aa822d6eecbe5a04e8ab,0x7be9322622743da625c5aa822d6eecbe5a04e8ab,0xe7cd86e13ac4309349f30b3435a9d337750fc82d,1270000,2184,
morph,deposit,27986821,1791466876000,0xf6d39769e6f7fec608c6132b608ad1a8324e10b196b68cb036293c53595ab13b,0x04827b2fd166d9dfa41cc461f778ca8141b461b7,0x04827b2fd166d9dfa41cc461f778ca8141b461b7,0xe7cd86e13ac4309349f30b3435a9d337750fc82d,10400000,2184,
morph,deposit,27987484,1791467848000,0x35bf60978993d6eb35e0ae11d5461deb05725e257613016a864ff4c0b6fb6c02,0xafa667d8179aea1600a6c65ae3b833951d1e1777,0xafa667d8179aea1600a6c65ae3b833951d1e1777,0xe7cd86e13ac4309349f30b3435a9d337750fc82d,1000000000,2184,
morph,withdraw_final,27988705,1791470166000,0xfa9e78398ba73541a482efd066c4886f59dcfeed56b69de68b75ede26c7ea005,,,,,,569208389461082113
morph,withdraw_submit,27988974,1791470320000,0x9a72a9b61277581e3b01204aa4bae1ac60a6e30bf4a2effc6b17975b5cd9adaf,,0x780ccb9ddfffc7260cfb58c2012413e128699714,0xe7cd86e13ac4309349f30b3435a9d337750fc82d,5000000,,569208389461082113
morph,deposit,27989431,1791471124000,0x1eb5b273396c1d17315f986a336713b6fba51117a5978e0559281ca78c8295e1,0x4de37c921c83f4a1c52695e10a93d08e70dcb44f,0x4de37c921c83f4a1c52695e10a93d08e70dcb44f,0xe7cd86e13ac4309349f30b3435a9d337750fc82d,13680000,2184,
morph,deposit,27989641,1791471451000,0x20e4f7efd065e071c5b61215bf947f2b5c4cf1abb2d620d182a08e778ceae127,0xc8877c8f9808681115e5f660c798342817fd3b29,0xc8877c8f9808681115e5f660c798342817fd3b29,0xe7cd86e13ac4309349f30b3435a9d337750fc82d,138650000,2184,
morph,deposit,27990365,1791472610000,0x2aadee5f93e45970150bcb7511b41ef7644627f54042030a241a5b5cdc7a1a57,0xe7f33d7fc656226f5f586fec3e97b4fb8fe03dde,0xe7f33d7fc656226f5f586fec3e97b4fb8fe03dde,0xe7cd86e13ac4309349f30b3435a9d337750fc82d,1160000,2184,
morph,withdraw_final,27990582,1791473197000,0x9aa6b706168fc226527e0318dde76a9c5e61c106f33e5ff4c60c390496eda809,,,,,,569441219625615364
morph,deposit,27990699,1791473041000,0xb60891cf6fb1b9daeca3c9c4b534dfd96ce1745befdef3a9d7b8341012a3b5ba,0x6ce33193dee9c5979ede0c24f77e8afcec9bd6ea,0x6ce33193dee9c5979ede0c24f77e8afcec9bd6ea,0xe7cd86e13ac4309349f30b3435a9d337750fc82d,34960000,2184,
morph,withdraw_submit,27990902,1791473320000,0xd055dc087d949bb17b7fbf6bbb37623244a96462d4a364f60e48ffd0ee66878a,,0x2c51b820d85e709b3eae24fdcfce7aab75eb6929,0xe7cd86e13ac4309349f30b3435a9d337750fc82d,5339980000,,569441219625615364
morph,deposit,27990972,1791473427000,0xe52451d9d97f9d5886720d764a0d7a940d69f8e913636663c45f20972c690655,0xbc925462448fc42f7b66c9fefa00064802b6e23a,0xbc925462448fc42f7b66c9fefa00064802b6e23a,0xe7cd86e13ac4309349f30b3435a9d337750fc82d,299890000,2184,
morph,deposit,27990973,1791473427000,0xed6e81a8540a372d442af5aa592a9994d43262a5354ae74d7326eda46b73510b,0x8a4f008c94c69b7cde837e4d49b93afc8d1a534f,0x8a4f008c94c69b7cde837e4d49b93afc8d1a534f,0xe7cd86e13ac4309349f30b3435a9d337750fc82d,1000000,2184,
morph,deposit,27991073,1791473563000,0xbc796657ad84758625522655da278a72e6357b8d9ce797e89d733bd17b53f178,0x5f310463e9df2401a432c8e855265c07e43cec78,0x5f310463e9df2401a432c8e855265c07e43cec78,0xe7cd86e13ac4309349f30b3435a9d337750fc82d,3000000000,2184,
morph,deposit,27991262,1791473815000,0x3453e293348aedea721bee214703470a356d074454641e76d9ceccd4ef117838,0x3e428e2e209000d58131156b098e4fda86680a29,0x3e428e2e209000d58131156b098e4fda86680a29,0xe7cd86e13ac4309349f30b3435a9d337750fc82d,77930000,2184,
morph,deposit,27992118,1791475095000,0xe6978792b10cb44aad0998222eabde78963ebeea9459442d5874b38f1b65d88b,0x26c71dba7b86218dba9a51803768ffc374f0c9d8,0x26c71dba7b86218dba9a51803768ffc374f0c9d8,0xe7cd86e13ac4309349f30b3435a9d337750fc82d,2200000,2184,
morph,deposit,27992340,1791475398000,0x933efc86942ecbca69fce880d7455f3a16a0dcab16fb7c88c22c55bc100bef3e,0xa59eae9d4acd907ee2bcc02eb3e86f91921d86bd,0xa59eae9d4acd907ee2bcc02eb3e86f91921d86bd,0xe7cd86e13ac4309349f30b3435a9d337750fc82d,4680000,2184,
morph,deposit,27992462,1791475567000,0x43d698665bbe22e2c2752cab5eb5bcd1e872f964db8ca766300fa1691d2829d9,0x3e428e2e209000d58131156b098e4fda86680a29,0x3e428e2e209000d58131156b098e4fda86680a29,0xe7cd86e13ac4309349f30b3435a9d337750fc82d,975720000,2184,
morph,deposit,27992487,1791475604000,0x906197645e558d78ed7ee75fc56532d906dc988f7367294b9edfc8482e594c37,0xfad84d6caee0ee05f5943931fda568b4c18a86e5,0xfad84d6caee0ee05f5943931fda568b4c18a86e5,0xe7cd86e13ac4309349f30b3435a9d337750fc82d,30000000,2184,
morph,withdraw_final,27992499,1791475920000,0x4e1b07e0d8c57e10b8221b5dd0682897d536cf3a2eda7b07eb9710824859d0ae,,,,,,569648262827474945
morph,withdraw_final,27992563,1791475995000,0xac968ce6ffc399652627511e4b8e6eaddaba56f27e7abcb9fc2eed2afa0ce048,,,,,,569653923598565376
morph,deposit,27992574,1791475714000,0x0e522038a81be5b2acfed299ad3a42facfe41f8e9e152b0b2882a51cb934e4a5,0xa4ca6415be85c61d7a7294e70c7bb5194c7f8ba5,0xa4ca6415be85c61d7a7294e70c7bb5194c7f8ba5,0xe7cd86e13ac4309349f30b3435a9d337750fc82d,42000000,2184,
morph,withdraw_submit,27992819,1791476080000,0x4ba620aaf74d2cdfef8f79a7cba57c9bbbc14ee48135c01865522930fd4f409d,,0x03e239a84a93830040f8ec38f7e7700747c396eb,0xe7cd86e13ac4309349f30b3435a9d337750fc82d,33500000,,569648262827474945
morph,withdraw_submit,27992854,1791476138000,0x6bbf9b627243bab034d917f0de3ee49055a07f54f7a3e2d4429247d7f35b4bcf,,0x099f8a78e394f57ad6443bad4b1ea6bc941614fc,0xe7cd86e13ac4309349f30b3435a9d337750fc82d,53160000,,569653923598565376
morph,deposit,27993131,1791476543000,0xb5f4b2e87a0470be03dbeda150d4349325acbf18e2af119e99230dbb007359ac,0xbb48553d0c9470eb429ba35acd350c4c242ee902,0xbb48553d0c9470eb429ba35acd350c4c242ee902,0xe7cd86e13ac4309349f30b3435a9d337750fc82d,2000000,2184,
morph,withdraw_final,27993180,1791476911000,0x2c330448580c5125048d612bce846a9812be58ceba5238b449fabe7bc7ac4b82,,,,,,569723596549652480
morph,deposit,27993199,1791476641000,0x7cb6616c7fa745ed2d9894d2f6442b4b05a1dde139ab49bd2ef184e3fda0209f,0x56fb35e65731f3ce993a475e7e91581e82b62c69,0x56fb35e65731f3ce993a475e7e91581e82b62c69,0xe7cd86e13ac4309349f30b3435a9d337750fc82d,19740000,2184,
morph,withdraw_submit,27993426,1791477040000,0x94c3334eff9f4b6aaa7b73fee1ca13b44fa55412cd6c7b8387344c1823c12991,,0xbb48553d0c9470eb429ba35acd350c4c242ee902,0xe7cd86e13ac4309349f30b3435a9d337750fc82d,1000000,,569723596549652480
morph,deposit,27993621,1791477352000,0x8bd2d4de76c91422da9cba14c263d893903a2dbe5a78c80d9cf50738787068c3,0x8080fb336a664153d814af9d389a35934e87466d,0x8080fb336a664153d814af9d389a35934e87466d,0xe7cd86e13ac4309349f30b3435a9d337750fc82d,50000000,2184,
morph,deposit,27993640,1791477386000,0x46d5cd4e62b64bea81046ac0306cf1ee942213e4402594066d607f76f75ab5fe,0xc9f7166066d46435e7818f9f5a172ce06e6f1775,0xc9f7166066d46435e7818f9f5a172ce06e6f1775,0xe7cd86e13ac4309349f30b3435a9d337750fc82d,24400000,2184,
morph,deposit,27994920,1791479472000,0x3fc24cefcc7dcbf7c7cf31d9ffc135d70c9da8df17cc7bd81e6e8b333825763a,0x33c4d39e60b8128a40e76ca713552b712a2262db,0x33c4d39e60b8128a40e76ca713552b712a2262db,0xe7cd86e13ac4309349f30b3435a9d337750fc82d,19200000,2184,
morph,deposit,27995034,1791479656000,0x358358ebdbdcc0fbbb3e8de74e504d3bf5342521780dcb89e3937d450d477d10,0x62eab90d58b2d2a8b4492f2a409c812446820517,0x62eab90d58b2d2a8b4492f2a409c812446820517,0xe7cd86e13ac4309349f30b3435a9d337750fc82d,140770000,2184,
morph,deposit,27995717,1791480790000,0x5ae44738dc50abd4327eb0f40740ce222ccb74f385a4cf2620c44b814ac1af53,0x38f51a96dcf9a943832369d7129c6ad8724e0168,0x38f51a96dcf9a943832369d7129c6ad8724e0168,0xe7cd86e13ac4309349f30b3435a9d337750fc82d,329680000,2184,
morph,deposit,27996084,1791481446000,0x4cab2fa6fc37db8d0c589102cf072aa2f2cf1702261e8f1ce1dd7aa8314eea33,0xdbe93a674c8ded73148bfeea6c84427d3408ed29,0xdbe93a674c8ded73148bfeea6c84427d3408ed29,0xe7cd86e13ac4309349f30b3435a9d337750fc82d,10000000,2184,
morph,deposit,27997593,1791484000000,0x999e5c2bf36e13706fb3a01c43dd221cdf4027a4341a26cf0000cef7d8ede1e2,0x62eab90d58b2d2a8b4492f2a409c812446820517,0x62eab90d58b2d2a8b4492f2a409c812446820517,0xe7cd86e13ac4309349f30b3435a9d337750fc82d,200000000,2184,
morph,deposit,27998231,1791485107000,0x7e2c5bb62cc6c46784468edcf4535e62cbb5831a83a546c9356fd28d44b72022,0xc8877c8f9808681115e5f660c798342817fd3b29,0xc8877c8f9808681115e5f660c798342817fd3b29,0xe7cd86e13ac4309349f30b3435a9d337750fc82d,107960000,2184,
morph,deposit,28001905,1791491536000,0x245a7991949d3e8b5a67e0c08a37025b4dd225079b7aa51b5680c91b685c0c9a,0x152aeccc38f3b647095cc73a0a40380ef3784656,0x152aeccc38f3b647095cc73a0a40380ef3784656,0xe7cd86e13ac4309349f30b3435a9d337750fc82d,3500000,2184,
morph,deposit,28002117,1791491920000,0x516ac014209094a4af1c55b68aa683a8e5decc5a6e88cbc206f92b572d3d8950,0xc49cac2211d6ae6e038563023d89ee82f7b7faef,0xc49cac2211d6ae6e038563023d89ee82f7b7faef,0xe7cd86e13ac4309349f30b3435a9d337750fc82d,141000000,2184,
morph,deposit,28002154,1791491988000,0x732a549f4e78b4b0ad30ab5f48f29fe827449c7acd85116d43955c7a939c659e,0x661367fa0e8ce75b7b831132913d3e62654009d4,0x661367fa0e8ce75b7b831132913d3e62654009d4,0xe7cd86e13ac4309349f30b3435a9d337750fc82d,1660000,2184,
morph,withdraw_final,28002462,1791492838000,0xe152a400046468903970eecc66fd9dc0c0565f53046ffe5458e57ff6f8db13bf,,,,,,570949491906052117
morph,deposit,28002552,1791492706000,0x9069ce86cc61f50be5b007f26897bb8a8cb227fb03b2da2541af816be25be177,0x2f27575e3dbddaf9a138b51d7531befa9e9f6b69,0x2f27575e3dbddaf9a138b51d7531befa9e9f6b69,0xe7cd86e13ac4309349f30b3435a9d337750fc82d,21410963,2184,
morph,withdraw_submit,28002706,1791493000000,0x54936e129debed7efefce3cd365e5bed12fa9174ae91b2171289f0625463c560,,0x630e5068da26d2efbf52a26e41a8d2858d2865df,0xe7cd86e13ac4309349f30b3435a9d337750fc82d,107530000,,570949491906052117
morph,withdraw_final,28003307,1791494364000,0x72dbaddbe9d92c7559da9e92712db85d8718d1fea87371b52d5c747a2ed6ce3b,,,,,,571067474632507392
morph,withdraw_submit,28003545,1791494500000,0x99cab7ec6b35dd81343136c4000f2e7349a70ad689725a375866b2f8a0737a1d,,0x2f27575e3dbddaf9a138b51d7531befa9e9f6b69,0xe7cd86e13ac4309349f30b3435a9d337750fc82d,20410000,,571067474632507392
morph,deposit,28003584,1791494566000,0x6f943e7964df9ebb103c78b81c0231c7ef411d344f21eb1a2aef1ac0e83cdb8f,0x29d5b75980bb9b56df3f36c5b59324d8067c46c3,0x29d5b75980bb9b56df3f36c5b59324d8067c46c3,0xe7cd86e13ac4309349f30b3435a9d337750fc82d,15990000,2184,
morph,withdraw_final,28003894,1791495435000,0x6d8d93ae0a97c2f83dc34ef4ba82f78bbbd3c7dcff67988b112c2a49c0f7f8e0,,,,,,571150032502259712
morph,deposit,28003902,1791495149000,0x68b6ddb299800ad3454feec7dd7f6069a928042d1933724bd5098b9e80e76319,0x33c4d39e60b8128a40e76ca713552b712a2262db,0x33c4d39e60b8128a40e76ca713552b712a2262db,0xe7cd86e13ac4309349f30b3435a9d337750fc82d,8200000,2184,
morph,withdraw_submit,28004159,1791495579000,0x5316fee5b96fc71ec9d59a21646249e0200d8fd21e6a7c8d8c1e034bed887d52,,0xa21c9485f47eedf19aa3c95590cc7d23cf81e53b,0xe7cd86e13ac4309349f30b3435a9d337750fc82d,7950000,,571150032502259712
morph,withdraw_final,28004437,1791496331000,0x9f1f1050d3f7b39768d2a682656dbbb6059867c8a11ce6fa05b79c077eb0f050,,,,,,571219086994833409
morph,withdraw_submit,28004695,1791496480000,0xc034dc21005d8634c0738ea85ef8cd8a44fa0af8bc0a156d6d1722e25bfcfa60,,0xf32dd754e8ad52e4341038f54ce5fd452ac8e08d,0xe7cd86e13ac4309349f30b3435a9d337750fc82d,9740000,,571219086994833409
morph,deposit,28005584,1791498134000,0x016dce3620a6bdfdad353302915114b27fe3accd2e0d64c17c5183974ac3468e,0x19ead8a09f72d2a10825a894572fe45c8451efec,0x19ead8a09f72d2a10825a894572fe45c8451efec,0xe7cd86e13ac4309349f30b3435a9d337750fc82d,4140000,2184,
morph,deposit,28005590,1791498143000,0x5178af77c1707cb9ab65f4a208136f23f8cc0fe3794ac7cbeaa38084ac89072e,0xbb48553d0c9470eb429ba35acd350c4c242ee902,0xbb48553d0c9470eb429ba35acd350c4c242ee902,0xe7cd86e13ac4309349f30b3435a9d337750fc82d,2000000,2184,
morph,withdraw_final,28005627,1791498516000,0xa40487baa30fde4e42bc8dac74634d0e1ead9878a8ae0ef1c427b7f8daec15c4,,,,,,571387853427179520
morph,withdraw_submit,28005847,1791498640000,0x607894007d9edc25a5132b18c502348495f9ac542f10624ad0ba5c9619f3b3f9,,0xbb48553d0c9470eb429ba35acd350c4c242ee902,0xe7cd86e13ac4309349f30b3435a9d337750fc82d,1000000,,571387853427179520
morph,withdraw_final,28007808,1791502636000,0x05cf592e60b0eb681a3e324b30413475d72f622b6617ce04aa350a9c6e14b953,,,,,,571706436933910528
morph,withdraw_final,28008040,1791503060000,0xfdd3164f82792e591241d819b83b2061abf9f42e23eb31933fcba8ee5c4881f0,,,,,,571739190354509824
morph,withdraw_final,28008045,1791503068000,0x4d1cf3a212f1a016d6ccc4cf3eac5eed2e717c86f7ba491f63e2035fe24ecfea,,,,,,571739911909015552
morph,withdraw_submit,28008051,1791502779000,0x7a6a5b63f5ba73a9dd6caf50ffb1b3c2c18713f1741a5eff1ede6af62a2d9ad5,,0x98f5a81c4be3b854c70d3ed3a23df4067ca19155,0xe7cd86e13ac4309349f30b3435a9d337750fc82d,9999000000,,571706436933910528
morph,withdraw_submit,28008301,1791503200000,0xa994e45513cca2c305068d48068a844d9fa5912f30481fcb08b449afd9f4e2d3,,0x98f5a81c4be3b854c70d3ed3a23df4067ca19155,0xe7cd86e13ac4309349f30b3435a9d337750fc82d,499000000,,571739190354509824
morph,withdraw_submit,28008301,1791503200000,0xa994e45513cca2c305068d48068a844d9fa5912f30481fcb08b449afd9f4e2d3,,0x98f5a81c4be3b854c70d3ed3a23df4067ca19155,0xe7cd86e13ac4309349f30b3435a9d337750fc82d,4499000000,,571739911909015552
morph,withdraw_final,28008416,1791503712000,0xa3fdda4aba9314e44056ef0f270f34003d13f645cd940e0df900cdbd49f3c285,,,,,,571789621860499456
morph,withdraw_submit,28008657,1791503860000,0x5929cc706ec9ae4b45d9d39bb15380c436fc4342b3d4584d4140068305850fe0,,0x98f5a81c4be3b854c70d3ed3a23df4067ca19155,0xe7cd86e13ac4309349f30b3435a9d337750fc82d,19765200000,,571789621860499456
morph,deposit,28010376,1791506896000,0xd3d191f2ecc80aea8cd4f505c61999e6a28dd27f86370f8b2bf77e0d3a8156b3,0xaabdc9f270462d468432d4df2047b836b98f0a3a,0xaabdc9f270462d468432d4df2047b836b98f0a3a,0xe7cd86e13ac4309349f30b3435a9d337750fc82d,1902670000,2184,
morph,deposit,28010395,1791506932000,0x7a09c5e728602dafc68502093d1157523237a6310323b4d65cf6d0e17380fccd,0x80ffd626b3d779a41d9ce0f6303712f771da18f3,0x80ffd626b3d779a41d9ce0f6303712f771da18f3,0xe7cd86e13ac4309349f30b3435a9d337750fc82d,34800000,2184,
morph,deposit,28012672,1791511185000,0xdcabf2b8e9099681b29e38acac560215b41fe87acdcd828e1489708779b4c758,0xf36e4157ee21218ebb3eefe4d5aa46226875029f,0xf36e4157ee21218ebb3eefe4d5aa46226875029f,0xe7cd86e13ac4309349f30b3435a9d337750fc82d,5000000,2184,
morph,withdraw_final,28013082,1791512218000,0x3073e1c9ef78379c9ba1ac6bfea1ff35d7c0367f925d6ce5e6c838a8704f7eeb,,,,,,572446958006829057
morph,withdraw_submit,28013339,1791512379000,0x286d8c5f9b061937f6c41abfeb0a39b8cc61a5042bed06f8f07999c44cab867d,,0x29d5b75980bb9b56df3f36c5b59324d8067c46c3,0xe7cd86e13ac4309349f30b3435a9d337750fc82d,39000000,,572446958006829057
morph,deposit,28013363,1791512418000,0x969d6e2530e5cc9325fe486aa0e8eb056cea4200f1d87c428ebf87ad7cc17ec6,0x089c2686c978d6462f4277d7b1032438a194b5bc,0x089c2686c978d6462f4277d7b1032438a194b5bc,0xe7cd86e13ac4309349f30b3435a9d337750fc82d,100000000,2184,
morph,deposit,28016771,1791518464000,0xac5358e28076ab1ff5c0694e2fc3120cf8ff26567cdf97983ad9933b77ffdee1,0x7bf4d27e9bf1b9670e0bdacf8f5726389c8bad0c,0x7bf4d27e9bf1b9670e0bdacf8f5726389c8bad0c,0xe7cd86e13ac4309349f30b3435a9d337750fc82d,1020000,2184,
morph,deposit,28017463,1791519743000,0x9eafa1ce82d3df15826eaea37731226e4bf36ec37c5046acbed0edd7f7dda983,0xbb48553d0c9470eb429ba35acd350c4c242ee902,0xbb48553d0c9470eb429ba35acd350c4c242ee902,0xe7cd86e13ac4309349f30b3435a9d337750fc82d,2000000,2184,
morph,withdraw_final,28017503,1791520119000,0x83d600aeb9f5b428b52ab638a0fa9163f8c62c404dcbc0b8204c131cc83739f7,,,,,,573057453244022784
morph,withdraw_submit,28017732,1791520239000,0x8dd8ad45e4e86dc80ca90fc8448a284d687c06112ff9e95d4afda81e086a43cb,,0xbb48553d0c9470eb429ba35acd350c4c242ee902,0xe7cd86e13ac4309349f30b3435a9d337750fc82d,1000000,,573057453244022784
morph,withdraw_final,28019051,1791522952000,0x95719aefed2a819bfdafb6238d2dbf29e2ffbcba121d52e90423faec2488178d,,,,,,573276582488047616
morph,withdraw_final,28019099,1791523042000,0xef2be55696659bf4f59756847fd237d46b5e38e5d51fd7daa61439895219311c,,,,,,573283600443637760
morph,withdraw_submit,28019312,1791523120000,0xcbb8f7161f945e1554c13693ce1974275a99f9bbf08f630013a8cb42ad1d78fa,,0xa59eae9d4acd907ee2bcc02eb3e86f91921d86bd,0xe7cd86e13ac4309349f30b3435a9d337750fc82d,5540000,,573276582488047616
morph,withdraw_submit,28019349,1791523179000,0xa78ce1994e9985b8e19c2f5a7bac722e6cc0d3d36fde79ff0e0128d74d044bcf,,0x38f51a96dcf9a943832369d7129c6ad8724e0168,0xe7cd86e13ac4309349f30b3435a9d337750fc82d,145810000,,573283600443637760
morph,deposit,28019804,1791524017000,0xa217650e33cd0c2c5e16e155e96c013103749b410bd66bb51b7403fb3a291938,0xd557e1d3f8b0395d4d5443e5ebc561d7e39136ce,0xd557e1d3f8b0395d4d5443e5ebc561d7e39136ce,0xe7cd86e13ac4309349f30b3435a9d337750fc82d,200000000,2184,
morph,withdraw_final,28020201,1791525029000,0xbe09ff5967f7eef1d99c36d2faa71b60528c6831ccac9e7cbcfe92f3930c9dee,,,,,,573437205679177728
morph,withdraw_submit,28020451,1791525160000,0xc2f57da7cefea7837c6f891002be90e44030c63fbb577a880e6cbf2f3171c325,,0xeb5bf4e89ae3369f0812f5aa1344f5eff37d91ee,0xe7cd86e13ac4309349f30b3435a9d337750fc82d,4350000,,573437205679177728
morph,deposit,28020969,1791526106000,0x6b0e5f473d2e2665b7ed3e62bd909e7f15fd7668ad6fe0232ee13ed18d4bd6fb,0x77994a496509448d472237d27935e4141ce8932b,0x77994a496509448d472237d27935e4141ce8932b,0xe7cd86e13ac4309349f30b3435a9d337750fc82d,200000000,2184,
morph,deposit,28022565,1791528916000,0xa72d02f01e4ad41707d6cfe3bc2bb8801801c2deadb4a0b8ada68da0bea69084,0x62eab90d58b2d2a8b4492f2a409c812446820517,0x62eab90d58b2d2a8b4492f2a409c812446820517,0xe7cd86e13ac4309349f30b3435a9d337750fc82d,100000000,2184,
morph,deposit,28024253,1791531944000,0x9d785427b940175dfc370bf595d518c59d8e692da41bade5f5e4227321c2eb12,0x0f2ed3fb8af228ff927d75d19be7b7aba4ee89d2,0x0f2ed3fb8af228ff927d75d19be7b7aba4ee89d2,0xe7cd86e13ac4309349f30b3435a9d337750fc82d,86840000,2184,
morph,deposit,28024305,1791532036000,0x98ce87d4763b2d9f5ec999b9a6662c108b2659eb3adb5757b52ba3ba55fe85b0,0xa405d4e4022ba4a48584720f3a1da344dd55cf6e,0xa405d4e4022ba4a48584720f3a1da344dd55cf6e,0xe7cd86e13ac4309349f30b3435a9d337750fc82d,23840000,2184,
morph,deposit,28024341,1791532101000,0xba0f21478a3c892058521431f855f4c289abcbaae246c6a6b13e9f3acdc83cef,0x45422aa2cc6cd965777a5e0ff83fd22b87c5bdee,0x45422aa2cc6cd965777a5e0ff83fd22b87c5bdee,0xe7cd86e13ac4309349f30b3435a9d337750fc82d,2550000,2184,
morph,deposit,28024830,1791532993000,0x0908ef06ca7cb1b3e5406b27961b7d8101e6524bd61014a62c3bc12151978564,0xf36e4157ee21218ebb3eefe4d5aa46226875029f,0xf36e4157ee21218ebb3eefe4d5aa46226875029f,0xe7cd86e13ac4309349f30b3435a9d337750fc82d,5980000,2184,
morph,deposit,28025359,1791533996000,0xc9a0631da74a7ed4dbe03ff7e7520bb2e8052bd416592a7d37043a18a8ac2e07,0x9491c553ec0d619b62e7619967f21266d7c98071,0x9491c553ec0d619b62e7619967f21266d7c98071,0xe7cd86e13ac4309349f30b3435a9d337750fc82d,2000000,2184,
morph,deposit,28025805,1791534824000,0x0fe4ae20c90c9eeee196d8b3e1a3fc92208fac2847b5f0f439ed964f4e4ae58e,0x692297c734ac65c124daea6287991b38fb7cd48f,0x692297c734ac65c124daea6287991b38fb7cd48f,0xe7cd86e13ac4309349f30b3435a9d337750fc82d,10070000,2184,
morph,deposit,28025884,1791534961000,0xeb4463107a262cf1630e45f0c40e840bc8ce2d24aba257aa5e3f7d279b824bec,0x45422aa2cc6cd965777a5e0ff83fd22b87c5bdee,0x45422aa2cc6cd965777a5e0ff83fd22b87c5bdee,0xe7cd86e13ac4309349f30b3435a9d337750fc82d,1660000,2184,
morph,deposit,28026869,1791536790000,0x17447dc674945f033e06c9dbc79ea9ed133c743e05f2ec8bd75cf20eeeb6a47f,0xbf665786401288c063221f3170c20a7f5b362395,0xbf665786401288c063221f3170c20a7f5b362395,0xe7cd86e13ac4309349f30b3435a9d337750fc82d,1000000,2184,
morph,deposit,28027065,1791537146000,0xcb55cb1debd16054c51942b271159ef2f469bda4c0361dd0d6ddbc737e3307e6,0x380031cd3b7ecb102baf87512d546386cf298886,0x380031cd3b7ecb102baf87512d546386cf298886,0xe7cd86e13ac4309349f30b3435a9d337750fc82d,20000000,2184,
morph,deposit,28027210,1791537402000,0x45493d8c67661ce7943ece5eb423a1f4caaeaed380152531981c864d077f7cbb,0xa405d4e4022ba4a48584720f3a1da344dd55cf6e,0xa405d4e4022ba4a48584720f3a1da344dd55cf6e,0xe7cd86e13ac4309349f30b3435a9d337750fc82d,22350000,2184,
morph,deposit,28027397,1791537726000,0x6e1b415734c225a0e40dc8c2a88726d3fec4b64a22061410920ad4509ef99073,0xfde7e3d12ee376eb4ba82e29640c7522c53e78ca,0x93b9b809cc459a68098b2567a6e018fd9b4177b9,0xe7cd86e13ac4309349f30b3435a9d337750fc82d,50000000,2184,
morph,deposit,28028090,1791539007000,0x2bf730ad4d84b96a24041f9ebbb8d1932e21f18c8c2ab7040b944bb333b8ee3c,0x45422aa2cc6cd965777a5e0ff83fd22b87c5bdee,0x45422aa2cc6cd965777a5e0ff83fd22b87c5bdee,0xe7cd86e13ac4309349f30b3435a9d337750fc82d,1880000,2184,
morph,deposit,28029108,1791540918000,0xa21571b9c3b01d416b20e1b3e483accc4574fd03c2571bd002ba563eeb7039e3,0x102a529427e15c6b532f47930919da97515b8355,0x102a529427e15c6b532f47930919da97515b8355,0xe7cd86e13ac4309349f30b3435a9d337750fc82d,2430000,2184,
morph,withdraw_final,28029250,1791541483000,0x4ce8e94085957dc9df1ab51c2507d64821c0c8ff35bf8c71ab489a61c617603a,,,,,,574709744359440384
morph,deposit,28029336,1791541343000,0x6e734d1c356dbd7370c7ce9cf168ea2dc319f4f6d22cb25f04981a7f3f53bb55,0xbb48553d0c9470eb429ba35acd350c4c242ee902,0xbb48553d0c9470eb429ba35acd350c4c242ee902,0xe7cd86e13ac4309349f30b3435a9d337750fc82d,2000000,2184,
morph,withdraw_final,28029380,1791541726000,0xaf0bad65f0882d735d5cbcfae411fd2923a3c9f047868ed9b947ed4dbe7821d2,,,,,,574728436040335360
morph,withdraw_submit,28029486,1791541604000,0x657efa448e75b249e3d38fc7044769c061b914f64b402125a52e47bfb6b0f09f,,0xcf962deb8124f78b2754163189f870c3c4df9cd6,0xe7cd86e13ac4309349f30b3435a9d337750fc82d,54040000,,574709744359440384
morph,withdraw_submit,28029648,1791541900000,0x03073e70cf97c0c9f1259ca86773ff5eb8555d212e619a9cd0027e45556b4c59,,0xbb48553d0c9470eb429ba35acd350c4c242ee902,0xe7cd86e13ac4309349f30b3435a9d337750fc82d,1000000,,574728436040335360
morph,deposit,28029901,1791542347000,0x3a3e69e2cadad62b285e3debc3c1c5bd8b0d42c672225d6891716f0ad0c5e685,0x39d2ef227f2d3a0e7e1879609c40bd957c350852,0x39d2ef227f2d3a0e7e1879609c40bd957c350852,0xe7cd86e13ac4309349f30b3435a9d337750fc82d,1000000,2184,
morph,deposit,28030550,1791543532000,0x710c922f7310285f15b5977abad952c1eaaeedcf378b71d417fce442149ce839,0x2b924fb25b9a0f6d75d9e4cc6e028e8a59bfeee0,0x2b924fb25b9a0f6d75d9e4cc6e028e8a59bfeee0,0xe7cd86e13ac4309349f30b3435a9d337750fc82d,110040000,2184,
morph,deposit,28030658,1791543724000,0x2fb0938cba255a829b407d3cdf5fe3edf7f85188877e4c77fdc5ce91ffe91d57,0x8080fb336a664153d814af9d389a35934e87466d,0x8080fb336a664153d814af9d389a35934e87466d,0xe7cd86e13ac4309349f30b3435a9d337750fc82d,30000000,2184,
morph,deposit,28030972,1791544274000,0x666901435ba9e6c6e0fca2350c941eb849d4cc46b6064787ba33b059df05ba31,0x4de37c921c83f4a1c52695e10a93d08e70dcb44f,0x4de37c921c83f4a1c52695e10a93d08e70dcb44f,0xe7cd86e13ac4309349f30b3435a9d337750fc82d,13700000,2184,
morph,withdraw_final,28031196,1791544995000,0x8691595d962a60b31332afd4b513ce85f8456e4f6d9c2606bdd8239cf0c73faf,,,,,,574981641542303744
morph,deposit,28031214,1791544728000,0xeb3faaf67515f9702771df291fb3f05d777d55e8abf5e5009fdab6bd946cd78a,0x0d2807d2ce68855b06cc188ffd945f5f081ea31b,0x1ab95759553740cbc6bb295f7eb3504d47076a91,0xe7cd86e13ac4309349f30b3435a9d337750fc82d,45500000,2184,
morph,withdraw_submit,28031435,1791545140000,0x46471a2ad8e84598df70b13acaec20bc356e3e6d999b4f6502bdf62661b8dddf,,0x6ce33193dee9c5979ede0c24f77e8afcec9bd6ea,0xe7cd86e13ac4309349f30b3435a9d337750fc82d,20000000,,574981641542303744
morph,deposit,28031989,1791546105000,0x311dcdaf279b0c428d833f845e49837f59f40e6f6e80b426561de7301d5f56f3,0xd0dd90c69e99b2a89fa54fcf5c005e89a096240c,0xd0dd90c69e99b2a89fa54fcf5c005e89a096240c,0xe7cd86e13ac4309349f30b3435a9d337750fc82d,10099871,2184,
morph,deposit,28032593,1791547106000,0x5cfd3a2164ba2c00afb289ab520abee51f1f06dd88dd132e83bd3dff8cf92bd4,0x206ad04babaf8615030f05e5c364d844a8ac7519,0x206ad04babaf8615030f05e5c364d844a8ac7519,0xe7cd86e13ac4309349f30b3435a9d337750fc82d,38900000,2184,
morph,withdraw_final,28034136,1791550162000,0xcdf4f21123e67bc936fb47f93066cec81ac73b0a38d7545b0aed2bac23b4a749,,,,,,575380704129449984
morph,withdraw_submit,28034391,1791550300000,0x49a9f2a97f99741ff48bde810e80c859b3989185c1edd059044e7fe7a4f21670,,0x206ad04babaf8615030f05e5c364d844a8ac7519,0xe7cd86e13ac4309349f30b3435a9d337750fc82d,25440000,,575380704129449984
morph,withdraw_final,28035313,1791552246000,0xab4667c6da379186dc7115b6fa5d6a920f3fcedb266d20f2443a884e109f2164,,,,,,575541791177048064
morph,withdraw_submit,28035572,1791552400000,0x742c21b32a591480b2208c89cc94fa9a1f97cd5707c42b2f294568e8c286e1a4,,0x196ee331fdc6f9c622bc27669fe095fc506be0ca,0xe7cd86e13ac4309349f30b3435a9d337750fc82d,3150000,,575541791177048064
morph,withdraw_final,28035936,1791553293000,0x4bd43f8ca414aa0a5ad764cc1158e6643726922d9266ecabdfc46d1d675cd826,,,,,,575622485018411009
morph,withdraw_final,28036133,1791553618000,0x3a72afadbb32ff27bf510f097add1c1d138befc0906c9e818c327cbf4e446f1f,,,,,,575647619192193084
morph,withdraw_submit,28036191,1791553420000,0x6128c001d39eecfdb4525171a312268224056d52a743005795be3324f11e83b9,,0xc8877c8f9808681115e5f660c798342817fd3b29,0xe7cd86e13ac4309349f30b3435a9d337750fc82d,10040000,,575622485018411009
morph,withdraw_submit,28036394,1791553780000,0x006762fa45299510cc57790c8f551412eac4e4f6eb27646e199de35407396298,,0x9e00d74b0b9ff55f8d074f587aa7681fbea5f51f,0xe7cd86e13ac4309349f30b3435a9d337750fc82d,1070000,,575647619192193084
morph,withdraw_final,28036573,1791554408000,0xdbc5707d172325deb0789a55f2d27835b180ef295e16901909a17da9a41e47cf,,,,,,575707740131819522
morph,withdraw_final,28036579,1791554419000,0xe93b65521ee5b452c5cbdb3eeb74535abafbc6c57d72da035d312ae38cda115c,,,,,,575708470276259840
morph,withdraw_submit,28036825,1791554560000,0xd4acf3fdc20e75ad8ff2a2f97b6e1f2bc5a8748ed09b40b7316346d74f12a780,,0xd0dd90c69e99b2a89fa54fcf5c005e89a096240c,0xe7cd86e13ac4309349f30b3435a9d337750fc82d,2000000,,575707740131819522
morph,withdraw_submit,28036825,1791554560000,0xd4acf3fdc20e75ad8ff2a2f97b6e1f2bc5a8748ed09b40b7316346d74f12a780,,0xd0dd90c69e99b2a89fa54fcf5c005e89a096240c,0xe7cd86e13ac4309349f30b3435a9d337750fc82d,4700000,,575708470276259840
morph,withdraw_final,28037013,1791555189000,0x2f5eb25ac9788fc602174048a960b4a38ae6de88dbb94a21a58b4fa24643f598,,,,,,575768075819810816
morph,withdraw_submit,28037261,1791555340000,0xe50e1e2f730c6cc00b4c84c48173ea391ac721a3ea56b7f3f21ccc849617fbce,,0x891172a888c1cd9b65eae4d8e92b48789616b289,0xe7cd86e13ac4309349f30b3435a9d337750fc82d,84330000,,575768075819810816
morph,deposit,28037747,1791556210000,0xb4b9d715679b7fd0ea51231932ce839f643ce3cb97e12f80d681c0ca67a5a7de,0x692297c734ac65c124daea6287991b38fb7cd48f,0x692297c734ac65c124daea6287991b38fb7cd48f,0xe7cd86e13ac4309349f30b3435a9d337750fc82d,3240000,2184,
morph,deposit,28038649,1791557792000,0x17e14a7d01c2c1fc6466192eae45f9ce9fb412cddf35ecf9e3ff3e3a5a481c41,0xdbe93a674c8ded73148bfeea6c84427d3408ed29,0xdbe93a674c8ded73148bfeea6c84427d3408ed29,0xe7cd86e13ac4309349f30b3435a9d337750fc82d,20000000,2184,
morph,withdraw_final,28038704,1791558189000,0xbda87d90dc99109137caf6cb6609088a165d95230ee31c5d05e0c591d7fab445,,,,,,575999067759312896
morph,deposit,28038707,1791557893000,0x65eb1e3d91f29599141f406812eebc91ae31f04212f55079cb0ab261b9a92e0b,0x4303bf4736ea4a906def1f0051bb465681f34de2,0x4303bf4736ea4a906def1f0051bb465681f34de2,0xe7cd86e13ac4309349f30b3435a9d337750fc82d,24940000,2184,
morph,withdraw_submit,28038969,1791558340000,0x16304242717f8196dbebfafe4905aa314fe6ca21c252898fa0226378a46fca49,,0x77994a496509448d472237d27935e4141ce8932b,0xe7cd86e13ac4309349f30b3435a9d337750fc82d,199000000,,575999067759312896
morph,deposit,28038979,1791558357000,0x377cc9ff8b06fe1c344f612e2f3ba7190f095f5869bd785e7e9a73c326f31b2c,0x8ea689c626dc8d6af97a7ade9b7df46193c9ee9f,0x8ea689c626dc8d6af97a7ade9b7df46193c9ee9f,0xe7cd86e13ac4309349f30b3435a9d337750fc82d,13880000,2184,
morph,deposit,28039215,1791558776000,0x0e137bbb766a5f51563dfdd558f445748bfdb37c6e8825eed38f856698784d93,0x692297c734ac65c124daea6287991b38fb7cd48f,0x692297c734ac65c124daea6287991b38fb7cd48f,0xe7cd86e13ac4309349f30b3435a9d337750fc82d,1570000,2184,
morph,deposit,28039624,1791559514000,0xfd7112143cebd255030aac2a53a5d3b2d71eaa1db2671c8e9a6c71991972ec68,0xb7977303eb573cd5788a58325d5d0b84e54ae4b1,0xb7977303eb573cd5788a58325d5d0b84e54ae4b1,0xe7cd86e13ac4309349f30b3435a9d337750fc82d,13920000,2184,
morph,deposit,28039633,1791559530000,0xd19b26e5a3d0cb4971d0864d10898f959d9f61e35abe15e66722e5e474b18d15,0xb7977303eb573cd5788a58325d5d0b84e54ae4b1,0xb7977303eb573cd5788a58325d5d0b84e54ae4b1,0xe7cd86e13ac4309349f30b3435a9d337750fc82d,5030000,2184,
morph,deposit,28039644,1791559549000,0x4c0cee922e0528e288cbf4950802e13568ab9a96343fce551bbe3b2bd730835b,0xb7977303eb573cd5788a58325d5d0b84e54ae4b1,0xb7977303eb573cd5788a58325d5d0b84e54ae4b1,0xe7cd86e13ac4309349f30b3435a9d337750fc82d,4590000,2184,
morph,deposit,28039708,1791559660000,0xcf4eb8810416c9bf33a2cd0700ed850ee27b333b26ec155e9ce233d268313830,0x11a0ff4cab7478d2bf5183f36aae943a412af6a7,0x11a0ff4cab7478d2bf5183f36aae943a412af6a7,0xe7cd86e13ac4309349f30b3435a9d337750fc82d,13810000,2184,
morph,deposit,28039717,1791559678000,0x96ba081d38e428d5f89c93bb404cf0f8a4646c770f8489840b2860a7d75ed633,0x11a0ff4cab7478d2bf5183f36aae943a412af6a7,0x11a0ff4cab7478d2bf5183f36aae943a412af6a7,0xe7cd86e13ac4309349f30b3435a9d337750fc82d,7040000,2184,
morph,deposit,28039727,1791559696000,0xbb6fe3b85727af94dc8a00b0eb344f83a2338448b36948a2d87500a4d02ece6a,0x11a0ff4cab7478d2bf5183f36aae943a412af6a7,0x11a0ff4cab7478d2bf5183f36aae943a412af6a7,0xe7cd86e13ac4309349f30b3435a9d337750fc82d,5920000,2184,
morph,deposit,28039734,1791559708000,0xfff0d6fae08bf2e3a1e7d276063779a345d239f87a6c0c8bbea3f4c44f35c4bc,0x11a0ff4cab7478d2bf5183f36aae943a412af6a7,0x11a0ff4cab7478d2bf5183f36aae943a412af6a7,0xe7cd86e13ac4309349f30b3435a9d337750fc82d,4020000,2184,
morph,deposit,28039766,1791559768000,0xb448c0b43cc125829fc595d749f2dbb676f63717540dc5a292935d6c1d15f3df,0x11a0ff4cab7478d2bf5183f36aae943a412af6a7,0x11a0ff4cab7478d2bf5183f36aae943a412af6a7,0xe7cd86e13ac4309349f30b3435a9d337750fc82d,2780000,2184,
morph,deposit,28039818,1791559864000,0x1a2f8de4b3d41423e784bcd484bb5d9ded7d5de1000c51ebdc72fe44f9800ec6,0x614e4fb26d305b97fe913bb5727f72b7ba617ff2,0x614e4fb26d305b97fe913bb5727f72b7ba617ff2,0xe7cd86e13ac4309349f30b3435a9d337750fc82d,300000000,2184,
morph,deposit,28039926,1791560049000,0x49a512f61b8dd23c47f7baee6136958b20956c647ec650524784e9d8f72ffb33,0x32a411b25a6facedff236450723febf2ecc5a8c6,0x32a411b25a6facedff236450723febf2ecc5a8c6,0xe7cd86e13ac4309349f30b3435a9d337750fc82d,2890000,2184,
morph,deposit,28039979,1791560144000,0x7652f6c264beff12e733b2abaab210a552ad6059a73a905cc0046b30a4ed5ab8,0x32a411b25a6facedff236450723febf2ecc5a8c6,0x32a411b25a6facedff236450723febf2ecc5a8c6,0xe7cd86e13ac4309349f30b3435a9d337750fc82d,9030000,2184,
morph,deposit,28040583,1791561253000,0x1aa30ff06da8a7ee94dc9fb570bf7c2dfac42099598fd6cdcee6af1669da31c4,0xa1a0d1e558963523830680f0d0ac9ecf85dd8e65,0xa1a0d1e558963523830680f0d0ac9ecf85dd8e65,0xe7cd86e13ac4309349f30b3435a9d337750fc82d,190000000,2184,
morph,deposit,28041388,1791562672000,0x89a37d9f7b4621a17db2547590b14792d82af310578e3e30ee18e53c7e22b4bf,0x614e4fb26d305b97fe913bb5727f72b7ba617ff2,0x614e4fb26d305b97fe913bb5727f72b7ba617ff2,0xe7cd86e13ac4309349f30b3435a9d337750fc82d,200000000,2184,
morph,deposit,28041535,1791562944000,0x0bf7607f136dd504c8804ef9d3f0487a14032a3b9c028b978c62fb1494479758,0xbb48553d0c9470eb429ba35acd350c4c242ee902,0xbb48553d0c9470eb429ba35acd350c4c242ee902,0xe7cd86e13ac4309349f30b3435a9d337750fc82d,2000000,2184,
morph,withdraw_final,28041576,1791563318000,0x1d58062a9420bc4a4786b6cfc9f7ece73bc76079edaf6f34c0b4ea00430a8c77,,,,,,576394084487266304
morph,withdraw_submit,28041803,1791563440000,0x42ac3ec34f4141448ce98d52b4f829b7cbf55b8ad5e252e84233cca8badb700f,,0xbb48553d0c9470eb429ba35acd350c4c242ee902,0xe7cd86e13ac4309349f30b3435a9d337750fc82d,1000000,,576394084487266304
morph,deposit,28042411,1791564582000,0x3897d96522b0769ae8b919abc9fd9279a1b52bd1188c0a77f0421a33a5571d06,0x500631408527d2875507d9467c621e50909a5395,0x500631408527d2875507d9467c621e50909a5395,0xe7cd86e13ac4309349f30b3435a9d337750fc82d,3910000,2184,
morph,deposit,28043360,1791566325000,0x7a6c219d8c31ff4d46ffda39d76905340e6c5e54f4807c28fc91f22dd8e73d4b,0x5d7f5c8e141c2f713b44a2f13424ec16842c0d6a,0x5d7f5c8e141c2f713b44a2f13424ec16842c0d6a,0xe7cd86e13ac4309349f30b3435a9d337750fc82d,12899048,2184,
morph,deposit,28043648,1791566846000,0xbdfe0302d0bad5e5cac383b7ed55b33d1a6295e2e872466edd8b47059178a88a,0xf458363cbd61482e19c3ebf37b31d56b00d52bc6,0xf458363cbd61482e19c3ebf37b31d56b00d52bc6,0xe7cd86e13ac4309349f30b3435a9d337750fc82d,33070000,2184,
morph,withdraw_final,28043936,1791567684000,0x3dda71e608f45767a1e586bebe2059438eadc3c318a78b913ad00c355b7a3583,,,,,,576731454168367104
morph,withdraw_submit,28044163,1791567820000,0xfe0cefa64132309b62572920a2128e3ccdce4d618df142fe93d661544af27bda,,0x5d7f5c8e141c2f713b44a2f13424ec16842c0d6a,0xe7cd86e13ac4309349f30b3435a9d337750fc82d,11890000,,576731454168367104
morph,deposit,28047909,1791574776000,0x297571fea1a76d4512ba67a2b9390356a6d0328374472c576f4ffd502bbf35db,0x34d0600ecd46983b52854702ee1fd70bf4d23a85,0x34d0600ecd46983b52854702ee1fd70bf4d23a85,0xe7cd86e13ac4309349f30b3435a9d337750fc82d,20000000,2184,
morph,withdraw_final,28048835,1791576796000,0x2f576465dc17d78a7ab8db99fc55ae518d07ceaff84afe64fb4549cd995bbd34,,,,,,577434557507174400
morph,deposit,28048928,1791576673000,0xccf9db6e4524c37806995aaf7c3e31efaf59d5794a3ff61e3b1ffe31f01230af,0xf87e9d40fda53d85187a01dad4dc12459dcbbb25,0xf87e9d40fda53d85187a01dad4dc12459dcbbb25,0xe7cd86e13ac4309349f30b3435a9d337750fc82d,19980000,2184,
morph,withdraw_submit,28049069,1791576941000,0x351ab7b8a10cfedca772ccc21b63cd239b06636ea9f76f57f339a4ad3da83e8a,,0x34d0600ecd46983b52854702ee1fd70bf4d23a85,0xe7cd86e13ac4309349f30b3435a9d337750fc82d,19000000,,577434557507174400
morph,withdraw_final,28051754,1791582478000,0x0269fb9c1673adcfc655b49e5450f736917247d02412a87d490296013d8fd291,,,,,,577871467350327296
morph,withdraw_submit,28051994,1791582640000,0x32fdffa59d7eed6e55967bfba98e1199e7a15d68d975a6f8984801e6f79422c1,,0xf87e9d40fda53d85187a01dad4dc12459dcbbb25,0xe7cd86e13ac4309349f30b3435a9d337750fc82d,21330000,,577871467350327296
morph,deposit,28052413,1791583442000,0x47b158d79a38cbba1f1e65a2544823de5846ef9eb172a9d9575424ff57c13abb,0x94e1c8e2ffc63f2761e50fb03c405151a3a33815,0x94e1c8e2ffc63f2761e50fb03c405151a3a33815,0xe7cd86e13ac4309349f30b3435a9d337750fc82d,100000000,2184,
morph,deposit,28052976,1791584543000,0x6d7383b6576160d4d8fe92d3dcf3c3d1511a6665b8f911c7154f67bab2e23012,0xbb48553d0c9470eb429ba35acd350c4c242ee902,0xbb48553d0c9470eb429ba35acd350c4c242ee902,0xe7cd86e13ac4309349f30b3435a9d337750fc82d,2000000,2184,
morph,withdraw_final,28053013,1791584915000,0x289af0dc081071c51553ce9c96f11b384367335f5363ed55d1f33df28d233bea,,,,,,578058719321915392
morph,withdraw_submit,28053234,1791585040000,0x7b8338930e2ef19b7eefded8e39ec5f90fc90768215b633dc02c2d522d3ae619,,0xbb48553d0c9470eb429ba35acd350c4c242ee902,0xe7cd86e13ac4309349f30b3435a9d337750fc82d,1000000,,578058719321915392
morph,deposit,28054454,1791587416000,0x581dfd7bca94d1f8284a174235a25c49505569456ca1027834bbfcea03164ce5,0x98a72557428fe58bf04e323969178af4374886fe,0x98a72557428fe58bf04e323969178af4374886fe,0xe7cd86e13ac4309349f30b3435a9d337750fc82d,6480000,2184,
morph,deposit,28058060,1791594437000,0xe280e385abcfe2ba076b0a8933fab872752d814b62165c7025d65153cafad95b,0x98a72557428fe58bf04e323969178af4374886fe,0x98a72557428fe58bf04e323969178af4374886fe,0xe7cd86e13ac4309349f30b3435a9d337750fc82d,9730000,2184,
morph,withdraw_final,28059189,1791596887000,0x7c9544dd639b9dd564f81598900cd2ffca63a79509f9b079f5808f949eb88411,,,,,,578976777167175680
morph,deposit,28059374,1791596922000,0xfc29d92aa12fa78b4a6f9ab34dc79ebdfd9b647cc5449cd3b0207fa68f13de60,0xf36e4157ee21218ebb3eefe4d5aa46226875029f,0xf36e4157ee21218ebb3eefe4d5aa46226875029f,0xe7cd86e13ac4309349f30b3435a9d337750fc82d,5000000,2184,
morph,withdraw_submit,28059436,1791597040000,0x2d86b9533889af8b12664b88b47d4916d7e52b1a0f4e36106f3a4b47d3993338,,0x178ddde599c048e41b0d4e12161e4e8215c250f1,0xe7cd86e13ac4309349f30b3435a9d337750fc82d,8100000,,578976777167175680
morph,deposit,28059723,1791597581000,0xa8f07c2a8fe70c0fd83f1d91d8dd444595b6ff17171b35c2d9de21b219787eb7,0xf36e4157ee21218ebb3eefe4d5aa46226875029f,0xf36e4157ee21218ebb3eefe4d5aa46226875029f,0xe7cd86e13ac4309349f30b3435a9d337750fc82d,2000000,2184,
morph,deposit,28060219,1791598510000,0x37927cb1012dbabf13d7be9a03ec239aace67c6e218cae1d03a933bb023eb0a5,0xf36e4157ee21218ebb3eefe4d5aa46226875029f,0xf36e4157ee21218ebb3eefe4d5aa46226875029f,0xe7cd86e13ac4309349f30b3435a9d337750fc82d,1790000,2184,
morph,deposit,28060324,1791598716000,0xa54721784856162ee30a5534697c53d563fa2f748bddea0074f49b3c0bed337d,0x460c5d211111d544162ac6599fdc8cfe277e1d23,0x460c5d211111d544162ac6599fdc8cfe277e1d23,0xe7cd86e13ac4309349f30b3435a9d337750fc82d,2000000,2184,
morph,deposit,28060956,1791599945000,0x261edb5935d115df828905c2d964dcec847a8ae486bab43aed555f8e7db282a1,0xb1be3dc5b3fbe3201e00fb6e26380ae5e204d230,0xb1be3dc5b3fbe3201e00fb6e26380ae5e204d230,0xe7cd86e13ac4309349f30b3435a9d337750fc82d,3820000,2184,
morph,withdraw_final,28061438,1791601159000,0xa48ba90d54feb1c8c742a045f4c808cfdc83e4d784f62516d1b89748343cca9b,,,,,,579305745913217024
morph,deposit,28061452,1791600885000,0xc4fe967f0b8f177991d6521eef43327c7eeef4e02ca77d27cb5ca7513655911b,0x98a72557428fe58bf04e323969178af4374886fe,0x98a72557428fe58bf04e323969178af4374886fe,0xe7cd86e13ac4309349f30b3435a9d337750fc82d,13322476,2184,
morph,withdraw_final,28061583,1791601430000,0xf9f4bdbc10379b287e1dc3850d3848b69973318d379f3c9ea6a003bd5dcda692,,,,,,579326610843369472
morph,deposit,28061668,1791601283000,0x74b35cdc9423a78dbe3f8fc9c6d343bcf168f3911fdb9b6c47a4eb4e2e777e47,0xf36e4157ee21218ebb3eefe4d5aa46226875029f,0xf36e4157ee21218ebb3eefe4d5aa46226875029f,0xe7cd86e13ac4309349f30b3435a9d337750fc82d,3190000,2184,
morph,withdraw_submit,28061678,1791601300000,0xa2162d546f9c535687b25566a8ca3030632c4cea87d10b936b97cdc1763fb939,,0x98a72557428fe58bf04e323969178af4374886fe,0xe7cd86e13ac4309349f30b3435a9d337750fc82d,14130000,,579305745913217024
morph,withdraw_submit,28061851,1791601600000,0xcb6854b26541a3b55dd4f98f6597822ffc27c6f28f3ddd9944c2ab3dfc2b5619,,0xa1650dfb6bf3411fe2143da72a5a6e2a68cbb459,0xe7cd86e13ac4309349f30b3435a9d337750fc82d,9000000,,579326610843369472
morph,deposit,28062736,1791603280000,0xd01e57b23fb31d01a0b85a2d97f59b69bf15ed95d8a658e2baf80928831101b4,0xf6f662c6e3d19e74b287979ad507a21331fdaad6,0xf6f662c6e3d19e74b287979ad507a21331fdaad6,0xe7cd86e13ac4309349f30b3435a9d337750fc82d,1000000,2184,
morph,deposit,28064220,1791606143000,0xd5f901b0b4a74eeb7b3232492b864b2214e07afed4b26a4490ecacb013237faa,0xbb48553d0c9470eb429ba35acd350c4c242ee902,0xbb48553d0c9470eb429ba35acd350c4c242ee902,0xe7cd86e13ac4309349f30b3435a9d337750fc82d,2000000,2184,
morph,withdraw_final,28064264,1791606523000,0x0818f3937dcee62295ba7b67d8750f5df75fba7629d3b7f8f938671c89c2e034,,,,,,579717014784835584
morph,withdraw_submit,28064482,1791606640000,0x12a8af0b3772e6332e65d8d9b0073d3c371fde628c6b38a2c4dc7df0e6b5644b,,0xbb48553d0c9470eb429ba35acd350c4c242ee902,0xe7cd86e13ac4309349f30b3435a9d337750fc82d,1000000,,579717014784835584
morph,withdraw_final,28064812,1791607578000,0x2a961faf67b8850a9f75f947e79548ea13aabecd7d771c5cd8bb20c406ae04bc,,,,,,579797605546983424
morph,withdraw_final,28065021,1791607980000,0x96a21fecb6f8f760a1a3fa7815ba142f7059cbe23977ab96b7f1aa7126d1b68c,,,,,,579828598030991360
morph,withdraw_submit,28065042,1791607720000,0x64383b30390b6094b5093eb66411efea87f2b397bb6de22c3c228faf08720a64,,0x28ad3ee6dc00566232c6c0eec4c8bb1112cee5c1,0xe7cd86e13ac4309349f30b3435a9d337750fc82d,1000000,,579797605546983424
morph,withdraw_final,28065085,1791608103000,0xff2f68d49f306c67ab241258953250db2fe1eac653d5cfe10a435dde67b79f5a,,,,,,579837875160350720
morph,withdraw_final,28065107,1791608147000,0x4fd0bcb7da0a86f8c62a95fd30a8e575f6d984f3e50b383a4bb8bf13b3d0e7a6,,,,,,579841457163075584
morph,withdraw_final,28065243,1791608409000,0xa0246044e7fe72b0995ae8cc1ed90463f258cecdac023a9b3130be21582eb9e3,,,,,,579861549020086272
morph,withdraw_submit,28065259,1791608140000,0x1fa71c7443838ae5292840dd258205233fb9341cf5c1b5aa805865733741bf11,,0x28ad3ee6dc00566232c6c0eec4c8bb1112cee5c1,0xe7cd86e13ac4309349f30b3435a9d337750fc82d,1000000,,579828598030991360
morph,withdraw_final,28065322,1791608554000,0x9ddf07bb0c2e2d33f390036007d18e19e676f5c10ef5c9920e25e2f5a8049dbe,,,,,,579872638625644544
morph,withdraw_submit,28065326,1791608260000,0x23fd5fe77bb4cff0c4950b49298bdb1365f0899909d70053b3b27514260f5611,,0x28ad3ee6dc00566232c6c0eec4c8bb1112cee5c1,0xe7cd86e13ac4309349f30b3435a9d337750fc82d,1000000,,579837875160350720
morph,withdraw_submit,28065357,1791608320000,0xf5bd4d91da60931ff673d200963937f7c4f089b7108045e49e664adac231b426,,0x28ad3ee6dc00566232c6c0eec4c8bb1112cee5c1,0xe7cd86e13ac4309349f30b3435a9d337750fc82d,1000000,,579841457163075584
morph,deposit,28065482,1791608558000,0xaab45c96ba82f00947f4fe43e8904cfa0e8ca0ae15c6a5949ce48800ce6b377e,0x157f04b2acc3792377af170c521b53ffb232117c,0x157f04b2acc3792377af170c521b53ffb232117c,0xe7cd86e13ac4309349f30b3435a9d337750fc82d,144740000,2184,
morph,withdraw_submit,28065483,1791608559000,0x4d272dd2226f3525e3c831faf3be5fdbb016cbade26c2a751cc90b0239c33b39,,0x28ad3ee6dc00566232c6c0eec4c8bb1112cee5c1,0xe7cd86e13ac4309349f30b3435a9d337750fc82d,2000000,,579861549020086272
morph,withdraw_submit,28065550,1791608679000,0x031377690b6f25aac5dc621e78c5c17bc436c15bd553edfacdc74e094d5acac7,,0x28ad3ee6dc00566232c6c0eec4c8bb1112cee5c1,0xe7cd86e13ac4309349f30b3435a9d337750fc82d,9000000,,579872638625644544
morph,withdraw_final,28065635,1791609143000,0xd69d23ccde513281eee3a3e593a0a2b18ce252bbdf92e5753df40a10a4500ca4,,,,,,579917881811140608
morph,withdraw_submit,28065868,1791609280000,0xffbfc37969b9266f177985951a06e6d0c51a2464a9d07aba33e3f986be60aac0,,0x28ad3ee6dc00566232c6c0eec4c8bb1112cee5c1,0xe7cd86e13ac4309349f30b3435a9d337750fc82d,49000000,,579917881811140608
morph,deposit,28066264,1791610035000,0x9fe25d0b2ec66c8aa36bb9a4d5715fd23f476634148ee9d61f3b71789dffc557,0x5a63c14e3bcaeec2b7fb7ccfbfff1c4c6e439887,0x5a63c14e3bcaeec2b7fb7ccfbfff1c4c6e439887,0xe7cd86e13ac4309349f30b3435a9d337750fc82d,18858139,2184,
morph,withdraw_final,28066289,1791610381000,0x1d06c0e869d352982531d564aa4b6c89a73c4596b943ae6bb53febd5b9ffca93,,,,,,580013427653607424
morph,withdraw_final,28066483,1791610756000,0x1e6729ed97898309aac482147e2df6a80dc2a74593b3e22c71b3a9c8aeb270bf,,,,,,580042289859002394
morph,withdraw_final,28066495,1791610780000,0x1ab6729082206660198eb0d8f9ae66fd38ca8c246117c80b9eaaca2494a571ef,,,,,,580044145259708416
morph,withdraw_submit,28066529,1791610540000,0x8b2b3f999e90bc75524e6235a8a858c7117ef021a3a33cc124db5766d73f9f8c,,0x28ad3ee6dc00566232c6c0eec4c8bb1112cee5c1,0xe7cd86e13ac4309349f30b3435a9d337750fc82d,99000000,,580013427653607424
morph,withdraw_submit,28066720,1791610899000,0x745fc3b1e8658f6b22f84d3cef4623670e737a2f0e260bcb0959eebd4014e5c4,,0x692297c734ac65c124daea6287991b38fb7cd48f,0xe7cd86e13ac4309349f30b3435a9d337750fc82d,5970000,,580042289859002394
morph,withdraw_submit,28066720,1791610899000,0x745fc3b1e8658f6b22f84d3cef4623670e737a2f0e260bcb0959eebd4014e5c4,,0x28ad3ee6dc00566232c6c0eec4c8bb1112cee5c1,0xe7cd86e13ac4309349f30b3435a9d337750fc82d,49000000,,580044145259708416
morph,withdraw_final,28066937,1791611620000,0x41ef7f523784a22581b9cd9d84b5134076d6356f565ab35a04417e233364d516,,,,,,580108810287316992
morph,withdraw_submit,28067157,1791611740000,0x063ed81060f0ac9c35680999ceaa72faadd06b582b0397879c281c239ef367cb,,0x28ad3ee6dc00566232c6c0eec4c8bb1112cee5c1,0xe7cd86e13ac4309349f30b3435a9d337750fc82d,49000000,,580108810287316992
morph,withdraw_final,28067324,1791612360000,0xffa65a555e65733686cfac92bb4b5e8002b47baf7fb186483d9eade44c32188a,,,,,,580166010661765120
morph,withdraw_final,28067362,1791612433000,0xb50b9e86a1f6cdf809e0274e6625fb7dff809ceb6a0d54c1c8640b0ecb44f5c6,,,,,,580171430927269889
morph,withdraw_final,28067502,1791612702000,0x39a6c2c9bb512fb55e27078c43d08e14f03cf5d69b5b4cf9db17e92055402a20,,,,,,580192270091812864
morph,withdraw_submit,28067564,1791612520000,0x91f3afc749fc2e40b1ac8b6018fbef25ce636d9f6cf708669beb1f830a3d7402,,0x28ad3ee6dc00566232c6c0eec4c8bb1112cee5c1,0xe7cd86e13ac4309349f30b3435a9d337750fc82d,99000000,,580166010661765120
morph,withdraw_submit,28067595,1791612580000,0xf0462e394a1ad1a23e59c0048af9a41488d0b6cd3701c1cef6c62c0f0be64219,,0xa1a0d1e558963523830680f0d0ac9ecf85dd8e65,0xe7cd86e13ac4309349f30b3435a9d337750fc82d,284460000,,580171430927269889
morph,withdraw_submit,28067717,1791612819000,0x3821c718087b773c6cdea30b529bba70e7cc5c0e3b194e8974893b4a66ccd05b,,0x3e428e2e209000d58131156b098e4fda86680a29,0xe7cd86e13ac4309349f30b3435a9d337750fc82d,599000000,,580192270091812864
morph,withdraw_final,28068176,1791614000000,0x3d75c80d37b7e00a508c2c7556b4e1c279f041202e8706c5c12e6223d87836dc,,,,,,580292274110332928
morph,withdraw_final,28068294,1791614232000,0xa55509793fa1a95b2fb0e9c594d495cbd75cdafbf359b51f174631b9e5463ffc,,,,,,580309952216694784
morph,deposit,28068328,1791613996000,0x15b35c6c7aafa6296b000518279e43bcdd958b702c8ab8e74e8fda93715a2cbb,0x98a72557428fe58bf04e323969178af4374886fe,0x98a72557428fe58bf04e323969178af4374886fe,0xe7cd86e13ac4309349f30b3435a9d337750fc82d,12296341,2184,
morph,withdraw_submit,28068405,1791614140000,0x626397da0be2a1560c85b7ec81773bf2bd1ae39440b065fa3ad6581710fcdfe8,,0x28ad3ee6dc00566232c6c0eec4c8bb1112cee5c1,0xe7cd86e13ac4309349f30b3435a9d337750fc82d,199000000,,580292274110332928
morph,withdraw_final,28068462,1791614548000,0xa6ce0fb21b3ae08b1100d51e1946a461c18613856358b6b38d92fa4503220b7e,,,,,,580334381969702913
morph,withdraw_submit,28068571,1791614380000,0x53c3e26ec7f6ddf7dfd7da87738ce069a4634c581717279c74b9a5f67797b1be,,0x98a72557428fe58bf04e323969178af4374886fe,0xe7cd86e13ac4309349f30b3435a9d337750fc82d,10540000,,580309952216694784
morph,withdraw_submit,28068732,1791614678000,0xc473e5ee391200fccb58f35c93299629f30daf709f5ee28f595f926118fc94ad,,0x28ad3ee6dc00566232c6c0eec4c8bb1112cee5c1,0xe7cd86e13ac4309349f30b3435a9d337750fc82d,199220000,,580334381969702913
morph,deposit,28069019,1791615188000,0x24806ae2bdbc29c7fad002fb7959f42171e67f722a5ed8bfd39840020bfee5e9,0xff02bdab2813425ad43b4f6f2507f65d293cfce2,0xff02bdab2813425ad43b4f6f2507f65d293cfce2,0xe7cd86e13ac4309349f30b3435a9d337750fc82d,4900000,2184,
morph,deposit,28069314,1791615720000,0xa061e66c3162ac08d3ab2269a6844a5070c8a5e3d8dc66bc6a5fb6ff95fead95,0x96a8cab2fc207b1667715aa39242338dfaffafbf,0x96a8cab2fc207b1667715aa39242338dfaffafbf,0xe7cd86e13ac4309349f30b3435a9d337750fc82d,5110000,2184,
morph,deposit,28069319,1791615724000,0x2e9260dc68a229999a9f1f24931f7dca208f210b42c61869a423f25abf81c2d3,0x692297c734ac65c124daea6287991b38fb7cd48f,0x692297c734ac65c124daea6287991b38fb7cd48f,0xe7cd86e13ac4309349f30b3435a9d337750fc82d,7290000,2184,
morph,withdraw_final,28069359,1791616082000,0x724ffc8bb64c021b2655f67e84da1da9a8cb68d6988159475e0d0d73e4b56c68,,,,,,580452356152360960
morph,deposit,28069377,1791615812000,0xe9cbacfece4ed1b987d4347ada1b9453d254e211705e351fc1eb5f1e375c9ca5,0x692297c734ac65c124daea6287991b38fb7cd48f,0x692297c734ac65c124daea6287991b38fb7cd48f,0xe7cd86e13ac4309349f30b3435a9d337750fc82d,6310000,2184,
morph,deposit,28069466,1791615974000,0x4763e9dda686d2e1aee86c6a615946c2dce6ea3fc88a17234703b29b6bd06e7b,0x0662470d71ea9745b84e7aa779c00163c99bd4ac,0x0662470d71ea9745b84e7aa779c00163c99bd4ac,0xe7cd86e13ac4309349f30b3435a9d337750fc82d,5110000,2184,
morph,deposit,28069509,1791616056000,0x4aa57dbcbea5e4d138530298a04bb38bd95f18770cf64cdd218f9544e8d10ce5,0x9e00d74b0b9ff55f8d074f587aa7681fbea5f51f,0x9e00d74b0b9ff55f8d074f587aa7681fbea5f51f,0xe7cd86e13ac4309349f30b3435a9d337750fc82d,186710000,2184,
morph,withdraw_submit,28069603,1791616240000,0xa000f9125c3505580c9a5a698e64f0925caadaf19bb64ceb552ad8ef152f58bd,,0x98a72557428fe58bf04e323969178af4374886fe,0xe7cd86e13ac4309349f30b3435a9d337750fc82d,9290000,,580452356152360960
morph,deposit,28069962,1791616932000,0x6048419ebf07c8d660cfaf0a1c54014f2c1cddcb19bc59aef0183d73d2cc4e04,0x16e994a5bc57dfb69b9918f0d79720b51a60ca89,0x16e994a5bc57dfb69b9918f0d79720b51a60ca89,0xe7cd86e13ac4309349f30b3435a9d337750fc82d,1000000,2184,
morph,deposit,28071521,1791619860000,0x94dc4157fdf70dda0680f7d1330206980c16d7db3f1f54698ba3d4d594ef4095,0x0dda9489accb8f906ddb89f593364f830aaf3371,0x0dda9489accb8f906ddb89f593364f830aaf3371,0xe7cd86e13ac4309349f30b3435a9d337750fc82d,240820000,2184,
morph,deposit,28073181,1791623060000,0x3630679845e54a5c86902b7bf7055200c5e9408ab615851bbe642dc8ec919041,0x9e4afdf597a8ec700ad2f162a92ac0ed1cc092c5,0x9e4afdf597a8ec700ad2f162a92ac0ed1cc092c5,0xe7cd86e13ac4309349f30b3435a9d337750fc82d,20000000,2184,
morph,deposit,28074193,1791624924000,0x25511f2c45a7d863f548f0c7376f053623ef3e57539c17518d1ad8e7b79afcb5,0xc1b065bca9bf454b84a9633430a662128d650c11,0xc1b065bca9bf454b84a9633430a662128d650c11,0xe7cd86e13ac4309349f30b3435a9d337750fc82d,2120000,2184,
morph,deposit,28074424,1791625369000,0xed55908925173eeedb7a12b3bce0d1200eb60463d88b260cbfe02d99582903c2,0x2c51b820d85e709b3eae24fdcfce7aab75eb6929,0x2c51b820d85e709b3eae24fdcfce7aab75eb6929,0xe7cd86e13ac4309349f30b3435a9d337750fc82d,23900000000,2184,
morph,withdraw_final,28075040,1791626860000,0xe10ae86141ec0dde2f19ea17a9d5fa4f7d94f593fa1caf21b51c625482d15d7a,,,,,,581280503152246784
morph,withdraw_submit,28075257,1791626980000,0xd16754fd2752eb36078e7088b48cf5bb73f0b47f05fe2e3e944d27197d10cca8,,0x8f98c5ef665c20c72527d4f6c6b07a65e0ab9985,0xe7cd86e13ac4309349f30b3435a9d337750fc82d,9000000,,581280503152246784
morph,deposit,28075354,1791627166000,0x0e9fcb2dca1cc486a1c1b9d5042a3704737166ab9963f295644a782baedf0cd4,0xa3b3146fad1f372bb4e76284eda25370b2851167,0xa3b3146fad1f372bb4e76284eda25370b2851167,0xe7cd86e13ac4309349f30b3435a9d337750fc82d,5500000,2184,
morph,deposit,28075662,1791627744000,0xcaed611408b39e0c0d55fd923007fbdf370cee372699ef266c5a91170afd2b34,0xbb48553d0c9470eb429ba35acd350c4c242ee902,0xbb48553d0c9470eb429ba35acd350c4c242ee902,0xe7cd86e13ac4309349f30b3435a9d337750fc82d,2000000,2184,
morph,withdraw_final,28075713,1791628122000,0x81bc3e1c18dbe952b09b13a8171fd2f375b5fa2fa281e21da36602ff4fb7a7c7,,,,,,581377466321338368
morph,withdraw_submit,28075941,1791628240000,0x12882a5b37fc74cd8294bceb093a67d31970a9e162788007f28b8e2622269964,,0xbb48553d0c9470eb429ba35acd350c4c242ee902,0xe7cd86e13ac4309349f30b3435a9d337750fc82d,1000000,,581377466321338368
morph,withdraw_final,28077665,1791631841000,0x2b268677f7be8f6fe6a8f6f4641a55c68e6ee2fd21eed93f23231996a1de9cc4,,,,,,581662557656317952
morph,withdraw_final,28077808,1791632107000,0xd2d9cc399c74f47602da4cb8d1a9a8c3312f8676973769c9d82eb70717b9c765,,,,,,581682683889844224
morph,withdraw_submit,28077887,1791631960000,0xefed607daeaa664ea905d3be3047091d78444b19110f1fa07c363ff548557bb0,,0x16e994a5bc57dfb69b9918f0d79720b51a60ca89,0xe7cd86e13ac4309349f30b3435a9d337750fc82d,1630000,,581662557656317952
morph,withdraw_submit,28078043,1791632260000,0xc407b85d797020d2a7c7bb3244fc807990c3f60edd00a438b15f33df8722c740,,0x75bd6724cde18488c021f79378e9824199b5fe25,0xe7cd86e13ac4309349f30b3435a9d337750fc82d,18440000,,581682683889844224
morph,deposit,28079433,1791634962000,0x2af0f15bbd14bb98f16ea3710bebe9b26c1e6c3b26e12fd5ba1fd003b20c9f1b,0x971e4527d9a545500995180a0b8182d44f7a100e,0x971e4527d9a545500995180a0b8182d44f7a100e,0xe7cd86e13ac4309349f30b3435a9d337750fc82d,1480000,2184,
morph,withdraw_final,28079931,1791636208000,0x5ebb760ec8c9c18b34a0b6a298274d417e68d100bff6e59eb2354a538e414ea5,,,,,,581997247302991904
morph,withdraw_submit,28080156,1791636340000,0xa5fdc3ebb3d4bb0ae588836038eac4d54879cce0a749dde87f850a42c3bb251e,,0x9e00d74b0b9ff55f8d074f587aa7681fbea5f51f,0xe7cd86e13ac4309349f30b3435a9d337750fc82d,72600000,,581997247302991904
morph,withdraw_final,28081641,1791639479000,0xb560f5a58b2b4d9c27d342fdfe4756e40275570957de1398b063c9c51299a4ad,,,,,,582247300298964995
morph,withdraw_submit,28081884,1791639640000,0xb274f97741194ccb070e4594ce7eb38a6b18eb775b573394a07666136184eb1c,,0x8ea689c626dc8d6af97a7ade9b7df46193c9ee9f,0xe7cd86e13ac4309349f30b3435a9d337750fc82d,11310000,,582247300298964995
morph,deposit,28083325,1791642415000,0x704b12946f59921dfc94821bea7bde626ccbfd8fedbcdb1a1a2b2b98503807d2,0xfab3eef2c6bf8659f4c55773188ea484a0ead073,0xfab3eef2c6bf8659f4c55773188ea484a0ead073,0xe7cd86e13ac4309349f30b3435a9d337750fc82d,14980000,2184,
morph,deposit,28083493,1791642692000,0xd2b088c85dc9e0510784f14748203cb3eb33b2cd0d21799872f97f1c3846eb54,0xdc38dfec7398ff919798509f987ddc375cf0a836,0xdc38dfec7398ff919798509f987ddc375cf0a836,0xe7cd86e13ac4309349f30b3435a9d337750fc82d,77400000,2184,
morph,withdraw_final,28084367,1791644538000,0x543fb6585735a1d86e32882b8dbfc03286fe6a875034c0191a184e28ea70c535,,,,,,582636793682198528
morph,withdraw_submit,28084604,1791644680000,0x989b6753d7cc45ca3b484945cbb62e5f0fec47e0e2740f54ea1bbdd351cbdbf6,,0x6f584bcb675753850aae7dae5f9bd4c814d5621a,0xe7cd86e13ac4309349f30b3435a9d337750fc82d,1590000,,582636793682198528
morph,deposit,28084858,1791645137000,0xb62fcea6e913fa5394579734c6ed1de8bb7639bf70f873be573a4118be5a02de,0x6f584bcb675753850aae7dae5f9bd4c814d5621a,0x6f584bcb675753850aae7dae5f9bd4c814d5621a,0xe7cd86e13ac4309349f30b3435a9d337750fc82d,1500000,2184,
morph,withdraw_final,28086879,1791649134000,0x94edc9cc19f1805cf18c7cb8720b19e78c613afecdf5cb3f498d3d449970e2d3,,,,,,582990217972023311
morph,withdraw_submit,28087119,1791649300000,0xf68ff2e8c95aa2864e2ade5d942e68b32a78703639ae6da379f6262c7f997089,,0xc49cac2211d6ae6e038563023d89ee82f7b7faef,0xe7cd86e13ac4309349f30b3435a9d337750fc82d,108320000,,582990217972023311
morph,deposit,28087144,1791649344000,0x396cda81ff9c35d5d44e5dd9a09afd995f84856458106ad2445d0f1368542e15,0xbb48553d0c9470eb429ba35acd350c4c242ee902,0xbb48553d0c9470eb429ba35acd350c4c242ee902,0xe7cd86e13ac4309349f30b3435a9d337750fc82d,2000000,2184,
morph,withdraw_final,28087183,1791649721000,0x3768f8c6b1abf989690b91c134b092e47c1d60fcaf88e7613bf2448d484d4769,,,,,,583035469726482432
morph,withdraw_submit,28087412,1791649840000,0x92e55a77aa862c37a65bcf773970804db051b916f0cfd5970866aa394a53f206,,0xbb48553d0c9470eb429ba35acd350c4c242ee902,0xe7cd86e13ac4309349f30b3435a9d337750fc82d,1000000,,583035469726482432
morph,deposit,28087596,1791650194000,0xa77302ac865b011389e5a32b33660ea50d18150a42e7e9463b8c6d6b06bb7ec7,0x747143eb9eef4028fcaa6ae388cbc8fae3181d5b,0x747143eb9eef4028fcaa6ae388cbc8fae3181d5b,0xe7cd86e13ac4309349f30b3435a9d337750fc82d,16140000,2184,
morph,deposit,28087652,1791650300000,0x262ef74e98710512fdba429684652dd17f7a7af80951449c1df32db72a306646,0x747143eb9eef4028fcaa6ae388cbc8fae3181d5b,0x747143eb9eef4028fcaa6ae388cbc8fae3181d5b,0xe7cd86e13ac4309349f30b3435a9d337750fc82d,4670000,2184,
morph,withdraw_final,28088498,1791652230000,0x74ba8bcf6b66c37ee018f72dc3226659bde8cfea2e77ffebae25a343ea8ca968,,,,,,583227824152772616
morph,withdraw_submit,28088718,1791652360000,0xdfeea55c25788cd54e8894ca2b650bb9892a14decdd43c420eeb6ee9989cbed7,,0xa3b3146fad1f372bb4e76284eda25370b2851167,0xe7cd86e13ac4309349f30b3435a9d337750fc82d,3320000,,583227824152772616
morph,deposit,28089085,1791653056000,0xfa8eb33b852ecdc426a4957503ec37c3c4b832709fd3f970f7e0dd062ff275e7,0xc49cac2211d6ae6e038563023d89ee82f7b7faef,0xc49cac2211d6ae6e038563023d89ee82f7b7faef,0xe7cd86e13ac4309349f30b3435a9d337750fc82d,108300000,2184,
morph,deposit,28089332,1791653536000,0xbcc5695164c17e8d4a80d9024818c499d774585b51ca0519482b9d75867bdc57,0xf87e9d40fda53d85187a01dad4dc12459dcbbb25,0xf87e9d40fda53d85187a01dad4dc12459dcbbb25,0xe7cd86e13ac4309349f30b3435a9d337750fc82d,22846114,2184,
morph,deposit,28094642,1791663750000,0x8226c00c6aa5ce8ab9149483abea2a734f22bd15f94187f7642e718a8fcffa73,0x7b4bc647f3d9718a5c9f39fd704c2f4c9e92a3c3,0x7b4bc647f3d9718a5c9f39fd704c2f4c9e92a3c3,0xe7cd86e13ac4309349f30b3435a9d337750fc82d,1680000,2184,
morph,deposit,28096054,1791666497000,0xa973b78baec4ce6e1714d1f078e96fdd18803ab52c95ad2c1d58d724128d1698,0x6fbc4a8f87544cd09dec4bb976fad037b51fd294,0x6fbc4a8f87544cd09dec4bb976fad037b51fd294,0xe7cd86e13ac4309349f30b3435a9d337750fc82d,1979000000,2184,
morph,withdraw_final,28096092,1791666871000,0x16cab86d30f508bb621fcedacbd3d7ebb022394d2a55bec3f5767cec9fe31d05,,,,,,584344816272277505
morph,withdraw_submit,28096312,1791667000000,0x5edbf852e7f9af65bb00f069eb727cf9ac9d5e8733978dea55f483c2ad5ecdf4,,0x2c51b820d85e709b3eae24fdcfce7aab75eb6929,0xe7cd86e13ac4309349f30b3435a9d337750fc82d,25445530000,,584344816272277505
morph,deposit,28097845,1791669952000,0x705cb9697b1f941322e92a78110f4c7e29e3e0fe1a87b5aa1c2a83be013a90ee,0x4de37c921c83f4a1c52695e10a93d08e70dcb44f,0x4de37c921c83f4a1c52695e10a93d08e70dcb44f,0xe7cd86e13ac4309349f30b3435a9d337750fc82d,4110000,2184,
morph,deposit,28098362,1791670943000,0x7ca3dbcad310e7d2944e455c8da5ecdef41fc73d2aea1355613a667b0a6ffbb6,0xbb48553d0c9470eb429ba35acd350c4c242ee902,0xbb48553d0c9470eb429ba35acd350c4c242ee902,0xe7cd86e13ac4309349f30b3435a9d337750fc82d,2000000,2184,
morph,withdraw_final,28098400,1791671317000,0x3fb9c69393e6c513fb776e3fff288ce4f6943d3d276103fc6d13b5aab0b0a95b,,,,,,584683113670508544
morph,withdraw_submit,28098617,1791671440000,0x39d797bda5b86d324576a5c8e5b21412cc9fb728545a0f454e9fbb98636fe6de,,0xbb48553d0c9470eb429ba35acd350c4c242ee902,0xe7cd86e13ac4309349f30b3435a9d337750fc82d,1000000,,584683113670508544
morph,withdraw_final,28102821,1791679919000,0xc3e6dfed02bfbf47b67ee1a9d020b9c37584531211c38e3ddc1ef85ece45ab40,,,,,,585339118385364992
morph,withdraw_submit,28103057,1791680080000,0x7f14aa7d1cbb316b5142b4c1587c8f8b3ddecc5b7c7e3138d7ba07e75302a024,,0x6ce33193dee9c5979ede0c24f77e8afcec9bd6ea,0xe7cd86e13ac4309349f30b3435a9d337750fc82d,19000000,,585339118385364992
morph,withdraw_final,28103535,1791681302000,0x9818e691c13140793072f42ba957c51a41335cd0bf508d01ba93c3daeb9435f1,,,,,,585444027260731392
morph,withdraw_submit,28103777,1791681459000,0xf0f50803e9b58612d94dd35ccdd21a67c76b36da095bc335f57b359a22892f7c,,0x622bf563c7de2ae8d842b0cd020a42508420f6e3,0xe7cd86e13ac4309349f30b3435a9d337750fc82d,6610000,,585444027260731392
morph,withdraw_final,28104046,1791682280000,0xe1b40e797027d1ff0a989935f110f9511e6298564c5b7bdd22dbd8e70bc13b68,,,,,,585518622269505540
morph,withdraw_submit,28104278,1791682420000,0x7bc13c1ac243749620cfc2ea6938fba90c085060a91b2cb88f92708d402bd30f,,0x77079a3642e9d81c0257d02bac1f8e56e153657f,0xe7cd86e13ac4309349f30b3435a9d337750fc82d,4550000,,585518622269505540
morph,deposit,28109546,1791692498000,0xebe0be36947463a26f121a88342e8e181835e82a9f7f96055bad1bd936a35d27,0x2c51b820d85e709b3eae24fdcfce7aab75eb6929,0x2c51b820d85e709b3eae24fdcfce7aab75eb6929,0xe7cd86e13ac4309349f30b3435a9d337750fc82d,25480000000,2184,
morph,deposit,28109572,1791692544000,0x2c54e3a94ca90c83e6f0a7abba18d8298b3ed291a6edf128deec555dc4ccbf71,0xbb48553d0c9470eb429ba35acd350c4c242ee902,0xbb48553d0c9470eb429ba35acd350c4c242ee902,0xe7cd86e13ac4309349f30b3435a9d337750fc82d,2000000,2184,
morph,withdraw_final,28109615,1791692927000,0xb54b7baf0360c686c61f99de55d3e9c5adf06cd14995011c67de72fceabc02a5,,,,,,586335318869803008
morph,withdraw_submit,28109862,1791693099000,0x3dcd20315a780d5cb791f6b43ed62da7b36fc21f1fa1ecfc0d18709d1172818e,,0xbb48553d0c9470eb429ba35acd350c4c242ee902,0xe7cd86e13ac4309349f30b3435a9d337750fc82d,1000000,,586335318869803008
